Date,Region,Channel,Product category,Traffic source,Net Sales,Sq Footage,Total Transactions,Units Sold,Total Visitors,Number of Sales,Store Entrances,Website Sessions,Total Gross Profit,Avg Inventory Cost,COGS,Avg Inventory Value,Beginning Inventory,Recorded Value,Actual Value,Retail Sales,Start Customers,End Customers,New Customers,Customers Lost,Sales Marketing Expenses,Avg Purchase Value,Avg Purchase Frequency,Avg Customer Lifespan Years,Revenue From Ads,Cost Of Ads,Total Revenue,Total Expenses,Cash,Marketable Securities,Accounts Receivable,Current Liabilities,Current Assets
2025-01-06,East,In-Store,Apparel,Paid Search,22732.39,2145,2070,5824,26309,2070,18932,3623,10182.41,19855.02,12549.98,11697.86,10983,23146.07,23080.08,22732.39,6417,6440,406,383,10813.21,10.98,6.13,2.6,16577.96,5537.65,22732.39,20797.07,29831.74,4958.11,3472.6,9304.12,41771.81
2025-01-07,Central,In-Store,Sports,Paid Search,20210.81,1558,321,507,4318,321,3954,523,6495.78,14844.62,13715.03,13322.64,695,20778.04,20065.01,20210.81,5872,5764,144,252,12401.21,62.96,2.74,1.39,11923.99,3732.88,20210.81,15430.12,45099.17,13467.29,24635.8,14101.91,87199.05
2025-01-10,Central,In-Store,Beauty,Direct,62415.61,5782,1148,1755,18230,1148,9902,3987,28181.09,34328.49,34234.52,36046.96,3821,62551.44,59840.64,62415.61,6612,6636,71,47,8758.06,54.37,4.79,1.53,5534.2,3117.57,62415.61,42785.87,20674.31,8763.69,14494.01,26756.06,54746.1
2025-01-11,Central,In-Store,Sports,Email,169495.96,2348,630,1042,8585,630,7258,1258,56700.95,85648.82,112795.01,121176.16,2181,173832.92,166954.82,169495.96,4057,4504,483,36,2746.03,269.04,4.25,2.11,2414.14,526.59,169495.96,139493.43,19407.54,14824.62,14688.65,34516.59,85273.66
2025-02-18,East,In-Store,Home,Organic Search,56873.28,4666,695,1251,12644,695,6130,2591,30729.14,42611.74,26144.14,29113.24,2468,58473.7,55244.0,56873.28,5085,5256,349,178,12477.99,81.83,5.86,4.32,25623.05,6040.81,56873.28,44602.17,40531.37,8468.13,10322.05,30481.06,68055.52
2025-03-11,East,In-Store,Apparel,Email,167694.23,2379,1452,2464,18299,1452,13284,4541,89140.91,138436.6,78553.32,92254.32,3574,168260.94,156987.38,167694.23,5759,5969,351,141,11201.08,115.49,1.59,2.35,11386.76,2712.68,167694.23,111953.75,38602.5,12774.52,11326.28,34517.6,90379.6
2025-03-12,East,In-Store,Beauty,Organic Search,176849.85,3013,2035,3621,58338,2035,32463,9955,84202.99,155100.4,92646.86,96496.96,7748,176910.52,172009.16,176849.85,7675,7774,140,41,10515.11,86.9,4.53,1.64,29314.09,5645.55,176849.85,161062.55,47341.26,13805.81,16690.36,66319.41,106786.52
2025-03-14,Central,In-Store,Electronics,Email,83996.58,5762,921,2399,18670,921,17537,4362,22401.11,39140.07,61595.47,69746.99,4637,85404.69,83168.92,83996.58,4524,4893,390,21,6845.31,91.2,6.81,3.98,8132.32,4837.33,83996.58,60526.68,8506.8,19882.47,23495.4,12279.19,72808.77
2025-04-03,Central,In-Store,Sports,Organic Search,141319.44,3694,1582,3540,24186,1582,20703,5621,44595.13,86569.09,96724.31,134329.85,7256,142368.87,140943.02,141319.44,2264,2370,250,144,6205.79,89.33,6.81,2.76,36611.63,7954.68,141319.44,96511.44,49588.65,11758.48,10064.51,52066.75,111710.6
2025-04-07,East,In-Store,Home,Paid Search,76170.75,1924,1331,3493,20378,1331,13399,2595,21217.75,38596.53,54953.0,47388.77,6887,77357.74,73923.47,76170.75,2066,2257,376,185,12530.97,57.23,7.92,2.69,2659.47,1491.31,76170.75,55915.0,45191.99,2048.54,9207.08,62621.32,70664.24
2025-04-19,Central,In-Store,Beauty,Email,101657.06,5429,2065,3763,38283,2065,22700,6934,26209.11,71013.37,75447.95,62127.07,8481,102513.82,100944.57,101657.06,5864,5962,291,193,11852.37,49.23,8.0,4.9,5163.49,1251.01,101657.06,70477.26,49895.68,18345.19,3285.9,69776.31,90164.89
2025-04-22,East,In-Store,Sports,Paid Search,60773.6,4599,1286,1758,20178,1286,19557,7760,22333.11,54522.52,38440.49,60434.11,2183,61871.88,61481.04,60773.6,7008,6804,133,337,9134.93,47.26,7.59,1.56,14932.75,6090.07,60773.6,57360.12,14233.81,17706.41,4040.7,51955.88,54111.15
2025-04-24,East,In-Store,Apparel,Email,160724.18,2893,739,1948,13990,739,13134,1789,68823.57,113603.44,91900.61,109011.53,2416,165268.38,154228.42,160724.18,5556,5619,100,37,2866.98,217.49,2.84,1.76,25139.64,5728.98,160724.18,137498.07,19589.56,5630.46,7463.61,11077.4,65387.09
2025-04-30,East,In-Store,Sports,Paid Search,61513.17,2037,2155,4196,32245,2155,23041,8725,18584.43,51522.83,42928.74,41236.55,5349,61574.2,56897.32,61513.17,4952,5221,380,111,5198.7,28.54,6.85,3.02,10507.4,5265.57,61513.17,37565.92,25485.67,11880.87,6084.42,61969.81,55821.93
2025-05-03,East,In-Store,Electronics,Direct,162746.17,3468,1735,4315,28514,1735,23745,8457,89386.83,86208.78,73359.34,83252.03,7356,162918.61,159113.73,162746.17,6686,7016,437,107,6132.76,93.8,6.14,3.75,17992.54,5287.35,162746.17,151229.24,24717.34,6003.9,5909.69,48772.11,61606.54
2025-05-04,Central,In-Store,Home,Organic Search,30006.39,5356,1139,2987,21273,1139,20157,8170,15599.64,21821.17,14406.75,14086.96,4451,30790.85,29363.32,30006.39,4714,4781,210,143,9405.2,26.34,4.51,1.47,3644.25,902.58,30006.39,24098.42,39136.01,9444.39,6474.51,15428.59,59281.0
2025-05-23,Central,In-Store,Home,Email,56421.0,2208,1872,3558,27002,1872,11300,3966,17826.76,43634.7,38594.24,55475.99,8198,56920.29,55253.87,56421.0,4441,4424,366,383,10247.2,30.14,7.72,1.04,14583.95,7060.75,56421.0,34677.51,36499.52,7881.63,14593.09,13277.87,75617.04
2025-05-27,East,In-Store,Beauty,Direct,23575.29,5681,1570,3382,26271,1570,23874,8983,10236.65,11385.02,13338.64,16157.22,6020,23701.99,23604.74,23575.29,7401,7783,466,84,11434.92,15.02,4.64,2.44,7388.15,2141.14,23575.29,14663.86,25318.94,856.17,6755.8,64279.02,37778.08
2025-05-29,Central,In-Store,Sports,Paid Search,36484.2,5103,395,861,10719,395,5253,1577,15710.32,29496.66,20773.88,27606.15,1497,36845.64,34232.07,36484.2,7531,7541,265,255,4344.5,92.37,2.55,4.33,1117.87,668.35,36484.2,29213.64,13862.1,12590.81,2901.39,43480.7,37636.14
2025-06-05,East,In-Store,Sports,Paid Search,167910.78,5225,99,163,2228,99,1033,271,56800.11,146671.36,111110.67,160260.9,398,172324.04,169748.1,167910.78,6709,6492,148,365,7477.38,1696.07,3.95,2.93,6645.06,2324.55,167910.78,146327.46,42487.71,17930.48,21826.54,37882.15,130323.0
2025-06-06,East,In-Store,Beauty,Paid Search,145627.76,3383,1769,5495,34692,1769,14079,12130,47252.9,65023.48,98374.86,131719.84,12459,145959.92,145158.85,145627.76,5903,5892,180,191,4450.64,82.32,5.23,1.73,31828.23,6096.17,145627.76,97069.44,45541.17,4697.23,7567.3,24455.13,97321.65
2025-06-24,East,In-Store,Sports,Social,134293.74,3281,1409,3896,46388,1409,41536,14235,56788.76,114663.73,77504.98,98910.69,6196,137237.95,132585.95,134293.74,2642,3023,419,38,13945.27,95.31,3.67,4.52,19616.7,3757.28,134293.74,86241.99,47371.45,14953.57,21538.0,65576.5,113536.23
2025-06-26,Central,In-Store,Beauty,Social,104520.83,3106,1088,1750,30242,1088,19900,9236,44191.98,47689.19,60328.85,68223.82,2930,105118.13,99605.94,104520.83,7369,7235,32,166,3784.95,96.07,3.77,4.29,26036.46,6520.97,104520.83,78825.66,55831.73,4669.79,17763.26,17671.46,98731.93
2025-06-28,East,In-Store,Beauty,Organic Search,74846.97,2045,1191,2968,15928,1191,9813,2108,25279.46,62998.78,49567.51,54981.2,7342,75988.85,74224.02,74846.97,4584,4537,268,315,8676.07,62.84,2.71,3.0,20482.73,3934.9,74846.97,45471.1,18606.57,10588.31,9672.1,32390.79,55361.34
2025-07-25,Central,In-Store,Beauty,Direct,162112.28,3013,834,1361,17368,834,16702,5065,85402.15,87247.5,76710.13,87571.27,3231,165856.49,156879.06,162112.28,3326,3698,419,47,5243.38,194.38,1.91,2.55,20186.86,7969.69,162112.28,143385.12,14786.12,1387.97,24526.71,20441.49,66972.18
2025-08-09,East,In-Store,Beauty,Email,140396.95,3860,273,385,7365,273,7171,2103,41871.56,93737.19,98525.39,93187.72,549,143379.45,142286.45,140396.95,8508,8514,98,92,4711.72,514.27,1.77,2.27,3681.68,1448.55,140396.95,93304.14,35936.8,693.78,9289.71,29318.51,73876.61
2025-08-24,Central,In-Store,Home,Social,81641.49,2297,1543,3032,65976,1543,36058,11241,28054.45,36123.98,53587.04,72363.56,7063,81921.86,76480.8,81641.49,6410,6567,186,29,7722.28,52.91,7.11,3.27,18634.08,7260.57,81641.49,68871.57,37339.41,19715.3,10687.96,32198.65,89451.74
2025-08-25,Central,In-Store,Beauty,Organic Search,65786.4,3186,2139,5997,35624,2139,17811,6763,35579.15,32951.05,30207.25,39521.82,14790,65935.05,65145.59,65786.4,3753,3775,167,145,2141.67,30.76,7.98,2.61,9811.21,2194.14,65786.4,41589.19,51430.28,1894.67,9747.28,12170.73,74928.78
2025-09-02,East,In-Store,Apparel,Social,39284.95,4511,1625,5011,22241,1625,11892,8550,20700.56,28424.76,18584.39,24183.9,11920,40433.01,37839.69,39284.95,7744,8104,456,96,2172.07,24.18,5.52,3.4,8634.75,1619.38,39284.95,25910.11,36198.36,282.3,14094.27,55948.28,57830.1
2025-09-05,Central,In-Store,Sports,Paid Search,37217.04,3632,2098,6406,28868,2098,13832,5634,15226.5,17525.42,21990.54,19647.97,8054,37359.81,36976.29,37217.04,8838,8609,163,392,6367.99,17.74,4.3,4.61,11921.19,2474.12,37217.04,34401.6,33433.5,8715.51,5794.63,53685.89,53838.03
2025-09-07,Central,In-Store,Sports,Organic Search,139897.79,5809,819,1617,33278,819,28650,10085,72216.68,57775.14,67681.11,91034.47,3371,141552.09,136913.01,139897.79,2868,3141,448,175,3575.97,170.82,2.03,4.32,18061.94,5446.54,139897.79,130709.38,37681.23,116.11,24304.72,48682.71,89412.4
2025-10-04,East,In-Store,Apparel,Social,172914.06,3452,302,853,5900,302,3198,719,74351.21,107079.58,98562.85,86393.95,1518,173561.59,173207.88,172914.06,2273,2316,213,170,13516.13,572.56,6.01,4.13,4544.81,965.02,172914.06,107064.25,38590.63,8636.78,4342.03,11458.98,77487.62
2025-10-07,Central,In-Store,Beauty,Email,175959.85,3100,904,2485,22324,904,17875,6885,95823.68,123150.98,80136.17,85338.32,4850,181043.67,175483.5,175959.85,5429,5524,188,93,2915.45,194.65,7.19,4.64,21856.12,4219.48,175959.85,144914.98,43127.13,9330.74,6902.19,37806.26,84961.56
2025-10-13,Central,In-Store,Sports,Email,140453.09,1569,1234,3488,18421,1234,11831,4084,59550.16,102201.29,80902.93,95271.55,6510,143660.31,133883.15,140453.09,5256,5266,136,126,11265.03,113.82,2.86,1.93,18190.65,4902.53,140453.09,107314.37,49791.87,6813.19,3975.14,60439.7,89161.67
2025-10-20,Central,In-Store,Beauty,Organic Search,118254.1,5783,501,962,13013,501,5614,1319,56965.71,92658.84,61288.39,94571.44,1622,119100.35,110443.05,118254.1,5454,5471,34,17,6051.07,236.04,2.75,3.68,10834.08,2154.26,118254.1,103936.3,50674.79,3357.66,5842.09,33772.16,88245.97
2025-10-22,Central,In-Store,Home,Organic Search,176803.53,4157,1671,4216,21329,1671,17409,4257,77900.7,148865.66,98902.83,104280.53,9726,179360.8,169820.32,176803.53,6985,7162,486,309,7560.31,105.81,4.82,3.97,18464.47,4275.65,176803.53,106904.62,6166.74,15178.82,4853.29,22656.57,57483.01
2025-10-29,East,In-Store,Electronics,Social,24661.75,1512,1791,3944,30216,1791,25376,4568,8937.31,18546.22,15724.44,15070.56,5665,25363.49,24248.84,24661.75,8671,8694,128,105,4212.7,13.77,6.37,4.24,10533.0,1939.14,24661.75,22320.5,29240.17,18259.43,4511.5,47458.89,56532.27
2025-11-01,East,In-Store,Home,Organic Search,124603.86,4166,1036,2459,23540,1036,18068,2928,47146.97,107874.76,77456.89,119645.77,6105,127807.8,126838.53,124603.86,8015,8072,217,160,9696.85,120.27,6.13,4.48,32809.06,7071.76,124603.86,106017.07,6746.02,9958.5,4003.07,59605.95,56601.32
2025-11-03,East,In-Store,Sports,Direct,118765.68,2029,1624,4890,25147,1624,20998,7447,57663.66,104884.82,61102.02,70241.04,7351,119688.82,112899.85,118765.68,2912,2793,65,184,11497.85,73.13,7.59,3.98,4072.58,1370.8,118765.68,106730.63,57473.77,11538.34,2038.61,11836.87,92123.03
2025-11-04,Central,In-Store,Beauty,Social,140660.32,4118,597,1308,10642,597,5675,2326,57880.02,88658.39,82780.3,75806.94,3172,144193.21,138423.55,140660.32,5733,5511,95,317,5325.8,235.61,6.36,4.4,10983.73,6708.13,140660.32,100157.01,32630.79,13772.0,8289.41,60555.49,77434.28
2025-11-07,Central,In-Store,Electronics,Social,124864.59,4998,769,2341,29849,769,29386,4593,33181.72,111146.76,91682.87,121028.56,4615,128497.13,124662.49,124864.59,5309,5427,145,27,3103.83,162.37,4.08,2.21,10886.6,4971.17,124864.59,107485.95,47671.74,19823.28,17426.93,13555.89,121230.52
2025-11-16,East,In-Store,Beauty,Social,37323.24,4605,543,982,8939,543,8036,3175,18935.64,20342.37,18387.6,21816.88,1516,37325.74,36224.41,37323.24,5224,5189,131,166,14042.97,68.74,7.73,3.06,37743.24,7200.63,37323.24,34052.71,51659.35,1149.93,2135.5,36541.94,61489.84
2025-11-22,East,In-Store,Home,Paid Search,23003.76,4646,515,707,7977,515,3766,2201,12045.99,16727.82,10957.77,10435.6,1496,23642.46,21892.69,23003.76,6477,6628,336,185,5569.93,44.67,4.58,4.04,9519.66,4501.68,23003.76,14831.47,28001.69,14232.06,22506.49,55080.02,67870.92
2025-12-05,Central,In-Store,Apparel,Paid Search,138121.69,1589,1346,2011,41926,1346,40145,7215,38054.16,94621.84,100067.53,83646.41,4992,140126.42,129454.94,138121.69,2763,2927,178,14,14737.31,102.62,6.39,4.83,11725.5,4251.62,138121.69,101757.63,24571.05,2590.34,17517.79,28541.73,69773.1
2025-12-06,Central,In-Store,Sports,Paid Search,108994.19,1694,1645,3457,22806,1645,9634,3383,49560.99,47889.48,59433.2,77308.46,8430,109751.38,102864.68,108994.19,7582,7854,354,82,11879.15,66.26,2.55,4.85,19303.01,4372.26,108994.19,90245.91,56162.5,6828.31,20063.09,29019.28,106246.44
2025-12-16,Central,In-Store,Beauty,Paid Search,130124.28,2315,597,1288,10313,597,8978,3639,57019.88,68980.84,73104.4,90819.38,3134,130919.71,121422.96,130124.28,5583,5277,25,331,11895.44,217.96,2.49,3.47,24671.11,4577.54,130124.28,104116.06,6390.94,14683.38,24618.53,47336.72,72938.66
2025-12-17,East,In-Store,Electronics,Paid Search,41338.57,3932,1084,2845,15841,1084,9930,2821,10976.41,18250.22,30362.16,27781.85,3499,42559.87,42106.83,41338.57,2908,2848,255,315,3156.24,38.14,2.42,2.05,3356.15,1854.71,41338.57,37023.58,55199.55,4159.45,4315.45,57317.37,72009.0
2025-12-30,East,In-Store,Sports,Direct,137858.71,2870,464,607,6800,464,4089,1680,48972.14,92759.27,88886.57,118283.74,928,139755.99,137830.15,137858.71,4466,4669,383,180,13533.53,297.11,6.53,4.43,28214.66,7266.25,137858.71,88156.01,42718.13,14564.31,2476.73,68675.52,95244.29
2026-01-01,Central,In-Store,Beauty,Social,57606.27,4342,114,244,1864,114,1267,270,31107.47,41009.76,26498.8,35281.99,389,58104.44,57173.77,57606.27,2127,2349,252,30,4433.89,505.32,6.87,1.49,6328.88,4162.75,57606.27,41666.01,50876.05,998.04,5167.53,62480.77,67626.22
2026-02-12,Central,In-Store,Apparel,Email,113422.32,1736,707,1825,23093,707,21027,2883,56736.04,52141.76,56686.28,65455.78,3875,114491.56,113189.93,113422.32,4273,4620,456,109,10343.92,160.43,6.29,2.33,28246.25,5539.93,113422.32,103691.57,14306.75,19725.41,18609.12,30707.91,72278.01
2026-02-18,Central,In-Store,Electronics,Email,174895.92,1940,1346,3721,47248,1346,28710,10337,67890.45,127552.35,107005.47,102760.05,5297,176509.48,164995.32,174895.92,3665,3852,243,56,11275.81,129.94,2.5,3.22,9600.54,6317.06,174895.92,114690.7,10495.24,10996.58,11063.09,21174.5,63382.93
2026-03-02,East,In-Store,Apparel,Paid Search,86981.18,5277,1897,6029,27977,1897,27520,6996,24645.87,61061.08,62335.31,66387.57,14446,87396.78,83636.71,86981.18,2572,2202,23,393,1936.35,45.85,5.9,4.47,39423.68,7966.51,86981.18,54330.88,27939.93,5200.58,18467.46,15500.88,71524.24
2026-03-08,East,In-Store,Electronics,Paid Search,108736.51,3498,2034,4220,38953,2034,33844,7621,47862.74,54173.93,60873.77,54367.89,5521,109380.44,105375.97,108736.51,3761,3828,326,259,5549.47,53.46,1.56,2.72,31918.36,7287.42,108736.51,82087.87,40344.5,11778.75,16603.45,54843.67,85037.07
2026-03-10,East,In-Store,Beauty,Email,149479.92,5912,872,2385,13258,872,6999,3321,51720.76,99434.01,97759.16,86256.2,3792,152213.28,146989.42,149479.92,3266,3361,185,90,4090.7,171.42,4.08,1.69,6991.58,1684.57,149479.92,106726.94,33405.65,9475.5,15690.28,33848.37,84448.29
2026-03-11,East,In-Store,Home,Social,71776.07,3987,1334,2402,32350,1334,27404,7599,27101.88,42833.88,44674.19,50647.08,5262,72646.17,72464.15,71776.07,4896,5165,350,81,14662.31,53.81,6.49,1.08,13498.97,5782.54,71776.07,61069.62,21213.83,7469.5,9402.45,57037.04,53279.9
2026-03-27,East,In-Store,Electronics,Email,161533.82,2650,585,1535,10606,585,8520,1715,47284.59,86862.41,114249.23,121329.89,3112,164056.75,157812.63,161533.82,8321,8346,341,316,7859.98,276.13,5.79,2.2,6423.43,1436.48,161533.82,122608.79,8872.15,19579.86,22941.64,29165.39,87792.62
2026-03-28,East,In-Store,Beauty,Email,115826.51,2424,1824,4247,25132,1824,20479,8503,55311.54,59339.86,60514.97,53400.84,10604,117922.91,114140.39,115826.51,4970,4763,143,350,8176.18,63.5,6.06,2.73,1776.49,924.89,115826.51,100708.94,51327.87,14648.85,22808.82,47696.46,104805.79
2026-04-10,Central,In-Store,Sports,Organic Search,164841.13,4125,1694,4556,28911,1694,16465,4066,78968.26,90082.31,85872.87,111726.74,7861,166705.81,159910.42,164841.13,6024,5923,73,174,9076.92,97.31,5.46,2.22,36398.63,7942.16,164841.13,143377.98,43439.59,10551.0,2957.55,66700.35,90466.16
2026-04-27,Central,In-Store,Apparel,Organic Search,40172.27,3041,1396,3752,41469,1396,26407,14547,13619.04,24350.06,26553.23,34850.48,5566,40474.71,38353.05,40172.27,3972,4250,291,13,10340.37,28.78,7.79,2.01,10828.19,6157.23,40172.27,24986.11,23932.28,14658.28,16256.44,58697.62,65302.14
2026-05-01,Central,In-Store,Sports,Paid Search,56486.31,5838,1609,4497,22395,1609,13923,8759,15191.29,35221.42,41295.02,46812.05,6620,57039.09,53541.17,56486.31,4560,4651,344,253,12121.88,35.11,5.11,3.31,6793.72,2982.96,56486.31,36405.23,22700.8,12653.63,24336.12,22193.46,73734.17
2026-05-25,Central,In-Store,Home,Paid Search,130570.82,4461,1395,2133,29207,1395,20797,3947,60953.43,71256.49,69617.39,69451.82,4218,133052.1,125998.98,130570.82,7304,7474,434,264,6562.48,93.6,4.05,3.87,25001.12,7493.63,130570.82,93944.37,19009.91,1441.0,4861.87,31346.85,46148.33
2026-05-30,East,In-Store,Beauty,Direct,173232.67,5347,1079,2649,45181,1079,37402,4814,73017.04,100433.42,100215.63,81815.57,4681,175547.03,167459.76,173232.67,5582,5544,150,188,4585.52,160.55,3.88,4.99,8890.12,4088.98,173232.67,155697.44,40475.49,11982.1,20633.27,60445.96,97635.53
2026-06-02,Central,In-Store,Beauty,Paid Search,16315.25,2868,718,2066,20802,718,15921,4371,7912.04,10298.23,8403.21,9780.96,4386,16664.44,15547.37,16315.25,6964,7339,406,31,2405.5,22.72,3.95,1.0,18573.87,3955.8,16315.25,13658.05,26725.93,10829.38,11289.66,40553.15,51779.26
2026-06-08,Central,In-Store,Sports,Direct,146664.5,3785,1084,1707,50812,1084,35062,10083,59054.54,95249.38,87609.96,120851.06,2946,150853.68,142410.01,146664.5,4110,4099,74,85,8992.69,135.3,6.99,1.88,25755.65,7671.33,146664.5,95865.84,10422.85,10844.19,10348.84,54036.46,67871.2
2026-06-21,East,In-Store,Sports,Organic Search,50318.46,4097,1823,3128,25489,1823,11035,4844,27132.89,23572.17,23185.57,23339.18,5297,50549.48,47880.23,50318.46,5375,5152,58,281,6411.1,27.6,4.74,3.95,5698.75,3551.53,50318.46,35213.08,15162.69,1861.53,5160.77,40547.17,29186.74
2026-06-22,Central,In-Store,Home,Organic Search,175637.92,2279,1447,2558,52764,1447,39353,14492,48063.61,74565.21,127574.31,133849.79,5599,179615.28,178364.77,175637.92,2652,2713,435,374,8910.64,121.38,5.25,3.76,10123.32,2729.05,175637.92,123673.88,54242.92,15046.04,2936.96,64967.98,112380.86
2026-06-24,Central,In-Store,Beauty,Organic Search,158512.51,5784,848,1810,24741,848,16275,7025,58099.96,128793.43,100412.55,103843.15,2492,163142.92,155462.71,158512.51,6737,6757,167,147,4861.91,186.93,7.06,1.5,14947.61,3651.68,158512.51,122718.33,58779.87,8110.9,6396.79,23682.05,104440.5
2026-07-05,Central,In-Store,Sports,Social,164405.27,4732,633,766,20560,633,19027,6983,52962.31,69934.56,111442.96,165675.84,1460,164771.1,158694.38,164405.27,2684,2599,193,278,8757.15,259.72,3.19,2.33,3367.11,1521.35,164405.27,123255.0,51763.48,4106.01,20466.01,21671.48,126038.25
2026-08-01,Central,In-Store,Electronics,Paid Search,154350.06,1809,218,675,3544,218,1906,1249,58644.57,117243.45,95705.49,131442.0,1030,158837.32,154369.17,154350.06,4442,4593,471,320,6059.23,708.03,6.28,3.05,21350.62,5221.37,154350.06,107928.98,29852.5,10913.85,12531.37,58236.08,92730.32
2026-08-06,Central,In-Store,Sports,Social,70918.33,4524,2085,4565,26946,2085,26130,7210,18062.17,39729.92,52856.16,62910.18,9514,72673.27,68162.92,70918.33,3590,3435,176,331,9912.93,34.01,7.21,4.58,12015.32,6682.46,70918.33,63212.27,55263.42,11980.02,5790.74,20347.16,91907.23
2026-08-15,Central,In-Store,Home,Direct,53885.86,4023,580,1233,9884,580,8324,3605,17009.6,43330.75,36876.26,38051.66,2989,54809.0,51568.86,53885.86,4079,4129,315,265,9751.37,92.91,6.21,1.72,18483.74,3851.2,53885.86,48562.74,29133.78,3735.89,6009.6,12332.71,50294.77
2026-08-31,Central,In-Store,Electronics,Email,110421.52,5702,1917,5735,25959,1917,11684,6057,28347.85,90340.28,82073.67,98728.03,11263,111381.41,108365.08,110421.52,2250,2641,437,46,14601.86,57.6,7.53,4.58,5709.0,2780.86,110421.52,95541.27,29821.02,17603.55,10189.17,39815.01,87232.15
2026-09-03,Central,In-Store,Home,Social,26405.53,4400,1965,4559,27467,1965,21841,8030,8040.95,19011.96,18364.58,27690.37,10960,26961.64,25415.21,26405.53,6995,7001,212,206,8881.78,13.44,6.18,4.74,9532.31,3719.81,26405.53,20572.42,13342.92,8878.93,5517.83,28957.11,36046.79
2026-09-05,East,In-Store,Electronics,Organic Search,69532.5,3533,748,2391,10333,748,8564,1367,21833.42,52834.77,47699.08,72290.53,3931,71578.87,66103.32,69532.5,4084,3974,184,294,8399.09,92.96,4.1,4.12,29568.02,5752.49,69532.5,50488.29,57588.15,15009.53,13398.62,24255.33,107683.46
2026-09-06,Central,In-Store,Beauty,Email,158163.21,1758,1264,2116,18792,1264,12211,6643,61844.01,121812.21,96319.2,146141.32,5101,158473.21,152334.43,158163.21,7735,7573,152,314,8766.24,125.13,6.39,3.52,24499.73,4600.28,158163.21,135280.16,52646.43,9234.5,14676.52,14007.68,120399.85
2026-09-19,East,In-Store,Home,Paid Search,151042.35,3168,1007,2360,33832,1007,18312,9148,42437.01,134109.44,108605.34,172494.0,4855,153307.85,145849.7,151042.35,8692,8492,100,300,4336.22,149.99,2.62,4.47,32301.45,7431.15,151042.35,120073.54,16665.01,2914.11,3029.99,15252.32,74357.31
2026-09-23,Central,In-Store,Home,Direct,81942.2,3094,908,1559,31916,908,22997,8624,35771.79,39303.81,46170.41,59354.21,3461,83240.05,80176.39,81942.2,6571,6599,304,276,13619.03,90.24,5.18,2.89,32978.07,7962.55,81942.2,63083.47,38790.09,7281.69,10532.9,44664.44,74410.94
2026-09-30,East,In-Store,Sports,Email,172526.58,3785,553,1088,8645,553,8434,2921,69769.94,81195.38,102756.64,121181.72,2443,176723.82,163754.31,172526.58,8312,8657,391,46,1979.54,311.98,3.66,1.61,26224.55,6310.12,172526.58,127867.83,42653.13,1374.41,22525.24,21226.82,102907.3
2026-10-08,East,In-Store,Apparel,Organic Search,92413.56,4716,1624,4374,22940,1624,13775,2349,27558.1,53042.56,64855.46,52457.91,8053,95145.4,89917.0,92413.56,3065,3335,480,210,3979.21,56.9,2.19,3.15,3276.83,1878.28,92413.56,61489.17,57086.37,14049.13,5437.39,56935.16,92310.26
2026-10-16,Central,In-Store,Electronics,Direct,45525.2,5849,199,329,2821,199,2384,977,12294.73,27021.47,33230.47,30896.42,637,46619.8,43647.41,45525.2,2970,2945,234,259,1688.89,228.77,1.86,2.62,38358.49,7135.99,45525.2,33970.42,58334.19,7865.12,23943.07,62374.8,99411.31
2026-11-01,East,In-Store,Apparel,Direct,64751.11,4303,1192,1353,15684,1192,7132,4960,27695.83,32748.52,37055.28,39161.22,2585,65446.06,61178.26,64751.11,5908,6329,431,10,12451.25,54.32,1.62,1.67,32595.57,7822.96,64751.11,40462.47,52678.25,9922.61,5126.97,49021.21,79476.2
2026-11-11,East,In-Store,Electronics,Email,40764.92,3003,1748,2501,29014,1748,13968,10369,12574.79,25631.34,28190.13,26681.66,4323,41567.2,38304.06,40764.92,3900,4019,359,240,11141.78,23.32,4.2,3.97,22978.7,5560.98,40764.92,35608.19,34714.98,560.41,14699.89,63899.6,57979.78
2026-11-16,Central,In-Store,Home,Organic Search,69878.85,4664,1011,2251,13438,1011,6617,4075,30654.22,39812.72,39224.63,58749.39,2888,70204.94,67951.63,69878.85,8575,8532,319,362,6133.77,69.12,4.06,3.14,30154.77,5844.59,69878.85,59651.9,13108.81,4948.11,7729.39,19632.84,43411.13
2026-11-17,Central,In-Store,Electronics,Organic Search,22540.25,2564,273,368,5750,273,4071,981,7979.17,16774.0,14561.08,16493.96,880,22955.57,22348.83,22540.25,2605,2822,252,35,13149.88,82.57,4.65,3.77,33914.93,6484.53,22540.25,18243.91,24388.7,11755.14,16246.81,23612.79,57338.84
2026-11-18,East,In-Store,Sports,Email,92966.58,2396,787,1155,10589,787,10241,3436,30207.82,63103.68,62758.76,59334.03,1418,95357.18,88870.25,92966.58,2925,3037,212,100,6587.94,118.13,3.58,4.24,20148.44,4933.27,92966.58,83437.42,15579.67,3905.97,18926.63,50926.08,56212.48
2026-11-28,East,In-Store,Apparel,Organic Search,34669.04,3055,2151,5939,67077,2151,35910,18958,9698.48,23238.04,24970.56,30126.52,14622,35032.37,32753.4,34669.04,8038,7983,327,382,13057.87,16.12,4.93,2.3,33490.61,7534.22,34669.04,29299.19,27333.33,17913.06,13339.19,13888.26,67623.54
2026-12-01,Central,In-Store,Beauty,Email,32547.73,5392,1767,3513,22280,1767,12982,7337,13742.57,19469.36,18805.16,15368.99,4233,33311.15,31864.87,32547.73,7619,7723,368,264,4941.29,18.42,3.79,3.47,14932.92,4782.34,32547.73,20386.07,32998.24,16054.55,20445.6,60512.75,74109.09
2026-12-09,East,In-Store,Home,Organic Search,27892.86,4826,2137,3821,50766,2137,22866,6090,9784.72,11885.5,18108.14,26824.38,4819,28151.02,26107.81,27892.86,5671,5756,252,167,5134.81,13.05,3.0,2.46,9689.28,2111.18,27892.86,19640.68,53061.48,14636.0,21623.02,26339.39,97367.81
2026-12-11,Central,In-Store,Home,Paid Search,101448.47,5431,884,990,12695,884,8389,2472,27267.16,49787.83,74181.31,85763.7,1581,102442.81,99663.69,101448.47,4682,4950,393,125,8015.52,114.76,6.74,3.05,4740.66,1261.45,101448.47,64681.82,28367.07,9567.32,8728.36,61900.1,72391.86
2026-12-13,East,In-Store,Apparel,Organic Search,110245.57,5926,1269,3806,42003,1269,24230,7689,58580.63,86899.91,51664.94,53629.89,8283,113225.32,110236.1,110245.57,7932,7878,254,308,6504.61,86.88,2.61,4.64,15098.96,3282.01,110245.57,85065.2,39931.02,11420.29,19347.38,15837.94,86787.66
2026-12-15,East,In-Store,Home,Paid Search,93370.44,4985,734,1613,16883,734,12054,2108,43682.04,67142.46,49688.4,48095.19,2989,95476.84,94322.88,93370.44,2934,3299,416,51,9304.65,127.21,5.46,4.94,12292.31,6757.19,93370.44,86913.03,23510.77,227.13,20884.52,53749.09,59050.98
2026-12-30,East,In-Store,Electronics,Paid Search,78343.75,5352,1987,4700,52280,1987,38389,20449,35500.54,41927.55,42843.21,46097.46,9868,79717.15,75576.68,78343.75,5131,5092,38,77,2927.88,39.43,5.24,1.44,27955.8,7663.12,78343.75,72292.92,10000.53,16108.46,14431.33,33085.41,54369.56
2025-01-01,Central,In-Store,Apparel,Social,15501.28,3963,1733,3985,27263,1733,19559,9464,8031.53,13753.4,7469.75,8324.52,9765,15792.08,15581.86,15501.28,8434,8493,186,127,5261.13,8.94,3.25,2.75,20508.69,3867.86,15501.28,12036.11,11449.76,11481.69,14139.03,27750.79,39567.84
2025-01-03,Central,In-Store,Apparel,Email,77865.33,2475,90,103,1164,90,1059,250,37055.38,55587.11,40809.95,59432.35,142,79020.4,78602.03,77865.33,8079,8217,445,307,10588.93,865.17,7.64,3.31,17237.96,3948.73,77865.33,47938.2,5489.85,15903.13,9747.28,41686.25,48969.96
2025-01-13,Central,In-Store,Beauty,Paid Search,155434.02,1520,1837,2921,54801,1837,44186,18450,62194.26,129321.11,93239.76,134734.55,6254,157897.19,148767.29,155434.02,8564,8514,234,284,1813.19,84.61,4.13,2.04,18219.69,6305.99,155434.02,98610.27,10541.61,874.85,4095.48,58541.01,55932.31
2025-01-16,Central,In-Store,Sports,Email,108075.52,2307,1246,3582,21420,1246,19125,4253,38842.08,43739.55,69233.44,62059.77,5257,109494.17,102692.01,108075.52,6342,6075,104,371,3111.63,86.74,4.57,1.67,22179.39,4463.63,108075.52,81626.65,45957.26,9433.48,19925.96,45122.15,93934.63
2025-01-25,East,In-Store,Sports,Social,79821.86,5398,646,1196,23471,646,21965,5383,32023.33,50893.76,47798.53,40231.76,2828,81483.95,80162.81,79821.86,6235,6448,490,277,14914.25,123.56,5.34,1.94,2644.03,931.51,79821.86,58244.47,17942.44,120.53,20128.76,50612.86,50261.26
2025-01-26,Central,In-Store,Beauty,Paid Search,135659.04,4925,1420,3339,30237,1420,29357,10067,46704.85,100510.56,88954.19,123672.42,5792,135894.16,130172.36,135659.04,6877,7101,471,247,8247.45,95.53,3.7,2.02,6820.31,3772.51,135659.04,114843.83,6519.17,16623.47,14120.28,17124.08,74364.65
2025-02-09,East,In-Store,Sports,Social,103537.25,2882,787,1169,19184,787,16363,4987,36838.62,82613.12,66698.63,103186.85,2019,105888.37,105793.98,103537.25,5663,5479,108,292,7051.05,131.56,5.33,2.01,2872.33,1852.1,103537.25,92963.88,14323.99,3250.5,23207.34,13405.75,71737.89
2025-02-20,East,In-Store,Home,Direct,31907.81,2630,563,1440,23936,563,18879,6422,15299.74,24965.35,16608.07,20528.44,2479,32600.17,30069.72,31907.81,5201,5221,125,105,12825.63,56.67,6.46,2.61,8992.34,1721.44,31907.81,26695.93,53381.29,9491.33,23700.62,43973.43,92731.77
2025-02-24,Central,In-Store,Home,Organic Search,169590.97,3136,269,360,11562,269,8780,1697,74491.69,71442.85,95099.28,143016.8,527,172201.88,165856.88,169590.97,6240,6544,347,43,7632.53,630.45,4.11,3.11,15807.51,5004.79,169590.97,112073.96,52856.53,5919.65,8880.39,40647.79,110561.61
2025-02-26,Central,In-Store,Beauty,Organic Search,179013.65,2935,1805,2723,24365,1805,13613,4405,62264.36,124849.68,116749.29,152261.07,3918,180372.8,180348.56,179013.65,7574,7756,440,258,13649.87,99.18,2.03,1.04,28916.11,6097.84,179013.65,165705.1,12843.23,3246.13,22168.82,21326.88,83936.5
2025-02-27,Central,In-Store,Sports,Organic Search,172573.8,2779,1958,3651,95338,1958,69672,17149,66510.76,140036.57,106063.04,163493.62,4660,175732.13,170797.93,172573.8,5677,5620,20,77,13896.93,88.14,3.41,2.5,6826.27,1497.18,172573.8,145203.08,7311.58,7097.2,18063.23,34344.68,81520.1
2025-02-28,Central,In-Store,Sports,Social,141968.13,4508,1220,3083,15590,1220,14408,5427,47075.66,119053.13,94892.47,114631.68,4288,143468.5,140218.65,141968.13,5700,5838,275,137,8489.91,116.37,3.3,3.85,19694.99,3583.35,141968.13,132918.45,17695.16,768.81,11274.34,36742.75,64127.81
2025-03-04,East,In-Store,Apparel,Paid Search,147582.71,5731,2110,3745,28487,2110,25814,6866,38364.36,104259.63,109218.35,125363.33,6087,150555.15,142089.41,147582.71,8080,8151,422,351,14187.59,69.94,2.38,4.63,15981.09,2971.3,147582.71,122071.21,8058.62,3653.03,9747.17,22391.91,59067.82
2025-03-30,Central,In-Store,Beauty,Organic Search,128040.15,3137,1126,2599,26679,1126,15569,8651,54095.21,85561.56,73944.94,110612.19,4034,128134.26,124848.37,128040.15,6221,6099,239,361,7491.61,113.71,3.25,4.1,17122.67,3401.15,128040.15,101094.33,58408.59,17126.32,21735.84,35575.99,130454.41
2025-04-15,East,In-Store,Electronics,Social,172049.96,5000,168,208,5079,168,2442,994,54297.06,111712.82,117752.9,156555.32,484,173882.64,173116.21,172049.96,4998,4878,251,371,13879.45,1024.11,5.41,3.81,5226.3,1604.77,172049.96,109520.33,26642.65,11191.21,19089.9,52061.56,103890.36
2025-04-22,East,In-Store,Electronics,Email,18929.89,4312,933,2655,13944,933,7845,2601,8613.17,15853.83,10316.72,11549.2,3671,19232.83,18518.82,18929.89,6691,6548,20,163,7829.1,20.29,3.07,1.93,7053.3,2395.18,18929.89,13862.16,45641.54,1673.84,17792.67,26129.46,68572.81
2025-04-27,Central,In-Store,Apparel,Organic Search,52036.47,3201,1336,2056,24490,1336,12623,7163,18685.52,34266.62,33350.95,52170.41,2779,52371.6,49201.05,52036.47,6896,6865,150,181,12737.45,38.95,4.18,2.13,3931.13,1446.8,52036.47,40339.14,21412.06,16083.14,16016.47,34548.2,69162.79
2025-05-01,Central,In-Store,Home,Email,169712.02,3240,1253,2459,31552,1253,26801,5487,71843.4,102926.84,97868.62,86223.67,5286,170461.04,164535.91,169712.02,6835,7051,347,131,9814.8,135.44,6.39,4.04,11584.37,6404.96,169712.02,107540.32,52324.43,13476.22,13502.14,14293.38,105169.89
2025-05-28,Central,In-Store,Apparel,Organic Search,141978.24,2305,204,573,2989,204,1489,682,47967.51,87393.47,94010.73,140324.07,1340,145690.28,138333.51,141978.24,8598,8432,93,259,3971.56,695.97,3.32,4.77,10193.64,2154.56,141978.24,97555.73,57260.02,7308.63,11021.79,65681.84,117687.66
2025-06-07,East,In-Store,Home,Paid Search,107502.42,3527,2165,3123,73257,2165,46892,10447,41972.96,84753.66,65529.46,77690.57,6019,107717.0,101945.53,107502.42,8671,8601,157,227,7274.72,49.65,4.65,4.48,2661.19,532.25,107502.42,72116.69,13339.37,10308.77,6703.7,63858.91,53659.01
2025-06-20,Central,In-Store,Electronics,Email,115067.74,4296,2047,4249,44470,2047,43790,15599,41890.94,47461.85,73176.8,107634.56,10137,116342.77,113941.94,115067.74,2201,2358,182,25,13977.75,56.21,7.47,4.76,12317.13,2681.82,115067.74,73444.99,57097.35,7750.63,13105.46,44128.17,110243.81
2025-06-21,Central,In-Store,Electronics,Direct,157193.24,4387,1517,4221,29137,1517,19371,8580,78982.38,87114.13,78210.86,89381.28,5372,160265.53,157366.23,157193.24,2035,2104,387,318,3979.08,103.62,3.25,3.82,9826.99,1857.1,157193.24,125190.64,53894.65,6991.62,12650.28,11086.95,100350.93
2025-07-14,Central,In-Store,Electronics,Social,73927.91,1972,993,1676,43897,993,24517,9356,39255.16,34936.63,34672.75,30350.8,3194,74305.69,71414.09,73927.91,4300,4492,265,73,8501.02,74.45,1.63,3.15,14750.1,3847.63,73927.91,69944.34,27026.32,1068.57,21029.82,28749.28,58229.95
2025-07-18,Central,In-Store,Apparel,Email,49739.69,1961,749,1769,11525,749,7179,3837,19948.43,28395.06,29791.26,33869.04,4348,51034.28,49728.14,49739.69,6800,6702,300,398,12716.68,66.41,2.5,4.4,18956.08,7993.93,49739.69,40848.28,13002.5,6443.13,24104.7,29205.6,53711.04
2025-07-27,East,In-Store,Sports,Email,175541.97,2836,1608,3824,22103,1608,21057,7803,89471.75,92048.83,86070.22,98252.25,9084,180142.7,171812.17,175541.97,4676,4628,127,175,9612.69,109.17,6.96,2.88,7504.6,2961.03,175541.97,112980.62,35219.64,4028.18,2865.62,44698.91,71589.12
2025-07-31,Central,In-Store,Home,Social,59713.99,2518,216,620,5423,216,5359,1652,19240.76,33551.09,40473.23,55228.97,1139,61047.82,59854.07,59713.99,8806,8707,174,273,14901.67,276.45,1.96,2.65,22018.69,6169.07,59713.99,41837.58,18447.16,14973.1,21767.38,61826.69,71756.33
2025-08-05,Central,In-Store,Apparel,Organic Search,135017.67,3775,1755,3303,42366,1755,29814,7314,45521.4,71788.33,89496.27,89078.58,8185,138260.08,134440.72,135017.67,5462,5534,207,135,6116.41,76.93,2.67,1.8,29364.23,5576.25,135017.67,101323.07,6754.04,13670.77,23055.36,55286.88,70203.74
2025-08-13,East,In-Store,Apparel,Email,23156.82,4789,1101,1404,15090,1101,9262,2395,6164.16,9989.53,16992.66,16631.83,2031,23718.47,22384.23,23156.82,5684,5647,245,282,2687.34,21.03,6.13,4.57,25890.43,5124.79,23156.82,17194.95,38765.13,6061.58,19665.24,27825.53,69481.5
2025-09-26,Central,In-Store,Beauty,Organic Search,63759.2,1658,249,367,5054,249,3047,625,33900.7,30194.43,29858.5,27689.84,775,65197.88,60411.15,63759.2,6006,6048,204,162,6448.75,256.06,3.27,2.59,17796.63,4473.7,63759.2,52951.5,43289.68,1111.07,22425.06,33159.03,75132.76
2025-10-08,East,In-Store,Sports,Direct,40830.92,4566,1958,2800,56747,1958,34508,11193,11097.31,17316.35,29733.61,29698.84,3840,40948.31,37765.27,40830.92,7805,7673,65,197,14287.33,20.85,3.61,4.44,3489.19,906.04,40830.92,38308.61,39872.74,13965.29,8287.81,17443.38,71035.49
2025-10-13,Central,In-Store,Home,Organic Search,65460.28,4627,1719,4629,32944,1719,16346,8024,26655.53,26577.91,38804.75,60512.02,9854,65767.8,60515.73,65460.28,7229,7465,303,67,10588.6,38.08,7.63,2.16,3766.94,1657.53,65460.28,44105.33,28098.62,354.85,13862.6,53083.41,60469.68
2025-10-20,Central,In-Store,Sports,Direct,145541.07,4626,1785,2274,62781,1785,39837,12360,60471.82,117307.42,85069.25,126431.78,3623,146219.11,136214.77,145541.07,8547,8334,152,365,8996.84,81.54,3.13,3.18,15154.05,3446.65,145541.07,99769.96,30381.92,9240.47,8904.68,10576.25,86456.6
2025-10-22,Central,In-Store,Home,Social,104354.21,4852,945,1613,12095,945,6437,1494,29007.43,81167.67,75346.78,91360.6,2168,107039.87,105797.31,104354.21,7189,7093,73,169,1631.05,110.43,7.89,4.69,13901.33,5730.56,104354.21,74112.57,11371.43,17477.49,17375.88,27202.5,73632.98
2025-10-24,East,In-Store,Electronics,Paid Search,53670.24,5184,1922,2129,25106,1922,13762,3313,17100.83,41535.24,36569.41,58478.26,3354,53969.43,52372.25,53670.24,4461,4505,56,12,12751.65,27.92,1.61,1.67,20459.96,6193.08,53670.24,36592.91,8595.22,12918.08,3045.89,38312.45,42102.67
2025-11-28,Central,In-Store,Sports,Social,27345.68,2701,1461,2295,29924,1461,14835,11248,7181.99,11699.21,20163.69,25151.79,5392,27764.81,26992.65,27345.68,5641,5891,403,153,3954.72,18.72,6.57,2.26,14411.78,5153.32,27345.68,23445.32,34449.63,8898.09,5829.84,41945.13,56723.1
2025-12-24,East,In-Store,Sports,Paid Search,170034.28,4326,1361,1871,19116,1361,17933,2734,90102.62,148134.22,79931.66,121126.52,4126,173325.66,166401.28,170034.28,8347,8707,408,48,6823.83,124.93,3.54,4.49,22029.16,5076.94,170034.28,107527.29,50772.69,7485.22,8794.11,26342.79,103389.98
2025-12-27,Central,In-Store,Apparel,Paid Search,135454.49,3978,1035,1707,20642,1035,12800,2489,42573.58,106137.88,92880.91,120627.24,3583,139081.26,132711.55,135454.49,5407,5366,64,105,8163.18,130.87,3.39,1.51,13164.5,6260.02,135454.49,117932.81,39058.52,17657.02,18278.24,39155.05,111181.95
2026-01-04,East,In-Store,Sports,Social,76737.37,5438,579,953,11396,579,4591,1493,36434.06,41029.74,40303.31,58012.68,1601,77147.75,71671.74,76737.37,4552,4817,384,119,10991.14,132.53,7.3,1.29,8962.8,4542.61,76737.37,54285.59,55458.81,17194.95,22181.36,12719.94,112238.92
2026-01-10,Central,In-Store,Electronics,Social,164424.85,3781,2186,5186,34640,2186,28131,10567,43384.3,73209.95,121040.55,98067.95,9972,169090.95,157260.67,164424.85,7833,8016,338,155,10089.48,75.22,3.7,2.62,4728.5,1061.69,164424.85,101011.77,19882.12,19981.47,23769.18,43109.27,93053.15
2026-01-23,Central,In-Store,Sports,Organic Search,111755.6,3310,1999,6034,32977,1999,23437,5451,35020.64,83447.11,76734.96,62791.13,8534,113746.63,108051.39,111755.6,6764,6851,442,355,7178.18,55.91,3.75,2.45,4685.95,1105.23,111755.6,68221.06,23239.2,7922.45,11991.24,64513.59,61990.23
2026-01-29,East,In-Store,Sports,Paid Search,101279.09,5124,1320,3503,28355,1320,21437,10681,41719.26,52482.29,59559.83,68854.05,5321,102081.29,94269.18,101279.09,8712,8668,226,270,5805.3,76.73,2.89,1.16,4701.62,1683.07,101279.09,66077.41,7479.33,17211.48,16833.26,59379.29,62180.28
2026-02-08,Central,In-Store,Home,Social,53341.28,4167,1523,1770,34428,1523,25971,11824,25180.32,43436.72,28160.96,43068.74,2203,54665.79,53320.18,53341.28,5741,5711,154,184,6878.06,35.02,5.36,1.88,18931.75,5136.78,53341.28,47558.11,36432.42,812.43,7931.51,45720.09,58096.98
2026-02-09,East,In-Store,Home,Paid Search,57941.21,1631,1550,3183,21659,1550,17117,8063,17599.21,47742.75,40342.0,54041.59,6414,58441.22,55665.2,57941.21,5199,5475,329,53,13354.85,37.38,6.74,1.78,6397.43,1217.95,57941.21,54378.81,32245.3,10488.73,16490.34,15654.69,75436.85
2026-02-14,Central,In-Store,Home,Organic Search,24627.05,2717,550,1098,10606,550,5693,1751,10757.41,16818.42,13869.64,18656.95,2382,24686.75,22927.18,24627.05,2126,1809,41,358,9152.64,44.78,2.48,2.24,22428.63,7800.68,24627.05,18768.46,47479.63,15096.41,12010.04,21456.75,80183.16
2026-02-22,Central,In-Store,Beauty,Direct,139159.9,3642,627,1251,10032,627,5309,1623,70296.1,118724.99,68863.8,94862.5,2086,141607.29,139778.03,139159.9,6668,6424,105,349,11766.62,221.95,7.35,2.6,12630.77,7749.67,139159.9,96800.66,24377.3,4632.26,6179.19,23647.22,63647.5
2026-02-23,East,In-Store,Home,Direct,107463.82,3770,455,607,8877,455,5198,3178,40825.41,48255.45,66638.41,104855.35,871,107557.6,102298.45,107463.82,3925,3889,259,295,10709.83,236.18,4.58,3.83,12164.15,2801.97,107463.82,99757.43,48410.65,5048.41,23842.88,13880.54,108758.54
2026-02-26,Central,In-Store,Home,Email,136894.01,3002,1770,5559,35425,1770,17491,4335,74996.95,96079.67,61897.06,53827.21,12914,139048.34,132304.83,136894.01,8555,8847,498,206,11994.05,77.34,7.4,2.0,15501.4,3952.02,136894.01,97078.82,39586.23,16014.64,15864.09,67254.64,87613.12
2026-03-14,Central,In-Store,Beauty,Paid Search,139526.47,3038,645,1300,17686,645,8469,3652,74926.66,91002.18,64599.81,61223.35,2172,142232.67,138654.79,139526.47,8340,8351,290,279,10428.68,216.32,2.02,4.62,12220.41,4938.11,139526.47,129466.76,11816.34,8464.44,18714.55,59495.28,57362.33
2026-03-17,Central,In-Store,Beauty,Direct,113899.53,5349,149,318,2378,149,2198,874,48971.52,61745.42,64928.01,95165.13,616,116418.57,111406.47,113899.53,4172,4286,492,378,12913.6,764.43,2.19,2.71,7438.08,1981.08,113899.53,99756.88,41244.51,9771.58,5542.87,30568.85,85108.5
2026-03-25,Central,In-Store,Apparel,Direct,152442.54,2991,677,1090,10207,677,7941,3718,44348.69,90223.78,108093.85,128903.68,1571,152682.42,146180.72,152442.54,3887,3784,268,371,9032.96,225.17,3.25,4.92,9781.36,5566.17,152442.54,118926.28,32056.69,6016.03,22314.77,40291.25,99058.59
2026-03-28,Central,In-Store,Sports,Direct,123355.22,4347,168,468,3772,168,2928,643,42555.04,101904.83,80800.18,85292.96,892,125671.49,125559.8,123355.22,3520,3861,446,105,11079.23,734.26,4.75,4.72,22764.37,7242.82,123355.22,116976.05,15239.17,9799.37,15594.01,52433.2,66220.44
2026-03-29,East,In-Store,Electronics,Paid Search,24475.63,5988,1727,2046,21887,1727,19265,6230,6687.38,19867.77,17788.25,14845.61,3422,24568.82,22763.55,24475.63,4189,4142,198,245,13652.44,14.17,5.75,4.33,13111.77,2716.04,24475.63,18167.04,38997.4,418.59,21486.63,37331.06,65356.3
2026-04-03,Central,In-Store,Apparel,Paid Search,38381.66,3723,1165,2290,22534,1165,13533,8532,13405.77,17470.73,24975.89,20471.24,4893,38732.38,38286.78,38381.66,7344,7784,483,43,5860.42,32.95,3.48,3.02,12014.18,6342.93,38381.66,31180.38,15469.87,7827.01,10395.57,23364.41,39833.82
2026-04-21,East,In-Store,Sports,Direct,94649.67,3714,1268,1688,62125,1268,27984,21412,50963.48,70673.37,43686.19,48815.7,3292,95187.93,88494.29,94649.67,3379,3436,231,174,3576.79,74.64,7.39,4.32,10796.68,6655.93,94649.67,71704.57,53951.62,3042.94,16243.44,39377.5,87882.71
2026-04-28,East,In-Store,Beauty,Organic Search,90471.6,5560,105,274,1977,105,1709,374,30286.8,62328.99,60184.8,77612.2,653,91008.51,86250.61,90471.6,5095,5150,278,223,11008.72,861.63,4.19,4.07,11955.02,2282.6,90471.6,79990.77,55157.4,7168.06,16050.41,59038.77,101659.53
2026-05-08,East,In-Store,Beauty,Paid Search,62010.31,5731,1802,5374,87876,1802,86669,28266,33427.29,27120.32,28583.02,30986.63,9652,63232.03,59113.91,62010.31,7626,7917,478,187,6347.06,34.41,5.72,3.88,25876.13,6168.21,62010.31,43000.62,56533.35,16988.39,12354.04,66222.0,95171.77
2026-05-14,East,In-Store,Electronics,Paid Search,20562.79,2511,1458,2393,25043,1458,11723,8784,10698.69,14806.01,9864.1,8110.4,2907,20626.0,20192.04,20562.79,7321,7525,318,114,2212.23,14.1,1.71,4.48,9869.92,1824.02,20562.79,14563.64,14017.26,17292.18,20036.04,35139.81,53778.6
2026-05-19,East,In-Store,Beauty,Paid Search,51564.36,4452,1530,4032,27232,1530,11603,8896,13826.16,42124.51,37738.2,48742.55,10007,51908.63,51254.2,51564.36,8088,7988,149,249,1919.61,33.7,5.16,2.59,6346.43,1520.57,51564.36,47050.65,10728.41,9538.48,6629.71,50509.54,41519.36
2026-06-04,Central,In-Store,Beauty,Email,41879.74,3824,1872,2383,29391,1872,26321,10903,13464.69,35816.08,28415.05,33153.13,3437,41979.42,39822.64,41879.74,5915,6037,382,260,12299.87,22.37,6.91,3.96,7233.43,2412.25,41879.74,32480.15,28599.54,10470.46,8680.81,41431.26,57696.75
2026-07-01,Central,In-Store,Apparel,Paid Search,15826.27,5473,1081,1466,19411,1081,12731,3031,7915.08,7778.08,7911.19,8529.43,1793,16228.97,15248.59,15826.27,7432,7604,415,243,8060.43,14.64,3.58,4.62,8911.75,5731.16,15826.27,13368.52,42964.38,13123.17,16693.65,54612.61,75340.03
2026-07-04,East,In-Store,Beauty,Social,70082.7,2812,255,753,10080,255,4707,2328,29378.66,53457.21,40704.04,37956.49,1838,71649.29,66877.25,70082.7,5164,5079,272,357,1858.73,274.83,6.37,1.33,7470.91,3844.51,70082.7,61751.38,59296.88,9365.63,21074.74,41295.09,101124.2
2026-07-12,Central,In-Store,Sports,Direct,122548.25,4784,880,2287,12942,880,7571,2785,50258.83,65352.97,72289.42,97002.52,3483,124596.9,117809.81,122548.25,8216,8081,221,356,6181.85,139.26,6.12,3.41,17250.9,4648.05,122548.25,101902.51,27289.36,15780.68,5576.98,23433.56,77747.78
2026-07-19,Central,In-Store,Electronics,Organic Search,18333.4,2914,1681,4985,46881,1681,38499,12395,5358.91,7669.65,12974.49,15175.93,8541,18542.8,17956.12,18333.4,7215,7379,405,241,8320.94,10.91,3.2,1.13,1703.27,962.41,18333.4,11544.03,51098.12,2728.3,11021.9,47781.59,69401.1
2026-08-11,East,In-Store,Electronics,Paid Search,113111.01,5525,788,1971,14053,788,13950,1535,35909.86,65673.78,77201.15,83070.67,4129,115371.97,107135.85,113111.01,3645,3371,99,373,4887.6,143.54,3.73,4.38,16429.76,3861.6,113111.01,84278.2,50675.7,11640.95,9872.98,58424.08,97110.83
2026-08-20,Central,In-Store,Electronics,Organic Search,172957.76,3147,1514,2599,19933,1514,14450,3506,84383.52,84329.31,88574.24,115519.14,3468,177972.54,172034.3,172957.76,2342,2066,120,396,6270.53,114.24,3.45,3.99,10461.09,4833.68,172957.76,138728.46,8467.94,3628.83,14988.49,46529.75,61741.0
2026-08-21,Central,In-Store,Electronics,Paid Search,103945.4,3522,1913,4833,24143,1913,15294,5530,56974.9,61704.2,46970.5,43788.48,10373,105745.44,99994.42,103945.4,8861,8804,56,113,12044.85,54.34,6.9,1.07,8263.82,2093.39,103945.4,97794.01,35256.23,10675.06,8595.71,49485.51,67663.54
2026-09-05,East,In-Store,Beauty,Organic Search,118465.13,2054,142,361,2172,142,1672,461,35620.0,86552.0,82845.13,67968.43,595,121770.77,112325.56,118465.13,5486,5491,242,237,2772.86,834.26,5.02,1.94,4979.03,2167.81,118465.13,76139.98,47017.76,5094.49,15222.95,27640.94,87725.73
2026-09-07,East,In-Store,Beauty,Paid Search,55911.89,2613,339,537,6048,339,3285,1053,30151.29,43342.94,25760.6,28138.3,1162,56194.33,52825.38,55911.89,5255,5604,436,87,12142.42,164.93,3.06,1.92,20662.87,7702.12,55911.89,48393.92,56238.98,19458.22,17620.92,22382.05,101759.61
2026-09-23,East,In-Store,Electronics,Social,48860.0,2029,200,514,2768,200,1889,354,14194.8,38916.09,34665.2,46368.59,1161,49903.96,47444.21,48860.0,5567,5619,227,175,5367.57,244.3,1.53,1.94,13738.21,5261.94,48860.0,40041.92,40856.11,13832.12,11473.09,43042.2,80071.9
2026-09-29,Central,In-Store,Apparel,Organic Search,154488.5,5769,1405,3064,20545,1405,15713,2127,78144.78,132016.48,76343.72,92093.0,5853,155729.52,145670.52,154488.5,4315,4677,384,22,6088.87,109.96,1.72,4.36,5888.43,1342.29,154488.5,95300.66,25716.02,18977.44,7091.19,67346.16,79412.55
2026-10-04,East,In-Store,Beauty,Direct,68693.69,5845,2168,2953,71506,2168,47195,15368,25022.85,34214.42,43670.84,47879.17,7057,69548.49,64775.08,68693.69,5755,5636,243,362,3703.64,31.69,3.06,3.16,2463.57,1121.81,68693.69,49401.73,54817.62,2455.32,6734.79,53850.86,78371.48
2026-10-07,Central,In-Store,Sports,Email,135568.83,3522,790,1523,11696,790,9186,2737,62832.22,107495.79,72736.61,102002.05,3103,136335.02,135606.39,135568.83,4314,4328,92,78,5880.78,171.61,5.34,4.76,3761.91,1472.54,135568.83,98426.93,47029.69,9537.86,19709.14,36271.26,106877.3
2026-10-15,Central,In-Store,Beauty,Organic Search,90795.51,1788,1162,3709,26662,1162,21990,5964,43480.48,74112.97,47315.03,48183.71,5181,93096.31,92475.27,90795.51,2738,2922,255,71,11634.43,78.14,2.61,4.07,10414.5,3261.89,90795.51,75337.73,18473.89,19791.39,3159.61,17525.65,55880.0
2026-10-20,Central,In-Store,Beauty,Organic Search,120979.55,1906,1092,1698,17691,1092,8189,6973,44439.23,82987.64,76540.32,90070.51,2615,121051.09,111990.06,120979.55,5559,5678,408,289,12898.14,110.79,3.37,2.44,17583.32,4115.22,120979.55,103999.75,59495.42,10526.02,5973.98,46775.05,103016.57
2026-10-21,East,In-Store,Sports,Email,137496.78,4888,2017,4064,25447,2017,15745,6804,40830.12,70131.23,96666.66,105838.51,9541,140346.28,132746.96,137496.78,6016,6355,362,23,13239.96,68.17,7.34,1.78,13430.13,6378.76,137496.78,89612.81,47803.83,14269.96,15992.12,21813.41,109817.46
2026-10-29,Central,In-Store,Home,Email,57957.38,3014,594,1725,9228,594,6289,3637,17765.86,29972.46,40191.52,62304.46,4111,59304.5,58180.1,57957.38,4754,4782,141,113,6520.1,97.57,6.64,4.51,17228.3,3263.21,57957.38,41139.25,54876.53,11706.37,14459.15,43359.95,99733.39
2026-11-08,Central,In-Store,Electronics,Social,104736.68,3229,1732,2970,60972,1732,30415,12733,50416.53,89880.01,54320.15,47683.48,3712,107029.0,100484.93,104736.68,2529,2549,420,400,11932.69,60.47,7.16,3.67,10034.11,2454.76,104736.68,94806.46,38691.6,16596.04,11360.35,51545.58,80953.03
2026-11-09,Central,In-Store,Apparel,Organic Search,69398.14,3628,154,257,1964,154,1848,520,33184.89,55484.94,36213.25,41054.79,519,71151.49,66054.14,69398.14,2083,2150,371,304,6582.48,450.64,6.3,1.2,25594.44,4846.62,69398.14,46758.03,32379.9,278.23,15569.68,68053.54,60544.25
2026-11-28,East,In-Store,Home,Organic Search,120171.55,3464,195,275,6261,195,5992,1616,57337.28,76845.93,62834.27,55184.31,471,121348.75,115751.48,120171.55,3380,3243,170,307,3762.73,616.26,2.76,4.53,10076.7,3802.25,120171.55,100043.11,36898.71,7344.17,3965.35,28902.12,64763.52
2026-12-21,Central,In-Store,Apparel,Organic Search,119110.04,4724,1374,3246,24621,1374,13434,9292,30636.41,60988.91,88473.63,89004.11,6543,120193.54,110897.96,119110.04,8043,8100,342,285,2204.2,86.69,5.6,1.08,2623.19,1041.21,119110.04,104199.73,57438.82,7187.01,13940.39,8344.56,105267.45
2026-12-30,East,In-Store,Home,Social,92385.17,3273,1174,3593,22161,1174,13610,7086,42761.0,67186.92,49624.17,55197.01,8204,94471.7,90012.64,92385.17,3982,4242,443,183,10812.95,78.69,7.82,1.01,20659.57,7285.12,92385.17,87755.79,54417.34,19040.29,19947.98,50521.2,109964.71
2025-01-03,East,In-Store,Electronics,Social,138357.74,2938,1221,2941,47215,1221,18993,14589,62513.09,99528.23,75844.65,115746.61,5873,138847.46,135451.42,138357.74,6688,6978,453,163,7177.15,113.32,3.21,1.99,29106.85,7931.89,138357.74,109808.21,59642.31,18113.6,8052.86,64720.26,120532.75
2025-01-05,East,In-Store,Sports,Direct,74204.05,3956,2021,5276,58614,2021,45524,16937,25774.86,56955.75,48429.19,39120.27,13060,74603.22,71312.04,74204.05,8474,8203,89,360,12204.01,36.72,7.97,3.3,20503.24,6605.16,74204.05,53813.7,57183.44,6600.13,6550.96,34320.15,82070.61
2025-01-08,Central,In-Store,Electronics,Direct,50888.57,3792,1097,2258,13833,1097,7027,2895,20799.82,22891.98,30088.75,39002.82,3361,51434.51,47443.04,50888.57,6771,6699,127,199,4321.85,46.39,1.91,1.32,31151.59,7116.94,50888.57,39637.36,25315.82,8858.41,7180.71,62267.5,53055.79
2025-01-19,Central,In-Store,Electronics,Email,149694.03,5521,237,654,3338,237,3087,502,39546.11,108810.4,110147.92,151411.08,1173,150711.13,143135.32,149694.03,4761,4907,336,190,13447.48,631.62,5.55,2.27,17508.42,3435.69,149694.03,129282.8,28957.61,8267.0,24598.96,33163.9,107246.89
2025-01-25,East,In-Store,Electronics,Organic Search,92729.5,1526,250,788,3900,250,2434,777,39330.58,79478.43,53398.92,51811.52,1767,93157.98,88739.8,92729.5,7119,7008,94,205,9083.7,370.92,7.31,3.34,13680.68,3860.55,92729.5,82814.65,16168.56,11347.02,5469.63,30917.22,48528.67
2025-02-04,East,In-Store,Electronics,Organic Search,175877.56,5569,731,1494,11540,731,4886,3401,76506.44,106274.23,99371.12,90218.04,2818,180230.07,179099.49,175877.56,5608,5744,286,150,11152.27,240.6,4.11,4.59,17619.2,6229.8,175877.56,133166.97,27345.53,7723.9,4687.42,46096.46,66822.26
2025-02-07,Central,In-Store,Sports,Email,92385.35,3144,404,1043,5775,404,4318,1288,36428.65,65912.17,55956.7,44947.43,1792,92530.27,85698.94,92385.35,8733,8751,239,221,13133.96,228.68,7.06,3.55,3630.33,772.82,92385.35,57871.49,38267.76,725.19,22862.71,13182.43,75339.89
2025-02-11,East,In-Store,Apparel,Social,34997.52,1621,1611,4144,22180,1611,11430,7797,18232.5,23613.43,16765.02,23084.46,6822,35626.96,35342.69,34997.52,6043,6363,492,172,9111.03,21.72,6.3,1.24,24849.66,5927.28,34997.52,31797.39,14000.79,15787.28,14176.6,56641.84,50890.01
2025-02-22,East,In-Store,Sports,Social,155790.11,2597,187,380,3998,187,2061,516,79193.5,85667.91,76596.61,101361.18,588,159449.61,148161.11,155790.11,7787,7894,309,202,10406.75,833.1,3.55,3.71,35331.52,7783.98,155790.11,129006.27,14669.59,5254.02,6657.68,25233.13,56989.64
2025-02-24,Central,In-Store,Home,Email,79251.14,4557,396,950,5792,396,4847,1771,38742.73,70082.96,40508.41,55736.99,1207,79893.83,75241.52,79251.14,2012,2374,413,51,1513.62,200.13,2.7,3.62,9241.53,3066.24,79251.14,55985.72,25357.81,16883.15,21457.83,59934.13,80419.89
2025-03-08,East,In-Store,Electronics,Direct,139203.16,5970,1564,4947,22879,1564,12561,8504,43352.7,80850.3,95850.46,115345.69,7323,141270.21,131295.48,139203.16,4618,5002,479,95,12513.45,89.0,2.47,4.92,5629.5,2152.74,139203.16,95756.51,12960.98,14775.25,15085.58,57456.2,77425.52
2025-03-12,East,In-Store,Sports,Paid Search,168825.23,5920,388,1077,6231,388,4940,2074,92066.38,140874.78,76758.85,85377.1,2451,171119.06,167665.93,168825.23,8922,8643,119,398,10209.64,435.12,6.65,2.56,18523.1,6548.27,168825.23,110662.63,23023.06,7668.98,23604.61,17497.89,79909.78
2025-03-21,East,In-Store,Electronics,Paid Search,12682.25,4468,1727,4475,38146,1727,22707,4595,4358.8,10358.46,8323.45,8470.65,10828,12866.91,11874.09,12682.25,4975,5287,360,48,12436.84,7.34,7.66,1.4,4325.05,2160.04,12682.25,10235.7,29372.16,1102.2,21890.38,44362.44,54905.94
2025-03-24,Central,In-Store,Electronics,Paid Search,8376.79,2885,1617,5098,61460,1617,43844,23317,2111.7,6467.42,6265.09,9237.62,6860,8499.08,8056.49,8376.79,5739,5863,195,71,13908.39,5.18,6.33,4.7,17512.41,3424.12,8376.79,6413.32,24487.57,417.97,11228.56,62894.62,38905.39
2025-03-26,East,In-Store,Home,Email,132284.15,2668,2001,2684,26890,2001,25851,10253,46449.56,57174.96,85834.59,89034.03,5246,133693.49,133235.63,132284.15,2417,2378,45,84,9979.75,66.11,7.34,4.92,17088.21,5891.74,132284.15,101153.04,58563.51,8494.51,23099.96,16384.33,116868.19
2025-03-30,East,In-Store,Apparel,Email,144618.63,3530,715,1321,9798,715,9096,2681,43557.62,89079.99,101061.01,81518.62,2479,147346.03,144572.51,144618.63,2877,2893,148,132,8637.62,202.26,7.08,2.29,4637.14,3001.72,144618.63,96168.53,55902.46,17380.48,14454.6,33383.16,112193.13
2025-03-31,Central,In-Store,Sports,Organic Search,14075.62,5834,1509,2248,21141,1509,18722,7006,7242.32,11613.8,6833.3,7319.08,2741,14258.49,13367.98,14075.62,2122,2164,395,353,8807.11,9.33,6.78,1.91,19295.83,7259.43,14075.62,8960.7,28692.12,9495.13,20210.2,44733.19,60593.17
2025-04-09,Central,In-Store,Apparel,Paid Search,42416.78,2223,2073,2556,89813,2073,48778,22551,11528.93,32363.42,30887.85,43470.97,4579,42433.75,40773.4,42416.78,4537,4846,326,17,7873.04,20.46,4.19,3.76,8419.44,2381.57,42416.78,25506.49,43215.89,4963.62,4025.75,37807.87,65246.55
2025-04-18,East,In-Store,Apparel,Direct,9140.27,4815,197,525,2602,197,2333,578,4955.26,6736.59,4185.01,3571.78,864,9409.93,8988.75,9140.27,5324,4990,30,364,3721.07,46.4,3.4,2.5,21574.33,5006.2,9140.27,5776.57,9654.2,4258.44,19460.39,63557.36,34444.56
2025-04-23,Central,In-Store,Electronics,Organic Search,65531.05,4004,177,537,3385,177,2622,1036,34118.55,32876.2,31412.5,48394.48,1013,66272.34,64088.03,65531.05,5306,5466,312,152,14405.47,370.23,3.03,2.55,18957.57,4151.78,65531.05,51266.07,51264.84,12086.7,15411.85,45356.47,93281.73
2025-05-04,East,In-Store,Home,Email,79838.88,3707,1519,1919,64453,1519,49634,19243,35400.92,36272.78,44437.96,57742.19,4254,80674.26,78040.21,79838.88,3790,3902,347,235,3599.71,52.56,3.05,1.0,5064.96,1391.25,79838.88,58482.35,17534.52,15276.45,19999.16,24830.85,70132.79
2025-05-06,Central,In-Store,Beauty,Paid Search,161700.3,1705,1572,4267,37373,1572,22712,14147,88580.69,130892.9,73119.61,110446.47,6793,164115.26,156035.03,161700.3,4827,4986,395,236,8875.93,102.86,2.93,4.94,5489.28,2220.77,161700.3,129870.89,20910.69,1432.8,15302.11,29768.42,70779.54
2025-05-14,Central,In-Store,Apparel,Direct,135672.94,3281,2058,4551,39277,2058,35815,7633,42759.18,57185.02,92913.76,74662.44,7329,136543.99,128510.44,135672.94,3736,3623,32,145,9760.24,65.92,5.04,1.1,6471.75,3972.57,135672.94,82517.55,26595.72,15385.08,10038.82,24237.26,74418.35
2025-05-15,East,In-Store,Sports,Social,143863.17,3880,446,1378,13660,446,6607,1696,56298.2,116428.28,87564.97,127508.26,2790,144090.61,142277.23,143863.17,4858,5044,279,93,2711.37,322.56,6.71,1.7,8190.91,3412.17,143863.17,98815.12,6605.25,15333.43,3217.42,66651.63,63408.58
2025-05-22,East,In-Store,Apparel,Direct,57200.52,4834,1314,1805,22493,1314,10887,5813,26816.2,37823.61,30384.32,24895.23,3853,58296.01,56354.52,57200.52,4749,4597,73,225,10572.24,43.53,5.14,3.36,13524.63,4673.66,57200.52,44855.2,13490.08,2797.11,12965.86,20755.42,36721.62
2025-05-26,East,In-Store,Apparel,Direct,13607.72,2394,488,836,7332,488,6735,1982,6098.12,11476.61,7509.6,9788.65,1903,13814.47,13430.18,13607.72,8594,8498,180,276,4880.41,27.88,5.14,4.58,1064.65,561.46,13607.72,10349.21,9041.73,17732.86,24531.87,51233.07,54243.06
2025-06-09,East,In-Store,Electronics,Direct,169543.64,5796,862,1393,11362,862,5579,1397,76348.89,106834.93,93194.75,146262.66,2508,169986.77,163456.59,169543.64,2884,2904,385,365,6595.28,196.69,6.03,2.84,17188.28,7556.26,169543.64,104788.26,19520.52,12474.4,2058.09,44773.89,77931.81
2025-06-17,East,In-Store,Sports,Social,137345.64,1792,1795,4094,24206,1795,24099,4057,48117.75,120178.99,89227.89,100066.94,7622,139776.93,129302.68,137345.64,8308,8112,98,294,5018.57,76.52,2.86,3.26,13720.44,3790.7,137345.64,101133.36,35830.04,875.91,9940.43,30293.5,76666.46
2025-06-26,Central,In-Store,Sports,Organic Search,49677.19,4288,212,491,3277,212,1979,801,20919.8,21341.22,28757.39,39094.27,707,50882.29,48753.37,49677.19,3843,3567,113,389,10924.93,234.33,2.74,1.02,1699.74,533.59,49677.19,45254.35,35665.43,12060.09,8980.52,59199.82,68434.32
2025-07-06,East,In-Store,Apparel,Direct,27653.36,5637,1930,5938,72458,1930,63386,10195,12727.23,22018.35,14926.13,14146.77,11145,28364.84,26789.81,27653.36,2629,2447,191,373,9480.62,14.33,7.38,3.49,16641.91,6503.91,27653.36,18447.59,43923.12,16416.57,5418.93,34435.11,70002.65
2025-07-11,Central,In-Store,Home,Email,167637.79,5031,1356,3769,24608,1356,20899,8180,84366.56,88952.74,83271.23,94448.24,6445,169507.63,165428.14,167637.79,6884,6835,345,394,14359.13,123.63,5.47,1.17,13356.9,3491.96,167637.79,145310.57,32761.43,14839.51,22702.66,45900.53,98638.07
2025-07-12,Central,In-Store,Beauty,Social,53326.7,5775,138,220,1964,138,895,457,22346.42,46811.8,30980.28,27103.42,298,54091.78,51663.65,53326.7,5042,4709,31,364,14957.17,386.43,6.64,2.12,19114.84,6692.96,53326.7,48248.9,45579.58,2104.32,20826.07,29973.78,76641.0
2025-07-15,East,In-Store,Beauty,Social,104751.18,2191,2122,6255,59533,2122,33309,16655,35008.78,82966.95,69742.4,71914.43,12965,107554.03,102380.07,104751.18,2613,2514,242,341,3407.69,49.36,5.98,4.94,28516.71,5673.63,104751.18,67698.78,10756.01,6809.55,19952.02,57079.75,59091.91
2025-08-02,Central,In-Store,Beauty,Organic Search,86468.22,5061,1830,5760,32479,1830,29101,4387,24138.24,71240.87,62329.98,94828.51,9141,87100.62,81501.39,86468.22,5278,5592,475,161,3678.26,47.25,3.6,1.03,6391.5,2171.78,86468.22,59237.28,55504.19,14946.97,24231.64,58551.73,123131.35
2025-08-12,East,In-Store,Apparel,Direct,124349.62,4221,1631,3611,25901,1631,14418,10325,53698.16,58718.13,70651.46,57313.03,9011,126269.99,122838.63,124349.62,6808,6724,93,177,11944.46,76.24,6.62,4.31,10430.36,2933.43,124349.62,83309.72,44328.0,19211.19,3036.97,37652.0,83770.07
2025-08-21,East,In-Store,Apparel,Email,87975.26,3534,2038,4390,28112,2038,11713,9966,30856.89,75146.07,57118.37,52004.82,6027,89237.94,85484.64,87975.26,7411,7267,84,228,2216.5,43.17,3.49,2.87,21216.12,5172.13,87975.26,71647.17,45481.7,10362.87,12347.23,19397.56,83793.25
2025-09-02,East,In-Store,Apparel,Organic Search,86675.05,5230,759,1063,15810,759,12185,6083,44300.7,74217.03,42374.35,53100.53,2289,87940.43,82966.92,86675.05,6429,6608,392,213,1945.21,114.2,4.66,2.57,29063.19,7150.34,86675.05,72259.94,34138.4,19108.38,22827.85,55304.75,92004.79
2025-09-03,Central,In-Store,Apparel,Organic Search,146726.25,2022,215,531,7089,215,6809,1028,45831.91,75015.36,100894.34,155282.76,750,147652.27,141672.91,146726.25,2362,2364,158,156,12241.38,682.45,6.71,2.59,5207.8,2316.16,146726.25,102345.96,42469.53,7982.44,7757.97,10147.89,104794.77
2025-09-06,East,In-Store,Apparel,Direct,164762.99,1756,1391,3728,21760,1391,11001,3391,61172.84,115762.65,103590.15,145897.37,4846,167191.85,158321.12,164762.99,3472,3351,197,318,11104.22,118.45,5.93,1.71,14029.35,7756.54,164762.99,133276.62,56927.32,15255.2,5007.03,60581.36,120958.76
2025-09-24,Central,In-Store,Electronics,Email,46972.14,3709,1747,2641,39422,1747,27656,5088,18245.75,21510.3,28726.39,41541.47,4442,47271.14,45898.09,46972.14,6890,7117,407,180,6185.8,26.89,2.77,2.08,5527.96,3269.77,46972.14,39123.92,33675.51,6737.71,19904.13,15964.93,72779.79
2025-09-28,East,In-Store,Electronics,Direct,8752.11,1732,1537,1835,22946,1537,10467,5331,4558.65,7128.46,4193.46,4850.21,3673,8766.5,8308.84,8752.11,5032,5142,184,74,4748.61,5.69,4.78,3.78,2803.95,709.36,8752.11,8054.92,23971.26,14044.94,8738.04,31358.1,48209.3
2025-10-06,Central,In-Store,Sports,Organic Search,173320.03,1713,935,1373,15211,935,7050,1759,76602.46,80701.33,96717.57,136328.36,1745,174100.91,170652.1,173320.03,6894,7048,252,98,9538.43,185.37,6.81,2.79,40064.3,7951.65,173320.03,110933.19,28722.51,9266.16,16802.65,38619.97,95689.83
2025-11-07,East,In-Store,Sports,Direct,39842.18,4535,456,593,7066,456,5925,2151,13306.8,19593.58,26535.38,21330.85,979,40650.89,38247.98,39842.18,8886,8985,347,248,9749.39,87.37,6.63,3.81,13362.91,3619.19,39842.18,31313.1,33144.89,6768.05,18520.28,30892.16,64832.47
2025-12-02,East,In-Store,Beauty,Social,125659.62,2350,606,1935,11479,606,11243,3690,50941.93,85786.15,74717.69,76229.43,2520,126736.4,122395.5,125659.62,3683,3701,70,52,2676.54,207.36,3.98,3.55,12546.38,4564.47,125659.62,76648.58,26276.23,16860.63,4285.84,10559.85,70291.53
2025-12-04,East,In-Store,Apparel,Organic Search,119065.84,5302,1460,4104,22188,1460,21747,7131,46514.65,64950.95,72551.19,95666.16,6490,120566.46,119031.15,119065.84,8758,8996,425,187,13215.53,81.55,4.76,1.39,10573.89,2333.64,119065.84,108347.28,17193.01,15705.25,22444.23,51759.01,84042.34
2025-12-10,Central,In-Store,Electronics,Email,48295.04,2495,1447,1663,45076,1447,28909,14157,16582.08,33631.59,31712.96,46822.44,4073,48933.95,46764.62,48295.04,7289,7529,401,161,7276.57,33.38,3.55,3.84,8899.22,4541.34,48295.04,43299.92,52025.65,9768.54,16140.18,42578.94,91981.1
2025-12-17,East,In-Store,Apparel,Email,14765.93,2879,1894,6051,44632,1894,20401,15262,4648.32,7218.93,10117.61,12649.86,11982,14976.96,13842.36,14765.93,7832,7779,342,395,9191.16,7.8,7.11,1.28,1877.22,727.07,14765.93,13896.37,39793.74,11344.65,19368.85,44616.44,74302.2
2025-12-23,Central,In-Store,Beauty,Social,8179.07,5418,2084,5079,103750,2084,52161,24024,4159.4,6440.48,4019.67,5584.32,8115,8223.98,7898.82,8179.07,8944,9002,168,110,1501.05,3.92,7.8,1.88,16071.9,4588.24,8179.07,7067.94,28102.44,15661.86,8597.36,63681.32,54036.96
2026-01-02,East,In-Store,Home,Direct,61399.02,1735,1993,5321,48986,1993,37445,10405,19506.72,33373.32,41892.3,60152.31,8009,62102.11,58592.98,61399.02,6631,6790,220,61,11163.51,30.81,4.67,3.89,19427.68,4804.04,61399.02,46649.97,13222.44,2827.71,11873.44,61955.75,45969.28
2026-01-13,Central,In-Store,Apparel,Organic Search,164076.11,4451,1512,4586,24397,1512,12909,3287,64110.42,96186.94,99965.69,151347.98,10945,168276.0,158442.74,164076.11,7608,7544,298,362,11575.53,108.52,7.82,2.82,5251.67,1299.01,164076.11,153654.41,29975.19,19332.61,18385.75,24971.86,113097.94
2026-01-24,East,In-Store,Sports,Social,140245.2,3055,1592,2073,26260,1592,15966,7467,53335.68,66270.53,86909.52,73646.18,3511,140505.78,129551.97,140245.2,6601,6568,338,371,7688.29,88.09,4.54,4.53,10697.6,5754.93,140245.2,116284.84,18329.57,18337.25,10895.29,13649.92,69655.96
2026-01-30,Central,In-Store,Electronics,Paid Search,103543.75,2755,1142,1492,14534,1142,13971,3237,33051.51,48306.21,70492.24,98340.63,3238,103897.22,97780.43,103543.75,3662,3894,485,253,2936.44,90.67,5.7,2.07,5698.15,1434.77,103543.75,79829.63,52402.98,9874.84,13500.95,9998.93,105280.96
2026-02-02,East,In-Store,Beauty,Direct,93216.26,5076,1685,3868,29874,1685,15845,7689,26330.85,63829.32,66885.41,88078.95,9101,94971.51,89580.11,93216.26,8701,8828,486,359,7711.66,55.32,4.03,1.69,14165.19,7724.14,93216.26,78635.1,5482.87,2840.4,4094.03,28884.78,38840.99
2026-02-06,East,In-Store,Sports,Direct,62518.11,2445,1316,3506,35085,1316,21576,4135,22168.75,45801.81,40349.36,55005.39,7281,63416.87,59727.32,62518.11,3323,3288,327,362,6920.78,47.51,2.92,2.66,2322.45,1041.22,62518.11,55097.91,21676.44,2713.14,17918.06,50737.63,58809.26
2026-02-15,Central,In-Store,Apparel,Social,37414.7,1509,1788,4468,36462,1788,27777,7855,12682.95,26244.81,24731.75,32113.51,10340,37809.61,35717.06,37414.7,5765,5740,201,226,14336.89,20.93,7.84,3.96,23808.43,6471.63,37414.7,30085.4,22945.42,13820.97,11161.54,58785.91,57561.98
2026-02-16,Central,In-Store,Electronics,Direct,105405.18,5255,1734,2168,25988,1734,22141,7008,38378.95,45847.83,67026.23,103790.55,4334,107367.77,100410.25,105405.18,7994,7945,192,241,8625.68,60.79,1.8,3.19,15182.73,3012.41,105405.18,78869.01,5821.29,1096.93,18179.45,55756.69,56234.84
2026-02-26,East,In-Store,Apparel,Email,48006.21,5385,86,273,1613,86,824,411,25562.25,24376.86,22443.96,30601.07,575,49213.93,45956.75,48006.21,7153,7569,473,57,12718.62,558.21,3.46,1.94,6853.75,2555.22,48006.21,35218.63,30544.33,12535.68,8823.46,57377.24,61083.79
2026-03-03,East,In-Store,Beauty,Email,75038.06,4736,1954,2539,41134,1954,36017,5497,20631.17,34475.36,54406.89,45222.18,4677,75273.45,73399.23,75038.06,2144,2336,374,182,9951.06,38.4,6.49,1.77,10384.22,3254.17,75038.06,61598.84,49457.4,16080.06,22336.37,19310.09,101440.48
2026-03-04,East,In-Store,Home,Social,21447.17,4949,195,505,2602,195,2582,445,7595.84,17424.12,13851.33,19924.83,942,21613.27,19965.77,21447.17,6224,6414,233,43,8303.74,109.99,5.87,3.68,23503.33,5267.78,21447.17,14303.38,5552.3,5057.39,8445.96,16993.86,25033.1
2026-03-06,East,In-Store,Home,Social,134554.51,4226,686,1956,14593,686,10113,4403,66612.42,94039.12,67942.09,87547.06,3899,135131.83,134235.42,134554.51,8024,8054,328,298,1593.65,196.14,4.04,2.58,32002.72,6940.57,134554.51,116651.36,55071.67,10326.73,6436.76,40344.43,98099.28
2026-03-27,Central,In-Store,Home,Organic Search,166779.17,2545,1431,2978,23938,1431,16046,2813,66622.55,118394.83,100156.62,134182.22,7338,170041.09,165246.3,166779.17,8894,9182,451,163,4924.38,116.55,6.13,2.37,31899.87,6020.96,166779.17,119089.99,38136.92,8762.2,4371.38,60058.24,91525.17
2026-04-02,East,In-Store,Home,Organic Search,112647.7,5001,1133,3097,19486,1133,11465,7194,41057.55,68471.96,71590.15,84007.26,6829,115798.58,113316.18,112647.7,4083,3989,230,324,13068.38,99.42,2.28,1.66,6574.93,4287.71,112647.7,67787.61,54719.91,270.27,18044.5,21127.11,98236.86
2026-04-05,Central,In-Store,Home,Organic Search,75898.78,2551,1672,5223,22679,1672,10244,4445,34897.89,54395.11,41000.89,54976.44,6592,75941.73,72788.13,75898.78,6081,6313,415,183,7722.53,45.39,2.14,3.76,6897.25,1322.35,75898.78,51473.07,44852.5,2716.25,6429.35,11361.65,70491.03
2026-04-13,Central,In-Store,Apparel,Email,107798.23,2139,1989,5395,26053,1989,14588,4557,41446.99,65784.2,66351.24,68421.17,9121,109472.47,108769.34,107798.23,4541,4482,238,297,9241.03,54.2,2.14,4.62,23571.25,5264.49,107798.23,72076.3,55165.75,18880.22,16283.87,35473.97,110856.19
2026-04-22,Central,In-Store,Home,Social,41262.3,4827,884,1681,26029,884,16847,5005,15262.31,16898.48,25999.99,30086.25,2660,41520.76,38794.87,41262.3,8582,8421,182,343,1519.44,46.68,7.89,1.35,10026.08,3244.19,41262.3,31415.5,49388.64,13025.68,16106.6,60338.82,87546.79
2026-04-30,East,In-Store,Home,Paid Search,107592.58,2946,605,1006,8624,605,6878,2815,35863.54,63168.11,71729.04,90479.42,1975,108623.06,99978.06,107592.58,6506,6492,353,367,9649.59,177.84,4.64,4.69,5069.51,2478.78,107592.58,85031.51,11648.77,6444.88,12360.81,64520.17,57598.29
2026-05-02,Central,In-Store,Sports,Paid Search,132625.55,1674,2137,6181,38408,2137,27217,5943,72871.57,91529.69,59753.98,53987.73,8838,133083.18,129322.17,132625.55,8566,8739,323,150,11858.63,62.06,2.77,2.38,9189.2,2444.19,132625.55,89396.63,45136.58,9797.93,19906.58,16103.6,91037.41
2026-05-03,Central,In-Store,Electronics,Email,11913.01,2211,767,1116,13730,767,13107,1933,4268.85,7526.72,7644.16,12082.62,2167,12096.18,11636.94,11913.01,4727,4827,423,323,10832.57,15.53,6.3,2.0,6732.08,2087.57,11913.01,7289.35,14801.49,3414.73,3130.81,8275.31,24971.82
2026-05-10,East,In-Store,Sports,Direct,28728.03,5604,2075,4463,34678,2075,31738,4144,11061.44,13111.32,17666.59,18161.24,6738,29227.13,29000.32,28728.03,2334,2472,476,338,13626.07,13.84,3.25,3.41,12900.96,2424.25,28728.03,19297.27,58606.82,5672.59,8274.28,40519.76,78002.06
2026-05-11,Central,In-Store,Apparel,Organic Search,108887.89,4911,1721,4109,67218,1721,48495,11076,57746.32,97552.94,51141.57,48714.05,7054,110812.28,108669.8,108887.89,5189,5411,429,207,5388.85,63.27,6.45,4.34,3863.52,2282.41,108887.89,78556.59,23522.47,16373.45,15038.29,48639.81,69548.43
2026-05-14,Central,In-Store,Beauty,Social,50927.82,2553,787,1406,10484,787,7617,1315,24047.32,41626.5,26880.5,35488.26,1989,51599.88,49199.97,50927.82,4970,5367,455,58,8864.5,64.71,4.42,3.01,5009.43,2495.66,50927.82,37491.09,28910.47,13998.05,24338.62,11788.1,77893.62
2026-05-22,East,In-Store,Electronics,Organic Search,101936.62,5962,878,1501,12315,878,5501,3355,27697.82,86724.53,74238.8,75198.14,3161,102982.07,97756.39,101936.62,5878,6123,478,233,11447.76,116.1,7.53,4.02,9563.59,3326.13,101936.62,75824.71,50830.73,2048.36,4825.34,16452.88,80263.87
2026-05-24,East,In-Store,Sports,Direct,115823.7,5199,734,2222,30629,734,18072,11870,50277.02,71922.51,65546.68,96726.18,5088,119205.7,118549.12,115823.7,6738,6485,128,381,2249.9,157.8,6.78,2.72,4097.9,2424.98,115823.7,108054.21,43412.08,2332.2,19781.25,38917.13,94543.38
2026-05-31,Central,In-Store,Home,Organic Search,53600.99,2209,625,1292,12466,625,7942,4912,19944.61,23353.91,33656.38,52093.17,2736,54232.43,50596.93,53600.99,5785,5877,468,376,3891.55,85.76,3.0,3.02,7264.12,1423.46,53600.99,37209.57,24943.04,17369.96,24686.27,13163.57,82627.22
2026-06-08,Central,In-Store,Home,Email,159708.7,2898,1292,2930,27590,1292,15713,3123,44946.0,88422.61,114762.7,180667.0,4507,162966.2,161134.95,159708.7,8420,8458,285,247,8087.48,123.61,5.25,2.4,17859.15,6394.08,159708.7,148436.41,38543.17,16601.77,5077.42,15107.46,114422.46
2026-06-11,East,In-Store,Beauty,Organic Search,97810.43,5024,1312,2795,43973,1312,28321,7669,45934.68,49101.81,51875.75,54973.65,3390,100310.58,92502.96,97810.43,7390,7588,493,295,8566.38,74.55,6.01,4.14,21985.02,4787.09,97810.43,67924.55,7927.45,1794.89,4972.51,58010.35,31186.94
2026-06-24,Central,In-Store,Electronics,Organic Search,104330.22,1579,998,1732,13505,998,9289,5295,50476.98,78605.41,53853.24,77118.18,2119,106862.14,103588.12,104330.22,3590,3511,48,127,8378.96,104.54,7.06,1.04,15818.64,6136.27,104330.22,66448.0,55687.42,8820.45,7061.06,17362.48,94704.38
2026-06-28,East,In-Store,Apparel,Email,91790.3,2876,682,1095,9483,682,7782,1578,24814.27,54436.19,66976.03,104919.46,1646,92227.28,88257.91,91790.3,8202,8101,207,308,7428.81,134.59,4.52,2.86,19096.96,5401.16,91790.3,63912.55,6461.16,3773.83,23271.62,67063.86,64982.45
2026-06-30,Central,In-Store,Apparel,Organic Search,13496.89,1691,2008,4487,25624,2008,12047,8991,6742.11,6454.74,6754.78,7611.94,8164,13598.17,13148.71,13496.89,5970,5946,367,391,2143.49,6.72,7.43,1.74,3290.67,924.13,13496.89,11048.18,17698.56,13481.09,5700.62,68313.58,39163.85
2026-07-15,Central,In-Store,Electronics,Email,95929.13,3839,754,1623,9900,754,7703,3203,51058.04,77070.55,44871.09,51319.48,2626,96673.6,93661.6,95929.13,7716,8075,413,54,1972.02,127.23,1.64,1.61,8283.04,4527.0,95929.13,58875.31,16287.37,3356.09,11617.08,33379.62,46656.38
2026-07-24,Central,In-Store,Apparel,Social,30318.38,4700,1098,3231,26320,1098,13896,3876,15243.4,16780.77,15074.98,18795.5,4532,31063.31,30473.35,30318.38,3321,3709,463,75,6053.56,27.61,4.27,4.14,6516.7,2780.59,30318.38,20691.44,46059.88,14802.51,22593.74,22377.05,89094.78
2026-07-26,Central,In-Store,Sports,Direct,149030.89,3477,248,618,3526,248,2884,410,60909.9,95435.16,88120.99,137949.85,1146,152012.77,144622.44,149030.89,4681,4614,286,353,5592.89,600.93,2.56,1.74,12190.11,3982.92,149030.89,107761.8,23456.38,13862.48,21353.62,62938.37,100057.43
2026-07-27,East,In-Store,Sports,Paid Search,92915.94,5548,174,222,5335,174,4706,742,34596.81,57664.77,58319.13,75105.09,306,93437.27,92298.12,92915.94,2738,2768,237,207,2283.24,534.0,7.75,2.42,9017.58,1931.74,92915.94,87474.05,38499.48,9001.54,17848.14,19260.9,87880.69
2026-08-06,Central,In-Store,Beauty,Social,59106.74,5504,668,826,9534,668,8680,3717,18185.98,35933.47,40920.76,56431.05,1308,60586.16,58114.02,59106.74,2158,2174,369,353,8504.22,88.48,2.59,2.78,17162.45,5952.05,59106.74,41040.82,49619.13,9203.96,7480.89,21066.68,83233.29
2026-08-12,Central,In-Store,Beauty,Email,67929.49,3348,900,1960,25251,900,15640,3769,28501.92,34679.0,39427.57,52571.46,3180,69653.14,64686.0,67929.49,7672,7876,292,88,3590.64,75.48,7.69,1.85,4288.53,895.35,67929.49,47874.5,27061.27,6842.86,11818.8,33313.74,61494.37
2026-08-19,East,In-Store,Electronics,Organic Search,48911.98,2717,1634,1917,29108,1634,22876,9523,12849.4,29148.51,36062.58,42232.18,2863,49116.29,46249.32,48911.98,8477,8399,127,205,2703.72,29.93,3.1,4.81,22098.97,4387.03,48911.98,37465.61,43908.1,9385.82,22593.38,34812.07,88556.95
2026-08-22,East,In-Store,Electronics,Social,42348.11,5883,115,289,2440,115,1660,646,14677.15,35579.0,27670.96,22609.25,453,42860.42,39830.17,42348.11,3200,3102,40,138,12795.95,368.24,3.7,2.31,8815.09,2881.38,42348.11,35641.32,46206.32,4195.23,6485.65,51773.93,63669.98
2026-09-11,Central,In-Store,Electronics,Organic Search,101733.76,1914,110,172,4322,110,2030,820,40436.37,59702.83,61297.39,77041.42,326,103067.32,95414.41,101733.76,5410,5774,484,120,4906.73,924.85,3.49,3.94,13979.1,2659.5,101733.76,72918.15,21563.16,5215.28,19312.89,64006.61,69203.76
2026-09-18,East,In-Store,Sports,Social,33663.36,3277,351,422,7938,351,6451,3038,13436.73,21495.08,20226.63,27232.87,837,34063.09,32674.68,33663.36,4668,4701,93,60,6900.66,95.91,4.88,2.19,8468.43,1752.4,33663.36,27174.91,49259.94,15610.23,16206.39,55412.92,89246.42
2026-09-19,Central,In-Store,Home,Direct,56096.38,4704,884,1647,15440,884,13667,3100,20580.01,44885.8,35516.37,49491.86,2599,57282.75,54609.95,56096.38,8808,8797,231,242,12910.56,63.46,7.71,3.15,33975.86,6705.57,56096.38,51913.3,45403.73,1230.25,6796.06,12049.3,68277.6
2026-09-22,Central,In-Store,Apparel,Organic Search,171302.72,5625,503,1336,17637,503,13856,6318,69854.68,106017.98,101448.04,107807.49,2770,176075.26,166965.34,171302.72,7616,7707,427,336,9932.61,340.56,2.88,2.2,26046.03,7248.53,171302.72,151080.66,5109.61,12404.34,12312.03,49937.1,62168.23
2026-09-30,East,In-Store,Beauty,Social,79503.8,4117,982,1950,13853,982,13354,1493,34173.3,66585.98,45330.5,51046.15,3635,80972.86,77617.82,79503.8,7541,7724,271,88,2301.71,80.96,6.24,3.91,11075.32,5837.36,79503.8,66970.54,52034.67,8106.76,8886.19,58326.92,84341.46
2026-10-25,East,In-Store,Home,Organic Search,55739.31,1968,1374,3787,21204,1374,20550,6781,24680.77,43591.31,31058.54,25161.96,7282,55813.34,52757.98,55739.31,3281,3486,348,143,4350.42,40.57,5.66,3.61,6240.2,1139.17,55739.31,45656.17,18539.28,3105.37,10617.04,38325.01,39810.28
2026-11-06,Central,In-Store,Beauty,Direct,32365.3,4676,410,1273,8366,410,4083,938,11873.95,18496.21,20491.35,20097.27,2987,33148.43,32097.94,32365.3,6418,6047,21,392,11531.16,78.94,5.61,1.38,16201.47,5526.0,32365.3,28666.98,10597.31,4493.09,20366.01,51554.99,41485.59
2026-11-12,Central,In-Store,Home,Email,58675.9,2473,803,2240,11857,803,9782,1792,20830.83,45062.51,37845.07,53888.43,2912,58983.74,56752.6,58675.9,2313,2394,302,221,3037.18,73.07,7.71,4.76,1793.66,515.76,58675.9,37484.64,23707.55,19227.43,18525.0,35425.12,77626.51
2026-11-15,Central,In-Store,Home,Paid Search,152003.83,2500,1053,2343,15061,1053,8330,1806,53027.63,124837.6,98976.2,157512.75,4874,155226.93,149218.26,152003.83,3372,3472,137,37,8003.78,144.35,3.0,1.92,14971.92,3969.9,152003.83,118839.43,49904.11,10582.63,23385.39,12516.46,131125.96
2026-11-19,Central,In-Store,Beauty,Social,46649.35,5898,857,1175,17745,857,7946,6265,13229.34,38419.05,33420.01,44478.89,1590,47247.1,43898.92,46649.35,6977,6962,286,301,13249.21,54.43,4.62,4.12,10080.93,2637.21,46649.35,44093.01,9950.75,11195.94,4043.79,68063.33,38534.15
2026-11-21,East,In-Store,Home,Paid Search,155634.33,3701,1980,2674,59853,1980,37685,22388,69290.17,85321.74,86344.16,138044.35,6380,158844.47,146447.87,155634.33,6333,6408,265,190,4100.46,78.6,4.97,3.26,8931.89,2028.36,155634.33,145874.73,23118.17,12049.35,22660.06,59169.17,99240.89
2026-11-22,East,In-Store,Electronics,Paid Search,19899.09,3354,1753,4662,41380,1753,23215,5793,6069.61,12091.65,13829.48,13490.81,7751,20148.88,19336.93,19899.09,6231,6547,425,109,10368.67,11.35,4.73,4.3,8769.69,4114.33,19899.09,12312.34,17649.25,11252.95,13447.29,15486.02,46396.73
2026-12-08,Central,In-Store,Home,Social,75874.44,1715,848,2547,14600,848,7705,4176,28319.6,46929.18,47554.84,73225.93,4082,76157.34,72355.28,75874.44,2441,2262,211,390,5863.73,89.47,4.42,1.76,9810.59,5911.07,75874.44,55052.72,40069.78,3841.21,24992.43,57937.77,90871.2
2026-12-14,Central,In-Store,Apparel,Email,83987.89,3391,1546,3031,35874,1546,33598,8932,45065.41,41636.64,38922.48,40709.53,5817,84174.81,77848.41,83987.89,8225,8275,445,395,1918.23,54.33,1.66,2.0,3105.69,666.38,83987.89,74015.11,29708.38,7510.01,2645.78,67613.74,52077.03
2025-01-02,East,In-Store,Home,Organic Search,78100.88,3980,1971,2555,31896,1971,28897,9891,30898.23,36656.37,47202.65,51425.2,5783,79377.47,78114.29,78100.88,2437,2433,228,232,12214.22,39.63,7.43,2.08,1230.89,691.22,78100.88,65132.1,49575.97,3139.38,16646.68,51639.04,84789.59
2025-01-21,Central,In-Store,Electronics,Direct,58712.36,4877,1245,2728,15702,1245,7505,3904,24646.8,44826.39,34065.56,43720.66,6648,58926.63,57743.52,58712.36,4156,3852,76,380,4568.68,47.16,3.43,3.72,15371.24,4030.44,58712.36,37680.25,32636.03,5667.12,9141.45,53500.55,60560.8
2025-01-25,East,In-Store,Home,Email,105420.22,5648,791,1257,11998,791,9085,4043,44328.24,77305.29,61091.98,73937.38,2353,106414.44,105826.18,105420.22,3282,3640,454,96,9603.66,133.27,5.47,2.93,2218.8,749.62,105420.22,84847.48,35324.99,7102.69,20602.09,64622.06,85210.98
2025-01-26,East,In-Store,Electronics,Organic Search,58641.88,4132,2136,5602,45320,2136,22962,15198,28673.6,26700.7,29968.28,38369.08,11505,60190.68,58087.51,58641.88,5669,5674,142,137,10301.3,27.45,5.9,3.75,19109.47,3919.62,58641.88,43979.05,16852.89,4122.0,2081.11,12605.11,34566.72
2025-01-30,East,In-Store,Home,Social,24677.92,2371,1425,3440,46052,1425,42731,13301,12026.17,21563.79,12651.75,15790.81,7167,24814.52,23054.77,24677.92,6525,6509,52,68,4592.89,17.32,1.7,3.06,13009.9,5390.44,24677.92,17836.27,11118.63,15368.31,16665.56,28043.67,47889.74
2025-02-02,East,In-Store,Electronics,Email,19476.12,2157,1147,1451,15775,1147,14105,2069,7292.68,13138.24,12183.44,11045.45,3291,19692.26,19212.77,19476.12,4686,4932,345,99,7868.24,16.98,4.99,4.4,31523.25,5945.76,19476.12,14480.35,32533.1,6477.08,2618.67,65406.48,44942.49
2025-02-05,Central,In-Store,Apparel,Direct,143035.75,2095,478,1223,7315,478,5001,852,40513.94,77588.72,102521.81,82285.49,2508,144184.42,140700.65,143035.75,4072,4051,150,171,13072.4,299.24,3.0,4.97,16084.22,5553.07,143035.75,109346.79,9916.32,16547.96,17971.56,42896.3,69121.49
2025-02-06,East,In-Store,Apparel,Organic Search,70309.54,3732,620,1205,8389,620,5999,3194,19071.93,40126.78,51237.61,44618.04,2707,70673.65,69983.58,70309.54,2089,2534,455,10,1592.88,113.4,8.0,3.17,23783.51,4408.04,70309.54,53788.01,28174.48,14894.88,4456.66,22877.61,60911.43
2025-02-23,Central,In-Store,Electronics,Paid Search,111385.92,1882,338,505,4946,338,3772,1429,48142.16,96988.87,63243.76,91666.05,1145,111456.11,102699.05,111385.92,8210,8380,441,271,3568.9,329.54,5.16,3.63,19318.81,5479.18,111385.92,71440.86,11556.29,4724.42,19581.85,65216.63,63362.38
2025-03-12,Central,In-Store,Sports,Direct,150218.52,3927,1730,4107,38311,1730,26626,9909,77643.45,77640.47,72575.07,85081.84,9421,150710.21,149930.58,150218.52,2097,2285,268,80,2659.29,86.83,7.06,4.19,22576.52,5596.95,150218.52,92638.38,26132.02,3546.34,6229.52,24682.64,61432.43
2025-03-16,Central,In-Store,Beauty,Organic Search,126753.25,1929,425,1002,6000,425,3622,1828,68342.08,50705.44,58411.17,75265.61,1856,127883.29,124428.89,126753.25,3467,3555,436,348,8792.81,298.24,6.69,4.73,28254.28,6987.15,126753.25,113346.89,44143.3,12380.6,9007.33,51794.52,88110.91
2025-03-25,East,In-Store,Beauty,Direct,135524.64,4861,94,271,1651,94,978,485,34826.14,119645.49,100698.5,150660.49,667,137685.42,134094.33,135524.64,7817,7938,165,44,13401.48,1441.75,2.78,3.21,7374.11,1763.59,135524.64,84326.53,59863.41,19781.12,18556.08,42948.97,143398.76
2025-04-17,East,In-Store,Beauty,Email,18756.46,5580,504,1254,6808,504,5483,2239,10118.24,14734.18,8638.22,11864.05,1553,18982.19,17758.25,18756.46,3062,3191,230,101,12892.37,37.22,4.25,4.73,3884.29,739.08,18756.46,13486.67,46444.6,13665.13,23652.54,41655.73,87321.48
2025-04-21,Central,In-Store,Sports,Social,119919.09,2665,1983,4311,45413,1983,39442,5814,56858.37,51894.44,63060.72,58759.4,6465,122491.07,120265.2,119919.09,7832,8055,370,147,1994.96,60.47,2.35,3.56,27780.59,6657.86,119919.09,109176.5,17358.47,13233.85,22643.99,41615.25,70864.13
2025-04-23,Central,In-Store,Home,Email,137857.24,3241,612,1537,8872,612,8792,3538,42731.67,116331.03,95125.57,113269.85,2220,138573.54,131869.44,137857.24,4482,4895,449,36,8526.08,225.26,5.4,2.2,10019.6,2649.12,137857.24,85616.29,58075.83,477.93,8822.8,57367.06,101357.51
2025-05-01,Central,In-Store,Beauty,Paid Search,164260.26,5578,1234,2514,16429,1234,15065,4252,48038.15,92911.69,116222.11,150591.87,3423,166826.26,160604.05,164260.26,7929,7940,130,119,9168.84,133.11,6.62,1.59,23079.02,6213.17,164260.26,107625.46,46925.64,12375.45,18183.01,60237.4,122661.66
2025-05-11,Central,In-Store,Electronics,Organic Search,26455.74,4338,740,1077,16139,740,12675,4161,12170.88,16424.53,14284.86,13423.26,2632,26968.43,25555.18,26455.74,6351,6244,120,227,4660.36,35.75,4.2,1.43,6076.59,2169.01,26455.74,17912.26,51307.34,2767.82,3118.4,12245.53,61220.54
2025-05-30,Central,In-Store,Apparel,Paid Search,53928.89,5125,1928,2904,50784,1928,32959,19948,16064.11,23693.59,37864.78,35193.07,5780,55107.93,52664.43,53928.89,7242,7554,476,164,2509.43,27.97,3.79,4.32,34267.77,7177.09,53928.89,34927.68,42314.75,19156.42,24454.98,51119.64,96484.07
2025-05-31,Central,In-Store,Electronics,Direct,98381.08,4600,1070,2980,14805,1070,13795,2230,48186.58,47214.47,50194.5,58273.64,5457,98901.85,97116.03,98381.08,6057,6438,434,53,11896.52,91.94,5.68,1.86,15424.87,3244.6,98381.08,83537.86,15390.08,8254.12,19281.26,44599.58,60407.55
2025-06-02,Central,In-Store,Beauty,Social,91599.38,2404,1657,5239,29909,1657,27077,5562,31417.85,66235.34,60181.53,75154.31,10254,92185.21,90941.65,91599.38,4228,4470,272,30,13690.56,55.28,3.52,3.34,16227.72,5434.71,91599.38,65289.6,58344.98,14199.46,24798.47,37103.28,119889.2
2025-06-04,East,In-Store,Sports,Email,39544.57,5700,1789,5070,29347,1789,27347,3949,20176.22,26136.92,19368.35,28526.24,10865,40020.71,36965.24,39544.57,2147,2319,236,64,11640.39,22.1,5.41,3.16,6110.23,2489.76,39544.57,24736.26,46831.76,7926.39,13460.1,8279.55,76776.12
2025-06-26,Central,In-Store,Electronics,Social,124152.72,2557,788,2318,34600,788,19813,11221,39504.01,104017.21,84648.71,78444.71,4756,126522.43,126325.43,124152.72,8633,8834,454,253,3315.76,157.55,6.67,2.82,23376.39,4629.66,124152.72,109561.56,7611.46,14429.25,3126.08,10387.47,48700.2
2025-06-28,Central,In-Store,Beauty,Social,161500.43,5186,1642,2740,21036,1642,10183,5966,73495.91,67261.15,88004.52,131651.19,6049,163544.26,151282.43,161500.43,4851,4837,63,77,14942.0,98.36,3.57,4.47,35786.46,7355.92,161500.43,124172.36,19991.49,15696.49,3486.65,26808.47,78669.99
2025-06-29,East,In-Store,Electronics,Direct,83423.08,5185,2098,5822,31772,2098,12827,8226,27640.29,47796.72,55782.79,62782.09,11506,85439.42,82879.62,83423.08,5264,5054,142,352,4293.89,39.76,7.11,1.47,5469.16,1956.16,83423.08,58728.52,40491.87,3871.93,23648.35,21278.26,86846.78
2025-07-08,Central,In-Store,Sports,Paid Search,170387.0,4265,604,801,10907,604,5908,4215,50965.41,82307.48,119421.59,154325.76,1087,170721.87,169833.97,170387.0,8950,9035,135,50,2570.75,282.1,7.17,2.24,25390.91,6632.79,170387.0,129194.55,45098.01,16491.89,7924.46,46679.29,115812.09
2025-07-20,East,In-Store,Electronics,Paid Search,175889.46,1765,379,525,5200,379,4406,960,76438.64,79605.85,99450.82,138993.75,843,176080.67,162666.54,175889.46,8868,8988,473,353,4832.38,464.09,3.44,2.23,6299.44,1478.22,175889.46,108987.63,53228.7,6052.93,4795.7,59264.39,105775.45
2025-08-05,Central,In-Store,Apparel,Email,106057.83,2483,1352,1959,37012,1352,34591,13223,50897.78,63664.4,55160.05,56962.39,3174,107937.64,99946.82,106057.83,8915,9118,238,35,2180.98,78.45,2.65,1.55,20047.69,3702.62,106057.83,75918.19,44155.0,9859.47,15715.55,17724.96,86818.74
2025-08-22,Central,In-Store,Home,Email,134927.41,2584,402,705,5705,402,2476,806,62655.28,60895.56,72272.13,72554.02,1076,135555.71,128721.45,134927.41,3140,3527,466,79,8241.51,335.64,7.35,1.73,17667.54,5225.18,134927.41,93935.03,41894.09,5871.91,13915.24,18143.52,83447.45
2025-08-25,East,In-Store,Electronics,Direct,60394.66,3210,1818,4495,23459,1818,17612,3635,31381.42,28725.29,29013.24,30618.22,9648,61255.94,57805.86,60394.66,3479,3242,100,337,7051.58,33.22,4.37,2.52,11372.05,4613.0,60394.66,43508.04,20766.91,18216.16,18699.57,33084.48,66868.11
2025-08-31,East,In-Store,Beauty,Email,96027.22,5750,613,861,22193,613,13036,4355,41781.57,80765.6,54245.65,64875.64,2015,97482.21,93622.82,96027.22,7419,7658,496,257,4270.84,156.65,1.85,2.4,23397.71,4550.64,96027.22,90893.6,27234.48,9112.42,2280.3,19685.45,58089.89
2025-09-12,East,In-Store,Beauty,Social,120047.73,4474,1466,2960,68851,1466,45061,8280,39177.27,55263.4,80870.46,78837.42,4756,122490.82,113320.34,120047.73,3534,3575,62,21,6592.89,81.89,2.28,4.41,38333.55,7066.88,120047.73,103440.3,26435.05,5662.38,9760.33,39209.13,65508.99
2025-09-25,East,In-Store,Home,Email,127575.91,5589,398,549,7436,398,3221,1230,51308.23,99138.61,76267.68,114012.48,1053,129603.7,127354.52,127575.91,4061,4201,464,324,11427.09,320.54,7.2,3.27,24279.16,6583.31,127575.91,97146.07,12140.49,14796.65,9513.22,43153.16,70654.1
2025-09-26,East,In-Store,Sports,Social,40508.77,2650,1089,1894,50529,1089,31243,18074,18977.08,31604.5,21531.69,30134.48,3918,41655.76,40166.02,40508.77,7042,7210,298,130,4781.3,37.2,2.78,2.78,10220.59,4409.38,40508.77,33638.68,22955.81,10487.13,9504.86,63986.72,51988.14
2025-09-29,Central,In-Store,Sports,Organic Search,110305.7,5539,1996,2285,50019,1996,37401,17686,42395.04,49620.67,67910.66,81719.47,4915,111920.53,103590.26,110305.7,3868,4009,236,95,12576.57,55.26,2.68,2.27,10901.45,4146.25,110305.7,104766.39,5509.01,2972.73,5078.13,15246.49,38075.71
2025-10-14,Central,In-Store,Sports,Social,107984.0,2227,418,918,7683,418,5557,2864,36695.43,60963.18,71288.57,64498.12,1637,109020.81,102034.19,107984.0,2079,2532,475,22,4893.34,258.33,2.22,1.14,14288.04,6011.31,107984.0,79402.25,13807.4,7564.27,23578.82,12258.5,64299.93
2025-10-15,Central,In-Store,Beauty,Social,49961.95,1905,1033,2606,42576,1033,22751,13155,26096.51,30660.87,23865.44,24021.48,3197,50327.51,49167.67,49961.95,5690,5522,58,226,8623.84,48.37,5.38,1.59,9619.35,5379.06,49961.95,30502.48,7144.62,1666.22,10019.32,29857.55,26036.6
2025-10-25,East,In-Store,Electronics,Direct,86394.57,3133,915,1242,13395,915,11970,4663,32949.24,35643.37,53445.33,51012.84,1554,87544.23,81875.75,86394.57,5010,5026,146,130,9301.67,94.42,3.21,2.08,6079.5,2815.97,86394.57,75749.39,25314.84,16325.62,15082.53,42237.87,72026.84
2025-11-05,East,In-Store,Electronics,Direct,104463.52,4296,1879,2662,88368,1879,77311,32440,40438.14,45743.11,64025.38,58478.96,6194,106844.49,102147.22,104463.52,7767,8149,400,18,9321.41,55.6,7.25,1.42,8639.61,2817.84,104463.52,73339.69,17509.03,199.72,3922.16,49908.67,39174.6
2025-11-13,East,In-Store,Apparel,Paid Search,33629.27,4361,127,313,1909,127,1422,586,13619.87,13961.41,20009.4,18596.0,544,34330.45,31708.65,33629.27,5918,6118,298,98,13449.92,264.8,3.04,2.51,20871.65,5426.57,33629.27,31414.63,53460.86,10086.87,9570.6,10292.7,78697.13
2025-11-16,Central,In-Store,Apparel,Paid Search,24287.39,2738,529,1359,7760,529,6865,1478,10321.33,20821.45,13966.06,15565.73,1822,25008.23,24856.86,24287.39,3047,3247,241,41,7795.75,45.91,3.97,3.73,9989.02,3137.55,24287.39,22590.62,59770.37,17721.12,3303.68,60014.76,85464.89
2025-11-17,East,In-Store,Apparel,Email,172469.52,3858,1501,1975,22028,1501,15454,3335,68071.52,153527.68,104398.0,135472.1,4406,177093.01,171724.46,172469.52,2617,2467,76,226,14196.35,114.9,4.31,4.05,25601.09,6582.56,172469.52,113278.06,19839.6,14941.33,20291.3,27567.33,95713.86
2025-11-22,East,In-Store,Sports,Paid Search,31200.33,2927,1974,3853,31836,1974,16372,9461,10847.5,19576.57,20352.83,18223.18,6781,31516.05,31397.12,31200.33,7560,7617,133,76,10374.86,15.81,2.1,2.61,5821.54,1073.12,31200.33,21534.1,36069.08,12784.91,16027.93,29403.19,70348.87
2025-12-05,East,In-Store,Home,Direct,12038.96,4578,438,615,5906,438,5591,685,6591.41,8855.31,5447.55,6025.49,1298,12356.24,12125.79,12038.96,4843,4959,215,99,3989.7,27.49,3.44,2.82,10111.66,4494.04,12038.96,9908.61,48144.62,10556.97,3617.69,46988.21,64126.93
2025-12-11,East,In-Store,Home,Paid Search,102673.28,1613,866,1339,20353,866,20257,7954,53541.72,56111.53,49131.56,77940.01,3058,105502.14,100019.84,102673.28,2678,2737,345,286,10634.96,118.56,4.86,4.57,6490.54,1880.14,102673.28,70258.56,45772.4,3394.61,18606.67,45949.65,91155.68
2025-12-16,East,In-Store,Apparel,Email,48910.1,1738,1571,2948,60018,1571,54634,18200,22113.57,36326.39,26796.53,37522.53,5131,49870.25,47298.92,48910.1,8953,8924,370,399,8028.12,31.13,5.78,1.74,6892.15,1287.16,48910.1,29649.3,34565.72,5467.61,18569.4,21257.05,69859.49
2026-01-13,East,In-Store,Beauty,Direct,75388.63,2757,258,470,8811,258,5714,1800,29895.35,31598.91,45493.28,56684.44,1090,76151.52,72759.51,75388.63,4175,4189,172,158,14477.48,292.2,3.08,4.05,36315.83,7479.61,75388.63,53570.91,40683.97,14375.21,19842.86,29787.29,91907.37
2026-01-15,East,In-Store,Home,Direct,95040.08,5014,542,1576,11777,542,5130,4497,30643.6,78731.93,64396.48,80179.57,3530,95202.27,88970.2,95040.08,2377,2650,338,65,3073.71,175.35,5.42,3.1,6512.56,1534.16,95040.08,75478.04,53419.75,11479.29,22783.84,68576.9,111736.75
2026-02-04,East,In-Store,Apparel,Social,108477.27,2343,1541,4150,37298,1541,27614,13513,30850.14,74198.39,77627.13,63049.49,6721,111225.61,102764.39,108477.27,4639,4435,174,378,13163.49,70.39,4.92,4.33,13695.49,5066.96,108477.27,89969.06,32598.42,7742.02,11833.53,12575.95,71088.82
2026-02-08,Central,In-Store,Electronics,Email,119654.06,2401,288,712,8699,288,4693,1123,50345.23,100872.82,69308.83,96443.24,1694,120930.99,115834.98,119654.06,7990,8363,409,36,10675.64,415.47,2.81,1.28,30840.63,6781.32,119654.06,89080.4,52415.9,8250.76,6027.47,22755.87,95627.1
2026-02-14,Central,In-Store,Electronics,Paid Search,83693.86,2778,1854,2424,34862,1854,30234,7116,23042.15,71555.49,60651.71,74787.05,5650,85433.83,84953.67,83693.86,3289,3360,142,71,9064.8,45.14,4.8,4.91,34361.05,7591.95,83693.86,55234.82,31541.67,9818.16,6595.94,65093.15,70391.89
2026-02-23,Central,In-Store,Electronics,Paid Search,117219.26,3392,1549,2224,39573,1549,28094,6970,42444.92,72275.84,74774.34,107780.3,3289,119561.34,114932.61,117219.26,5205,5016,51,240,5393.52,75.67,7.81,2.57,27893.0,7772.07,117219.26,75414.31,22979.04,8712.64,6450.72,45722.59,70476.49
2026-03-02,Central,In-Store,Electronics,Email,160988.06,5861,1640,3759,42598,1640,31008,4323,48800.79,65585.97,112187.27,144715.05,6572,162872.26,152466.15,160988.06,7800,7928,392,264,13633.24,98.16,3.93,4.56,9638.97,3035.25,160988.06,135271.08,39649.06,5283.47,20963.37,22368.04,109310.41
2026-03-06,Central,In-Store,Apparel,Paid Search,18424.34,3026,748,1229,28831,748,15378,4268,5064.21,13014.73,13360.13,20036.89,2935,18843.27,17800.53,18424.34,2528,2478,93,143,10062.31,24.63,4.68,1.04,2112.84,531.97,18424.34,11096.11,21539.79,8970.8,4322.11,25650.73,40843.77
2026-03-20,Central,In-Store,Home,Direct,114590.84,4119,848,2452,17512,848,8355,6432,35509.06,50703.16,79081.78,71278.89,6013,115975.12,110038.68,114590.84,5749,5916,323,156,8883.68,135.13,3.53,2.28,2227.14,1396.55,114590.84,71856.19,25291.85,6168.17,10274.83,19135.39,63118.52
2026-03-23,Central,In-Store,Sports,Organic Search,21523.19,4925,2197,3665,55050,2197,44987,13494,8211.77,12378.08,13311.42,12745.88,5035,22127.94,20729.46,21523.19,8100,8265,323,158,9027.46,9.8,4.62,2.77,8508.47,2514.95,21523.19,14465.02,37399.74,14487.64,16323.69,15571.0,72034.83
2026-03-30,Central,In-Store,Apparel,Social,151890.94,3654,1755,2380,30495,1755,20374,7227,64816.4,76832.36,87074.54,129172.67,3428,153726.72,149075.95,151890.94,5278,5504,372,146,9668.71,86.55,2.61,3.09,11337.64,4919.56,151890.94,119211.6,40756.17,11547.99,13705.82,14405.74,104761.78
2026-04-01,Central,In-Store,Beauty,Paid Search,156351.29,5256,540,865,9483,540,3919,2069,39993.52,139719.76,116357.77,147646.76,1295,158276.41,156314.27,156351.29,2959,3241,384,102,5213.25,289.54,1.89,4.92,2419.29,574.3,156351.29,110889.8,54435.14,17751.67,11607.59,49220.06,128088.43
2026-04-06,East,In-Store,Beauty,Social,172812.23,3405,527,1185,10099,527,9422,1724,67460.06,100385.12,105352.17,102660.46,2338,176410.37,171289.64,172812.23,6669,6931,433,171,14944.09,327.92,5.75,3.62,38085.76,7980.03,172812.23,158731.16,40473.17,13587.39,19000.76,69085.11,103859.46
2026-04-10,Central,In-Store,Beauty,Email,94694.03,4098,223,549,4316,223,1815,1382,43566.79,80923.25,51127.24,55484.37,1072,96915.69,92254.74,94694.03,4389,4622,382,149,6322.77,424.64,4.21,4.36,5873.79,1689.63,94694.03,75283.86,42965.64,16867.58,23504.68,61115.47,99983.21
2026-04-25,Central,In-Store,Electronics,Social,174046.11,5319,1091,1987,41920,1091,31789,7810,64952.72,94230.87,109093.39,158286.2,3386,177108.37,170841.39,174046.11,3226,3180,146,192,6079.1,159.53,7.8,4.85,38986.9,7442.49,174046.11,143463.06,39880.45,5850.44,9081.69,56973.3,102298.44
2026-04-26,Central,In-Store,Home,Direct,42543.18,5805,1685,2558,45439,1685,20867,17152,17695.88,28228.88,24847.3,21993.19,5824,43127.3,39877.04,42543.18,6465,6631,397,231,14861.3,25.25,4.05,2.04,18051.55,3467.0,42543.18,26296.52,15852.8,8055.21,8967.8,13166.89,39473.77
2026-05-02,East,In-Store,Sports,Direct,76935.35,4501,419,465,7564,419,3941,2025,20568.39,40098.09,56366.96,59167.82,763,78709.4,73602.43,76935.35,7202,7297,263,168,11237.37,183.62,2.44,2.73,27331.26,7800.01,76935.35,48447.06,45467.88,15577.87,19855.05,54845.26,98651.15
2026-05-05,East,In-Store,Electronics,Email,129810.91,3892,831,1217,10471,831,7420,3092,36729.94,53520.47,93080.97,128366.39,1507,131946.09,127272.79,129810.91,7424,7376,325,373,5144.19,156.21,6.28,3.98,10359.61,5659.45,129810.91,106420.14,30372.46,4881.37,19604.52,21262.27,93368.27
2026-05-06,Central,In-Store,Home,Organic Search,87817.63,1858,2181,4112,55865,2181,55510,10424,27549.98,53754.28,60267.65,91076.47,8101,88005.73,82991.08,87817.63,7499,7197,23,325,5572.19,40.26,2.12,2.11,6601.86,2893.59,87817.63,67711.29,46953.15,2408.64,13141.87,14031.21,89826.6
2026-05-07,East,In-Store,Electronics,Organic Search,76118.57,1543,1295,1520,28719,1295,28684,4378,33769.34,52797.56,42349.23,53302.31,2568,76458.4,75905.28,76118.57,3866,4069,411,208,2986.87,58.78,6.5,2.46,16200.27,4952.17,76118.57,70776.78,55916.38,4030.4,14202.32,39108.48,90139.79
2026-05-09,Central,In-Store,Electronics,Organic Search,156629.32,2866,1598,2012,70642,1598,51164,24391,72084.68,105115.11,84544.64,90872.28,2543,158542.55,150585.32,156629.32,8453,8708,380,125,6116.33,98.02,6.91,3.84,11188.51,7003.57,156629.32,133661.57,21571.29,7005.05,22486.8,63033.15,78324.82
2026-05-23,East,In-Store,Apparel,Direct,159682.99,1807,229,282,3865,229,2516,391,59053.99,68839.98,100629.0,89994.11,563,159720.56,151840.86,159682.99,6391,6441,305,255,13419.3,697.31,6.37,3.43,22821.79,4868.42,159682.99,104932.82,13231.77,8176.18,16671.94,33648.7,65078.12
2026-06-03,Central,In-Store,Sports,Organic Search,137383.41,3922,492,1022,6317,492,3161,2254,35625.86,93119.49,101757.55,90906.1,1909,139422.38,139411.12,137383.41,2928,2841,268,355,3269.73,279.23,5.02,2.61,11330.89,3752.24,137383.41,123240.41,59231.79,15027.26,8286.42,23575.94,109817.3
2026-06-08,Central,In-Store,Electronics,Paid Search,38088.54,2221,2129,3756,84079,2129,70945,26944,20621.47,15287.81,17467.07,17730.79,5481,38174.49,35429.21,38088.54,3349,3481,213,81,6271.52,17.89,4.43,4.86,39373.38,7774.0,38088.54,26596.48,27092.31,9884.44,10886.16,28177.55,53182.15
2026-06-10,East,In-Store,Home,Paid Search,59651.14,4293,705,2230,10745,705,7918,3183,27545.38,36424.91,32105.76,30051.2,4067,60976.15,59738.29,59651.14,4370,4489,416,297,1828.63,84.61,3.6,3.38,28360.65,5687.4,59651.14,47368.77,41810.43,3953.18,6763.03,29366.07,61542.0
2026-06-19,Central,In-Store,Home,Paid Search,53482.94,5502,1424,3077,54410,1424,47402,11643,18180.96,45209.81,35301.98,43550.21,6909,54997.24,52616.0,53482.94,3511,3400,31,142,3044.44,37.56,4.8,3.35,13013.28,5069.1,53482.94,37071.35,33810.71,6404.11,2414.61,40554.39,55694.49
2026-07-03,East,In-Store,Beauty,Organic Search,168212.88,5254,339,509,4798,339,4454,1055,57466.27,149068.01,110746.61,161685.87,1104,168780.23,166450.03,168212.88,5382,5261,161,282,9253.79,496.2,3.0,2.5,21698.02,7863.94,168212.88,155195.52,56817.02,17655.82,13798.05,68383.41,136776.65
2026-07-08,Central,In-Store,Apparel,Paid Search,97176.23,3659,804,2524,14224,804,9021,5432,52611.08,79722.65,44565.15,46500.66,4509,97944.52,94485.42,97176.23,4693,4782,159,70,4433.13,120.87,7.24,1.93,17320.36,3358.61,97176.23,72483.19,50973.07,3643.74,2738.75,49004.57,71305.76
2026-07-09,Central,In-Store,Sports,Social,125828.1,3280,867,2726,14905,867,11462,2980,60613.24,66172.6,65214.86,92738.91,4264,128304.58,118649.46,125828.1,3362,3234,231,359,8138.91,145.13,4.87,4.09,7875.88,5083.42,125828.1,95383.01,25825.92,2273.54,4770.62,50971.69,60691.75
2026-07-23,East,In-Store,Home,Paid Search,127032.5,5383,321,762,12296,321,10854,1614,39272.34,90566.79,87760.16,132207.84,1301,128095.05,120116.55,127032.5,2540,2661,215,94,4485.22,395.74,7.91,4.36,1497.0,547.97,127032.5,91820.44,40704.51,17338.38,2993.47,54729.91,100698.71
2026-07-27,East,In-Store,Sports,Paid Search,47441.0,3790,1623,4226,27777,1623,20114,6251,13362.34,32030.72,34078.66,33122.28,7225,48023.71,47484.54,47441.0,5248,5314,371,305,4186.51,29.23,6.23,3.9,12606.89,5062.05,47441.0,39655.12,22594.88,6626.31,20523.82,69822.36,59681.69
2026-07-30,Central,In-Store,Apparel,Organic Search,155307.74,3273,1348,2642,37446,1348,16268,8807,82447.65,135041.6,72860.09,87548.06,5411,156118.59,151193.51,155307.74,5886,5962,416,340,6974.75,115.21,1.98,1.58,15490.08,4344.59,155307.74,126790.2,59076.76,17857.05,3559.62,19128.42,106757.85
2026-08-01,Central,In-Store,Apparel,Paid Search,145623.36,5082,1343,3783,35642,1343,19790,11952,71751.04,67674.02,73872.32,75434.25,6194,148852.52,146694.08,145623.36,6392,6262,112,242,2838.89,108.43,6.58,3.23,9022.56,2707.14,145623.36,107458.0,14855.56,11299.93,5595.97,61311.37,54381.74
2026-08-24,East,In-Store,Apparel,Social,158160.15,1779,302,878,4671,302,2044,670,44584.27,74076.07,113575.88,139872.75,2066,159621.19,157035.44,158160.15,8285,8252,98,131,8568.64,523.71,6.78,3.06,25238.89,7159.17,158160.15,144723.4,53738.32,15237.13,11402.68,65134.29,122339.96
2026-09-01,East,In-Store,Sports,Social,13679.57,2340,160,403,4173,160,3997,744,6533.28,11636.77,7146.29,8007.94,761,13909.12,12965.0,13679.57,6238,6387,178,29,14956.77,85.5,7.68,3.91,23926.42,6035.26,13679.57,12942.21,36426.47,13928.52,23050.01,28995.02,75807.38
2026-09-11,Central,In-Store,Electronics,Social,117423.28,5360,1739,2105,22481,1739,12119,7246,31432.02,72745.35,85991.26,130479.27,3948,117968.95,115299.35,117423.28,8137,7853,40,324,6044.2,67.52,2.65,3.22,10155.93,2326.06,117423.28,108264.37,14882.09,6647.0,18610.62,31271.06,79283.49
2026-09-12,Central,In-Store,Home,Email,20995.94,2452,396,1014,5018,396,3163,639,9368.77,10673.43,11627.17,10695.98,2225,21099.77,19671.13,20995.94,8314,8230,120,204,11804.25,53.02,4.82,1.92,12795.02,2558.5,20995.94,19395.11,26261.19,948.52,5456.76,10059.84,35875.26
2026-09-22,East,In-Store,Sports,Email,151478.79,5255,264,419,9377,264,4223,2146,77752.19,69858.05,73726.6,107565.12,982,153419.12,151596.74,151478.79,5730,5482,141,389,4061.19,573.78,3.94,1.19,37027.1,7936.21,151478.79,115690.25,45189.93,17488.98,18141.48,53148.39,113089.93
2026-10-01,Central,In-Store,Electronics,Email,134160.18,1627,1052,1842,15785,1052,11047,5857,51638.29,87473.19,82521.89,96205.14,2619,136189.48,125988.17,134160.18,4764,4652,59,171,6982.59,127.53,6.93,2.19,22834.01,5121.47,134160.18,87054.83,38069.81,16067.13,18707.11,65874.39,101705.59
2026-10-10,East,In-Store,Home,Organic Search,177884.42,4335,540,1062,10358,540,8944,1409,58626.51,81317.71,119257.91,163905.48,1699,178835.27,167924.52,177884.42,6240,6169,36,107,3622.76,329.42,1.82,2.3,4205.36,2741.25,177884.42,136900.25,21269.93,18601.99,22833.79,55396.59,111877.35
2026-10-11,East,In-Store,Electronics,Organic Search,98924.32,4219,732,850,11294,732,8648,1181,32471.92,46978.96,66452.4,102774.32,1961,100218.96,97641.5,98924.32,4004,3876,214,342,7805.67,135.14,7.97,2.23,21248.44,7207.16,98924.32,90006.71,22895.77,19117.87,16001.35,27500.27,88847.29
2026-10-12,Central,In-Store,Electronics,Organic Search,12415.24,2725,1009,2681,33517,1009,23112,9433,5013.25,7253.97,7401.99,9295.13,4626,12650.4,11716.51,12415.24,2719,2722,263,260,13293.89,12.3,5.08,1.07,3422.92,1755.39,12415.24,7686.88,58533.55,19274.2,6876.99,9318.23,87473.28
2026-10-23,East,In-Store,Home,Direct,54252.52,2168,2193,3951,38329,2193,17963,10910,27095.94,30445.31,27156.58,38871.77,6478,55444.6,55358.58,54252.52,8728,8772,336,292,14155.9,24.74,3.07,1.06,15294.32,7741.45,54252.52,35941.77,30829.67,12143.11,8855.66,31441.38,63489.97
2026-10-24,Central,In-Store,Apparel,Email,85262.89,1660,1800,3989,25926,1800,25297,3719,40763.61,72247.38,44499.28,39579.14,6233,87632.1,87474.68,85262.89,3715,3695,36,56,14272.71,47.37,6.56,1.23,14071.55,3163.67,85262.89,76317.2,20141.16,16468.91,21913.53,17058.87,70397.34
2026-11-12,East,In-Store,Sports,Direct,106651.51,4455,1703,2155,25024,1703,19412,9572,43419.86,86095.29,63231.65,78073.66,4578,108442.51,100968.32,106651.51,4184,4165,329,348,11383.73,62.63,6.76,4.69,9041.99,4922.34,106651.51,70841.67,53886.08,9675.01,8855.55,20651.69,95838.74
2026-11-18,Central,In-Store,Sports,Paid Search,139871.79,1937,370,504,5630,370,4738,797,36666.37,84974.85,103205.42,156062.76,968,143437.52,134002.12,139871.79,8638,8419,150,369,10202.68,378.03,3.29,4.95,25614.26,5214.28,139871.79,131076.54,35709.44,15306.48,22343.9,13114.26,120178.65
2026-11-20,Central,In-Store,Beauty,Organic Search,92714.13,5304,169,390,2219,169,1711,839,28117.87,61491.42,64596.26,57922.36,953,92731.81,86185.02,92714.13,4870,5279,495,86,4144.96,548.6,5.96,3.1,23552.63,7070.88,92714.13,78460.17,10994.27,4719.51,22269.18,18101.39,55359.67
2026-12-04,East,In-Store,Home,Paid Search,144471.15,4491,1655,2452,22961,1655,21759,8775,36761.29,91682.93,107709.86,152599.8,3158,147668.36,143085.71,144471.15,2650,2652,68,66,12737.12,87.29,6.56,4.53,7483.34,1839.9,144471.15,109976.38,34940.52,6077.7,10447.21,67588.41,97245.37
2025-01-31,Central,In-Store,Home,Email,9434.66,1984,348,1064,4831,348,2674,719,5091.93,7567.89,4342.73,4160.19,2641,9696.35,9084.18,9434.66,2035,2146,261,150,13436.14,27.11,4.76,2.15,16857.24,5802.04,9434.66,6542.67,41463.02,12742.85,4834.19,59426.8,60288.12
2025-02-11,Central,In-Store,Home,Direct,84721.2,5948,1982,4451,27706,1982,23297,3678,46521.86,50273.45,38199.34,48673.91,9286,86461.14,79696.01,84721.2,5556,5694,300,162,7785.54,42.75,2.32,3.78,14982.41,4822.38,84721.2,55737.57,47731.23,3941.53,24432.25,61368.52,90707.18
2025-02-13,Central,In-Store,Home,Social,84543.45,5978,1763,3915,26741,1763,11764,10221,23293.15,54313.36,61250.3,82323.13,5784,85380.37,84264.76,84543.45,8520,8702,466,284,2663.94,47.95,5.45,1.0,37108.6,6779.31,84543.45,69658.59,45712.66,2805.95,21072.53,14510.48,94288.08
2025-02-16,East,In-Store,Beauty,Paid Search,127282.96,4037,947,1905,19726,947,11872,3172,59532.75,101563.61,67750.21,76719.31,4755,127666.9,124235.18,127282.96,7632,7859,498,271,10701.91,134.41,7.49,2.77,5799.82,2022.16,127282.96,94953.15,9125.16,3873.64,23012.9,8565.87,59027.49
2025-02-17,East,In-Store,Home,Social,107055.14,2131,1017,1867,31195,1017,30727,12141,51430.23,66895.69,55624.91,50279.78,4317,108705.16,100932.42,107055.14,7429,7390,120,159,5728.37,105.27,6.79,3.59,21532.11,4151.09,107055.14,83453.78,33235.63,11361.56,20440.29,54540.23,80121.41
2025-02-18,East,In-Store,Electronics,Email,29015.27,3406,613,917,8210,613,5290,2295,15278.2,22046.59,13737.07,16379.35,1710,29793.51,28465.6,29015.27,2407,2840,479,46,3276.68,47.33,7.84,5.0,36048.44,7428.5,29015.27,25920.85,7616.86,4491.5,7562.03,59312.76,24584.19
2025-02-23,Central,In-Store,Sports,Social,120700.67,3469,1121,2415,32775,1121,32609,8941,40759.02,86131.54,79941.65,106726.97,5699,120708.49,120240.36,120700.67,8395,8508,359,246,3741.07,107.67,4.81,2.41,29912.63,7878.36,120700.67,109963.49,34084.58,14550.86,8024.07,56642.53,88677.6
2025-03-05,Central,In-Store,Electronics,Direct,59113.64,4576,1766,2946,64180,1766,41902,6955,25242.72,38595.76,33870.92,33051.46,6738,59405.98,55373.81,59113.64,3802,3599,52,255,7875.06,33.47,7.12,2.73,10475.02,2712.66,59113.64,54806.68,58766.15,4204.32,18165.27,24113.3,91051.18
2025-03-06,Central,In-Store,Beauty,Email,89715.14,4300,1388,3144,23531,1388,10077,5019,40046.17,52844.88,49668.97,41854.06,7246,91468.52,88208.57,89715.14,4899,5349,473,23,8030.38,64.64,4.03,4.53,6362.48,2073.66,89715.14,59305.73,15733.69,11052.63,3750.05,61540.49,43092.59
2025-03-12,Central,In-Store,Home,Paid Search,138643.46,3691,2048,3782,44204,2048,25397,5437,39139.74,102243.32,99503.72,124946.2,5774,140144.68,131751.48,138643.46,8897,9050,232,79,4387.84,67.7,6.9,2.82,5272.43,1235.5,138643.46,115974.52,59270.77,2072.84,13947.78,31864.42,112775.25
2025-03-29,East,In-Store,Electronics,Paid Search,152743.97,5077,208,464,5575,208,3562,1772,49505.84,131950.53,103238.13,109838.89,567,154558.98,153055.7,152743.97,5483,5487,340,336,5777.11,734.35,1.8,4.22,12125.74,4913.9,152743.97,126760.65,30383.97,18719.13,9699.58,46930.69,91754.35
2025-04-07,Central,In-Store,Beauty,Direct,99206.62,2010,235,388,9802,235,8389,2186,37544.81,49654.72,61661.81,97463.21,891,101714.88,96022.7,99206.62,7455,7451,286,290,2264.06,422.16,1.66,1.47,6844.31,1550.23,99206.62,80774.56,57479.23,6840.65,24084.52,19585.56,117643.36
2025-04-11,East,In-Store,Beauty,Paid Search,19865.71,1781,480,1206,17935,480,16591,2795,5308.06,15414.38,14557.65,12454.16,1806,20320.52,19747.9,19865.71,3191,3439,452,204,2313.99,41.39,5.76,1.94,12962.36,2773.35,19865.71,18435.45,56237.03,15886.08,12420.1,46063.31,88279.46
2025-04-13,East,In-Store,Apparel,Paid Search,171531.89,4380,322,406,13254,322,5885,1387,91528.11,122635.89,80003.78,86369.07,1012,173180.68,162762.89,171531.89,2575,2320,104,359,10881.43,532.71,6.99,2.14,16876.39,5192.44,171531.89,159542.18,24498.19,16525.5,9547.91,23263.57,76482.32
2025-04-17,Central,In-Store,Sports,Organic Search,48329.83,4668,1335,1919,32917,1335,22524,9266,18445.94,28434.21,29883.89,32104.59,4213,48932.47,45535.23,48329.83,6093,6276,276,93,14120.43,36.2,4.83,4.26,23494.86,4626.22,48329.83,34463.81,57263.64,7248.64,18442.62,61474.41,92586.28
2025-04-21,East,In-Store,Sports,Organic Search,89252.41,2412,761,1733,11530,761,10317,2281,37816.4,59545.45,51436.01,70140.97,2383,90960.1,90252.07,89252.41,7375,7538,500,337,8387.05,117.28,4.43,4.09,6778.45,2411.02,89252.41,64395.45,15945.67,11282.15,14685.15,37550.89,62955.26
2025-04-24,East,In-Store,Apparel,Direct,76686.0,5881,1684,4698,41429,1684,36991,9604,30554.22,35020.05,46131.78,55855.4,6021,77302.83,77029.24,76686.0,2586,2528,33,91,10576.73,45.54,5.33,1.15,14570.91,7831.44,76686.0,58714.13,49702.41,6127.39,10755.28,13551.07,83341.7
2025-05-25,East,In-Store,Apparel,Direct,158074.68,4929,1987,3233,57434,1987,50672,18434,53346.04,124183.08,104728.64,152285.7,6775,161519.37,150255.26,158074.68,2858,3175,331,14,4071.31,79.55,4.16,3.87,19320.8,7504.09,158074.68,122965.11,18941.22,19166.6,4967.63,21963.6,88761.16
2025-06-02,Central,In-Store,Home,Direct,46197.9,5173,1913,5113,38833,1913,28570,4446,21845.9,20943.21,24352.0,20265.9,9051,47533.91,44757.49,46197.9,2162,2073,24,113,2821.85,24.15,7.6,3.42,7275.14,3424.01,46197.9,42661.15,49098.24,4090.46,6047.5,40950.94,65315.97
2025-06-19,East,In-Store,Beauty,Organic Search,55929.69,4053,115,209,1548,115,1504,430,26897.25,42943.65,29032.44,33639.53,391,57251.36,53680.85,55929.69,4393,4287,51,157,13025.57,486.35,4.16,2.67,4557.68,922.75,55929.69,49698.29,41076.15,19082.53,7655.54,18797.68,77906.08
2025-06-20,Central,In-Store,Electronics,Paid Search,79514.54,4882,238,535,5472,238,4461,1133,35159.21,35703.73,44355.33,51222.73,928,80201.67,79995.91,79514.54,3383,3453,434,364,11695.68,334.09,1.75,1.77,10796.43,3578.57,79514.54,63420.46,20017.64,7653.13,13310.81,44068.89,56348.4
2025-06-21,East,In-Store,Apparel,Email,115065.73,5398,700,1370,16702,700,11973,6420,45561.29,52986.56,69504.44,76505.91,2634,117029.85,112918.04,115065.73,7422,7528,401,295,12241.44,164.38,7.71,4.59,2750.12,1556.19,115065.73,89424.15,52408.13,9760.12,11127.64,41718.9,96247.66
2025-06-26,East,In-Store,Electronics,Direct,33174.06,3388,594,1203,10220,594,8896,1892,15468.74,14846.97,17705.32,17767.98,1892,33692.9,32145.09,33174.06,6327,6264,323,386,6921.18,55.85,3.81,1.59,10028.96,4530.67,33174.06,25114.99,28844.3,15806.73,5090.28,12496.52,55071.7
2025-06-29,Central,In-Store,Beauty,Email,134467.36,2663,1562,3180,26275,1562,21868,7332,51524.58,99044.99,82942.78,79511.74,6903,135677.19,134046.51,134467.36,6343,6680,371,34,10062.78,86.09,6.16,3.12,3229.98,2088.27,134467.36,120281.88,53317.44,19567.93,12700.45,51938.11,109439.34
2025-07-04,East,In-Store,Beauty,Social,179160.85,2104,1947,4984,37342,1947,27711,9297,47258.29,147489.22,131902.56,155879.24,11614,179880.22,167271.82,179160.85,6130,6321,286,95,9663.88,92.02,2.84,4.8,5540.52,1060.74,179160.85,126845.05,55967.0,17448.78,17986.39,54089.03,138165.94
2025-08-05,East,In-Store,Beauty,Organic Search,18518.44,3298,1679,4411,33173,1679,17705,11415,9152.07,8110.99,9366.37,9984.36,9768,18631.41,18199.0,18518.44,2934,3030,138,42,4794.2,11.03,7.91,2.91,14487.98,2640.18,18518.44,17388.62,19985.05,11675.46,15985.83,21359.12,50641.65
2025-08-14,Central,In-Store,Apparel,Organic Search,20625.42,2431,500,1150,7071,500,4364,1855,10899.58,17848.24,9725.84,9561.26,2652,20956.35,19449.47,20625.42,5585,5854,314,45,10740.72,41.25,4.79,2.91,27688.81,7190.55,20625.42,16367.71,7355.14,19916.77,8835.68,33258.62,38975.97
2025-08-17,Central,In-Store,Home,Email,49078.3,5434,901,2441,12321,901,6498,2990,12859.99,30091.85,36218.31,50242.88,5244,49104.72,48609.25,49078.3,6869,6931,368,306,6178.05,54.47,4.15,2.37,18877.84,6897.77,49078.3,40340.3,5538.28,12640.14,13453.87,55314.6,46705.15
2025-09-03,East,In-Store,Beauty,Direct,127098.61,3375,1792,5187,44019,1792,26795,12422,60626.9,90809.74,66471.71,97978.67,8243,129792.51,126095.76,127098.61,3208,3023,91,276,9161.45,70.93,7.58,4.63,23247.19,5888.64,127098.61,105805.53,27230.2,11113.63,3417.55,10908.07,71154.98
2025-09-08,East,In-Store,Beauty,Social,166055.4,3485,1675,2626,66334,1675,42465,11160,58212.35,96659.94,107843.05,152626.38,5820,166115.84,164755.78,166055.4,7176,7183,273,266,2227.81,99.14,3.52,2.77,29211.87,7556.35,166055.4,130012.88,37669.44,18586.06,15031.26,14778.82,117074.67
2025-09-14,East,In-Store,Electronics,Direct,40277.1,2237,2039,5943,91622,2039,63813,13441,13095.97,34603.84,27181.13,27824.93,10212,40544.73,37895.78,40277.1,5801,5793,285,293,13007.41,19.75,7.63,4.16,11617.64,2905.98,40277.1,24520.48,5454.1,12229.15,15529.73,38226.41,41560.46
2025-09-20,East,In-Store,Sports,Paid Search,52332.75,2717,1211,3528,22244,1211,13374,8693,18966.63,35229.52,33366.12,29242.07,7810,52609.9,48527.33,52332.75,5940,6016,180,104,14897.21,43.21,4.07,3.76,10656.31,3581.78,52332.75,36333.39,54775.01,2464.36,4286.39,47645.67,70298.38
2025-09-22,Central,In-Store,Beauty,Social,60811.08,3106,1494,3096,19335,1494,10062,5611,22935.35,33944.51,37875.73,52264.53,5650,62001.61,58590.37,60811.08,6903,6931,302,274,4773.08,40.7,6.96,3.9,4593.76,1177.07,60811.08,46063.42,55948.49,9334.55,11910.95,8864.55,92873.35
2025-09-26,East,In-Store,Home,Organic Search,159696.17,3742,1189,2886,59371,1189,40059,8247,44177.21,69705.61,115518.96,168110.94,3926,160536.99,155227.37,159696.17,8412,8394,223,241,13115.02,134.31,6.55,2.41,2897.78,1234.98,159696.17,106501.25,24319.14,873.59,15388.55,56823.02,91014.56
2025-09-28,Central,In-Store,Electronics,Social,157719.48,4833,224,439,3214,224,1453,1137,75240.35,69451.75,82479.13,112233.89,682,158255.76,155594.97,157719.48,6136,6205,350,281,14883.66,704.1,6.39,1.98,9185.0,3850.06,157719.48,97814.29,9347.52,621.02,3177.89,22332.49,46816.6
2025-10-05,East,In-Store,Apparel,Direct,80757.71,2591,184,389,3306,184,2991,840,22756.01,62987.47,58001.7,56520.3,854,81816.38,81071.4,80757.71,7824,8199,450,75,5387.37,438.9,7.77,1.06,3300.83,1921.65,80757.71,60319.39,34696.74,9406.25,4555.74,57292.42,65614.82
2025-10-09,East,In-Store,Electronics,Paid Search,39560.94,2508,1282,1652,16497,1282,12872,5691,12066.94,25307.2,27494.0,30264.02,3536,39987.21,38611.24,39560.94,3485,3552,204,137,11704.64,30.86,6.83,4.82,8569.52,1732.48,39560.94,27440.86,48486.74,7145.78,9438.24,32110.53,74149.97
2025-10-12,East,In-Store,Sports,Social,27552.95,2858,2172,3966,35497,2172,30865,4823,9971.45,23583.49,17581.5,23863.18,5734,28341.37,26727.31,27552.95,5536,5504,313,345,7593.92,12.69,6.87,1.95,14734.09,2699.23,27552.95,20250.02,23746.14,16351.95,13359.07,34683.04,60616.11
2025-10-15,East,In-Store,Electronics,Paid Search,130197.65,3897,926,1068,11640,926,9561,1315,52101.39,96640.66,78096.26,102654.56,2317,130921.48,130454.97,130197.65,7207,6986,178,399,8490.02,140.6,4.92,4.04,34588.37,7526.24,130197.65,112760.67,18011.76,11767.37,16545.64,11102.45,77121.14
2025-10-19,Central,In-Store,Beauty,Social,140455.28,4978,885,1029,18838,885,13372,3656,41379.07,115366.95,99076.21,122551.43,2092,141268.02,134366.51,140455.28,8250,8642,450,58,8922.1,158.71,4.81,2.79,18374.04,7266.62,140455.28,99891.12,34017.6,18043.45,18955.72,56962.95,107782.2
2025-10-24,East,In-Store,Beauty,Email,70800.34,4707,2025,2927,32465,2025,14760,9758,36295.56,32138.1,34504.78,30315.63,5168,72881.54,70052.4,70800.34,4245,4418,295,122,6512.12,34.96,7.68,4.02,3791.77,2150.18,70800.34,49896.35,47219.71,19969.65,2103.13,14081.08,78387.18
2025-11-01,Central,In-Store,Beauty,Email,117877.11,5294,1241,2491,18656,1241,15622,7234,31373.18,92436.87,86503.93,88278.48,6118,118154.94,111060.64,117877.11,2410,2385,310,335,5119.55,94.99,7.52,4.39,16199.22,7873.08,117877.11,106493.58,50423.38,1351.51,12775.85,56176.67,91034.28
2025-11-13,Central,In-Store,Electronics,Organic Search,113379.82,2592,1088,1472,16186,1088,9928,2806,54022.8,45857.96,59357.02,48511.8,3507,114824.13,109407.59,113379.82,4900,4877,93,116,14045.6,104.21,6.75,1.27,7332.61,2565.09,113379.82,105325.06,21065.61,12429.54,21091.56,40055.44,69140.25
2025-11-15,Central,In-Store,Apparel,Email,44517.93,4117,330,813,5936,330,3842,1102,11341.15,23919.99,33176.78,28884.22,1312,45836.68,45146.84,44517.93,3817,3962,323,178,10587.02,134.9,3.82,2.82,9870.97,6301.96,44517.93,39567.7,30520.39,10044.6,21580.59,19826.35,70810.85
2025-11-20,Central,In-Store,Electronics,Email,13228.74,4098,1643,2428,31662,1643,17805,8622,6012.47,11812.3,7216.27,6384.11,4009,13498.44,12787.43,13228.74,7217,7428,455,244,8004.54,8.05,3.1,1.21,3800.29,1095.31,13228.74,8225.47,14334.52,8297.96,7067.64,24594.76,31615.35
2025-11-26,East,In-Store,Sports,Paid Search,178799.67,4223,591,677,8024,591,4286,2695,47557.72,145756.58,131241.95,118354.11,1125,180223.8,179310.78,178799.67,7250,7537,439,152,10123.09,302.54,4.91,2.72,32899.29,7017.45,178799.67,159786.92,45857.95,10254.34,5749.95,26033.64,97368.47
2025-12-11,East,In-Store,Home,Organic Search,93234.17,2662,1431,3919,38826,1431,34531,8793,33270.17,53814.72,59964.0,93178.01,7407,93874.55,89220.95,93234.17,4685,4777,374,282,2191.64,65.15,2.23,4.07,2021.53,1037.81,93234.17,69043.53,54724.78,26.33,19748.56,15240.26,102453.07
2025-12-14,East,In-Store,Sports,Direct,80569.83,4960,559,1324,7176,559,4064,1842,38679.42,49431.05,41890.41,42864.81,2332,81325.41,79841.34,80569.83,4980,4945,102,137,8552.79,144.13,4.64,1.4,7041.96,1722.22,80569.83,76431.34,41678.29,17613.22,4705.75,14213.75,76856.7
2025-12-16,Central,In-Store,Sports,Direct,11563.72,2707,1366,4214,17261,1366,13710,6595,5972.57,9764.45,5591.15,5974.83,5477,11746.92,11588.01,11563.72,8026,8211,324,139,4815.47,8.47,2.04,4.0,4880.54,1565.14,11563.72,7979.62,18961.51,5717.62,9780.61,8698.14,36252.19
2025-12-23,East,In-Store,Home,Direct,117970.11,1638,1277,3334,17942,1277,9541,2891,32726.85,61460.52,85243.26,133352.14,6011,119170.14,115427.91,117970.11,4446,4658,394,182,10317.07,92.38,3.87,4.2,8899.72,4601.89,117970.11,84078.97,39390.77,14927.46,4378.51,27742.02,98702.38
2025-12-27,East,In-Store,Electronics,Paid Search,143737.45,3726,329,648,10815,329,6340,3314,59931.37,109279.07,83806.08,80104.68,1340,143824.38,133034.03,143737.45,3528,3498,242,272,4440.55,436.89,4.5,1.22,21171.11,3956.33,143737.45,114689.45,15550.56,13142.49,2211.52,66375.3,54935.97
2025-12-31,East,In-Store,Apparel,Paid Search,54850.08,4541,574,904,8071,574,3412,1387,16657.82,38198.26,38192.26,57019.75,1614,55899.87,52317.11,54850.08,2152,1782,25,395,13171.55,95.56,7.96,1.74,16694.13,7828.24,54850.08,39138.52,51227.08,15633.92,22470.43,19298.97,106437.35
2026-01-07,East,In-Store,Apparel,Social,80643.79,5604,2099,5878,35750,2099,31958,6784,43974.58,41398.72,36669.21,49133.12,14071,81548.61,78966.89,80643.79,4738,4829,478,387,4787.75,38.42,7.59,3.8,12651.4,4302.82,80643.79,49153.8,41754.34,7549.67,12384.33,34753.16,76428.28
2026-01-18,Central,In-Store,Apparel,Email,154500.3,2932,1648,1941,39627,1648,33253,6539,75148.58,77543.66,79351.72,102815.89,3595,155692.18,154179.77,154500.3,6318,6529,232,21,13548.59,93.75,1.94,2.31,2265.94,630.23,154500.3,109327.23,31364.44,17143.57,15557.32,68171.54,94910.1
2026-01-24,Central,In-Store,Apparel,Email,139744.7,4010,1378,4248,20144,1378,10109,5425,48668.16,82009.25,91076.54,114346.79,6906,142273.26,137054.18,139744.7,6640,6678,198,160,13833.36,101.41,4.22,3.56,1460.53,568.37,139744.7,100331.23,26124.66,4466.04,15276.75,59812.36,80171.49
2026-01-29,East,In-Store,Apparel,Email,77003.31,3057,1119,3134,17527,1119,11526,1816,25582.44,47307.29,51420.87,58383.49,6824,77648.01,73642.63,77003.31,3031,3047,314,298,7683.74,68.81,6.3,3.29,9262.34,2372.27,77003.31,58039.9,40930.79,2513.6,20759.67,18230.41,81719.11
2026-02-01,East,In-Store,Electronics,Paid Search,104841.26,1643,1981,2651,42622,1981,33397,11317,35017.52,91968.26,69823.74,107401.01,3836,107383.98,105693.1,104841.26,3959,3847,184,296,5504.8,52.92,4.71,3.8,31136.62,6007.76,104841.26,79997.05,10022.73,6248.8,21438.99,43833.62,69930.82
2026-02-02,Central,In-Store,Electronics,Social,75885.52,2125,1632,2703,36648,1632,33612,11941,33093.04,41950.93,42792.48,66819.94,5175,76891.04,73599.47,75885.52,7733,7637,281,377,6838.74,46.5,6.21,2.06,11402.17,3144.45,75885.52,65579.45,38672.78,704.7,17024.9,64248.46,76448.36
2026-02-16,Central,In-Store,Home,Social,91737.9,2826,945,1971,37452,945,16840,9457,27154.31,76617.88,64583.59,51932.57,4274,91745.47,86997.65,91737.9,8677,8393,35,319,7351.07,97.08,5.59,3.03,31285.8,7616.94,91737.9,81697.75,8575.26,1578.83,8524.15,64928.14,34258.01
2026-03-06,East,In-Store,Electronics,Direct,158885.16,5478,1792,5540,31528,1792,27476,6027,60384.51,87414.8,98500.65,83436.3,9210,161086.25,150298.64,158885.16,5716,6095,477,98,11739.16,88.66,5.11,4.89,8293.5,1999.01,158885.16,99107.95,20036.77,4432.7,16688.19,13791.25,66188.55
2026-03-14,Central,In-Store,Beauty,Direct,101462.46,1714,1982,5678,28993,1982,12312,9157,26791.82,72412.78,74670.64,69568.51,13221,102625.18,100923.42,101462.46,4087,4130,191,148,10037.32,51.19,7.48,1.34,8028.1,1853.59,101462.46,74157.49,22742.0,16929.99,17011.28,38820.61,77553.82
2026-03-28,Central,In-Store,Electronics,Direct,160230.94,2427,1178,2001,14860,1178,11255,2307,69080.02,91879.06,91150.92,105765.08,2697,163471.05,154707.04,160230.94,8128,8001,124,251,11352.83,136.02,6.46,4.04,28746.79,5360.28,160230.94,141726.64,13403.15,14573.9,10404.54,46375.67,70111.11
2026-03-30,Central,In-Store,Electronics,Organic Search,85446.66,5047,1074,2602,21931,1074,21552,3148,45514.11,50408.96,39932.55,47291.02,5405,85918.24,80430.22,85446.66,8653,8941,350,62,5448.42,79.56,4.88,1.11,15004.7,4221.42,85446.66,74952.78,30074.87,19013.28,9819.66,12925.77,73095.12
2026-04-10,Central,In-Store,Electronics,Social,78274.47,4608,425,1158,5578,425,2342,1589,37969.8,49224.85,40304.67,41111.82,1945,80139.04,77597.23,78274.47,4661,4697,94,58,13811.59,184.18,7.01,1.54,20677.37,6942.22,78274.47,65646.2,10867.12,5548.74,8010.61,9751.98,36760.02
2026-04-18,East,In-Store,Beauty,Organic Search,150058.63,4995,483,673,11120,483,4688,2508,41791.83,114953.86,108266.8,108295.53,1289,151284.68,142769.16,150058.63,8090,8272,453,271,3973.36,310.68,1.91,4.5,12252.34,4528.93,150058.63,119450.63,30639.61,17685.94,7280.47,9333.61,88094.68
2026-04-29,East,In-Store,Sports,Direct,139714.22,5174,930,1579,21869,930,10895,6835,46636.48,64655.5,93077.74,108336.58,3486,140429.56,131690.9,139714.22,7982,8088,437,331,4040.21,150.23,1.55,2.1,11336.44,7439.39,139714.22,100184.37,8567.32,14704.18,7931.33,40775.99,63703.8
2026-04-30,Central,In-Store,Home,Organic Search,112515.88,3938,883,1778,23774,883,12860,4887,42949.73,57028.31,69566.15,90859.96,2147,113933.06,110565.24,112515.88,8066,8000,59,125,6644.39,127.42,2.41,1.89,20845.26,4560.59,112515.88,87301.04,55556.56,13841.45,8774.71,13131.85,105430.71
2026-05-03,East,In-Store,Beauty,Social,56248.3,4954,1258,1693,17004,1258,8044,2547,30766.67,44482.1,25481.63,40688.42,3685,57437.26,53493.78,56248.3,2298,2397,473,374,4702.49,44.71,5.01,3.74,8727.0,3745.15,56248.3,44273.34,21636.68,11690.05,3515.48,27053.49,49048.74
2026-05-05,East,In-Store,Beauty,Email,49083.14,3837,1905,4864,53610,1905,28657,12657,14564.44,19847.01,34518.7,30523.33,10524,49907.03,46005.38,49083.14,4782,5080,396,98,8405.39,25.77,3.8,3.64,6281.28,1375.07,49083.14,37253.53,30045.03,1577.47,24672.08,24267.22,65451.58
2026-05-18,East,In-Store,Electronics,Direct,45854.83,3299,151,389,2653,151,1155,432,13627.96,24716.85,32226.87,30050.86,908,46633.51,43698.59,45854.83,5233,5324,221,130,11301.07,303.67,6.64,4.53,3991.8,1137.51,45854.83,42656.21,9883.23,15358.59,8323.4,37934.48,42580.48
2026-06-01,East,In-Store,Electronics,Social,33622.78,2649,1841,3918,46656,1841,30882,14928,17433.7,24466.1,16189.08,20865.46,8533,33798.19,33585.22,33622.78,4811,4875,208,144,9261.36,18.26,1.8,4.82,26274.26,5867.62,33622.78,23792.1,32876.44,19664.99,11178.25,20384.16,69979.32
2026-06-04,East,In-Store,Sports,Email,11128.01,2282,1616,4551,55211,1616,23052,9141,3893.94,8129.0,7234.07,7245.49,7598,11311.08,10855.14,11128.01,6306,6392,246,160,10183.3,6.89,6.26,2.77,21786.17,4251.07,11128.01,8876.39,50222.65,2944.43,14657.11,64220.47,69997.84
2026-06-06,East,In-Store,Beauty,Paid Search,144983.03,5580,481,1376,6424,481,5667,1855,63488.24,70598.26,81494.79,124370.6,3421,146035.72,137875.04,144983.03,5439,5654,460,245,11917.76,301.42,2.44,3.09,10350.54,3012.22,144983.03,115133.45,18639.04,12681.49,4445.37,57047.59,73077.08
2026-06-08,East,In-Store,Electronics,Paid Search,139070.18,5280,397,702,14324,397,13410,2923,55226.73,60545.1,83843.45,130991.48,1346,142608.14,131897.38,139070.18,8495,8335,38,198,10891.0,350.3,3.33,1.05,15186.82,4363.81,139070.18,113411.56,8664.46,269.0,23799.13,53442.64,72030.03
2026-06-11,East,In-Store,Beauty,Direct,169192.07,3258,2131,5436,42899,2131,27346,15721,87265.82,73926.44,81926.25,105436.37,11383,173697.35,168789.64,169192.07,5050,5369,456,137,8105.13,79.4,4.37,1.13,6700.63,2410.07,169192.07,102108.12,9913.77,3537.2,19788.54,48498.51,64870.42
2026-06-12,East,In-Store,Apparel,Social,61797.06,2004,995,1660,15948,995,15549,6107,16634.42,50156.08,45162.64,46721.27,3955,62799.97,58215.15,61797.06,4780,4960,440,260,10927.76,62.11,7.23,2.61,14085.76,3086.82,61797.06,47450.21,30673.15,19408.49,24131.47,55236.2,88229.49
2026-06-26,Central,In-Store,Home,Paid Search,127849.86,3263,530,1572,8057,530,5280,2447,33736.39,109911.14,94113.47,113665.71,3425,129004.75,126290.97,127849.86,7152,7139,328,341,5648.99,241.23,3.82,1.97,6925.46,1300.61,127849.86,119321.15,48437.19,104.81,11247.51,39148.44,93889.22
2026-06-27,East,In-Store,Beauty,Email,114173.02,2500,1059,2300,15371,1059,14163,6134,36926.82,95954.71,77246.2,91586.93,4386,116014.73,107371.84,114173.02,2861,3186,445,120,4000.48,107.81,4.35,3.21,21216.58,7291.22,114173.02,90535.67,15213.46,652.36,11751.9,33273.35,55093.8
2026-07-17,Central,In-Store,Electronics,Organic Search,144266.09,1830,931,1502,12074,931,6881,3712,71709.37,91417.24,72556.72,91204.35,3184,145871.0,140776.82,144266.09,4383,4452,308,239,14451.64,154.96,3.87,1.32,957.48,504.06,144266.09,100409.68,37891.63,17941.94,21776.98,19644.29,104971.85
2026-07-24,East,In-Store,Electronics,Paid Search,76052.26,5005,658,1469,9307,658,4671,2054,38721.9,34326.81,37330.36,49534.92,2057,76389.46,71608.91,76052.26,8166,8364,342,144,9301.46,115.58,5.66,3.03,15750.93,3742.46,76052.26,62381.15,41862.45,1700.02,6319.33,58622.53,64742.28
2026-08-10,Central,In-Store,Home,Email,115430.14,5889,1214,1725,30245,1214,15966,5976,49318.4,76224.24,66111.74,88510.78,2392,118428.8,114171.18,115430.14,6863,6991,245,117,8746.06,95.08,4.22,1.26,11291.57,6260.9,115430.14,70539.41,39112.96,13537.23,9916.98,8577.0,89120.4
2026-08-19,East,In-Store,Beauty,Paid Search,106636.78,4273,2093,5817,54179,2093,53011,18476,50885.49,93411.21,55751.29,89191.67,10432,108701.99,101660.33,106636.78,2545,2821,389,113,2553.62,50.95,5.02,3.55,10251.8,3734.1,106636.78,85713.78,9681.48,7914.19,8819.42,48184.02,53172.59
2026-08-20,East,In-Store,Beauty,Social,71532.6,5101,650,1031,14246,650,13801,5452,23671.94,61927.09,47860.66,69611.36,1811,71713.88,68450.22,71532.6,2363,2258,148,253,12278.62,110.05,2.79,3.33,35534.85,7262.98,71532.6,52480.11,35818.85,7240.88,19287.47,49761.79,83230.61
2026-08-29,Central,In-Store,Electronics,Paid Search,111802.65,5481,149,290,2850,149,1955,621,41676.02,96618.99,70126.63,64832.26,359,111992.77,105455.3,111802.65,7524,7575,347,296,12621.4,750.35,7.29,2.24,10968.65,4395.4,111802.65,98438.64,17768.61,2491.62,21952.78,62737.94,61662.69
2026-08-31,Central,In-Store,Sports,Email,42355.25,3441,2112,4102,36353,2112,24990,9695,13864.71,28675.11,28490.54,28802.77,6817,43235.4,41721.64,42355.25,6796,6704,117,209,6923.06,20.05,3.66,2.48,17135.52,5249.87,42355.25,33002.65,55407.21,19615.11,4338.01,28267.37,88001.16
2026-09-01,East,In-Store,Beauty,Organic Search,29565.74,4981,2143,5865,50626,2143,35038,7307,7768.95,18874.14,21796.79,32036.35,14618,30080.99,29238.14,29565.74,7321,7570,394,145,3582.02,13.8,6.43,4.39,19262.91,7308.1,29565.74,22013.61,30166.01,7517.89,10815.06,45140.01,58109.86
2026-09-18,Central,In-Store,Electronics,Direct,131974.05,2353,841,2044,30234,841,27671,4482,42072.37,97957.86,89901.68,91639.76,2471,134846.59,128304.24,131974.05,5417,5235,91,273,9842.81,156.93,2.48,3.29,24456.2,5636.93,131974.05,123565.75,34656.44,15934.56,17586.31,66328.62,95669.24
2026-09-19,East,In-Store,Beauty,Direct,24533.16,4981,1098,2773,21192,1098,15007,6883,8789.3,18055.78,15743.86,14047.62,6505,24846.64,24293.84,24533.16,3394,3863,495,26,10881.31,22.34,5.29,4.25,1779.26,834.84,24533.16,21179.87,55069.47,10908.64,2044.56,46742.02,72236.96
2026-09-27,Central,In-Store,Electronics,Direct,61966.88,2169,1173,2829,46742,1173,21144,15815,31105.69,41104.32,30861.19,46965.12,4605,62212.98,61231.26,61966.88,3590,3420,191,361,7061.08,52.83,2.83,2.55,1650.3,741.13,61966.88,55638.95,16047.19,13817.45,9019.01,26628.51,52973.19
2026-10-01,Central,In-Store,Apparel,Social,79264.1,4746,1750,3791,62559,1750,58085,12425,41660.18,62931.83,37603.92,50406.01,6462,80197.63,74599.88,79264.1,4488,4328,156,316,6828.73,45.29,7.29,4.97,13372.33,3951.38,79264.1,71395.89,47489.27,13968.42,2160.17,37583.5,78739.66
2026-10-02,Central,In-Store,Apparel,Direct,43694.46,2115,895,2502,31307,895,20385,6037,12158.23,20032.31,31536.23,41366.88,4055,44385.57,41143.4,43694.46,7378,7459,226,145,11846.79,48.82,1.82,1.05,7589.2,5036.06,43694.46,35211.04,29528.54,13474.39,10752.83,45166.12,66165.82
2026-10-07,Central,In-Store,Sports,Paid Search,174812.22,3157,1845,2422,34214,1845,33231,8140,66636.35,106907.17,108175.87,142405.86,5143,178310.74,174308.95,174812.22,2575,2726,230,79,10554.0,94.75,3.55,1.61,31680.51,7055.36,174812.22,134251.15,34393.99,2059.28,10481.91,56597.18,89656.94
2026-10-16,East,In-Store,Electronics,Direct,167078.53,5843,1467,2629,20756,1467,16155,7605,64119.68,134393.42,102958.85,119643.06,6244,171853.74,165327.8,167078.53,6544,6311,127,360,8865.24,113.89,3.19,1.63,12084.65,2554.35,167078.53,146676.63,9991.87,1347.28,7208.85,21709.38,54440.92
2026-10-28,East,In-Store,Electronics,Direct,128667.26,5050,191,259,4286,191,2092,1123,67313.46,67816.78,61353.8,91935.63,558,129661.88,120890.1,128667.26,3382,3181,40,241,4848.93,673.65,3.93,3.53,6927.75,3446.88,128667.26,83107.92,40849.48,2535.08,7794.3,25500.02,78759.55
2026-10-29,East,In-Store,Electronics,Organic Search,147333.73,5943,1204,3005,20176,1204,17152,6587,77977.64,123897.81,69356.09,94269.7,7455,150278.75,146755.7,147333.73,2536,2654,381,263,4747.62,122.37,1.62,1.73,13908.09,3173.05,147333.73,139499.48,16273.33,11744.28,7868.55,58823.68,64167.07
2026-11-03,East,In-Store,Electronics,Direct,132164.62,2892,930,1453,11663,930,4776,3031,56612.24,104420.89,75552.38,97623.82,2856,135320.18,134384.18,132164.62,5979,6000,179,158,4514.37,142.11,3.21,3.21,6013.62,1210.32,132164.62,117618.24,11768.18,6167.66,11183.29,67463.33,58406.28
2026-11-09,Central,In-Store,Sports,Email,32128.39,2452,1184,2997,20918,1184,15808,6065,14568.24,21244.53,17560.15,22551.84,6610,32169.24,31311.19,32128.39,6775,6694,54,135,11921.73,27.14,3.92,1.76,13658.08,6513.09,32128.39,25893.6,7688.45,5116.58,22579.34,18503.55,42149.92
2026-11-19,Central,In-Store,Electronics,Social,101262.2,5562,286,381,6514,286,5504,2506,46462.98,83432.16,54799.22,83186.31,797,102619.51,98824.54,101262.2,5119,5058,61,122,6745.35,354.06,2.54,1.7,10230.63,3817.76,101262.2,70745.63,30672.93,15680.77,4017.37,64233.57,75326.96
2026-11-20,Central,In-Store,Apparel,Organic Search,25181.2,2732,2148,6599,38806,2148,15763,12033,7304.25,15166.26,17876.95,14458.52,10650,25300.44,23820.83,25181.2,6523,6673,168,18,6228.5,11.72,6.41,4.43,12202.09,2414.38,25181.2,20337.79,47101.0,14854.72,23391.01,11436.85,89684.29
2026-11-22,Central,In-Store,Sports,Email,144589.99,4349,392,786,6131,392,5456,1163,51068.59,128063.82,93521.4,120695.36,1667,148863.89,148361.32,144589.99,3380,3463,293,210,14601.57,368.85,3.12,4.53,13395.86,2643.02,144589.99,98396.67,6721.02,16416.11,13339.51,21633.67,72685.25
2026-12-12,East,In-Store,Beauty,Social,144653.02,5705,1134,1945,24601,1134,23454,8645,61501.56,124052.01,83151.46,109280.87,4362,147234.42,138545.47,144653.02,7305,7187,196,314,11627.64,127.56,6.14,3.68,27867.28,5483.12,144653.02,108822.87,57770.21,13243.88,20568.07,21675.23,124366.42
2026-12-20,East,In-Store,Sports,Organic Search,131525.43,4185,2067,3841,26948,2067,12174,7694,45772.42,85315.88,85753.01,83602.58,5466,133899.59,124652.78,131525.43,3622,3710,315,227,7029.43,63.63,7.62,3.68,15263.0,4862.83,131525.43,113599.67,45172.13,16958.78,13794.67,66469.29,101006.35
2026-12-23,Central,In-Store,Home,Social,61574.24,4271,162,179,2176,162,2027,615,20377.93,37939.44,41196.31,49339.01,309,61602.12,59413.57,61574.24,2455,2305,59,209,1840.3,380.09,7.6,1.72,21170.45,4349.88,61574.24,49783.02,7021.84,18825.77,16202.4,56445.88,56851.71
2025-01-02,East,In-Store,Home,Organic Search,21124.33,4627,1664,4483,33196,1664,16941,5660,7556.45,9354.68,13567.88,18336.18,7236,21167.7,20374.0,21124.33,6332,6751,468,49,4674.13,12.69,6.34,4.85,20314.55,3973.2,21124.33,14220.6,20773.07,2496.92,14452.51,35488.66,43223.35
2025-01-03,Central,In-Store,Beauty,Email,158957.76,3852,1568,5017,53104,1568,46566,13045,72300.81,121719.68,86656.95,83348.71,6218,159922.02,147999.24,158957.76,3908,3975,77,10,4815.16,101.38,4.44,3.89,6814.04,2242.22,158957.76,128058.94,48868.4,16826.48,17660.96,15333.42,108360.45
2025-01-04,Central,In-Store,Beauty,Paid Search,108764.48,3060,1055,1528,26866,1055,12367,7133,48864.92,63577.36,59899.56,74035.93,3423,111918.29,108981.4,108764.48,6106,6016,89,179,4222.49,103.09,7.88,1.14,26651.92,6305.19,108764.48,93377.87,5048.67,4562.66,22457.83,52936.43,54279.94
2025-01-05,East,In-Store,Apparel,Organic Search,110351.78,3751,137,381,2038,137,1143,488,53782.57,57673.29,56569.21,87265.11,553,111914.42,106279.15,110351.78,4031,3889,233,375,10120.49,805.49,7.73,3.77,12295.7,3019.31,110351.78,90643.15,10109.58,18223.29,8004.34,67717.8,62516.74
2025-01-09,East,In-Store,Electronics,Organic Search,139920.15,5090,1110,2414,43245,1110,35503,4609,43989.6,88320.14,95930.55,85079.16,4517,142974.88,133720.34,139920.15,7606,7419,205,392,14783.06,126.05,7.61,1.42,18857.2,3722.63,139920.15,101731.16,26703.94,6546.5,20140.19,21961.04,78914.38
2025-01-10,Central,In-Store,Beauty,Organic Search,153043.2,3233,924,2739,34807,924,17610,7360,43965.42,114140.41,109077.78,155165.79,6463,153945.77,147702.58,153043.2,5911,5969,429,371,2596.33,165.63,3.51,3.44,6436.69,1481.44,153043.2,119408.96,22549.43,6799.99,10106.57,30419.44,86005.73
2025-01-11,East,In-Store,Sports,Organic Search,120938.49,1862,2095,5904,57209,2095,31402,16827,55284.03,83353.56,65654.46,96298.57,12122,124426.97,119927.42,120938.49,3273,3033,65,305,14157.94,57.73,7.36,1.08,5265.3,2197.15,120938.49,100744.65,52718.32,15921.21,7483.08,55625.79,105012.18
2025-01-15,Central,In-Store,Sports,Organic Search,115786.4,2134,368,452,11639,368,9937,4588,51849.59,63753.71,63936.81,93901.56,605,117987.09,116997.2,115786.4,6768,7022,307,53,8144.35,314.64,3.26,2.7,7668.15,1754.21,115786.4,94153.07,47540.55,2795.52,7785.02,39401.29,86291.56
2025-01-28,Central,In-Store,Beauty,Email,15547.54,1880,1450,4106,25731,1450,18879,3851,6463.78,9596.2,9083.76,12296.08,5240,15707.83,15705.94,15547.54,3412,3311,200,301,14084.17,10.72,2.89,2.16,18976.16,4779.68,15547.54,11313.45,27996.12,17565.23,6956.65,18741.33,56206.82
2025-02-07,Central,In-Store,Electronics,Organic Search,146673.19,4924,2162,6235,70453,2162,51369,26641,54581.5,64067.33,92091.69,94364.67,12234,146673.71,136762.5,146673.19,6519,6572,327,274,6039.37,67.84,7.22,4.26,14809.59,3155.42,146673.19,127466.28,37441.77,12490.29,12588.67,54252.43,90830.13
2025-03-08,Central,In-Store,Beauty,Organic Search,177755.99,3548,1337,3567,29817,1337,12316,3765,87521.43,95224.43,90234.56,74371.0,6163,180245.86,166202.79,177755.99,4087,4180,260,167,3656.91,132.95,5.83,2.52,15135.07,3111.55,177755.99,149269.15,27756.24,18300.05,15038.91,8833.76,83406.5
2025-03-10,Central,In-Store,Home,Paid Search,59999.85,2663,2167,2571,57876,2167,44858,14079,26339.76,27010.7,33660.09,37497.22,4896,60197.79,59979.16,59999.85,5401,5544,382,239,1977.75,27.69,7.87,3.44,6495.23,1235.88,59999.85,55093.99,49645.48,15789.31,18479.88,34441.78,95163.84
2025-03-26,East,In-Store,Sports,Social,96050.77,2657,1802,4454,43815,1802,37203,5776,40149.58,58320.22,55901.19,75427.59,10356,97591.13,94986.99,96050.77,8438,8425,369,382,2285.94,53.3,5.17,1.15,6582.49,1637.39,96050.77,78075.73,50910.3,17019.85,5225.75,24425.76,95784.18
2025-04-01,Central,In-Store,Electronics,Paid Search,168108.91,5552,1087,1877,23888,1087,23320,4555,76899.19,94700.81,91209.72,112641.13,3108,169054.95,160715.48,168108.91,5449,5832,475,92,2548.45,154.65,4.69,2.57,25697.53,5084.93,168108.91,106557.79,31328.63,3967.23,9241.99,29246.0,78330.19
2025-04-09,East,In-Store,Home,Social,84535.5,3263,1968,5265,24746,1968,13399,6580,42659.48,48824.69,41876.02,51980.51,8664,84550.34,82679.87,84535.5,5341,5327,198,212,8783.15,42.96,3.55,3.17,1290.86,644.43,84535.5,70611.36,20923.81,19434.82,24818.66,61182.36,80771.44
2025-04-13,Central,In-Store,Beauty,Paid Search,16357.99,3692,889,2327,12489,889,8461,3672,5706.09,13126.39,10651.9,12087.65,5651,16539.17,16152.78,16357.99,7853,7655,195,393,4816.79,18.4,1.74,1.18,19322.42,5481.93,16357.99,11432.75,6558.37,3190.15,14442.25,62332.18,27817.06
2025-04-27,Central,In-Store,Home,Email,22131.94,5893,2151,3976,30252,2151,17709,10436,7465.96,17215.21,14665.98,20842.77,7898,22680.13,21709.11,22131.94,5899,6055,491,335,5212.61,10.29,5.21,4.96,4022.0,1053.56,22131.94,13360.33,58220.89,6164.3,3683.3,54706.61,74321.32
2025-05-01,Central,In-Store,Electronics,Paid Search,159214.43,4247,1744,3721,75703,1744,69498,15687,85619.09,99049.02,73595.34,115584.67,5939,160737.81,154677.57,159214.43,8426,8279,66,213,3183.92,91.29,7.79,2.97,8060.23,1980.69,159214.43,145027.07,32977.34,15792.5,9236.35,40605.24,92681.59
2025-05-15,Central,In-Store,Apparel,Organic Search,175370.76,5991,1017,1507,33598,1017,18317,4066,68658.85,100271.52,106711.91,140253.41,3638,176560.84,170269.61,175370.76,6060,5913,225,372,7475.64,172.44,7.57,4.43,18515.97,4820.27,175370.76,162575.75,55026.76,19786.28,12982.23,8498.55,129871.29
2025-05-19,Central,In-Store,Home,Paid Search,134132.2,3517,945,1126,14575,945,10204,2072,59114.4,61960.91,75017.8,113681.57,1617,134396.32,132210.54,134132.2,3924,4003,368,289,13651.44,141.94,4.76,3.59,6024.84,3404.86,134132.2,89711.76,20627.77,2429.39,23880.43,19936.88,81042.06
2025-05-22,East,In-Store,Electronics,Organic Search,44586.5,4177,1839,2414,35493,1839,27566,5685,23695.12,21373.96,20891.38,29126.29,4969,45668.03,45527.73,44586.5,3282,3278,46,50,5571.34,24.24,4.93,4.06,8241.67,3134.61,44586.5,32735.7,25615.94,18915.06,12334.02,49229.49,65602.91
2025-05-31,East,In-Store,Sports,Paid Search,70884.84,3548,461,780,13965,461,9495,1679,35760.35,51127.87,35124.49,32342.05,1044,71185.35,66988.34,70884.84,6277,6356,246,167,13122.04,153.76,7.37,2.51,35166.99,6989.15,70884.84,61126.64,19330.96,19020.49,21432.35,59722.38,69486.41
2025-06-14,East,In-Store,Beauty,Direct,46030.54,5489,2039,2521,42051,2039,20002,11748,16879.8,22991.97,29150.74,30330.58,6050,46308.98,45310.87,46030.54,2231,2361,181,51,4118.65,22.58,2.04,1.41,8681.17,3012.08,46030.54,29417.59,52474.91,6211.38,16491.89,29326.42,84277.35
2025-06-18,Central,In-Store,Home,Organic Search,127990.52,1657,122,211,3717,122,3022,459,42493.84,106093.28,85496.68,124166.49,392,130210.97,122169.44,127990.52,8875,8692,45,228,7671.23,1049.1,2.13,1.08,20081.73,6333.62,127990.52,82885.34,38348.99,18133.8,5709.09,27769.56,99441.83
2025-06-19,East,In-Store,Sports,Direct,157702.5,3331,1518,1695,67471,1518,57737,16287,83886.98,120626.2,73815.52,81665.05,2257,157826.88,147506.64,157702.5,3355,3525,450,280,6216.77,103.89,6.88,1.95,15376.56,2883.5,157702.5,122876.62,19849.11,12161.25,11272.28,30197.77,67782.15
2025-06-27,East,In-Store,Apparel,Social,117049.07,4485,928,2838,31766,928,12923,9269,46212.31,73215.2,70836.76,72912.22,5301,117493.49,114472.21,117049.07,5067,4950,272,389,1970.49,126.13,2.52,4.47,19353.84,4689.94,117049.07,74491.11,22053.49,11075.25,6772.22,64004.01,61774.63
2025-07-04,Central,In-Store,Beauty,Direct,164167.55,2042,225,271,3015,225,1550,971,58926.9,133855.24,105240.65,117818.16,562,165058.49,158832.03,164167.55,8732,8844,480,368,11749.93,729.63,5.79,3.35,5736.04,1504.76,164167.55,98760.34,5048.92,15709.54,15415.66,60327.65,71519.57
2025-07-14,Central,In-Store,Apparel,Organic Search,179262.98,2792,2050,5907,58266,2050,51969,8087,47142.29,101998.3,132120.69,209348.58,11195,180496.29,178320.96,179262.98,7543,7569,182,156,12224.32,87.45,5.19,4.72,13161.59,3561.53,179262.98,164550.96,48842.46,3942.86,2826.79,8524.0,118416.68
2025-07-15,Central,In-Store,Apparel,Direct,101135.12,4938,306,905,6869,306,5372,1634,55442.63,78605.1,45692.49,64698.88,2005,101408.23,94546.55,101135.12,3885,3773,193,305,4816.81,330.51,6.69,2.57,18146.33,4798.84,101135.12,82351.08,41945.77,10992.2,8128.7,8583.91,80476.33
2025-07-16,Central,In-Store,Electronics,Organic Search,155149.49,5665,800,1504,20559,800,13449,5311,60182.63,138581.52,94966.86,142139.84,3257,155904.3,154555.83,155149.49,6231,6589,381,23,3902.14,193.94,5.93,2.82,3116.86,1731.49,155149.49,124717.36,52006.35,13882.37,10460.57,16934.3,118991.24
2025-07-29,Central,In-Store,Electronics,Email,25176.24,2255,130,181,1716,130,1537,608,6896.07,22523.58,18280.17,24947.86,316,25279.98,24130.29,25176.24,7354,7589,489,254,7847.55,193.66,7.87,1.73,2073.33,502.22,25176.24,23052.57,45683.32,15864.59,16536.01,26021.92,85568.28
2025-07-30,Central,In-Store,Home,Social,25243.38,2428,1670,4377,28966,1670,19403,4919,10194.74,21962.07,15048.64,13128.2,5941,25958.61,24380.1,25243.38,5816,5983,301,134,4032.85,15.12,4.34,2.9,37236.99,7906.13,25243.38,19124.56,18182.18,7962.34,18946.55,32574.34,49029.53
2025-08-03,Central,In-Store,Beauty,Organic Search,130932.11,3214,1775,3747,25798,1775,15957,3546,44548.01,116419.37,86384.1,136306.99,8488,133383.29,130122.19,130932.11,7227,7442,287,72,12035.67,73.76,2.27,4.16,17417.46,5020.83,130932.11,123220.71,9456.34,14490.18,11105.9,54641.53,75944.52
2025-08-06,Central,In-Store,Sports,Organic Search,78317.03,2529,446,977,7419,446,5016,824,20647.79,48658.54,57669.24,59908.28,1615,80224.93,74008.5,78317.03,5710,5903,367,174,2948.46,175.6,4.32,2.83,23536.36,6371.48,78317.03,55034.83,12087.95,18755.33,23540.22,52874.11,72355.98
2025-08-11,Central,In-Store,Beauty,Paid Search,98569.81,1557,777,1814,23790,777,20279,6205,30188.24,57396.8,68381.57,96477.54,3456,101058.05,93136.16,98569.81,7536,7845,433,124,11863.84,126.86,1.86,4.33,17390.79,4807.23,98569.81,83812.67,14392.03,12795.16,22432.77,67248.65,78563.22
2025-08-20,Central,In-Store,Electronics,Social,148764.75,3065,216,656,4804,216,3225,1133,65358.45,97330.22,83406.3,78843.86,954,151180.16,140940.56,148764.75,6385,6679,465,171,6732.88,688.73,3.06,3.93,16641.61,3318.48,148764.75,132900.96,25226.62,2551.12,20944.28,38176.27,72375.18
2025-08-26,East,In-Store,Electronics,Paid Search,144593.94,2711,815,1344,10204,815,8342,2462,78888.52,73221.61,65705.42,100673.96,2646,146667.76,141193.73,144593.94,3620,3513,282,389,3403.08,177.42,6.93,3.18,6353.88,3125.86,144593.94,132978.4,40600.22,17726.67,21145.43,65228.67,109674.51
2025-08-31,Central,In-Store,Beauty,Organic Search,124793.2,2074,215,555,5055,215,2397,1477,63670.88,54132.02,61122.32,60161.27,854,126041.14,126036.66,124793.2,6066,6232,355,189,12803.48,580.43,2.91,4.51,11729.25,5301.84,124793.2,104326.85,48513.14,5730.68,24018.8,46743.77,96311.0
2025-09-03,Central,In-Store,Electronics,Paid Search,113783.54,3353,618,1614,14630,618,9088,4783,32035.97,99294.35,81747.57,118687.12,3547,116657.52,114720.1,113783.54,5432,5341,204,295,14273.7,184.12,2.24,4.92,21549.23,7360.73,113783.54,89056.77,9566.43,13247.23,3508.84,34697.13,61928.64
2025-09-13,East,In-Store,Beauty,Social,65076.58,2415,2198,5818,37555,2198,24619,11834,24697.17,45978.08,40379.41,38208.3,13725,65658.67,60576.75,65076.58,2575,2666,153,62,7962.3,29.61,2.64,2.73,16647.49,7846.57,65076.58,41127.75,5962.18,11586.3,15658.45,69780.27,44669.42
2025-09-19,East,In-Store,Beauty,Email,70122.62,1950,1877,2324,49511,1877,45172,8821,33336.84,34243.18,36785.78,48011.79,3785,71798.92,67358.85,70122.62,7307,7315,20,12,6635.59,37.36,3.47,2.52,6437.32,4145.16,70122.62,42387.82,23739.17,13869.58,3977.61,42507.79,55989.9
2025-09-22,Central,In-Store,Home,Direct,129821.73,4131,2024,3944,86655,2024,47036,31099,56718.54,58928.58,73103.19,73448.71,7789,130395.21,127165.93,129821.73,4280,4670,477,87,11508.92,64.14,2.83,3.96,15272.82,6822.01,129821.73,104455.99,26213.25,11280.46,23024.92,53573.53,82553.24
2025-09-29,East,In-Store,Electronics,Email,58678.96,1772,311,852,4360,311,2183,1170,15477.36,45821.77,43201.6,66817.05,1471,58838.4,56228.47,58678.96,2193,2309,456,340,5366.62,188.68,7.39,3.26,23217.25,5477.27,58678.96,42947.2,31650.33,14205.42,19723.01,69582.57,85623.88
2025-10-11,Central,In-Store,Home,Email,166126.55,4580,130,255,6383,130,3857,2471,91293.56,131581.37,74832.99,86787.99,579,167035.86,153893.51,166126.55,7613,7701,337,249,10946.26,1277.9,7.25,4.09,16837.16,6407.56,166126.55,149939.5,39889.76,19441.79,15777.99,55307.46,101145.94
2025-10-21,Central,In-Store,Home,Email,167194.84,3156,1781,4480,30126,1781,18099,6596,84857.67,141122.85,82337.17,125950.4,8357,168944.67,162177.93,167194.84,2352,2669,471,154,4789.37,93.88,5.72,4.59,28489.96,6150.27,167194.84,121271.07,21421.59,1321.97,13969.47,42147.07,74498.15
2025-11-07,East,In-Store,Sports,Paid Search,141229.42,4884,2133,3809,62013,2133,47304,9230,43813.35,98445.95,97416.07,126993.4,7918,142333.82,135669.56,141229.42,7397,7191,155,361,4293.22,66.21,5.35,2.09,30698.04,7018.32,141229.42,114557.32,41478.45,18245.41,2778.98,25713.39,100600.86
2025-11-17,Central,In-Store,Home,Email,15280.31,2260,1629,4537,39944,1629,31868,14820,3955.3,10984.33,11325.01,14103.33,5864,15510.6,14595.3,15280.31,6481,6449,31,63,4912.4,9.38,4.79,3.37,11129.04,6277.16,15280.31,12760.74,23150.66,4518.01,9640.52,28622.87,41540.19
2025-11-22,Central,In-Store,Apparel,Email,34006.91,3149,657,1384,11162,657,8836,1814,14094.56,21289.11,19912.35,27832.46,3036,34523.27,34101.73,34006.91,2096,2005,154,245,3861.12,51.76,6.14,4.7,5842.11,3272.71,34006.91,27924.92,32132.32,3397.56,2161.98,53356.88,46041.6
2025-11-25,Central,In-Store,Beauty,Organic Search,68564.36,5425,712,2062,14417,712,6336,1766,23344.76,54009.08,45219.6,63999.68,2993,69191.31,67535.63,68564.36,3724,3557,220,387,7073.15,96.3,3.84,3.95,27903.23,6735.16,68564.36,48603.03,17164.73,2732.91,10820.38,48380.28,49917.92
2025-12-08,East,In-Store,Home,Social,171797.81,5258,2060,6204,28268,2060,21837,9468,59637.22,121216.55,112160.59,92581.91,8328,173420.4,170797.65,171797.81,6741,7008,357,90,8186.67,83.4,6.74,2.42,28704.04,7700.01,171797.81,155470.1,19431.76,4860.97,22745.25,30567.12,74812.55
2025-12-26,East,In-Store,Electronics,Direct,42730.41,2937,1469,2865,24387,1469,14508,9151,13696.94,35502.06,29033.47,30556.49,4171,43406.89,42617.7,42730.41,4102,4251,207,58,3981.07,29.09,5.87,3.84,8131.12,4021.14,42730.41,33146.71,7375.92,17591.0,9767.76,43259.89,43901.63
2026-01-04,East,In-Store,Apparel,Social,174303.4,2593,1954,3721,24544,1954,11116,9475,82221.13,77513.14,92082.27,142809.64,7221,179355.45,165849.14,174303.4,5629,5847,287,69,10606.9,89.2,2.95,4.53,2042.79,1310.45,174303.4,133771.1,17632.22,791.17,4720.79,27183.85,65987.07
2026-01-20,East,In-Store,Beauty,Email,51203.96,3643,1437,4571,26451,1437,24393,9674,18316.95,36416.45,32887.01,45601.76,11202,51420.94,50059.71,51203.96,4253,3971,72,354,12389.43,35.63,3.18,1.77,7761.88,3938.82,51203.96,38555.67,8890.17,14488.26,19153.51,20338.71,56212.47
2026-01-21,Central,In-Store,Apparel,Email,56996.69,3272,955,2221,15620,955,11031,4499,23621.42,28401.34,33375.27,34604.74,3874,57054.5,54131.38,56996.69,8857,8808,258,307,5156.6,59.68,7.99,3.29,2373.69,586.08,56996.69,53239.14,58917.31,8178.18,2388.94,57133.94,79865.85
2026-01-29,East,In-Store,Sports,Email,30160.81,3554,2194,2975,41008,2194,27439,9138,16028.06,14607.82,14132.75,15742.27,7316,30302.56,28535.09,30160.81,4407,4177,44,274,11329.57,13.75,2.73,3.32,8117.0,3385.06,30160.81,24876.66,52923.56,6010.45,3946.36,66410.72,67603.05
2026-01-31,East,In-Store,Beauty,Direct,53948.72,4960,1944,4145,40752,1944,35525,10044,24508.71,29807.63,29440.01,43601.98,5663,55023.29,51844.61,53948.72,6835,6868,83,50,9849.75,27.75,2.53,1.67,3198.89,2034.96,53948.72,34431.75,48257.82,7970.33,10215.94,46690.59,79524.68
2026-02-04,Central,In-Store,Home,Email,66875.24,2800,1775,3408,27026,1775,20214,10414,27092.67,34030.33,39782.57,58465.91,5755,67693.26,66572.37,66875.24,3301,3595,392,98,4987.32,37.68,6.79,3.07,17414.56,3552.98,66875.24,40243.09,33415.83,6542.23,13273.3,41089.3,70771.13
2026-02-05,East,In-Store,Sports,Direct,47852.25,3908,1484,1995,59113,1484,25207,17143,25322.1,38356.59,22530.15,23932.9,4856,48747.78,46259.65,47852.25,8291,8179,273,385,9384.18,32.25,2.45,4.32,22082.82,5749.55,47852.25,29003.36,49603.12,11003.11,11648.28,34426.82,79434.38
2026-02-10,East,In-Store,Apparel,Direct,156909.16,3148,386,859,5608,386,4017,866,40033.52,133778.12,116875.64,143675.75,2138,158881.52,156033.25,156909.16,4098,4181,202,119,13788.43,406.5,2.54,1.62,16786.01,3280.24,156909.16,134684.38,5043.75,17262.09,6459.82,47481.99,71868.38
2026-02-12,East,In-Store,Apparel,Paid Search,130410.8,2976,1950,5376,42490,1950,34325,11748,43810.46,106481.7,86600.34,107362.85,8411,134117.02,133039.0,130410.8,6999,7080,144,63,2097.62,66.88,2.5,3.45,20536.27,4489.08,130410.8,119727.29,27303.8,7901.14,21595.52,60800.85,89009.32
2026-02-13,Central,In-Store,Electronics,Paid Search,38993.83,5724,841,2032,23054,841,20240,7250,13027.43,21621.61,25966.4,40381.36,3196,39681.84,38303.76,38993.83,4128,4413,490,205,14002.13,46.37,7.85,2.72,9542.81,2356.03,38993.83,29003.26,51372.69,8135.98,3782.04,14841.91,75405.12
2026-02-17,East,In-Store,Apparel,Social,135418.21,5947,647,1583,22738,647,15664,2403,43373.36,68083.48,92044.85,127650.51,2698,138886.21,134665.77,135418.21,7442,7189,144,397,2573.56,209.3,7.99,1.69,13928.54,3605.69,135418.21,91470.01,33164.95,10600.11,17849.35,20202.92,99909.56
2026-02-23,Central,In-Store,Apparel,Social,17100.25,3985,552,1346,16402,552,10338,3511,8610.21,14115.33,8490.04,13144.01,1885,17274.95,16938.51,17100.25,6316,6391,108,33,14472.2,30.98,4.19,1.97,19498.98,3635.31,17100.25,10718.28,29634.39,10262.85,8037.12,29489.38,51877.56
2026-02-28,East,In-Store,Home,Social,116911.3,2161,1414,1653,35081,1414,31139,3636,41049.76,98676.37,75861.54,120453.98,2748,118946.95,113771.83,116911.3,4336,4411,343,268,12450.73,82.68,7.25,4.76,11279.19,3470.27,116911.3,109729.13,25908.77,9931.67,12136.29,41875.82,84112.92
2026-03-09,East,In-Store,Beauty,Paid Search,43579.21,2237,619,863,8891,619,6320,1581,23450.89,30869.25,20128.32,28120.73,1579,44117.78,43800.16,43579.21,8010,8219,343,134,5961.12,70.4,4.75,3.03,9386.31,2814.14,43579.21,26621.31,57134.86,11073.54,4094.83,48563.34,80739.45
2026-03-15,Central,In-Store,Beauty,Paid Search,174520.28,2702,606,1657,7670,606,3122,1840,53309.13,128085.92,121211.15,98784.23,3174,176529.39,172003.54,174520.28,2654,2657,363,360,1874.37,287.99,5.46,2.22,3306.45,2134.6,174520.28,113419.73,58321.97,11531.98,5652.0,15971.07,105141.22
2026-03-17,East,In-Store,Apparel,Social,153669.03,3650,358,576,5370,358,3086,558,66137.95,90606.56,87531.08,87982.58,1227,155524.42,152293.96,153669.03,5442,5723,499,218,8238.64,429.24,3.12,2.08,3137.2,1830.14,153669.03,122312.82,22316.71,17331.89,4158.84,53478.4,70202.21
2026-03-21,East,In-Store,Sports,Paid Search,27306.0,3400,376,662,6741,376,3410,1631,13016.16,12163.3,14289.84,18182.09,836,27983.11,27851.18,27306.0,3531,3635,288,184,13445.71,72.62,5.83,2.2,40719.92,7773.6,27306.0,23673.58,22088.56,496.21,15858.05,38583.49,43897.45
2026-03-24,East,In-Store,Apparel,Direct,98187.28,1780,2024,4315,51634,2024,46555,12033,42789.05,87160.89,55398.23,81187.82,8918,100440.61,95543.37,98187.28,6162,6166,134,130,1765.1,48.51,5.81,3.37,5208.93,2163.49,98187.28,78592.37,26089.69,15829.58,23891.14,43224.97,90166.76
2026-04-01,Central,In-Store,Electronics,Social,48221.16,3775,900,2855,18378,900,10931,4924,13218.29,36851.55,35002.87,49655.75,4047,49435.16,48416.3,48221.16,3952,4177,478,253,12423.04,53.58,7.65,3.35,11748.52,3934.56,48221.16,38418.12,7061.33,560.92,16393.11,12774.41,38912.08
2026-04-26,Central,In-Store,Electronics,Email,35983.27,2987,1040,1528,14445,1040,13260,1738,14734.51,32253.55,21248.76,18524.72,2552,36180.34,34954.42,35983.27,4202,3982,128,348,9318.72,34.6,3.38,3.4,27546.81,7547.06,35983.27,33421.69,35703.65,18835.4,24800.73,57284.24,84897.2
2026-05-10,East,In-Store,Beauty,Email,160946.71,5129,1790,2367,40500,1790,28227,6678,86956.46,78448.63,73990.25,86329.12,5082,161417.62,159267.37,160946.71,8790,8702,178,266,5656.19,89.91,7.72,4.58,8819.6,5701.08,160946.71,142679.15,18490.34,12129.77,19987.32,48913.87,76506.17
2026-05-23,Central,In-Store,Sports,Direct,151955.88,3598,1797,4428,32123,1797,30317,10111,60389.93,106243.84,91565.95,118384.9,9721,155754.98,152197.97,151955.88,8505,8452,42,95,5937.09,84.56,2.37,2.6,10376.64,2208.07,151955.88,112285.3,13595.25,11527.29,10658.44,28019.78,71296.45
2026-05-27,Central,In-Store,Electronics,Direct,143810.74,3050,2140,3540,55013,2140,34579,20532,78451.56,126587.46,65359.18,67017.69,7837,147177.18,146905.88,143810.74,3027,3184,360,203,5668.66,67.2,4.54,3.77,28403.51,5771.54,143810.74,86421.15,59676.45,16079.96,12269.11,26486.28,108130.83
2026-06-03,Central,In-Store,Beauty,Paid Search,157084.53,3869,185,230,5129,185,4284,744,45985.17,73548.99,111099.36,104572.95,365,159795.87,155068.04,157084.53,4549,4867,491,173,9522.17,849.11,5.08,1.39,22304.91,7506.98,157084.53,136340.36,21214.95,18852.3,12944.07,41007.76,84383.21
2026-06-10,East,In-Store,Electronics,Organic Search,178753.18,4289,883,2702,33536,883,31794,5120,50089.52,74922.93,128663.66,160768.21,3897,182412.07,172764.65,178753.18,2613,2739,367,241,3096.58,202.44,5.68,2.92,8343.79,4997.0,178753.18,150969.47,7490.74,18464.09,7330.92,9529.11,81516.21
2026-06-25,Central,In-Store,Sports,Paid Search,60414.66,3859,1670,4222,33989,1670,18745,11764,30191.64,28093.85,30223.02,36328.07,7763,61725.53,57142.97,60414.66,3987,3671,63,379,7627.69,36.18,3.7,3.55,29183.55,5626.82,60414.66,55876.41,55603.95,10710.67,20800.18,8809.72,98013.22
2026-07-27,East,In-Store,Apparel,Paid Search,52907.98,3266,1819,4985,24177,1819,19968,6358,19091.32,31446.08,33816.66,31888.35,12300,53593.7,49587.76,52907.98,2114,2141,89,62,5864.89,29.09,6.68,4.37,13443.81,7705.36,52907.98,48845.69,53447.79,11911.0,15893.05,53264.35,90818.35
2026-08-11,Central,In-Store,Beauty,Direct,106884.51,3460,802,2210,18339,802,15823,7322,47682.24,53558.75,59202.27,59184.46,2812,108629.48,103934.05,106884.51,8927,9202,410,135,2531.99,133.27,5.74,3.03,19323.79,4015.35,106884.51,99486.94,47548.78,18415.72,23644.7,57609.44,107364.54
2026-08-14,East,In-Store,Home,Direct,80657.18,4708,1914,4318,25606,1914,11868,6276,21486.99,36925.88,59170.19,66232.62,7758,82586.15,80316.32,80657.18,4900,4861,68,107,4126.3,42.14,3.19,4.14,6923.48,2945.98,80657.18,73542.58,57576.36,4025.0,6983.8,67883.96,88454.95
2026-08-23,East,In-Store,Apparel,Email,94804.2,2495,2135,6242,86837,2135,74088,20286,25098.87,47441.2,69705.33,104363.14,9043,96480.51,90095.42,94804.2,6508,6585,197,120,7861.95,44.4,7.3,1.99,20509.26,4154.58,94804.2,72350.39,14504.25,16750.66,19579.92,42598.99,82143.77
2026-08-24,Central,In-Store,Sports,Social,132341.21,5845,262,561,6356,262,3264,2177,57530.86,79309.9,74810.35,70817.83,915,135016.72,126882.69,132341.21,5232,5427,478,283,10249.93,505.12,7.6,2.53,22995.14,5040.47,132341.21,102617.27,51638.19,15797.42,7202.15,44077.87,95883.11
2026-08-29,East,In-Store,Apparel,Social,106413.07,4349,503,937,8713,503,4768,2466,27617.78,87266.66,78795.29,105100.12,2214,106680.52,99044.32,106413.07,6795,6943,398,250,7547.23,211.56,4.01,1.18,5385.94,1349.42,106413.07,81257.89,55565.27,16518.93,5707.0,58730.55,109321.24
2026-09-03,East,In-Store,Sports,Social,90961.54,2669,1120,2221,16714,1120,13606,3135,32063.05,66880.59,58898.49,50031.17,4906,91844.76,87699.71,90961.54,8792,8679,98,211,13217.22,81.22,4.1,2.4,10926.26,2346.73,90961.54,70391.28,56854.01,9991.28,9421.0,33096.32,91275.64
2026-09-30,East,In-Store,Beauty,Email,121520.74,2022,295,845,3790,295,2392,738,59388.7,59439.36,62132.04,59959.93,1422,125104.22,115660.89,121520.74,3621,3711,437,347,14704.64,411.93,5.34,3.82,7177.99,1944.97,121520.74,97942.52,9355.83,9340.97,15100.29,44932.33,51785.07
2026-10-03,East,In-Store,Sports,Paid Search,21199.38,1943,2157,5396,80660,2157,45903,17835,10657.88,15773.26,10541.5,10906.01,7082,21574.38,20938.95,21199.38,6727,6901,497,323,4452.27,9.83,3.6,4.82,30163.23,5909.08,21199.38,15868.8,33344.84,18361.27,4619.03,28445.74,59596.94
2026-10-07,Central,In-Store,Electronics,Email,152106.73,5068,1790,2576,46579,1790,38652,8490,39523.22,113877.46,112583.51,125110.02,3515,153497.24,152837.64,152106.73,7519,7382,39,176,9605.59,84.98,2.67,3.9,26550.0,7544.31,152106.73,95394.43,30893.4,1096.9,5021.1,48886.46,74544.41
2026-10-14,Central,In-Store,Home,Direct,75578.21,5742,1118,3475,15026,1118,10610,5719,36452.68,62701.32,39125.53,33708.44,4797,77072.13,71633.82,75578.21,7389,7518,176,47,1655.71,67.6,3.36,1.1,2217.89,773.42,75578.21,64704.67,39704.66,1592.45,2750.08,26750.38,54159.72
2026-10-22,East,In-Store,Electronics,Organic Search,13814.46,4897,1214,3496,23580,1214,23474,7326,6894.21,11808.2,6920.25,10903.05,6275,13980.72,13216.85,13814.46,5814,5598,89,305,14814.98,11.38,6.31,2.88,3159.88,1796.4,13814.46,8661.79,34494.4,12808.14,23141.46,19418.43,73714.91
2026-10-24,Central,In-Store,Beauty,Paid Search,86181.47,1577,222,647,8175,222,7072,964,23078.94,41725.23,63102.53,50611.96,1475,88536.35,82507.1,86181.47,4733,4885,432,280,8021.34,388.2,4.46,1.98,5102.07,3271.28,86181.47,81754.12,39277.25,16156.48,15867.91,50338.03,86485.23
2026-10-25,Central,In-Store,Sports,Email,40385.92,5174,1689,2648,63068,1689,32526,14754,12729.93,24309.2,27655.99,31239.68,5737,41187.25,38206.05,40385.92,8183,8212,167,138,2495.46,23.91,1.67,3.43,10883.31,3517.85,40385.92,34496.04,20165.17,7126.95,19831.9,48013.51,56495.92
2026-11-02,East,In-Store,Apparel,Paid Search,150636.48,3280,410,642,9960,410,8196,3121,61935.68,95503.59,88700.8,122172.22,964,153994.51,149603.71,150636.48,8361,8722,390,29,6115.56,367.41,5.07,3.93,27273.27,7026.99,150636.48,93331.81,59813.19,8939.13,15480.12,53250.46,120884.11
2026-11-12,Central,In-Store,Beauty,Paid Search,166162.76,1556,169,306,6755,169,4769,1708,42983.54,117594.89,123179.22,139273.33,607,168979.25,157382.52,166162.76,7876,7881,61,56,7451.81,983.21,2.46,3.75,18740.67,6761.52,166162.76,124448.99,17844.4,6908.01,22123.49,32382.48,88657.9
2026-11-13,East,In-Store,Apparel,Organic Search,44464.68,5075,268,596,3385,268,1755,716,23459.81,33015.41,21004.87,31424.88,1357,44617.57,44601.92,44464.68,2004,2370,389,23,2899.71,165.91,7.25,3.19,2619.37,568.06,44464.68,36575.73,25528.26,2209.26,19863.42,38134.67,57028.4
2026-11-16,East,In-Store,Electronics,Email,99723.97,5108,362,982,15882,362,7489,4693,27983.33,79641.58,71740.64,99121.22,1186,102203.81,94717.76,99723.97,6747,6620,216,343,7591.57,275.48,7.03,2.33,14562.7,5710.05,99723.97,94409.95,24868.6,2168.1,9625.18,51824.51,66398.25
2026-12-17,Central,In-Store,Apparel,Social,95275.09,1632,1682,4595,83347,1682,79126,12329,33843.31,56698.76,61431.78,74857.88,9111,97366.16,95919.79,95275.09,5002,5170,330,162,9994.64,56.64,3.02,2.85,6746.53,1736.55,95275.09,66096.28,10031.6,4592.81,10685.15,19978.09,47766.92
2026-12-18,East,In-Store,Home,Paid Search,46812.57,5272,1570,4241,29625,1570,19167,11750,20616.9,33773.39,26195.67,33001.36,6660,46989.52,45692.77,46812.57,8832,8831,209,210,7999.74,29.82,4.86,3.44,12961.5,2452.17,46812.57,32566.37,15501.66,8289.88,7147.8,46812.8,40839.75
2026-12-28,Central,In-Store,Beauty,Direct,119837.4,4390,1489,4434,49080,1489,41680,13894,35489.96,71348.12,84347.44,83176.08,10501,120705.92,113942.05,119837.4,8371,8493,233,111,12990.32,80.48,3.75,4.25,5686.97,2505.09,119837.4,107473.56,49338.14,1909.48,21706.9,62376.3,97907.34
2025-01-03,East,In-Store,Beauty,Paid Search,162331.08,2224,1663,2574,25968,1663,24390,3433,66800.85,134516.59,95530.23,142051.93,3538,166152.24,158642.54,162331.08,2265,2390,484,359,9229.86,97.61,7.72,1.22,6544.96,1871.75,162331.08,133498.54,23800.6,10706.33,2280.36,18603.68,79402.87
2025-01-04,Central,In-Store,Apparel,Paid Search,176387.81,5985,513,761,11922,513,6374,3146,80985.78,117906.57,95402.03,117139.28,1579,180736.83,172608.61,176387.81,6276,6632,447,91,4609.15,343.84,7.49,3.09,32449.48,7603.93,176387.81,152130.96,11039.78,18577.57,11430.83,47121.38,76189.96
2025-01-12,Central,In-Store,Home,Paid Search,58679.99,3602,1866,5932,36957,1866,25369,9473,21357.23,30830.12,37322.76,39323.38,12958,58944.69,55909.97,58679.99,8029,8148,488,369,5096.76,31.45,4.63,3.73,2241.72,911.05,58679.99,54650.51,27185.57,12727.93,6352.93,43713.61,58063.44
2025-01-18,East,In-Store,Sports,Direct,149155.11,4889,695,2135,33267,695,26334,11181,42496.22,104305.94,106658.89,164781.13,3795,149971.75,149288.83,149155.11,7814,7814,134,134,14430.17,214.61,5.12,4.92,23352.69,6569.9,149155.11,117085.82,17999.88,18168.8,18374.23,37865.94,103977.25
2025-01-19,Central,In-Store,Electronics,Organic Search,90098.96,1863,1523,2104,46056,1523,24443,5915,28186.4,50911.65,61912.56,74283.76,4913,90466.9,89465.67,90098.96,6026,5937,298,387,1664.83,59.16,5.16,4.4,13402.13,5535.58,90098.96,71864.46,30192.05,10008.43,10473.93,36980.84,72959.54
2025-01-26,Central,In-Store,Home,Social,140991.24,2175,109,191,1597,109,926,561,69049.32,82234.99,71941.92,100658.27,251,144530.24,137166.38,140991.24,5929,6190,328,67,11545.4,1293.5,6.99,1.52,6127.01,2865.85,140991.24,116537.17,20017.22,19709.16,24072.35,30170.51,93996.21
2025-02-01,Central,In-Store,Sports,Organic Search,39213.72,3856,1315,2075,25190,1315,20345,8757,20598.86,25833.08,18614.86,22814.44,4548,39835.02,38397.56,39213.72,3666,3756,130,40,4552.75,29.82,5.58,1.63,6967.38,4531.0,39213.72,25678.6,46752.69,19345.16,16478.89,48790.23,89421.07
2025-02-04,Central,In-Store,Apparel,Direct,12150.93,4983,873,1241,14149,873,11292,3678,3656.82,8978.25,8494.11,10226.88,2776,12344.5,11679.72,12150.93,7420,7373,144,191,11354.65,13.92,7.91,2.32,38587.13,7578.87,12150.93,10438.89,48806.05,4013.68,22499.49,37248.27,78387.28
2025-02-05,Central,In-Store,Sports,Paid Search,22048.24,4430,1526,1954,49991,1526,25994,15964,7095.74,14288.55,14952.5,21631.85,3024,22658.88,21381.45,22048.24,5821,6186,427,62,6240.99,14.45,5.76,4.5,16829.37,3711.85,22048.24,14147.13,9169.77,15830.03,7055.36,37202.98,38544.72
2025-02-06,East,In-Store,Electronics,Direct,62790.02,1599,897,2637,30721,897,18275,10711,30383.47,29060.74,32406.55,41186.77,6235,62980.3,60141.96,62790.02,7109,7539,464,34,5437.45,70.0,4.92,2.25,15158.26,4439.49,62790.02,50200.14,24712.26,3013.45,5286.83,29676.58,45368.57
2025-02-09,East,In-Store,Beauty,Paid Search,12027.22,2517,2133,4413,27428,2133,27373,6153,4763.39,8744.83,7263.83,9214.15,10375,12203.83,12115.04,12027.22,7423,7293,268,398,6728.79,5.64,2.35,4.7,13638.42,4941.03,12027.22,9672.79,48203.08,19132.06,16412.69,60610.48,86512.07
2025-02-15,Central,In-Store,Sports,Paid Search,76186.24,4074,744,1644,13164,744,7846,1569,21465.87,63654.4,54720.37,69571.21,3919,77938.25,77785.34,76186.24,8239,8220,228,247,4751.32,102.4,2.16,2.77,19324.61,7355.06,76186.24,63911.72,38913.28,19457.01,17226.61,9713.65,96468.26
2025-03-03,East,In-Store,Beauty,Paid Search,162053.08,1822,966,2839,15407,966,9416,5096,45153.62,121491.09,116899.46,175974.77,3743,165193.71,163615.35,162053.08,6664,6489,63,238,9721.25,167.76,2.5,1.43,35928.74,7505.34,162053.08,103334.52,50563.65,15031.14,11964.1,63745.9,130351.32
2025-03-04,East,In-Store,Electronics,Organic Search,72648.18,3763,1649,3971,37854,1649,17979,7688,39755.32,57714.38,32892.86,39487.53,6118,73086.97,69341.37,72648.18,7932,7720,163,375,11807.08,44.06,6.06,4.69,7717.95,1900.69,72648.18,64850.73,40321.79,18755.04,17890.53,18557.52,88813.62
2025-03-14,Central,In-Store,Electronics,Email,169881.25,2044,1039,1650,20682,1039,9149,2622,72230.61,95744.6,97650.64,154705.74,2240,174492.94,172678.99,169881.25,2281,2264,22,39,3164.92,163.5,1.85,2.92,5299.07,2561.98,169881.25,104119.38,34149.8,480.27,21555.1,52175.82,102596.89
2025-03-19,East,In-Store,Sports,Email,72789.82,4468,547,1247,17704,547,11215,6647,38988.37,53983.35,33801.45,49909.24,1947,74006.03,69495.98,72789.82,4535,4787,474,222,11207.69,133.07,1.94,4.71,8223.05,1679.73,72789.82,66794.26,36320.87,7868.39,9978.25,22065.37,69140.28
2025-03-28,Central,In-Store,Apparel,Email,68494.98,3904,812,1087,17682,812,8431,5596,20875.02,31682.77,47619.96,53718.72,2353,69517.6,68703.13,68494.98,5313,5608,371,76,3552.33,84.35,1.88,1.48,5173.92,974.63,68494.98,43231.57,21644.75,3702.35,2756.27,67895.93,44218.99
2025-04-09,Central,In-Store,Beauty,Direct,13752.92,3420,2070,4474,28130,2070,23584,6599,3932.69,10098.16,9820.23,7869.9,8319,13956.42,13740.4,13752.92,5312,5418,152,46,11727.9,6.64,6.39,1.2,7729.12,2886.72,13752.92,8455.02,29252.37,15802.47,2491.72,30977.67,49907.53
2025-04-15,Central,In-Store,Electronics,Email,42568.93,4756,125,375,1780,125,771,382,18171.46,34226.19,24397.47,37198.91,870,43646.24,43018.23,42568.93,7855,7774,91,172,3211.07,340.55,7.59,1.01,12368.8,2543.76,42568.93,34454.58,34862.72,3879.02,6601.99,60001.39,56503.4
2025-04-20,East,In-Store,Beauty,Organic Search,120474.0,3457,2033,6078,48192,2033,37753,13872,52960.27,66752.97,67513.73,107593.29,10511,123864.45,114592.31,120474.0,7741,7634,100,207,4947.13,59.26,4.27,1.46,25235.46,5172.82,120474.0,93546.32,6046.89,18939.17,19234.25,25726.61,76498.3
2025-04-24,East,In-Store,Sports,Organic Search,23780.19,5824,1157,1948,33623,1157,29563,6340,7501.55,12196.46,16278.64,15192.39,3884,24234.91,22720.94,23780.19,4999,4895,55,159,9961.71,20.55,1.74,2.14,15492.51,4376.07,23780.19,14854.47,9672.19,5772.48,8102.06,9217.79,28104.45
2025-04-30,East,In-Store,Home,Organic Search,89013.79,5132,107,325,1518,107,1502,387,25939.25,59597.07,63074.54,82100.4,782,90442.52,88676.15,89013.79,8384,8473,332,243,8746.43,831.9,6.68,4.34,7566.7,4102.97,89013.79,53836.09,7691.06,14231.33,16401.89,49501.99,62954.4
2025-05-02,Central,In-Store,Apparel,Email,68959.84,2154,402,849,5579,402,3119,1451,27678.61,33002.67,41281.23,49075.65,1298,69267.7,68049.99,68959.84,8761,8882,146,25,6819.73,171.54,5.21,4.18,9583.23,2008.71,68959.84,45501.37,9203.8,18156.06,3728.67,64388.04,45811.22
2025-05-06,Central,In-Store,Electronics,Email,60019.25,5686,1737,2616,33077,1737,24935,9417,26020.2,41149.89,33999.05,43158.47,4138,61793.18,56964.55,60019.25,2989,3008,408,389,3712.24,34.55,5.28,1.06,16790.15,3128.73,60019.25,37111.2,15335.97,2184.91,21365.52,37576.3,51833.94
2025-05-13,East,In-Store,Home,Organic Search,121999.31,2207,1369,1531,20351,1369,19252,5431,56502.35,62068.95,65496.96,93485.04,3588,123808.4,117071.4,121999.31,3907,3913,174,168,7483.34,89.12,7.67,4.24,36311.38,7690.93,121999.31,98906.15,9472.93,15475.07,9477.79,36664.52,62471.3
2025-05-15,Central,In-Store,Apparel,Paid Search,127340.0,5588,1098,1785,15112,1098,11126,1845,37747.04,53062.39,89592.96,119905.92,4039,129815.58,119777.76,127340.0,6803,6524,25,304,14085.48,115.97,4.47,4.38,10174.11,2197.35,127340.0,110266.18,55349.51,8000.13,18050.95,18976.49,117372.37
2025-05-16,East,In-Store,Beauty,Email,161329.88,4079,604,733,25192,604,18912,9989,52902.51,93158.91,108427.37,109391.56,1275,165947.27,154401.06,161329.88,6211,6062,237,386,10491.12,267.1,4.13,3.78,10724.12,2619.73,161329.88,152420.19,55349.52,12277.84,16940.21,10767.6,117385.04
2025-05-19,Central,In-Store,Electronics,Social,154191.76,4074,2087,3306,43813,2087,24225,14174,75179.92,74747.5,79011.84,98884.41,5894,156666.57,155334.08,154191.76,6997,6990,72,79,3405.52,73.88,1.92,3.86,25554.2,4785.04,154191.76,133996.31,25440.56,17691.5,9828.85,13541.42,82626.23
2025-05-20,East,In-Store,Home,Paid Search,8378.87,1833,1513,2004,30768,1513,23105,8869,4559.5,3973.04,3819.37,3395.08,4763,8575.64,8032.9,8378.87,7661,7672,259,248,8259.39,5.54,3.7,2.18,27002.04,5106.35,8378.87,6084.74,34840.83,16031.88,20759.63,49564.26,72650.86
2025-05-23,Central,In-Store,Home,Social,93079.86,2727,1830,4939,25329,1830,20734,8138,43485.7,72002.4,49594.16,45029.57,11401,94875.95,94857.76,93079.86,4065,4076,25,14,7517.04,50.86,5.04,4.86,21012.97,4323.85,93079.86,58224.95,36076.76,9431.69,6456.1,69804.43,65473.42
2025-06-02,Central,In-Store,Home,Paid Search,88895.09,3045,1161,1761,39320,1161,21477,4300,39556.65,69755.52,49338.44,50304.46,2485,89207.28,89063.51,88895.09,8471,8297,47,221,12866.12,76.57,6.19,2.89,9323.95,2485.05,88895.09,81091.41,16250.33,3969.99,19707.46,10391.87,55019.12
2025-06-07,East,In-Store,Beauty,Direct,32112.7,1637,289,634,6802,289,3162,1688,14124.33,14928.16,17988.37,26059.93,974,33054.57,31800.95,32112.7,2819,3001,464,282,1705.68,111.12,7.51,4.34,22591.59,7406.75,32112.7,26472.86,47753.01,8901.04,13781.54,30483.36,78253.57
2025-06-28,East,In-Store,Home,Direct,143386.92,2007,2030,5357,47484,2030,40821,18115,60661.81,97507.65,82725.11,78655.92,13237,143690.78,137000.12,143386.92,6981,6883,79,177,1787.08,70.63,3.01,1.71,19931.82,7581.98,143386.92,121559.08,43663.24,8756.77,21297.23,54219.18,97314.02
2025-06-30,East,In-Store,Apparel,Social,155264.44,4236,353,473,4914,353,4153,1627,40770.99,135135.77,114493.45,144225.33,766,157070.55,148412.09,155264.44,7400,7490,176,86,5395.55,439.84,3.33,1.76,30679.18,6614.66,155264.44,143507.47,29964.23,15887.02,16778.17,14333.29,105897.02
2025-07-17,East,In-Store,Beauty,Email,178495.3,4247,1975,5319,44418,1975,41884,4562,66498.8,103641.77,111996.5,125378.88,10052,179398.72,173756.76,178495.3,2230,2104,27,153,5915.47,90.38,5.08,4.04,8795.87,1812.57,178495.3,111839.75,26653.83,8451.0,7872.74,12129.25,80591.23
2025-07-23,East,In-Store,Home,Organic Search,140140.37,5207,467,643,8295,467,8284,2515,51110.14,114466.98,89030.23,116797.41,928,144171.92,133647.83,140140.37,4401,4255,210,356,9262.9,300.09,1.71,1.48,2816.74,1089.94,140140.37,126730.67,19779.08,18471.37,15033.26,68324.85,88322.93
2025-08-10,East,In-Store,Home,Social,18854.31,1816,1502,4063,27465,1502,27363,7787,7736.17,12859.31,11118.14,17694.6,6182,18990.53,18439.94,18854.31,7237,7405,425,257,4766.8,12.55,2.1,1.22,4895.93,1402.31,18854.31,12979.07,8248.22,10889.31,11107.73,39839.22,35553.64
2025-08-13,East,In-Store,Beauty,Paid Search,42954.82,3670,683,1006,12599,683,8012,3654,21706.2,37036.84,21248.62,31498.86,1443,44015.23,43612.04,42954.82,7303,7456,382,229,7016.67,62.89,3.29,4.36,27558.23,6397.3,42954.82,29817.08,18936.75,13153.33,6335.68,27523.15,47875.42
2025-08-20,East,In-Store,Home,Paid Search,115588.58,3504,1339,3931,18189,1339,9524,6787,60962.5,99558.73,54626.08,86778.45,5094,118913.06,117782.74,115588.58,2177,2285,203,95,8857.01,86.32,2.34,4.42,30301.74,7938.15,115588.58,96304.47,10480.67,903.23,20701.0,35084.95,58118.43
2025-08-23,East,In-Store,Apparel,Direct,24145.69,5826,741,1869,13218,741,5877,3750,10607.2,15866.78,13538.49,16509.57,2601,24539.53,23465.48,24145.69,3886,3691,136,331,4082.54,32.59,6.27,4.11,24451.81,7271.17,24145.69,14499.38,53216.35,3710.69,3010.04,50799.92,64889.95
2025-08-29,Central,In-Store,Beauty,Paid Search,124260.18,5464,968,3071,32750,968,20625,4028,49842.95,65399.89,74417.23,88849.69,6110,124546.06,124341.18,124260.18,7756,7521,27,262,7382.71,128.37,3.71,3.49,6745.6,3145.28,124260.18,79922.65,21007.3,10461.66,4580.24,31324.67,62704.11
2025-09-07,Central,In-Store,Beauty,Email,146900.73,3767,1801,3001,36786,1801,34455,14645,54968.23,114584.55,91932.5,106312.66,6686,150219.11,141292.99,146900.73,8908,9107,323,124,9892.55,81.57,6.24,2.68,19556.75,5162.56,146900.73,94251.23,9296.69,15215.16,20403.17,40676.51,76808.82
2025-09-10,Central,In-Store,Home,Paid Search,147713.53,3065,1353,2682,56124,1353,40579,7161,77429.62,93971.3,70283.91,83262.7,5961,149843.2,143936.1,147713.53,8168,8312,192,48,4281.8,109.17,1.93,1.88,29040.51,7612.01,147713.53,124199.68,55978.92,18383.54,24426.4,9136.64,123767.67
2025-09-17,East,In-Store,Beauty,Email,170947.76,1752,1097,2982,22343,1097,20774,2697,59665.99,85433.25,111281.77,147033.82,3932,175266.25,164681.4,170947.76,8253,8147,60,166,5392.85,155.83,7.57,3.1,1819.81,542.55,170947.76,127011.28,9420.57,15478.79,19811.28,58183.69,88820.79
2025-09-18,Central,In-Store,Beauty,Social,50110.56,1639,336,862,8349,336,7679,2515,16794.11,31791.79,33316.45,47675.67,1806,50430.87,48681.25,50110.56,3200,3272,146,74,14247.9,149.14,2.03,1.66,14876.91,3245.79,50110.56,45262.92,54001.69,15816.97,18085.93,18263.02,102207.29
2025-09-23,Central,In-Store,Electronics,Organic Search,118763.01,3084,2017,4861,26303,2017,20454,6570,35443.33,93308.6,83319.68,112819.64,11494,120832.32,117011.3,118763.01,5462,5438,202,226,7970.41,58.88,2.55,3.74,16904.72,3170.26,118763.01,85659.2,52284.06,7939.76,4498.59,32920.38,98568.3
2025-10-15,Central,In-Store,Electronics,Direct,47452.73,3908,1214,2915,26744,1214,16142,5341,14530.17,42672.12,32922.56,30037.15,3907,47697.23,45558.48,47452.73,2745,2660,150,235,7558.34,39.09,6.35,2.88,2309.58,937.12,47452.73,33786.67,8906.84,18154.5,17469.77,55840.48,53542.26
2025-11-06,East,In-Store,Sports,Direct,76491.49,5427,411,604,5280,411,2880,916,23838.58,33757.01,52652.91,67391.88,1447,78318.31,74870.24,76491.49,5157,4961,53,249,5029.28,186.11,3.81,1.43,18429.64,3891.62,76491.49,53267.97,39575.9,3896.53,14524.14,50537.03,78214.13
2025-11-13,East,In-Store,Beauty,Direct,117874.05,4787,659,1432,20200,659,17160,7747,52653.38,99898.05,65220.67,70934.17,2058,119581.03,110731.62,117874.05,4884,4885,286,285,11289.07,178.87,3.87,1.52,3122.92,1011.27,117874.05,87513.75,56248.43,11190.52,8039.29,43337.24,96758.49
2025-11-18,East,In-Store,Electronics,Direct,167107.24,3088,1444,2324,43455,1444,21822,16685,42299.09,119948.12,124808.15,187580.18,5602,169780.79,156694.68,167107.24,8367,8551,496,312,1523.47,115.73,2.13,2.94,2304.28,1364.27,167107.24,111828.25,38461.1,15955.57,12173.22,41577.29,122863.94
2025-11-24,East,In-Store,Electronics,Social,139277.5,2461,202,504,3383,202,2213,689,34993.13,113699.6,104284.37,116389.12,624,143331.63,140582.39,139277.5,6881,6946,103,38,14272.54,689.49,2.64,2.03,18077.7,4271.78,139277.5,131636.7,41489.76,16379.59,17794.88,21460.69,110580.97
2025-12-03,East,In-Store,Beauty,Paid Search,122333.44,5769,2085,2347,39188,2085,19957,7174,37975.25,89244.41,84358.19,92752.88,5026,123676.95,114921.57,122333.44,2524,2613,117,28,14715.28,58.67,7.95,1.53,22557.7,5006.4,122333.44,88851.55,23761.16,19918.15,9162.99,58162.03,80668.16
2025-12-20,East,In-Store,Sports,Email,155599.9,2413,139,379,3873,139,3410,973,68346.49,81454.56,87253.41,107102.53,764,158217.82,151096.3,155599.9,7229,7384,379,224,6706.99,1119.42,2.59,3.46,4702.43,2187.21,155599.9,121112.08,11918.71,17044.04,22206.6,14956.11,83300.11
2025-12-21,Central,In-Store,Apparel,Organic Search,23657.81,3372,1533,4284,60187,1533,55065,16263,7895.54,13820.26,15762.27,15472.62,7884,24316.93,23460.21,23657.81,4556,4755,214,15,6426.48,15.43,5.26,1.27,9811.73,3425.62,23657.81,20541.11,39367.44,12690.52,8794.2,64570.61,65493.95
2025-12-27,Central,In-Store,Sports,Organic Search,140903.93,2105,655,1908,14942,655,11130,1543,40073.07,113944.55,100830.86,125538.98,3572,143786.03,140963.68,140903.93,7958,7917,63,104,8538.62,215.12,3.58,1.04,5373.32,2717.1,140903.93,106631.81,17054.82,19037.76,15543.73,49505.63,89298.0
2026-01-16,Central,In-Store,Home,Social,23874.12,5877,575,1081,11244,575,6054,3276,12028.1,11968.16,11846.02,12120.09,2172,24540.06,23682.76,23874.12,5792,5724,101,169,2245.09,41.52,2.02,2.65,7273.46,2849.09,23874.12,16113.53,31821.39,953.22,19844.13,48073.49,56254.77
2026-01-25,Central,In-Store,Home,Social,31957.2,5871,591,1382,7403,591,5578,2354,16883.37,24550.26,15073.83,21258.32,3131,32426.67,32403.0,31957.2,7936,8220,349,65,13129.98,54.07,3.85,1.93,10836.05,7161.89,31957.2,22921.24,7603.94,14826.01,3492.09,60019.75,32299.54
2026-01-28,Central,In-Store,Sports,Email,65329.83,3623,575,1029,14461,575,10281,2768,26370.31,49455.79,38959.52,33371.84,1716,65937.59,64122.44,65329.83,6504,6691,434,247,13597.7,113.62,7.28,4.07,19186.0,7355.16,65329.83,55474.26,36440.02,11743.63,5702.84,36724.75,63898.04
2026-01-31,Central,In-Store,Home,Email,146266.42,4946,245,514,11706,245,7519,3165,66016.75,109612.67,80249.67,126817.55,913,150635.27,144656.08,146266.42,8786,8908,315,193,2971.58,597.01,2.93,3.37,20348.04,6448.34,146266.42,130703.38,22705.9,10851.23,5351.43,69835.16,76953.83
2026-02-01,Central,In-Store,Apparel,Email,162600.19,2477,2197,4729,37508,2197,27109,9751,51643.99,127996.6,110956.2,127411.26,10289,166338.76,155205.44,162600.19,7663,7633,142,172,4359.95,74.01,4.66,1.3,36477.15,7767.07,162600.19,133577.29,9010.89,158.82,12256.88,12970.67,59649.97
2026-02-05,East,In-Store,Apparel,Paid Search,90815.6,4755,2043,2359,40791,2043,31728,14540,33539.59,53525.28,57276.01,63478.28,2947,92680.6,92312.49,90815.6,6112,5875,142,379,9475.35,44.45,6.58,2.02,20775.22,4204.2,90815.6,67592.83,34428.56,4828.81,3064.34,16287.51,61365.19
2026-02-11,Central,In-Store,Beauty,Social,129716.72,4356,1253,1719,21189,1253,14240,4917,40435.14,79549.18,89281.58,89511.63,3017,132751.21,123758.88,129716.72,3783,3734,126,175,1809.13,103.52,7.89,2.11,29573.64,7311.48,129716.72,89987.86,34853.25,4549.36,10000.17,41238.1,76256.27
2026-02-19,East,In-Store,Sports,Social,44613.42,2513,1313,3202,20526,1313,11157,7147,20682.93,26130.49,23930.49,25950.39,4003,45517.77,42917.35,44613.42,6873,7085,424,212,11671.23,33.98,5.63,4.11,9234.24,2673.49,44613.42,41068.39,28528.03,12043.34,12062.97,51668.41,60419.46
2026-03-01,Central,In-Store,Apparel,Direct,174459.06,2265,1660,1841,68877,1660,61862,23381,51703.4,82680.4,122755.66,119930.53,3842,174920.01,166702.22,174459.06,8214,8335,258,137,8481.16,105.1,2.55,4.23,14106.71,6050.79,174459.06,127298.17,22701.71,15651.19,8948.67,63375.14,83280.73
2026-03-08,Central,In-Store,Sports,Organic Search,95384.04,1778,1774,2873,39218,1774,21230,4055,47606.71,72601.65,47777.33,58491.17,4102,96033.12,93054.33,95384.04,3272,3588,366,50,3083.91,53.77,2.55,1.03,13982.38,7339.71,95384.04,59014.0,29709.52,4144.96,13970.6,20177.77,65372.43
2026-03-21,East,In-Store,Apparel,Organic Search,26585.27,5079,659,1028,15667,659,14858,3848,14392.46,17977.38,12192.81,13562.79,1569,27187.8,26781.64,26585.27,6398,6317,281,362,6728.48,40.34,6.62,4.68,5818.2,1062.79,26585.27,20864.2,15938.49,10988.89,23163.08,14730.94,54159.3
2026-03-28,Central,In-Store,Beauty,Paid Search,80646.75,5306,2046,5599,65118,2046,40941,18423,22868.0,48809.74,57778.75,52636.36,11891,81572.3,81393.19,80646.75,7644,7960,491,175,10986.05,39.42,3.74,3.81,29140.91,6799.88,80646.75,56665.58,41061.44,7628.29,2274.62,49524.08,66755.26
2026-03-31,East,In-Store,Sports,Social,95190.02,5477,1461,3361,61800,1461,27258,12328,43553.47,85015.49,51636.55,60645.1,4800,95701.89,91055.75,95190.02,7998,8224,487,261,14631.59,65.15,4.54,1.15,24437.46,5965.04,95190.02,61044.7,44775.6,4014.1,24564.66,47710.48,91547.89
2026-04-28,East,In-Store,Apparel,Organic Search,166354.19,2091,144,332,2997,144,2625,1005,77271.4,134809.87,89082.79,90064.71,629,170961.62,160558.73,166354.19,8311,8380,171,102,10149.86,1155.24,7.97,3.1,23097.35,7024.28,166354.19,154692.25,26757.58,9177.39,9876.9,57621.39,72831.28
2026-05-02,East,In-Store,Sports,Email,110583.3,2208,1813,3679,25007,1813,23490,3410,44740.97,56338.21,65842.33,99110.06,6890,112718.68,104475.62,110583.3,8273,8353,198,118,4235.3,60.99,4.0,3.99,14592.61,3820.3,110583.3,86166.81,9415.51,12305.86,2311.37,8323.78,53765.76
2026-05-04,Central,In-Store,Electronics,Direct,173763.22,3999,2145,5890,39418,2145,16120,11865,51021.72,95707.27,122741.5,113900.3,12600,174087.68,168461.64,173763.22,8744,9052,471,163,10247.15,81.01,5.11,1.9,14737.51,5038.92,173763.22,110981.31,56663.31,17521.18,12093.2,66432.84,120447.78
2026-05-07,Central,In-Store,Apparel,Direct,52958.87,3083,1993,3891,42879,1993,18493,10068,14376.19,23601.41,38582.68,31815.24,9720,53617.61,50147.08,52958.87,7954,8317,466,103,6167.95,26.57,6.98,3.41,32517.5,7550.79,52958.87,32545.76,15867.25,3151.21,5196.64,19346.95,33759.67
2026-05-10,East,In-Store,Beauty,Email,9649.4,4533,980,2416,24495,980,10616,2624,3015.37,6336.44,6634.03,8575.9,3401,9818.6,9538.88,9649.4,3643,3828,272,87,11333.85,9.85,6.95,3.9,22292.63,7094.97,9649.4,8325.43,7733.99,16825.08,7149.99,56803.37,34281.83
2026-05-13,East,In-Store,Electronics,Paid Search,108495.48,1926,1929,3818,26047,1929,11427,7282,39872.22,92959.79,68623.26,76423.58,4923,110603.27,105191.88,108495.48,8204,7917,54,341,9478.04,56.24,3.61,4.53,8337.68,4556.55,108495.48,79760.51,29331.53,12648.86,3701.83,36738.04,68609.29
2026-05-22,Central,In-Store,Sports,Organic Search,109383.76,5350,1887,2363,31496,1887,15374,12259,56971.15,76445.76,52412.61,43838.08,4500,109430.74,102238.77,109383.76,5454,5629,380,205,2374.6,57.97,5.24,1.7,16839.83,5147.36,109383.76,66885.66,9193.2,18306.09,6113.19,12415.07,46763.9
2026-05-25,Central,In-Store,Electronics,Email,73882.35,5196,415,680,11488,415,6542,4390,23508.91,58875.61,50373.44,60679.58,1118,75806.97,70555.07,73882.35,3070,3329,271,12,11745.91,178.03,5.93,3.15,17449.6,3543.77,73882.35,67136.15,21012.69,14390.83,22847.9,41175.99,76455.29
2026-05-29,East,In-Store,Sports,Paid Search,59651.35,4995,1882,4849,38152,1882,26048,4397,27800.1,36039.43,31851.25,32984.11,10311,60377.68,57610.1,59651.35,4993,5205,254,42,3390.01,31.7,6.08,3.15,5795.79,3547.74,59651.35,42941.75,35650.27,11566.72,11702.86,37583.01,68815.08
2026-05-30,East,In-Store,Sports,Direct,80765.45,4431,1550,3918,73324,1550,70999,22170,23964.45,48903.67,56801.0,67844.73,5901,82933.72,80033.17,80765.45,3848,3883,270,235,9276.03,52.11,5.96,1.66,2165.77,616.8,80765.45,54400.47,31187.68,7665.42,15948.81,47546.12,75155.33
2026-05-31,East,In-Store,Sports,Email,105623.02,5172,1776,2467,69684,1776,50709,17243,31494.48,69044.55,74128.54,106728.67,5388,106922.38,103595.4,105623.02,2777,3174,420,23,6939.23,59.47,5.36,2.62,4848.34,2554.76,105623.02,82862.08,39241.87,6639.84,24972.45,48659.82,102872.76
2026-06-02,East,In-Store,Beauty,Email,175184.84,3729,318,410,4285,318,4044,1111,91815.84,71566.8,83369.0,83175.55,777,177201.82,172877.92,175184.84,8926,9278,444,92,1983.43,550.9,1.95,2.16,2543.43,615.52,175184.84,141746.82,30652.92,1564.26,23319.53,65737.97,80489.38
2026-06-03,Central,In-Store,Electronics,Organic Search,141400.56,3287,1595,4828,52641,1595,23012,13957,62023.42,109496.38,79377.14,70348.12,10791,144127.19,139167.36,141400.56,3467,3288,211,390,12789.54,88.65,4.45,2.53,18521.05,3970.27,141400.56,86418.26,10452.47,18490.23,18901.49,42629.19,68948.63
2026-07-02,East,In-Store,Electronics,Social,11322.31,3408,1498,2052,20277,1498,10566,3444,3352.6,4559.38,7969.71,11537.52,4891,11453.36,10739.41,11322.31,2847,2849,80,78,4303.11,7.56,5.69,4.08,14276.57,4814.71,11322.31,9086.55,14678.4,2123.97,19061.36,32994.55,39324.99
2026-07-08,East,In-Store,Electronics,Organic Search,133735.65,5132,1637,3860,21792,1637,11646,2308,59549.28,91993.21,74186.37,83164.16,6504,134177.89,124016.63,133735.65,2888,2779,255,364,13915.43,81.7,3.46,2.85,1495.59,906.92,133735.65,104269.35,56810.44,15592.63,23448.94,56159.94,120801.26
2026-07-14,East,In-Store,Home,Direct,65257.76,2116,1117,2159,19343,1117,10331,4429,31842.98,48230.53,33414.78,27176.74,3493,66327.55,62747.82,65257.76,3311,3335,382,358,2511.47,58.42,6.85,3.2,8541.99,2026.87,65257.76,56008.99,29125.33,1697.93,16481.34,10075.11,55457.62
2026-07-15,East,In-Store,Home,Paid Search,69310.35,3523,1799,3306,36942,1799,29340,5582,23204.49,47342.41,46105.86,60758.33,7053,69741.42,68792.62,69310.35,8765,8639,181,307,1748.5,38.53,7.64,3.42,3260.4,686.43,69310.35,41823.4,14768.94,19413.5,4404.71,43316.8,56814.65
2026-07-25,Central,In-Store,Sports,Direct,13958.78,2218,1183,3322,37112,1183,34851,13091,3641.06,6415.66,10317.72,12285.25,4343,13974.63,13045.91,13958.78,3720,3860,301,161,9973.47,11.8,5.23,1.86,7004.45,2886.24,13958.78,9824.52,17172.81,10777.71,10666.97,15870.7,42303.06
2026-08-07,Central,In-Store,Sports,Email,148623.89,4796,2092,3769,36835,2092,31883,14271,65526.48,112680.32,83097.41,121120.8,9048,148965.23,137821.67,148623.89,4146,4191,95,50,10348.09,71.04,5.22,2.34,9147.53,1941.38,148623.89,109397.34,27885.55,13875.13,13553.95,14700.28,91650.87
2026-08-12,East,In-Store,Home,Organic Search,15126.18,1925,546,1389,7890,546,3964,2320,4319.97,6160.72,10806.21,15760.12,1744,15255.95,14402.01,15126.18,5868,5958,315,225,10283.65,27.7,3.83,2.83,8794.92,2349.52,15126.18,12961.41,49724.05,12170.18,22575.36,16145.95,89197.63
2026-08-15,East,In-Store,Electronics,Direct,122827.14,5862,1947,4110,55550,1947,26555,9138,33870.92,66556.01,88956.22,80780.7,5842,124256.08,123991.36,122827.14,2419,2746,338,11,9069.04,63.09,3.99,2.35,5683.71,1324.41,122827.14,110547.07,31316.23,6548.26,15504.08,19569.61,77602.78
2026-08-21,East,In-Store,Beauty,Organic Search,23032.65,5197,613,1652,8870,613,5449,1690,10846.14,20035.06,12186.51,14193.65,3011,23358.71,21795.11,23032.65,8750,9052,491,189,3301.15,37.57,5.94,4.34,13740.83,4481.03,23032.65,20759.03,16822.41,11120.05,20407.67,28037.62,52608.22
2026-09-05,East,In-Store,Beauty,Organic Search,77278.27,2052,1727,4265,41432,1727,41429,11054,31403.39,46823.26,45874.88,58318.13,9915,79288.03,78840.95,77278.27,3094,3259,350,185,7079.42,44.75,5.46,4.31,17951.9,5689.58,77278.27,71860.88,50608.69,19895.17,12607.33,9445.29,100606.63
2026-09-08,East,In-Store,Home,Social,29972.4,2729,1464,2611,47408,1464,28875,6350,16142.18,21932.74,13830.22,12369.44,5089,30654.06,30599.7,29972.4,6883,7251,470,102,2581.82,20.47,4.49,1.63,13769.63,2690.73,29972.4,27928.18,34091.12,13040.86,12923.08,23994.09,63765.89
2026-09-14,East,In-Store,Apparel,Social,39662.13,3126,365,877,5300,365,5069,1040,16377.2,18586.13,23284.93,31794.37,1655,40193.24,39574.41,39662.13,7898,7942,188,144,14655.1,108.66,3.55,2.63,10993.41,5269.85,39662.13,29294.36,46746.45,13646.38,11202.93,68948.99,81134.07
2026-09-15,Central,In-Store,Home,Organic Search,95579.29,5580,1834,2656,44773,1834,24627,17156,43457.11,49946.34,52122.18,54142.99,4810,95652.81,88912.03,95579.29,4016,4029,306,293,10362.09,52.12,7.29,4.02,4648.67,2213.19,95579.29,76159.41,54845.3,3704.41,2959.69,13845.73,77752.3
2026-10-03,Central,In-Store,Electronics,Organic Search,154192.73,5210,1330,3888,17328,1330,13391,3227,41364.1,96723.31,112828.63,110981.59,6112,156481.82,144287.66,154192.73,2327,2761,463,29,1862.54,115.93,1.95,2.2,12371.43,5592.75,154192.73,107646.32,52073.45,16558.92,21426.35,61345.95,123353.2
2026-10-12,Central,In-Store,Beauty,Direct,175161.17,3244,1278,3374,45467,1278,45168,17354,63385.36,70259.59,111775.81,92117.57,6520,177270.93,177018.48,175161.17,8032,8025,293,300,11955.04,137.06,6.42,4.05,21320.83,6080.97,175161.17,105499.84,29494.34,10896.37,15641.8,43846.34,83667.78
2026-11-05,East,In-Store,Home,Social,160662.5,2465,778,1424,9780,778,5861,3895,57426.29,142842.72,103236.21,96202.07,2715,163383.53,153795.67,160662.5,3240,3601,436,75,7662.5,206.51,5.72,2.62,15337.65,6401.84,160662.5,109874.45,33981.75,15595.44,14992.1,26628.62,93429.91
2026-11-14,Central,In-Store,Beauty,Paid Search,59394.84,2997,1562,4331,34613,1562,27255,4122,30921.96,46282.16,28472.88,27301.41,5409,59652.3,58127.3,59394.84,2149,2440,409,118,2009.75,38.02,7.02,4.41,11041.74,4049.04,59394.84,45287.0,41820.54,1797.44,19035.17,24784.95,70843.57
2026-11-18,East,In-Store,Apparel,Social,31696.17,5412,2032,2749,40182,2032,33297,6130,8408.13,22686.96,23288.04,18924.25,4363,32586.47,30680.42,31696.17,5539,5644,331,226,6972.28,15.6,3.45,2.79,3980.61,2605.49,31696.17,23399.05,7712.74,10740.8,18196.78,17266.59,42327.6
2026-12-09,East,In-Store,Home,Direct,116527.41,5993,871,1971,34904,871,30070,12291,50607.78,93747.49,65919.63,98578.97,2738,119262.47,110905.67,116527.41,6071,6038,159,192,10761.09,133.79,2.63,1.49,24019.86,7207.95,116527.41,84392.15,57353.79,9344.76,12147.43,53851.04,108419.67
2026-12-25,Central,In-Store,Apparel,Social,92268.58,3058,593,1116,8033,593,5988,1183,40980.98,58706.66,51287.6,55427.32,2099,92576.54,85701.68,92268.58,8956,9171,437,222,6680.11,155.6,7.29,4.87,38513.94,7742.12,92268.58,56906.71,6626.82,163.16,19341.69,67034.93,42759.87
2026-12-31,East,In-Store,Home,Paid Search,146424.53,1934,1672,2640,78714,1672,61036,26660,51107.52,86993.93,95317.01,134687.33,6293,148724.74,138961.78,146424.53,6040,5980,273,333,8751.51,87.57,7.88,2.47,2675.99,516.2,146424.53,114075.87,36404.47,17810.03,7624.63,56627.3,102245.33
2025-01-03,East,In-Store,Home,Email,61927.56,3934,421,699,9216,421,5093,2884,32290.81,51995.05,29636.75,46790.09,1111,63005.77,58192.79,61927.56,5219,5399,198,18,4930.45,147.1,5.78,2.04,3012.6,843.49,61927.56,41699.72,33669.11,15958.81,15027.27,19012.69,78692.22
2025-01-05,Central,In-Store,Beauty,Organic Search,110703.26,5787,2119,6209,28042,2119,14032,5200,40490.48,89081.06,70212.78,89864.88,7798,113150.09,109777.87,110703.26,6608,6983,430,55,7523.19,52.24,4.91,1.31,6559.27,1692.96,110703.26,94089.15,47806.47,1517.38,10468.89,36145.77,86752.2
2025-01-17,East,In-Store,Electronics,Organic Search,157594.51,3276,1813,2566,28188,1813,27104,2919,51281.68,136028.52,106312.83,88263.47,3521,160520.28,159365.42,157594.51,4761,4954,293,100,11517.02,86.92,2.39,3.14,19194.9,5810.09,157594.51,111872.15,22386.52,7442.54,4238.21,36535.69,60546.31
2025-01-24,East,In-Store,Beauty,Direct,15850.45,2489,846,1706,16676,846,8315,2123,4317.21,8742.11,11533.24,17809.24,3720,16265.55,15263.97,15850.45,8030,7837,151,344,3531.66,18.74,4.97,3.02,3687.99,871.84,15850.45,13439.31,44784.63,5482.17,7476.63,63940.8,63086.2
2025-01-26,East,In-Store,Home,Organic Search,26389.56,4055,1624,5017,33824,1624,16775,7941,7274.02,17704.38,19115.54,23542.37,9108,26675.04,24991.97,26389.56,8930,8784,208,354,5310.04,16.25,1.93,3.41,7456.0,2207.64,26389.56,21653.33,37163.38,15692.82,20456.62,62066.89,80375.53
2025-02-01,Central,In-Store,Beauty,Email,174862.37,5796,1388,2712,18687,1388,10504,6742,78489.67,118426.25,96372.7,102631.26,5629,175400.15,170946.97,174862.37,2309,1987,23,345,1671.73,125.98,3.39,1.77,18275.78,7916.5,174862.37,141281.16,30770.04,15551.57,8922.59,30689.7,86033.58
2025-02-05,Central,In-Store,Sports,Email,55757.68,3822,2013,2845,27549,2013,23692,4128,20215.87,29445.45,35541.81,52653.28,5452,56832.46,56019.59,55757.68,2107,1836,59,330,4251.27,27.7,2.77,4.12,11946.09,7924.04,55757.68,36178.11,29722.63,19785.25,6558.97,67630.91,71862.83
2025-02-06,East,In-Store,Sports,Paid Search,37227.11,1725,1305,1530,21140,1305,17111,6240,15203.57,20011.23,22023.54,23666.13,2398,37944.29,37391.68,37227.11,2712,2377,20,355,4725.37,28.53,7.85,1.22,30585.99,7337.55,37227.11,33686.8,5284.87,5703.52,6054.63,43197.28,24142.86
2025-02-15,East,In-Store,Beauty,Social,170422.69,2891,693,1817,13908,693,7605,5145,57633.9,135959.83,112788.79,140886.91,4188,172384.68,162208.05,170422.69,8434,8438,390,386,8360.04,245.92,5.61,4.19,1758.11,842.15,170422.69,150182.92,25694.02,168.08,10415.96,18838.98,78544.13
2025-02-19,Central,In-Store,Electronics,Paid Search,168535.93,1800,2026,3333,65881,2026,45406,26265,74061.82,111273.42,94474.11,150313.18,7400,171196.77,170198.6,168535.93,6458,6472,388,374,8583.79,83.19,4.96,3.18,14524.22,6934.71,168535.93,116599.94,29425.57,9389.19,11902.94,64539.17,95811.65
2025-03-02,East,In-Store,Home,Paid Search,10929.08,4941,151,261,5740,151,3283,1257,4672.17,5881.77,6256.91,6579.44,584,11178.82,10364.98,10929.08,6885,7051,379,213,12489.26,72.38,5.48,1.28,5406.3,1521.34,10929.08,7599.43,42396.42,7421.73,18394.8,59294.31,70186.78
2025-03-05,East,In-Store,Sports,Paid Search,172290.91,2631,340,567,6721,340,3679,1121,90440.14,140445.86,81850.77,66520.93,1161,176403.62,171384.35,172290.91,6663,7003,350,10,14167.83,506.74,4.44,4.51,6465.98,1236.61,172290.91,126897.27,5569.12,19278.48,8860.63,14250.81,53664.51
2025-03-19,East,In-Store,Beauty,Social,177380.22,4983,897,1068,22934,897,18760,3018,88624.19,127245.57,88756.03,137088.5,1282,181927.43,179367.32,177380.22,6751,6735,329,345,1511.07,197.75,7.74,3.99,4617.33,2353.06,177380.22,158121.69,41367.54,14811.59,2236.19,68257.27,99541.87
2025-03-23,East,In-Store,Apparel,Paid Search,79931.84,2529,1320,2844,61720,1320,52025,23022,23972.2,37694.55,55959.64,52716.64,6855,80490.18,78082.85,79931.84,8963,8725,128,366,13283.77,60.55,2.65,3.38,9695.15,1886.74,79931.84,71118.05,50128.26,18912.17,7927.54,40924.31,92782.96
2025-03-29,Central,In-Store,Home,Paid Search,53057.76,4470,1257,2967,26180,1257,24924,5149,22174.39,28119.02,30883.37,44589.07,4936,54160.55,49895.08,53057.76,8917,9100,273,90,4032.62,42.21,7.55,4.28,20421.77,4082.06,53057.76,43601.76,53299.64,14910.27,20217.91,47038.6,101804.54
2025-04-03,East,In-Store,Apparel,Direct,85957.68,3271,1078,1784,29852,1078,27367,9815,31932.46,63549.22,54025.22,64035.1,4011,87883.38,82021.21,85957.68,8723,8531,94,286,8786.91,79.74,5.83,4.46,6597.53,3501.21,85957.68,58960.02,46935.04,18935.24,12719.41,35426.66,97800.22
2025-04-07,East,In-Store,Apparel,Email,43977.66,3360,1398,2101,19528,1398,19499,4419,12903.58,34773.61,31074.08,47581.78,4901,44000.03,41136.38,43977.66,4742,4946,498,294,12890.81,31.46,2.56,4.11,25513.05,7621.84,43977.66,27510.74,33750.69,16691.27,19528.44,42266.02,84244.93
2025-04-11,East,In-Store,Beauty,Organic Search,102636.47,3329,907,1018,11422,907,10774,3940,33041.44,47290.81,69595.03,95716.8,1928,104526.2,96183.12,102636.47,6715,7090,448,73,1838.41,113.16,7.34,1.22,9760.61,4342.65,102636.47,93632.94,41032.27,15133.21,2820.6,66965.63,87701.12
2025-04-15,East,In-Store,Home,Direct,16570.68,2711,1896,3490,36633,1896,20817,5035,4194.52,7352.98,12376.16,12012.49,4898,17062.62,16009.84,16570.68,4522,4802,489,209,12431.62,8.74,5.85,1.38,5567.55,1195.57,16570.68,12594.78,33853.94,8184.14,19908.19,49498.3,65550.02
2025-04-16,East,In-Store,Beauty,Direct,158661.99,2342,507,1127,6468,507,4358,2374,60423.24,77823.86,98238.75,141927.96,1427,161627.93,154775.01,158661.99,6999,7069,280,210,5522.53,312.94,4.28,4.14,9215.44,1717.7,158661.99,122513.19,31872.01,18946.32,18982.71,16957.39,112379.43
2025-04-25,East,In-Store,Sports,Paid Search,35069.29,3364,409,886,5604,409,3464,623,14485.76,29464.74,20583.53,31001.03,1840,35502.91,34251.05,35069.29,7760,7998,291,53,5069.21,85.74,7.84,4.7,6254.65,1232.25,35069.29,21190.4,27173.31,15952.14,15737.12,23819.43,68162.88
2025-04-30,Central,In-Store,Home,Paid Search,18392.8,5523,670,1135,11178,670,9056,3922,8499.58,16353.44,9893.22,8537.22,1828,18467.42,17374.7,18392.8,7347,7069,107,385,6435.28,27.45,5.52,1.19,25188.42,4898.3,18392.8,14818.55,26343.54,16216.6,6567.96,52750.72,51689.27
2025-05-09,Central,In-Store,Beauty,Paid Search,52917.47,4944,1501,4745,55716,1501,28915,20548,21430.83,33102.83,31486.64,34689.42,11686,53077.81,49916.0,52917.47,6445,6273,184,356,6314.81,35.25,7.2,1.56,42001.94,7961.16,52917.47,45709.65,21099.53,8896.89,17952.71,31353.68,58355.96
2025-05-14,East,In-Store,Beauty,Social,155473.41,4273,196,500,8465,196,8051,936,78767.48,119029.11,76705.93,85947.61,840,158282.79,146132.43,155473.41,7588,7763,403,228,14935.61,793.23,3.4,1.42,10897.28,7230.99,155473.41,110002.07,58213.74,1569.02,23387.59,35474.98,108954.63
2025-05-29,East,In-Store,Apparel,Social,17188.38,5755,895,2015,13078,895,11054,3046,9284.05,12929.0,7904.33,11849.98,2710,17438.69,16079.87,17188.38,8061,8245,438,254,2140.24,19.2,6.62,3.38,7463.59,3247.52,17188.38,15057.82,13907.15,17632.16,15456.07,26028.16,50550.37
2025-07-31,East,In-Store,Sports,Email,64535.48,4455,401,664,15546,401,14717,5127,26066.53,42998.73,38468.95,37047.3,1584,66455.71,61411.43,64535.48,2061,2237,384,208,6268.63,160.94,2.78,2.95,16078.55,3191.95,64535.48,48572.55,38209.32,1202.48,9150.02,13194.83,59676.01
2025-08-02,Central,In-Store,Electronics,Paid Search,152999.41,5321,877,1395,23584,877,20967,2463,58133.22,68921.84,94866.19,89829.72,1715,155712.3,144900.54,152999.41,4649,4732,440,357,10214.76,174.46,7.04,4.74,8560.72,2140.0,152999.41,99959.71,35252.18,2071.71,11343.53,69538.53,75616.34
2025-08-03,East,In-Store,Electronics,Paid Search,17837.33,2169,1006,1348,13182,1006,11239,2286,7038.73,9633.68,10798.6,11533.73,3200,17967.41,16697.25,17837.33,2403,2536,291,158,6441.86,17.73,2.5,1.44,29225.58,6735.76,17837.33,16409.8,20732.21,6169.96,22824.61,46312.01,53186.9
2025-08-19,Central,In-Store,Electronics,Paid Search,26703.5,3455,2170,4412,104526,2170,45801,39580,14322.3,13323.72,12381.2,10537.58,6983,26847.05,25592.33,26703.5,4845,5200,474,119,3767.29,12.31,4.93,4.23,13184.36,2518.06,26703.5,20744.17,36115.78,5051.11,23051.6,50267.82,67379.76
2025-09-03,Central,In-Store,Home,Direct,151877.93,3200,1257,2521,16102,1257,10151,2781,73075.05,107026.83,78802.88,102567.58,5953,154837.33,150687.13,151877.93,7325,7326,262,261,5763.76,120.83,3.86,3.04,14808.38,5664.83,151877.93,118576.49,24433.05,2966.09,5969.02,21134.22,64138.43
2025-09-11,East,In-Store,Beauty,Social,72715.05,4707,2013,6057,65813,2013,55403,19319,31253.19,41445.48,41461.86,58783.26,9762,73998.83,68735.99,72715.05,2320,2296,224,248,9180.13,36.12,4.83,4.93,30036.48,6753.12,72715.05,66088.17,42784.37,19127.21,11038.29,40380.37,90584.85
2025-09-26,Central,In-Store,Home,Paid Search,158291.92,5120,1731,4284,32124,1731,24217,8238,81700.23,63569.02,76591.69,71409.41,6719,158416.79,150134.23,158291.92,6062,6123,99,38,6129.68,91.45,5.7,2.93,20070.45,4414.62,158291.92,98272.42,8146.31,6698.31,19033.36,18291.82,55300.8
2025-10-09,Central,In-Store,Sports,Social,127050.67,5028,582,1777,15478,582,10448,4366,57311.72,74898.14,69738.95,76419.95,3561,128604.19,123034.09,127050.67,6830,6934,469,365,9591.55,218.3,5.15,4.5,2037.35,1065.29,127050.67,91098.81,21941.15,15449.01,14079.54,51649.29,74395.68
2025-10-15,Central,In-Store,Apparel,Organic Search,8585.04,5846,2190,3710,37424,2190,18952,9910,2736.03,4087.19,5849.01,6103.62,5638,8836.25,8281.05,8585.04,6285,6435,375,225,2065.05,3.92,4.17,3.73,13094.32,2846.13,8585.04,7058.36,30659.4,12150.44,23340.27,35798.01,67981.2
2025-10-18,Central,In-Store,Apparel,Direct,89581.36,5012,491,722,10077,491,4161,3871,40313.46,39275.47,49267.9,50562.73,1717,91068.57,89317.9,89581.36,2333,2502,478,309,2164.56,182.45,6.52,2.95,36040.79,7190.8,89581.36,56897.74,50175.03,18837.36,8908.3,14220.87,93089.51
2025-10-22,Central,In-Store,Sports,Paid Search,148935.17,5620,622,887,16373,622,10972,4910,81804.36,95959.88,67130.81,56194.69,1248,149869.53,145184.89,148935.17,2503,2214,99,388,5634.94,239.45,6.05,1.37,8985.35,2944.82,148935.17,94953.58,35470.87,16775.04,11739.53,31981.61,80843.85
2025-11-11,East,In-Store,Apparel,Social,173468.57,5264,1498,2588,35371,1498,15545,4364,82571.63,125928.44,90896.94,125863.18,4070,174655.78,164004.04,173468.57,2187,2441,354,100,2497.66,115.8,4.8,3.81,24879.81,5827.73,173468.57,138664.69,18617.61,13502.84,18095.99,61562.81,87975.39
2025-11-12,Central,In-Store,Sports,Social,60572.78,3366,94,221,1764,94,1556,198,23313.94,42271.31,37258.84,32049.11,475,61646.36,61482.07,60572.78,3397,3647,304,54,7459.85,644.39,2.05,3.36,26997.75,7827.58,60572.78,51699.1,41710.3,18663.05,14422.98,42405.14,84411.06
2025-11-23,Central,In-Store,Home,Social,11454.72,2533,711,879,9844,711,9561,2740,5019.52,4973.83,6435.2,6881.1,2021,11718.19,11387.34,11454.72,6377,6817,467,27,12511.98,16.11,4.7,4.51,16780.21,3058.15,11454.72,10581.56,47366.28,6635.69,20010.18,47560.85,76076.48
2025-11-30,Central,In-Store,Sports,Email,124861.53,4363,1602,1937,38401,1602,24233,11839,31730.08,95313.71,93131.45,147392.63,3304,128219.76,121965.37,124861.53,4515,4651,308,172,11801.22,77.94,6.18,3.04,20739.89,4838.57,124861.53,79761.02,32218.54,7975.21,15412.42,57213.97,99823.96
2025-12-02,East,In-Store,Home,Direct,70038.1,2771,1120,3458,20704,1120,20328,2757,21694.19,57819.35,48343.91,49206.76,8291,70878.73,69746.27,70038.1,8779,8860,369,288,14619.99,62.53,2.59,3.33,7351.67,1567.68,70038.1,64375.87,37150.89,7234.4,18612.51,14126.63,77759.83
2025-12-23,East,In-Store,Home,Paid Search,12472.77,5081,331,518,6621,331,3901,1549,5098.25,5144.85,7374.52,8489.78,944,12589.57,11671.13,12472.77,5707,5583,73,197,2302.58,37.68,3.76,3.29,40410.41,7510.88,12472.77,9667.67,6847.43,14233.84,19457.44,18050.67,43085.64
2025-12-25,Central,In-Store,Electronics,Organic Search,34112.8,2379,1440,2241,25742,1440,12866,7194,17687.26,15891.3,16425.54,16469.08,4876,34184.7,32872.89,34112.8,8825,8808,347,364,10112.14,23.69,5.72,2.93,28868.84,6215.04,34112.8,28249.84,57757.19,19737.06,22766.1,12791.3,105201.07
2026-01-03,Central,In-Store,Beauty,Social,119141.96,5554,1857,2681,32046,1857,24024,11543,48548.52,72831.84,70593.44,90104.98,6657,120583.96,114728.23,119141.96,8466,8616,287,137,12235.15,64.16,3.44,3.81,35262.15,7361.12,119141.96,102463.29,24248.96,8854.36,7264.89,39233.08,67399.7
2026-01-04,East,In-Store,Apparel,Paid Search,68077.69,4404,797,1397,11519,797,8482,3311,17389.77,36864.4,50687.92,41738.09,1762,69611.97,65541.67,68077.69,2335,2016,29,348,2049.04,85.42,7.03,3.0,22068.16,4661.83,68077.69,47538.32,38761.05,11413.95,11149.37,43124.36,73845.8
2026-01-12,Central,In-Store,Beauty,Social,47060.24,4734,571,1775,18267,571,12519,6866,16389.73,33174.49,30670.51,34496.91,3998,47303.65,43681.57,47060.24,2267,2481,414,200,2487.0,82.42,4.54,1.59,18920.91,4542.29,47060.24,40479.0,13731.63,3578.44,10499.52,51482.59,38158.66
2026-01-13,East,In-Store,Home,Paid Search,33862.99,5764,1983,5243,97690,1983,63508,11483,11217.93,22395.9,22645.06,25737.21,7902,34561.0,33106.25,33862.99,6878,6851,245,272,12995.83,17.08,3.35,1.67,7963.12,5066.87,33862.99,28742.14,57648.59,18728.68,23113.75,45590.22,107212.18
2026-01-17,East,In-Store,Apparel,Paid Search,108811.54,2028,1796,2143,69847,1796,59762,14568,55682.61,52101.66,53128.93,62704.01,3925,110789.29,104180.68,108811.54,5028,5100,126,54,13151.11,60.59,5.02,4.11,8915.61,1956.99,108811.54,69460.02,36458.38,13469.94,5999.04,8261.61,74738.56
2026-02-02,East,In-Store,Beauty,Email,122074.48,2244,1457,2213,32607,1457,23738,8108,39816.45,83312.31,82258.03,88302.55,3636,124738.39,121609.61,122074.48,7500,7461,65,104,5932.68,83.78,5.34,2.8,11640.75,3611.66,122074.48,110215.3,57904.01,16997.61,24914.88,11531.35,126307.26
2026-02-10,East,In-Store,Apparel,Direct,33007.1,4976,1766,3214,73268,1766,36653,27584,13625.17,23622.61,19381.93,18708.24,5517,33235.17,31279.82,33007.1,6221,6543,382,60,12968.5,18.69,7.32,3.26,23212.61,7696.09,33007.1,27191.53,10642.5,17593.83,15346.65,15203.21,49195.45
2026-02-21,Central,In-Store,Beauty,Social,36960.89,4040,1483,3636,22232,1483,8927,4127,15535.8,21286.98,21425.09,20678.29,5297,37308.95,36745.81,36960.89,8504,8395,237,346,5602.2,24.92,7.51,3.97,13593.34,4106.13,36960.89,27261.87,50250.69,1480.68,4464.35,38282.3,62399.21
2026-02-26,Central,In-Store,Apparel,Email,95829.74,5021,1507,4672,22635,1507,20560,5605,37039.26,65431.17,58790.48,56528.69,9850,96510.66,92183.45,95829.74,4361,4126,88,323,2700.93,63.59,2.51,3.62,9012.61,5564.29,95829.74,75150.16,56584.17,18805.56,22399.49,21724.79,114747.83
2026-03-26,Central,In-Store,Home,Organic Search,51904.7,4703,121,290,5204,121,4383,541,13598.7,21066.56,38306.0,34646.85,445,52590.71,51522.1,51904.7,3678,3562,119,235,3065.25,428.96,4.8,4.74,14917.92,4914.47,51904.7,43857.8,6491.66,9829.81,10573.08,30523.76,37288.6
2026-03-29,East,In-Store,Apparel,Paid Search,133285.82,4516,302,658,3881,302,2778,1063,42476.76,66553.47,90809.06,86104.73,1574,135651.87,131244.82,133285.82,4101,4171,201,131,4257.55,441.34,5.42,4.54,9136.29,2377.74,133285.82,83783.93,57621.32,13472.83,8321.55,12982.35,105247.12
2026-03-30,Central,In-Store,Sports,Organic Search,78511.55,2967,1617,4248,24189,1617,21273,3722,29815.76,42812.63,48695.79,60675.37,6612,78624.2,77905.41,78511.55,4231,4217,313,327,10822.82,48.55,6.78,3.01,27686.3,6185.47,78511.55,71034.46,46597.36,1039.34,20215.24,32010.41,86054.55
2026-04-05,Central,In-Store,Electronics,Social,128799.98,3166,530,846,12307,530,11934,2036,66353.75,109314.3,62446.23,77398.75,1986,130209.79,128394.11,128799.98,7366,7348,105,123,5640.55,243.02,5.31,4.0,3134.73,824.14,128799.98,109410.83,24230.19,17050.69,6418.69,47238.16,70919.2
2026-04-06,Central,In-Store,Sports,Organic Search,8503.96,3289,1527,3477,49349,1527,45873,10806,3470.2,6638.91,5033.76,4876.41,4460,8609.33,8283.11,8503.96,5225,5207,146,164,3780.66,5.57,6.44,3.49,30321.39,6942.77,8503.96,7298.63,9939.41,2742.82,10471.49,59369.84,24616.64
2026-04-09,East,In-Store,Apparel,Direct,132449.86,5004,535,661,7054,535,4123,1894,34340.15,90466.8,98109.71,153150.44,1377,132633.33,130218.0,132449.86,2345,2490,444,299,7886.69,247.57,1.54,1.89,14913.84,6576.48,132449.86,98433.1,29158.94,11916.77,2284.54,11745.0,89305.38
2026-04-17,East,In-Store,Apparel,Paid Search,42448.72,2886,1102,3473,15453,1102,7731,4887,14525.3,18344.87,27923.42,28853.11,5762,43255.48,41124.89,42448.72,2714,2825,346,235,5658.15,38.52,6.61,1.66,2785.94,563.82,42448.72,31708.04,50218.3,4912.45,16569.0,48011.6,80355.68
2026-04-28,East,In-Store,Apparel,Organic Search,32021.24,4658,1825,2644,84193,1825,43040,14848,11506.78,25300.73,20514.46,22136.02,5574,32360.51,31878.38,32021.24,4536,4789,487,234,8348.94,17.55,3.08,3.13,3964.84,1611.67,32021.24,26185.2,43735.62,14350.21,10927.31,68673.3,75653.95
2026-05-18,Central,In-Store,Apparel,Direct,121950.85,5696,2131,4460,27453,2131,16207,10076,55348.59,52163.33,66602.26,92446.3,9539,125267.7,115324.48,121950.85,2770,3097,480,153,11395.99,57.23,5.04,4.49,21182.27,6332.19,121950.85,109271.87,37634.26,7263.24,20295.95,42982.53,92927.34
2026-05-21,Central,In-Store,Apparel,Email,85985.54,5891,1017,2994,36621,1017,18368,13891,27776.08,55179.87,58209.46,77711.54,6704,86415.46,81645.38,85985.54,7083,7391,458,150,8302.56,84.55,1.52,1.37,6004.67,1340.43,85985.54,74453.43,18764.69,11086.26,14844.77,9871.78,68009.18
2026-06-01,East,In-Store,Sports,Email,136444.75,2971,1372,1630,21156,1372,14878,4892,50594.61,121907.98,85850.14,107393.73,2768,138013.01,136336.52,136444.75,3410,3446,277,241,7799.84,99.45,5.05,4.61,31677.09,6415.18,136444.75,88924.7,9366.79,13724.59,2723.07,56157.14,58032.57
2026-06-11,East,In-Store,Beauty,Social,157668.51,3652,621,1556,21277,621,19236,2798,39977.87,132431.86,117690.64,171395.57,3021,160782.61,148636.6,157668.51,5386,5482,488,392,10046.78,253.89,5.81,4.69,25039.28,5763.29,157668.51,144696.48,56798.64,10148.51,13311.77,14818.66,131677.59
2026-06-22,Central,In-Store,Electronics,Organic Search,99571.57,2482,167,370,3241,167,2918,1214,49487.44,86882.13,50084.13,72477.75,586,101407.29,98716.37,99571.57,6884,6613,118,389,3496.14,596.24,4.76,4.45,9401.74,6048.91,99571.57,87270.07,37377.57,18103.45,15041.93,51934.45,92266.28
2026-07-09,East,In-Store,Electronics,Social,38272.82,2243,2178,5284,36298,2178,29561,10155,13989.98,16866.86,24282.84,21395.29,12711,38404.99,36205.47,38272.82,2638,2410,144,372,6430.67,17.57,7.16,2.83,5390.37,1836.88,38272.82,31244.55,13678.88,12140.39,2315.99,63626.26,34553.85
2026-07-28,East,In-Store,Sports,Organic Search,49815.24,5093,416,894,5566,416,3336,2006,16188.5,42892.58,33626.74,42826.71,1429,49987.19,48002.94,49815.24,4865,4937,345,273,7605.79,119.75,6.73,3.16,23945.79,4398.27,49815.24,47260.73,30176.61,6766.56,4094.25,37521.55,53885.43
2026-08-04,Central,In-Store,Electronics,Paid Search,25138.34,3546,1537,3389,52458,1537,50474,10338,13555.24,16399.95,11583.1,17590.45,7379,25730.03,24155.05,25138.34,6401,6145,81,337,4936.59,16.36,7.58,1.32,2516.53,1540.05,25138.34,18319.38,48564.47,5565.86,24339.25,18313.28,83746.71
2026-08-15,Central,In-Store,Apparel,Paid Search,168441.89,3057,1579,4049,47725,1579,23773,15388,54749.18,68499.62,113692.71,110101.52,8527,173437.85,171230.5,168441.89,3773,3718,105,160,7198.62,106.68,7.21,2.08,9482.46,4901.15,168441.89,115543.4,8144.43,15178.05,5099.94,24462.3,61452.88
2026-08-17,East,In-Store,Sports,Direct,14574.52,5780,2071,6322,96711,2071,91322,21161,6009.5,8443.65,8565.02,8646.68,13078,14691.53,13809.27,14574.52,7546,7557,42,31,10673.16,7.04,3.88,4.32,14979.6,3434.5,14574.52,11692.84,7079.82,4272.59,15185.94,51577.17,29132.35
2026-08-19,Central,In-Store,Apparel,Organic Search,97412.45,4968,1233,2078,31912,1233,16650,10713,48903.85,41443.86,48508.6,48394.65,2663,99483.69,94057.26,97412.45,6385,6379,186,192,7151.44,79.0,3.71,1.39,6401.93,1325.91,97412.45,77472.97,16378.0,853.81,23608.05,65972.85,55358.26
2026-08-25,Central,In-Store,Electronics,Social,38236.8,4769,338,593,5452,338,4594,954,13400.02,18835.67,24836.78,37506.02,966,38513.55,37146.59,38236.8,8638,8784,464,318,12078.13,113.13,7.43,3.12,4571.58,1408.13,38236.8,27101.32,28297.72,14772.19,15589.82,15129.34,69911.54
2026-08-28,East,In-Store,Electronics,Email,49715.42,2911,1128,2486,39701,1128,37965,4458,21969.72,29283.11,27745.7,28247.67,5768,51088.44,49994.55,49715.42,4068,3914,207,361,12477.59,44.07,7.01,3.81,15059.88,3251.9,49715.42,36872.05,14984.85,16995.91,15501.23,34817.28,55956.29
2026-09-03,East,In-Store,Sports,Email,83679.67,3295,1771,3742,40187,1771,19296,10249,41090.35,67895.19,42589.32,47438.42,5910,84324.23,78373.76,83679.67,3469,3265,163,367,4978.69,47.25,4.77,4.52,10594.84,2442.87,83679.67,70790.42,9817.83,14351.88,13192.97,56990.43,51594.21
2026-10-09,East,In-Store,Apparel,Email,8810.56,4197,1808,2493,29702,1808,29150,3885,3828.75,6077.81,4981.81,6237.81,5674,8982.54,8772.82,8810.56,7814,7745,228,297,7256.34,4.87,2.77,4.96,7789.97,1573.53,8810.56,7719.97,32998.5,8170.34,7318.36,19171.16,50358.54
2026-10-13,Central,In-Store,Apparel,Social,175102.81,5408,671,2111,20214,671,16755,4240,66342.45,72309.49,108760.36,159900.37,4085,175753.39,164501.76,175102.81,8514,8525,296,285,1560.7,260.96,4.78,4.48,9714.37,5098.37,175102.81,112117.98,16777.44,4217.36,3014.95,58065.45,71979.86
2026-10-16,East,In-Store,Electronics,Email,178851.61,4235,945,2483,34234,945,20654,4638,60512.91,84738.31,118338.7,137214.71,4492,182776.15,179196.46,178851.61,5043,4903,87,227,13850.9,189.26,6.18,2.8,11646.47,3231.05,178851.61,115206.63,39257.36,10277.89,2640.44,13099.11,93340.1
2026-10-23,Central,In-Store,Sports,Direct,171048.61,4541,195,401,3677,195,2305,405,83764.91,129829.91,87283.7,99826.12,826,173774.63,169027.49,171048.61,3483,3259,154,378,3680.05,877.17,6.7,2.7,3631.17,1296.65,171048.61,110442.03,55598.37,15389.53,17260.69,15568.85,118196.43
2026-11-06,Central,In-Store,Beauty,Paid Search,28905.41,1978,826,1917,13267,826,6941,5173,11328.68,17449.63,17576.73,24918.13,4432,28949.1,26648.88,28905.41,8020,7759,57,318,1794.37,34.99,7.29,4.6,12155.41,6888.04,28905.41,22532.73,38840.83,17652.38,8672.95,28395.71,72641.6
2026-11-08,Central,In-Store,Electronics,Social,75504.83,2135,1384,2470,28654,1384,22995,9751,24326.13,46036.26,51178.7,41636.16,4463,76808.18,71688.82,75504.83,7779,7756,294,317,5524.49,54.56,2.53,4.52,23193.1,4657.93,75504.83,65688.63,29226.74,996.06,2195.04,64288.33,44908.69
2026-11-19,East,In-Store,Sports,Email,70815.38,4039,750,1680,14159,750,10344,2918,19020.35,40373.83,51795.03,51460.68,2283,71240.66,67251.12,70815.38,3051,3239,476,288,12067.64,94.42,4.03,2.22,3062.99,626.36,70815.38,54087.05,34616.29,17903.49,5617.99,45446.36,73575.97
2026-11-26,East,In-Store,Apparel,Organic Search,142319.27,4046,430,998,19048,430,15166,2849,66973.35,84680.75,75345.92,99091.15,2296,144970.02,141753.72,142319.27,6462,6426,269,305,10114.13,330.98,6.84,4.8,8516.21,1759.51,142319.27,114371.85,9603.01,19062.73,8576.11,29914.8,66969.19
2026-11-27,Central,In-Store,Apparel,Direct,146310.19,3816,959,2583,13412,959,10910,2952,77811.92,79951.67,68498.27,71694.01,5934,148274.69,137491.27,146310.19,6078,6071,326,333,5256.34,152.57,1.75,3.78,18052.65,3663.17,146310.19,101617.72,28133.82,2254.72,23881.84,10060.12,75778.58
2026-11-29,Central,In-Store,Apparel,Email,98398.55,5130,847,1012,32611,847,18792,5473,51988.64,68869.83,46409.91,51169.22,1348,100808.84,97694.51,98398.55,2030,2101,366,295,4201.62,116.17,5.56,1.38,12629.84,2443.3,98398.55,72172.15,26552.0,8521.4,7015.9,25932.39,57440.07
2026-12-01,Central,In-Store,Electronics,Direct,83235.54,3480,1318,3411,29004,1318,21372,3115,36795.25,38396.55,46440.29,73970.51,6022,85695.59,79137.43,83235.54,2256,2423,239,72,10712.26,63.15,7.7,2.49,14456.26,5738.59,83235.54,60581.02,37640.19,9590.72,5966.72,44469.93,75388.78
2026-12-12,Central,In-Store,Home,Organic Search,42483.63,5258,886,1800,35091,886,24586,6615,18768.8,30925.6,23714.83,33723.1,2834,42945.66,42630.53,42483.63,2758,2831,228,155,3957.4,47.95,4.19,2.34,25142.63,6612.91,42483.63,32746.3,54966.75,15886.45,5773.55,68848.46,86743.68
2026-12-17,East,In-Store,Sports,Paid Search,27541.31,5903,1495,2125,54872,1495,27438,16478,11529.67,22315.04,16011.64,21523.54,3308,27774.4,25897.96,27541.31,4942,5301,407,48,12198.72,18.42,2.29,1.4,14736.6,3022.84,27541.31,17813.94,14153.23,4177.63,2440.68,31342.07,27228.6
2026-12-29,East,In-Store,Sports,Organic Search,175380.75,4512,116,204,3288,116,1325,777,86298.69,120275.81,89082.06,106928.54,460,179200.87,171103.64,175380.75,6349,6762,459,46,3091.45,1511.9,5.15,1.39,12931.35,3187.98,175380.75,121661.65,49827.66,12193.59,12581.71,43128.48,106681.52
2025-01-18,Central,In-Store,Beauty,Email,162615.86,2029,1782,3960,76199,1782,39638,26267,75187.9,91272.34,87427.96,111169.26,4927,163465.91,154802.01,162615.86,2376,2379,141,138,14628.79,91.25,5.08,3.63,10890.62,4515.3,162615.86,103728.31,31191.87,7960.51,21129.67,69912.82,93632.83
2025-01-30,Central,In-Store,Electronics,Paid Search,157685.35,5826,2080,4338,85982,2080,47487,9540,42540.9,74823.53,115144.45,150029.78,7592,161327.35,152031.82,157685.35,3989,4159,200,30,1947.81,75.81,7.6,2.73,2875.49,724.35,157685.35,115663.59,46519.78,12448.54,4872.03,64354.44,108849.28
2025-01-31,East,In-Store,Home,Email,178611.57,5180,1146,2024,14859,1146,9863,1788,68795.6,145627.76,109815.97,152041.19,3249,180914.87,172366.27,178611.57,8047,7926,270,391,10294.19,155.86,5.37,3.07,27245.02,7660.96,178611.57,143467.06,44170.68,11778.42,6252.3,57698.62,107813.76
2025-02-06,Central,In-Store,Beauty,Direct,155680.21,5043,675,2010,29182,675,24099,7829,47561.57,114061.3,108118.64,156163.85,3780,158179.67,154311.09,155680.21,5360,5480,238,118,9272.16,230.64,4.91,4.07,3757.69,1100.31,155680.21,141566.08,45270.14,5256.53,9721.34,54834.78,107097.16
2025-02-11,East,In-Store,Apparel,Email,117325.32,2194,1618,1891,53775,1618,25248,12798,46388.29,49338.27,70937.03,108760.4,3733,119289.66,117547.31,117325.32,5957,5983,66,40,7130.99,72.51,6.23,2.57,15796.96,6293.11,117325.32,102060.94,59836.87,2488.34,10665.16,51014.07,105618.49
2025-02-21,East,In-Store,Home,Paid Search,127440.18,3286,204,245,2677,204,2138,857,38816.06,63167.14,88624.12,117310.67,371,130768.36,128979.89,127440.18,3291,3602,467,156,1926.06,624.71,4.26,2.25,18286.13,5918.93,127440.18,103702.08,51151.84,17448.61,10993.83,69442.98,114787.48
2025-02-22,East,In-Store,Home,Social,153103.47,2046,1907,3549,39040,1907,18964,13264,82984.92,87451.1,70118.55,109709.41,8380,157568.77,151133.52,153103.47,5321,5567,279,33,3970.94,80.28,2.66,1.03,22714.78,5010.1,153103.47,141992.4,10621.85,13646.61,24475.0,50795.44,81656.28
2025-03-06,Central,In-Store,Sports,Social,102848.35,3496,280,875,8133,280,5224,1340,40991.35,58216.2,61857.0,82923.72,1303,102956.63,99632.53,102848.35,4151,4412,276,15,1971.79,367.32,3.24,3.47,17874.72,6999.5,102848.35,68594.58,10682.28,1430.53,9175.86,18831.65,46165.79
2025-03-10,East,In-Store,Beauty,Email,88474.99,4894,189,219,6330,189,5711,2178,29954.86,48769.0,58520.13,74257.08,454,89696.33,89561.74,88474.99,2415,2184,104,335,5044.7,468.12,2.18,1.48,13399.02,2885.73,88474.99,82865.2,27617.18,2700.49,8332.7,41422.47,60927.49
2025-03-15,Central,In-Store,Beauty,Paid Search,96074.61,4601,1996,3264,43461,1996,19040,8240,44627.98,65016.17,51446.63,77056.58,4682,97713.43,96677.32,96074.61,7313,7100,115,328,3846.7,48.13,4.4,4.71,17243.98,6664.64,96074.61,79111.25,5176.34,8287.16,16128.3,13175.59,52708.77
2025-03-19,Central,In-Store,Beauty,Paid Search,92858.09,5273,2198,3724,32587,2198,22769,6963,24697.17,66389.69,68160.92,56577.84,7879,94946.03,91728.69,92858.09,3136,3308,361,189,7028.35,42.25,7.55,3.7,14877.24,6860.37,92858.09,78688.11,39013.9,2012.23,10073.67,18998.44,68073.15
2025-03-22,East,In-Store,Electronics,Direct,16601.85,4959,2108,3962,50381,2108,28249,13266,7052.82,8348.09,9549.03,11281.23,6824,16905.84,15686.45,16601.85,3957,4147,294,104,10982.45,7.88,1.92,4.06,41042.89,7573.63,16601.85,10174.3,51298.66,9255.91,22783.06,26979.25,86722.0
2025-03-24,Central,In-Store,Home,Paid Search,113009.73,2247,2102,3631,43105,2102,42528,9161,37822.94,60823.62,75186.79,104567.24,4612,115925.42,113028.62,113009.73,6320,6331,208,197,5383.98,53.76,1.96,2.96,12759.94,7825.31,113009.73,88716.55,24714.0,867.18,15662.75,10080.31,72614.1
2025-03-25,Central,In-Store,Apparel,Organic Search,16862.25,1848,695,1010,16718,695,9262,5479,8517.18,10986.03,8345.07,8696.3,2479,17280.54,17189.71,16862.25,2385,2731,452,106,2315.72,24.26,4.66,4.66,2803.2,625.53,16862.25,11361.01,46335.97,9784.35,4055.29,9420.57,62784.5
2025-04-17,East,In-Store,Electronics,Paid Search,163672.27,5492,1755,4688,51006,1755,30344,5160,81686.73,123216.66,81985.54,130916.79,8427,164673.1,155051.44,163672.27,8067,8439,420,48,2917.96,93.26,6.05,4.6,10496.86,5233.8,163672.27,111016.86,59464.84,14165.29,7214.02,30296.1,120119.19
2025-04-25,East,In-Store,Home,Paid Search,69712.15,5037,689,1279,17166,689,12235,3954,34771.65,60692.81,34940.5,35939.7,2058,69951.33,67240.43,69712.15,2139,2518,461,82,9615.48,101.18,6.97,4.27,10593.79,3311.22,69712.15,47886.02,51499.68,1751.02,3968.23,38591.51,68000.84
2025-04-29,East,In-Store,Beauty,Social,70682.27,1874,1008,1733,48995,1008,21690,18094,19785.97,55973.41,50896.3,76496.63,3241,71900.66,70247.43,70682.27,3961,4132,257,86,5510.64,70.12,6.38,2.04,14016.69,2676.64,70682.27,63721.33,42505.95,15733.85,19842.62,11452.19,101031.41
2025-05-02,Central,In-Store,Apparel,Email,167850.22,1863,1920,3298,32854,1920,22172,4673,51439.38,92322.1,116410.84,161407.14,7631,170807.89,170167.49,167850.22,5768,5683,133,218,10458.77,87.42,4.98,1.95,15010.28,2890.3,167850.22,129102.09,5518.55,1419.54,16153.0,20031.46,71513.23
2025-05-06,Central,In-Store,Home,Social,28131.45,4304,859,1838,10777,859,8147,2381,8967.47,22457.38,19163.98,29805.91,2789,28284.35,26760.47,28131.45,2174,2490,417,101,12767.7,32.75,3.78,2.55,15534.65,7458.32,28131.45,25136.29,40496.37,15328.89,10778.83,8029.06,75545.86
2025-05-07,East,In-Store,Electronics,Social,17769.55,2150,1947,3776,44368,1947,43489,11375,4851.4,12337.11,12918.15,13444.74,8695,17788.57,17513.11,17769.55,4862,4824,255,293,11956.15,9.13,6.95,4.11,3741.02,738.49,17769.55,12515.33,47676.0,18040.0,9491.7,15799.06,79241.12
2025-05-13,Central,In-Store,Beauty,Email,64648.38,3939,1456,3315,61297,1456,40517,20978,26869.08,56134.89,37779.3,49936.51,5410,66272.79,65535.49,64648.38,3164,3070,196,290,2938.16,44.4,5.71,3.6,28411.82,7372.79,64648.38,52356.12,39066.33,11566.86,17478.7,18386.4,83092.84
2025-05-14,Central,In-Store,Beauty,Direct,33275.78,3953,1252,2051,17331,1252,10585,3823,8390.94,14831.2,24884.84,22967.82,2587,33440.05,31368.4,33275.78,7612,8006,455,61,2194.12,26.58,3.69,2.62,18630.54,6599.48,33275.78,26282.62,55026.52,3457.31,19432.82,60155.59,84807.0
2025-05-19,Central,In-Store,Electronics,Social,179161.82,4407,1010,2272,16847,1010,7115,4060,56053.1,154454.76,123108.72,101058.68,4034,180855.21,170790.15,179161.82,2203,2622,446,27,12490.06,177.39,2.45,3.24,32005.03,6272.5,179161.82,142711.64,21993.03,15201.29,6507.65,53820.2,74019.57
2025-05-21,East,In-Store,Sports,Email,85998.65,2704,1407,2732,24767,1407,22339,6430,29642.94,53694.18,56355.71,61130.49,3849,86500.79,82601.16,85998.65,4603,4728,332,207,11655.23,61.12,5.11,2.7,36804.13,7194.63,85998.65,74403.71,17270.69,13494.87,6010.27,33868.86,55114.98
2025-05-26,Central,In-Store,Beauty,Paid Search,38377.91,3557,1368,3370,29957,1368,26937,8178,12522.52,17427.59,25855.39,33978.4,7338,39488.06,36817.01,38377.91,3727,3731,296,292,11940.55,28.05,6.19,3.45,18249.42,3370.74,38377.91,33310.51,14553.66,3274.96,17399.29,51300.86,45421.43
2025-05-30,Central,In-Store,Sports,Email,101229.98,2829,419,848,7675,419,3748,1311,40885.35,89588.07,60344.63,62400.14,1949,101711.08,98056.56,101229.98,5380,5075,56,361,6747.46,241.6,7.42,4.76,6026.8,1136.18,101229.98,64202.39,24775.6,19148.76,4325.93,19015.14,66970.33
2025-05-31,East,In-Store,Beauty,Organic Search,112906.66,5638,1974,2336,26366,1974,21161,7285,30723.54,77582.16,82183.12,87356.84,2809,113643.16,107177.3,112906.66,6464,6680,304,88,10917.84,57.2,4.73,1.01,5432.82,3220.37,112906.66,70393.64,15608.79,17970.39,20749.33,32372.19,80535.56
2025-06-02,Central,In-Store,Sports,Email,58045.19,1848,650,741,13174,650,12781,1867,25826.32,31299.18,32218.87,48164.73,1793,59437.78,56143.31,58045.19,2590,2651,455,394,12132.52,89.3,6.79,3.03,34832.55,7195.58,58045.19,53757.04,10586.99,7127.24,15236.43,52229.66,47400.08
2025-06-07,East,In-Store,Electronics,Social,64183.39,5017,959,2620,22084,959,10908,6099,34270.4,46967.28,29912.99,36538.14,3437,65434.62,62808.19,64183.39,7311,7483,251,79,8190.55,66.93,6.53,1.6,7598.73,3862.09,64183.39,39147.45,31785.03,16169.08,16743.62,61821.76,75659.17
2025-06-19,East,In-Store,Electronics,Organic Search,157811.73,1682,1489,4658,20444,1489,11417,3821,67280.25,116089.48,90531.48,82936.65,5754,160983.37,152060.93,157811.73,5088,5184,275,179,11261.38,105.99,5.36,2.6,16594.49,3898.54,157811.73,110871.4,7771.92,10470.94,4825.27,31043.19,47949.12
2025-07-06,East,In-Store,Beauty,Organic Search,34912.69,5390,1236,2672,17876,1236,12631,3999,10889.6,31324.54,24023.09,36925.55,5332,35435.34,34494.47,34912.69,3165,3355,353,163,9668.68,28.25,7.17,1.45,1488.51,928.16,34912.69,29571.54,52678.09,5270.61,9341.13,68588.88,78367.49
2025-07-08,East,In-Store,Apparel,Email,150921.37,4175,1987,3292,54067,1987,46071,19806,44644.09,93371.5,106277.28,138263.56,6988,154595.66,148744.13,150921.37,3511,3262,65,314,13287.96,75.95,3.06,1.83,13275.1,3397.52,150921.37,106948.09,31263.05,3911.4,5421.23,67152.59,82074.75
2025-07-12,Central,In-Store,Electronics,Paid Search,25283.67,2292,179,334,4662,179,1933,1338,12263.38,10466.71,13020.29,18160.02,531,25451.98,24776.02,25283.67,2448,2730,466,184,1788.36,141.25,6.44,4.35,6547.14,3145.55,25283.67,20840.39,12384.46,10612.35,10327.13,63421.74,38771.95
2025-07-20,Central,In-Store,Electronics,Email,137448.24,2462,711,1155,11413,711,4830,1173,55741.7,98499.5,81706.54,77371.83,2220,141135.69,130769.09,137448.24,6036,6212,217,41,8437.82,193.32,3.39,3.89,15922.55,4942.89,137448.24,117737.9,30606.03,12522.03,8526.13,41360.54,74865.74
2025-07-30,Central,In-Store,Apparel,Paid Search,51672.48,5989,733,2030,22096,733,11266,5553,25607.73,33638.94,26064.75,30327.89,5055,52052.92,49768.73,51672.48,2821,2587,165,399,8891.05,70.49,1.99,1.28,26484.42,4911.75,51672.48,44358.5,58789.96,952.43,23271.69,63038.46,92112.45
2025-08-08,East,In-Store,Beauty,Organic Search,78042.28,3935,1808,5719,54364,1808,37045,6448,42093.47,62084.76,35948.81,35973.93,7562,79168.1,74046.6,78042.28,5982,6272,348,58,8964.74,43.16,7.62,4.62,1532.09,815.55,78042.28,63943.54,40380.42,4679.97,7888.49,30394.5,63741.06
2025-08-15,Central,In-Store,Home,Organic Search,152934.44,3488,87,193,1569,87,1292,529,75291.92,67203.82,77642.52,63918.74,431,155902.55,152800.46,152934.44,6063,5972,212,303,8602.52,1757.87,4.48,3.95,29935.05,7030.49,152934.44,121038.42,42503.29,16679.18,5267.32,50500.53,83625.41
2025-08-17,Central,In-Store,Apparel,Direct,81984.45,3529,1049,3092,37462,1049,28582,12588,37961.78,66739.75,44022.67,68543.06,7086,83748.59,82502.24,81984.45,4207,4100,125,232,8855.29,78.15,1.52,3.83,1246.33,753.01,81984.45,73407.45,45535.49,19014.05,4636.99,39874.91,89749.45
2025-08-27,Central,In-Store,Apparel,Paid Search,108479.7,2073,1937,4134,26918,1937,12547,9180,54820.24,82312.18,53659.46,73632.5,8903,110962.69,108440.44,108479.7,6889,7077,361,173,4628.84,56.0,2.86,1.49,11024.15,3629.01,108479.7,98836.76,53403.47,2668.37,13542.51,59966.06,91704.1
2025-08-31,East,In-Store,Beauty,Email,113509.79,5614,531,777,9816,531,5028,2972,56658.91,60932.21,56850.88,63785.03,1601,113976.77,104895.76,113509.79,4307,4643,412,76,10215.13,213.77,6.28,1.23,21917.27,4463.51,113509.79,97075.47,19598.01,9463.78,6638.5,45834.71,54835.8
2025-09-01,East,In-Store,Sports,Social,87718.75,5621,1198,1956,16615,1198,8440,5217,43852.54,49947.81,43866.21,55597.31,2543,89718.34,87601.98,87718.75,6467,6536,466,397,14370.87,73.22,6.14,2.35,7746.46,1704.31,87718.75,79097.77,56591.3,7597.1,2598.96,39494.17,83466.55
2025-09-03,East,In-Store,Home,Organic Search,168403.36,1511,2142,5895,45175,2142,41491,7091,62137.67,91725.73,106265.69,148820.76,10442,170943.56,164396.96,168403.36,2580,2772,257,65,1714.86,78.62,4.3,2.28,16781.64,3344.91,168403.36,152720.77,46509.44,19486.05,11828.59,41671.62,122470.31
2025-09-06,East,In-Store,Sports,Email,53888.66,5543,719,1015,10711,719,10581,3414,20510.92,44034.86,33377.74,29318.21,1837,54056.45,51722.83,53888.66,6816,7104,480,192,6862.58,74.95,3.76,4.21,9977.55,2076.19,53888.66,43290.4,40723.87,2656.39,19248.07,22233.75,71423.79
2025-09-19,East,In-Store,Beauty,Organic Search,26591.43,3572,429,923,6221,429,3494,1644,13510.76,12525.09,13080.67,20119.65,1179,27066.49,26807.01,26591.43,3049,3041,260,268,13021.78,61.98,4.57,3.58,4763.22,1533.26,26591.43,16828.38,13224.18,12411.75,13728.41,51669.72,45400.24
2025-09-27,Central,In-Store,Beauty,Email,175661.81,1650,1950,6198,35147,1950,18459,3798,48792.24,151325.8,126869.57,165399.31,13848,179182.06,170522.56,175661.81,6895,6947,200,148,8267.65,90.08,1.73,1.56,9519.7,2314.02,175661.81,127701.32,13427.58,6560.43,9498.5,68635.73,79106.3
2025-10-01,East,In-Store,Beauty,Social,131038.3,1836,1462,4182,25534,1462,14864,5839,63692.96,102912.31,67345.34,75645.23,6595,131243.26,127579.59,131038.3,6233,6257,261,237,3983.62,89.63,5.58,1.43,4113.66,2382.0,131038.3,106849.78,39807.1,18413.86,15916.89,36900.01,96831.42
2025-10-13,East,In-Store,Beauty,Direct,20183.0,4385,1894,5052,89107,1894,82382,9840,7861.17,12154.84,12321.83,18924.85,10257,20493.09,19823.54,20183.0,3998,4170,224,52,10112.77,10.66,5.35,2.14,26400.37,5977.41,20183.0,18732.16,42791.71,12303.41,15349.97,20189.8,76122.54
2025-10-15,Central,In-Store,Electronics,Social,157242.22,4898,1243,3573,19641,1243,13615,4029,50165.58,89300.77,107076.64,88502.67,6958,160769.85,156755.95,157242.22,6787,6846,427,368,13012.97,126.5,2.71,2.41,3733.8,1352.11,157242.22,117196.73,44968.96,13567.37,22385.08,50165.09,107472.21
2025-10-17,East,In-Store,Electronics,Organic Search,178549.05,2051,1616,2663,28476,1616,18939,10117,51047.51,94775.63,127501.54,160747.67,3606,179954.79,170415.42,178549.05,8605,8903,376,78,14733.59,110.49,5.1,4.97,12994.73,5397.14,178549.05,129524.29,36994.04,11656.99,19496.47,25759.43,116371.8
2025-10-31,East,In-Store,Sports,Paid Search,158162.82,2693,867,1613,12072,867,5971,1618,53158.49,119372.88,105004.33,137130.4,2301,161959.28,149867.69,158162.82,2393,2740,431,84,12269.67,182.43,4.01,3.16,20579.47,7422.53,158162.82,142212.76,33782.24,15048.06,19091.36,24828.73,109060.78
2025-12-08,East,In-Store,Sports,Organic Search,83227.73,5736,1482,3467,19326,1482,14840,2248,32025.25,45970.42,51202.48,51119.48,7747,85621.2,82115.65,83227.73,5635,5802,394,227,12433.85,56.16,5.5,1.43,9918.84,4785.09,83227.73,50905.04,43164.3,16268.31,19082.23,51028.79,93850.68
2025-12-09,East,In-Store,Beauty,Direct,167733.13,3218,1081,3020,29870,1081,24282,7997,85899.52,109135.3,81833.61,86088.01,3888,168286.99,154986.56,167733.13,7011,6908,152,255,14860.02,155.16,6.21,1.21,15636.76,2872.75,167733.13,156212.24,8197.3,7330.29,22287.63,12382.72,63641.62
2025-12-23,Central,In-Store,Electronics,Organic Search,18652.32,1819,159,271,2083,159,1027,339,5542.11,12594.07,13110.21,19309.37,595,19075.68,17742.54,18652.32,8407,8708,312,11,13255.62,117.31,4.97,2.02,29745.48,6853.0,18652.32,14782.66,31033.34,11453.62,15228.7,12270.79,63508.47
2026-01-03,Central,In-Store,Electronics,Email,90013.32,5188,1811,5678,50665,1811,41973,13498,41767.34,67664.82,48245.98,57830.37,7532,90198.86,85363.9,90013.32,3304,3525,469,248,11860.35,49.7,1.78,2.36,19549.57,6693.7,90013.32,64935.81,34236.5,8096.88,18698.72,13803.45,78381.21
2026-01-05,Central,In-Store,Apparel,Organic Search,86899.97,4612,1731,4933,26874,1731,16236,3291,25298.6,44465.56,61601.37,90989.9,10584,89444.59,86135.17,86899.97,7472,7674,219,17,14800.1,50.2,5.87,4.32,11114.02,3246.75,86899.97,62946.01,13703.08,6042.46,17406.37,58634.64,64448.88
2026-01-12,Central,In-Store,Electronics,Organic Search,161923.51,5081,1155,2255,38721,1155,21879,13925,61781.09,66025.57,100142.42,105053.19,2857,162410.07,161197.48,161923.51,8007,7969,106,144,3534.38,140.19,7.85,2.53,9207.46,2098.43,161923.51,118940.45,13738.17,12616.09,21678.66,52286.53,79548.88
2026-01-20,Central,In-Store,Beauty,Paid Search,92686.23,5435,1512,2677,20518,1512,20452,7822,25895.86,77565.1,66790.37,81168.85,6075,93867.47,92812.18,92686.23,5841,5896,199,144,8362.06,61.3,4.48,3.69,10008.04,3789.94,92686.23,58546.2,5813.45,2901.54,3549.14,67345.12,36614.79
2026-01-28,East,In-Store,Apparel,Social,69739.3,2116,1997,5159,74030,1997,45205,22821,22356.0,39580.44,47383.3,70751.12,10044,71164.87,70308.31,69739.3,3469,3539,282,212,3754.19,34.92,6.62,3.34,18918.57,5323.15,69739.3,52548.37,45008.59,5073.95,16995.79,25789.08,88303.67
2026-01-30,Central,In-Store,Beauty,Email,30845.26,2033,1444,3099,46923,1444,32612,14840,13479.4,19492.86,17365.86,26438.77,6634,30938.61,29854.99,30845.26,2683,2682,308,309,13104.38,21.36,6.08,4.84,22857.93,5977.22,30845.26,24940.24,14358.67,18808.86,8925.59,15454.9,50024.75
2026-01-31,East,In-Store,Apparel,Paid Search,80756.74,4938,482,980,6826,482,4339,1411,24422.36,38121.39,56334.38,51417.93,1403,82087.08,81570.65,80756.74,6848,6782,55,121,14078.25,167.55,7.07,3.83,11137.9,2362.24,80756.74,64798.88,57364.52,13808.63,21317.83,28097.97,107916.36
2026-02-08,East,In-Store,Sports,Paid Search,81014.92,3620,252,481,3543,252,2378,976,27651.49,56859.44,53363.43,74740.73,628,81749.89,76235.72,81014.92,2110,1992,38,156,12140.65,321.49,5.46,4.19,6121.61,2675.26,81014.92,48903.52,32150.13,1107.17,10379.94,12180.17,66059.46
2026-02-13,Central,In-Store,Beauty,Email,64093.48,4278,611,1780,24731,611,11799,4862,28302.75,53754.8,35790.73,51890.28,4325,66011.16,64963.31,64093.48,3105,3032,173,246,13324.03,104.9,3.2,4.8,6585.55,2708.2,64093.48,43176.23,15920.94,11212.11,5764.67,22761.8,48464.8
2026-02-19,East,In-Store,Beauty,Email,109289.67,1850,2060,3948,54192,2060,37599,8258,56860.14,89191.09,52429.53,69530.25,8196,110640.17,102084.32,109289.67,8030,8002,58,86,8758.39,53.05,2.51,2.31,14858.34,4119.66,109289.67,80849.04,26320.07,2469.12,14004.62,50282.93,63652.88
2026-03-06,Central,In-Store,Electronics,Organic Search,31914.84,3084,1117,2095,35177,1117,25300,10565,10863.06,18266.88,21051.78,23948.43,4762,32055.18,30275.54,31914.84,2811,2915,372,268,8195.66,28.57,4.18,4.3,3874.62,2062.68,31914.84,24159.61,10324.78,6359.2,20888.52,53404.54,44757.03
2026-03-16,Central,In-Store,Home,Social,41666.48,5713,1818,4143,66048,1818,56270,8480,18533.75,36728.14,23132.73,35290.26,7868,42631.41,40614.83,41666.48,6092,6285,274,81,12230.81,22.92,1.66,4.68,11967.73,2751.53,41666.48,36738.31,37202.83,6373.61,20180.83,33500.3,74344.35
2026-03-18,East,In-Store,Beauty,Direct,143066.34,3614,284,815,13442,284,12897,2548,59709.97,78345.89,83356.37,118915.47,1798,147256.49,141049.28,143066.34,8179,8298,154,35,13176.7,503.75,4.4,4.66,3760.36,750.56,143066.34,126675.68,5516.88,18366.65,9745.6,63341.1,69303.77
2026-03-27,Central,In-Store,Home,Paid Search,80418.05,5645,352,837,8164,352,3327,3141,30192.47,32649.54,50225.58,64610.04,2061,81379.03,79313.56,80418.05,4876,5100,386,162,10203.43,228.46,4.12,1.57,15077.14,3396.76,80418.05,67589.78,48126.12,18163.86,11114.94,48017.56,96787.93
2026-04-01,Central,In-Store,Home,Organic Search,177257.09,3146,722,1163,13513,722,5979,5132,92516.24,89481.12,84740.85,135353.99,2743,177800.12,174636.08,177257.09,5465,5500,105,70,4106.39,245.51,4.76,4.93,26288.97,5629.14,177257.09,164477.34,6426.15,589.62,15814.86,44244.25,63436.83
2026-04-05,East,In-Store,Home,Direct,118110.23,3538,1919,5706,50677,1919,49477,11178,33860.37,52733.42,84249.86,123587.74,10155,120324.8,111430.27,118110.23,3288,3344,304,248,11574.11,61.55,6.73,2.79,5231.03,2096.75,118110.23,73721.89,38088.58,5465.44,5981.74,19686.4,86612.08
2026-04-07,East,In-Store,Sports,Email,12076.31,4987,298,686,12706,298,5309,2746,4802.37,8061.19,7273.94,11182.92,1542,12388.67,12334.96,12076.31,4751,4708,111,154,10700.8,40.52,6.44,2.97,7466.26,1729.68,12076.31,10424.7,15705.39,8222.67,17002.39,41705.86,44285.33
2026-04-25,Central,In-Store,Electronics,Email,102318.39,5460,931,2431,38317,931,24462,8693,46243.6,42906.08,56074.79,85169.8,3109,103562.37,96742.13,102318.39,2181,1896,21,306,14058.0,109.9,6.66,2.99,9152.52,2567.01,102318.39,87046.29,25580.92,19047.21,12220.77,51560.42,82399.84
2026-04-26,East,In-Store,Home,Social,10807.98,5595,2153,5701,86662,2153,85978,18118,3218.53,6676.6,7589.45,9066.46,6876,11090.44,10256.23,10807.98,7472,7313,127,286,7845.05,5.02,2.02,2.59,8419.85,1608.57,10807.98,7901.87,38202.79,877.42,15051.69,29036.88,56851.84
2026-04-28,East,In-Store,Electronics,Social,87725.1,2777,1999,3639,25640,1999,19588,6642,36870.25,39900.86,50854.85,48013.29,7749,89331.48,83386.07,87725.1,6456,6531,275,200,11828.68,43.88,5.83,1.45,3173.78,1707.59,87725.1,69768.52,56939.99,6372.43,18028.06,58297.62,95744.47
2026-05-03,East,In-Store,Sports,Social,45362.27,5794,1401,4051,28623,1401,16581,10587,23753.44,39676.89,21608.83,18985.23,4912,45406.4,43008.8,45362.27,5693,5819,469,343,1977.46,32.38,6.31,3.67,8633.37,4056.97,45362.27,36908.83,52324.38,4455.3,18296.9,29574.63,80772.15
2026-05-06,Central,In-Store,Apparel,Direct,123071.38,2604,377,467,7829,377,6270,1106,47197.92,54299.82,75873.46,116138.43,852,126645.54,117579.36,123071.38,2718,3098,432,52,9672.09,326.45,3.43,2.29,12704.54,7073.86,123071.38,92058.4,17715.2,11674.34,16849.57,47039.45,81080.64
2026-05-12,East,In-Store,Sports,Paid Search,146695.33,3255,479,1453,14327,479,12768,4197,51454.05,81058.33,95241.28,108892.92,2735,148061.11,141092.51,146695.33,8885,8842,137,180,5801.53,306.25,3.67,4.43,23390.22,4275.67,146695.33,125471.39,58987.5,9793.7,2338.11,18668.37,103787.19
2026-05-21,East,In-Store,Beauty,Social,129009.9,5098,298,643,12539,298,9317,1959,44035.4,112387.97,84974.5,128818.78,1255,129535.52,120245.58,129009.9,7057,6812,144,389,11569.25,432.92,1.9,3.73,27968.2,5825.92,129009.9,119523.88,43813.82,18764.99,11561.17,15512.79,112785.61
2026-05-25,East,In-Store,Home,Email,97537.3,4276,1109,2654,14153,1109,11500,4133,49320.88,77346.47,48216.42,45157.87,4309,97732.2,96223.91,97537.3,3613,4004,452,61,12698.43,87.95,7.69,1.97,28541.23,6999.03,97537.3,89077.33,55148.28,11516.47,16121.45,40309.59,96333.56
2026-06-11,East,In-Store,Beauty,Organic Search,86910.57,2892,793,1611,13530,793,5990,3303,37944.21,42119.08,48966.36,51689.69,3172,89157.09,85741.86,86910.57,6609,6675,413,347,11581.92,109.6,5.01,1.84,34434.89,6554.77,86910.57,81399.18,7459.2,7705.99,2466.88,11346.67,33138.98
2026-06-20,Central,In-Store,Electronics,Paid Search,26004.73,2736,2191,4059,31495,2191,16164,8453,11887.45,19535.26,14117.28,21073.03,6110,26336.28,24639.21,26004.73,4064,4027,302,339,13400.4,11.87,6.37,1.29,20577.74,5411.56,26004.73,21727.91,15772.82,14260.05,23823.88,56675.36,60178.66
2026-06-30,East,In-Store,Home,Email,44729.3,5517,1880,2699,65529,1880,47020,13094,16947.67,28737.5,27781.63,40183.42,6318,45909.79,45034.93,44729.3,6752,6831,421,342,11272.85,23.79,4.27,2.36,24662.17,6368.02,44729.3,38981.03,31222.98,1406.64,16683.05,63868.09,61367.7
2026-07-11,East,In-Store,Electronics,Email,111123.34,2694,2166,2871,38184,2166,22468,5197,58122.43,53132.39,53000.91,64290.07,6102,112180.04,110388.16,111123.34,6090,6083,201,208,6023.08,51.3,2.27,1.46,9908.04,2549.8,111123.34,103559.67,30317.93,10943.8,9435.08,52576.59,69983.83
2026-07-26,Central,In-Store,Electronics,Email,102690.39,5207,608,683,19347,608,10512,6392,43899.85,68715.21,58790.54,79971.76,1661,104978.63,99918.99,102690.39,7743,7490,112,365,4818.47,168.9,7.74,2.32,18917.56,5326.56,102690.39,90622.19,18516.0,2982.34,12501.58,39323.0,57991.45
2026-07-27,Central,In-Store,Home,Social,140645.07,3007,656,806,8283,656,8013,1896,76591.07,74247.58,64054.0,99885.99,1026,141610.14,137217.42,140645.07,5873,5994,493,372,8319.66,214.4,6.37,4.01,24153.21,6862.33,140645.07,92399.35,15303.41,5654.13,9901.47,35799.99,60824.81
2026-07-30,East,In-Store,Sports,Social,105814.36,5309,760,1822,10864,760,4594,3100,28183.0,87680.21,77631.36,85339.09,4135,106319.54,101762.67,105814.36,6658,6818,363,203,2431.84,139.23,6.36,3.76,1945.07,1040.77,105814.36,77779.95,59583.12,17816.5,5357.07,64173.19,108358.42
2026-08-14,East,In-Store,Home,Direct,22055.0,2768,298,600,4484,298,2800,1558,10882.18,19472.48,11172.82,9901.92,896,22179.53,21924.65,22055.0,7391,7572,259,78,9727.68,74.01,1.53,2.93,7720.27,3858.02,22055.0,16792.93,55012.42,14673.37,18337.29,34906.34,90993.66
2026-08-22,Central,In-Store,Sports,Organic Search,94047.81,4479,1551,1818,44565,1551,36458,15782,27516.93,70111.41,66530.88,55441.29,2898,96836.68,96228.45,94047.81,8254,8271,320,303,10332.2,60.64,7.26,4.76,9425.48,2544.18,94047.81,75983.91,24243.64,6556.66,3314.95,44598.34,50747.64
2026-09-10,Central,In-Store,Electronics,Paid Search,53834.99,2082,808,1861,16384,808,15972,5262,24116.59,47011.86,29718.4,41485.93,3453,54824.88,50788.88,53834.99,4471,4722,301,50,14988.99,66.63,4.08,3.3,29443.99,6704.66,53834.99,41515.63,14211.52,1798.86,8086.84,63866.17,36543.0
2026-10-06,East,In-Store,Apparel,Social,35145.17,5484,1989,6274,42169,1989,19045,7797,17362.73,20088.96,17782.44,17028.68,11221,35573.52,33542.39,35145.17,2323,2643,447,127,11055.69,17.67,3.26,4.36,15588.29,6757.2,35145.17,30240.72,8740.79,2974.15,7359.3,25867.12,24182.84
2026-10-24,Central,In-Store,Electronics,Direct,20693.54,2621,2150,6068,52062,2150,48270,11919,7966.42,15927.04,12727.12,18475.35,13867,20736.85,19129.83,20693.54,3298,3701,452,49,1782.84,9.62,5.76,1.48,11956.37,6428.31,20693.54,19263.85,31729.53,3548.75,20927.66,12960.04,61748.54
2026-11-03,East,In-Store,Beauty,Direct,129044.85,1682,1160,2798,22689,1160,17456,7424,52448.66,66343.93,76596.19,81244.89,5435,129173.3,120873.13,129044.85,2392,2612,273,53,9694.3,111.25,6.61,4.14,3626.83,2353.62,129044.85,119351.0,48308.45,18468.14,2240.04,65844.44,93390.1
2026-11-27,East,In-Store,Sports,Organic Search,20702.34,3838,1502,2787,33989,1502,19574,8995,9717.28,14220.61,10985.06,9717.23,3580,21274.51,19967.89,20702.34,3100,3349,437,188,4892.05,13.78,4.75,1.47,15638.63,5969.69,20702.34,18591.2,54899.34,15834.74,11920.73,69145.42,85569.98
2026-12-07,Central,In-Store,Electronics,Email,170777.98,4394,2101,2330,64325,2101,51638,25214,90534.65,73569.75,80243.33,107880.12,3529,173518.59,162630.42,170777.98,4603,4449,169,323,6980.79,81.28,7.59,4.44,4561.84,1058.01,170777.98,152860.35,8641.86,503.96,4171.76,60024.26,45681.62
2026-12-18,East,In-Store,Beauty,Paid Search,168978.69,4479,676,1670,11108,676,9777,1678,65801.66,72483.06,103177.03,121593.07,2312,172428.76,167817.66,168978.69,4207,4402,283,88,8674.78,249.97,4.12,2.97,4428.03,1177.8,168978.69,141220.72,40611.19,9846.87,19374.34,41132.23,106310.32
2026-12-23,Central,In-Store,Electronics,Paid Search,64418.42,3628,512,1620,7519,512,3921,2468,28514.25,54908.89,35904.17,45536.57,3067,64429.61,64012.38,64418.42,8378,8552,214,40,12304.82,125.82,2.02,1.86,1147.8,504.07,64418.42,41487.37,38252.55,14239.94,24319.24,22012.33,90472.7
2026-12-26,East,In-Store,Beauty,Email,12756.48,3616,2053,3384,57042,2053,44754,17104,6758.53,10156.09,5997.95,8083.83,5901,13064.25,12348.67,12756.48,4109,4430,352,31,5723.41,6.21,4.15,3.18,32940.21,7039.19,12756.48,7735.42,8295.81,13169.49,12199.95,10919.23,36090.4
2026-12-29,Central,In-Store,Sports,Social,109505.58,4308,1206,1692,40205,1206,29690,15525,32761.51,75592.17,76744.07,118841.82,3456,112210.48,103720.99,109505.58,4215,4206,334,343,7365.09,90.8,4.28,3.24,29741.49,7926.77,109505.58,82416.06,42600.58,4844.52,10937.88,39157.95,94035.53
2026-12-30,Central,In-Store,Apparel,Paid Search,163420.23,1502,99,114,4529,99,2960,1542,87992.62,102107.02,75427.61,90283.93,279,166248.53,158614.62,163420.23,6753,6628,172,297,3422.74,1650.71,2.57,4.17,26550.38,6861.72,163420.23,113578.88,48708.58,9104.77,10795.07,62524.75,95693.6
2025-01-20,Central,In-Store,Home,Direct,59264.68,2519,1121,1861,35837,1121,30582,5182,27485.49,34597.45,31779.19,38816.67,2264,60711.69,60019.72,59264.68,5702,5792,318,228,7210.72,52.87,3.1,4.06,21755.98,5691.5,59264.68,36990.18,14472.84,13825.34,21083.07,16131.41,61026.25
2025-01-23,East,In-Store,Apparel,Social,67554.16,1596,296,825,7709,296,7597,855,26985.13,58213.4,40569.03,38436.07,1432,68996.48,67321.93,67554.16,4212,4217,250,245,9191.59,228.22,4.47,3.21,14048.5,6593.88,67554.16,47807.53,27816.23,716.3,2187.64,38061.18,42250.99
2025-01-24,East,In-Store,Electronics,Social,148930.57,3548,1581,4106,71122,1581,47733,28066,48326.58,109784.35,100603.99,157143.96,5846,152705.08,141791.25,148930.57,6577,6455,278,400,12799.85,94.2,5.37,2.45,6103.5,2805.74,148930.57,135287.35,28734.49,11979.97,11824.72,57188.19,99682.37
2025-02-01,East,In-Store,Electronics,Direct,128020.82,2269,1579,3924,25366,1579,12679,8617,48813.7,98002.55,79207.12,105543.45,6392,129888.54,128197.27,128020.82,4301,4328,301,274,7442.89,81.08,6.22,2.44,20844.38,5382.73,128020.82,115931.93,21994.34,16964.69,14383.36,31256.11,85005.42
2025-02-03,Central,In-Store,Home,Organic Search,173738.91,1743,360,868,4755,360,3485,619,48516.6,122891.66,125222.31,151474.76,1540,176194.86,167486.06,173738.91,6844,6697,113,260,5323.47,482.61,6.28,2.17,6150.15,1675.52,173738.91,120979.49,59454.08,9458.15,14513.22,16576.69,128867.88
2025-02-23,Central,In-Store,Electronics,Social,52959.71,5365,1072,2766,48182,1072,44825,8668,25622.18,37302.58,27337.53,29045.9,5076,54542.03,52460.76,52959.71,2706,2655,144,195,2124.59,49.4,5.71,1.18,14135.67,6824.34,52959.71,40838.03,55085.45,9927.7,10769.74,22311.89,84496.66
2025-03-01,East,In-Store,Sports,Email,177979.04,3039,1899,2511,54349,1899,49534,21304,93085.1,148952.27,84893.94,104350.85,6114,182426.75,169489.96,177979.04,3045,3022,74,97,6395.08,93.72,2.83,4.95,13805.63,6714.06,177979.04,112083.35,41888.99,2833.24,9240.19,22307.32,85267.68
2025-03-15,Central,In-Store,Apparel,Email,108321.06,3091,536,1091,8743,536,3840,932,40415.9,69110.91,67905.16,76615.38,2442,108660.86,105734.12,108321.06,5498,5631,357,224,14228.95,202.09,5.5,3.43,16705.51,3429.17,108321.06,70343.78,9614.84,193.08,7542.29,62779.09,40334.82
2025-03-17,Central,In-Store,Electronics,Direct,151126.62,1887,1265,2554,19989,1265,13077,7085,58578.6,95888.38,92548.02,127702.81,3802,153202.56,147574.25,151126.62,6951,6926,205,230,5206.73,119.47,5.86,3.83,17371.32,4194.51,151126.62,94229.82,56197.84,7492.36,24476.09,60929.89,126477.13
2025-04-23,Central,In-Store,Home,Organic Search,115932.74,3936,117,262,1969,117,1682,281,58219.38,92390.44,57713.36,77725.46,375,118485.35,114312.23,115932.74,2146,2013,94,227,13839.51,990.88,5.63,1.19,19668.45,4453.85,115932.74,80348.48,27624.32,5904.54,19498.29,8288.27,76344.79
2025-05-17,Central,In-Store,Sports,Direct,57536.21,2084,723,1787,15697,723,8899,2189,29703.19,27887.99,27833.02,27957.8,3326,58669.75,56096.05,57536.21,5891,5852,182,221,6970.74,79.58,4.71,4.13,1397.02,604.91,57536.21,49654.18,52258.94,16142.3,15840.16,26328.03,92628.74
2025-05-18,Central,In-Store,Beauty,Organic Search,31937.47,3066,1507,3766,34094,1507,15048,5565,17130.92,14488.44,14806.55,14705.06,7808,32252.79,30383.34,31937.47,4511,4741,440,210,10195.79,21.19,4.53,1.66,16138.82,5588.13,31937.47,26144.06,9378.12,2042.33,22364.95,22479.03,38196.92
2025-05-20,Central,In-Store,Sports,Email,76243.52,5972,2089,4674,33919,2089,20148,6302,26905.74,32012.06,49337.78,63455.2,6204,77697.14,76680.07,76243.52,7729,7536,129,322,11076.7,36.5,6.76,1.35,35064.54,6411.39,76243.52,59540.14,22699.89,7368.5,10136.85,58380.91,59241.8
2025-06-04,Central,In-Store,Apparel,Social,9673.13,2228,968,1460,26723,968,13304,3399,4336.26,8546.3,5336.87,5721.39,3520,9793.75,9784.59,9673.13,5352,5148,165,369,4923.78,9.99,5.34,3.07,7346.21,2730.72,9673.13,6221.21,24568.61,15009.03,4949.41,62872.61,46243.47
2025-06-11,Central,In-Store,Electronics,Direct,78030.88,1874,1549,2688,29361,1549,20969,5988,37378.85,60301.5,40652.03,44810.16,3378,80327.78,79114.67,78030.88,6972,6946,346,372,7592.87,50.38,2.99,1.34,36296.71,7229.04,78030.88,69173.98,31318.95,17284.73,5449.1,23927.56,67495.83
2025-06-12,Central,In-Store,Apparel,Organic Search,13043.02,2118,122,161,2495,122,1912,950,3301.84,11525.84,9741.18,12475.85,271,13336.07,13305.21,13043.02,5214,5265,125,74,8661.77,106.91,3.74,2.4,7413.16,4189.11,13043.02,11733.25,5792.22,2597.23,20550.79,16833.72,32683.0
2025-06-27,East,In-Store,Apparel,Organic Search,37760.36,5238,1525,2877,28600,1525,22987,10764,15938.24,18037.12,21822.12,18420.12,5752,37796.82,35251.37,37760.36,2762,3058,451,155,7663.21,24.76,6.42,3.84,2528.36,1277.96,37760.36,23335.21,21510.75,17101.1,13159.35,43535.8,57297.24
2025-06-29,Central,In-Store,Apparel,Email,132387.07,5708,1229,3250,40892,1229,24954,15894,69874.97,100102.11,62512.1,94866.78,7572,135875.83,129804.66,132387.07,3277,3524,310,63,3851.63,107.72,1.84,4.16,20002.2,6148.51,132387.07,90893.16,57458.43,6926.46,23837.47,62715.14,116682.39
2025-07-07,East,In-Store,Sports,Social,27553.33,2206,1564,4512,19563,1564,12181,2302,15023.93,11285.93,12529.4,17647.27,9314,27931.81,27270.21,27553.33,8931,8924,326,333,13735.84,17.62,2.84,1.32,13178.75,4473.45,27553.33,21772.03,7969.67,17517.46,5354.56,8508.98,36135.87
2025-07-08,East,In-Store,Apparel,Direct,9506.31,1542,1878,2956,25409,1878,16452,3173,4744.07,4257.22,4762.24,6626.94,4564,9518.91,9018.66,9506.31,4228,3970,49,307,11453.97,5.06,4.86,2.3,15430.89,2840.8,9506.31,6144.17,19970.7,3319.3,22520.04,36240.51,47798.12
2025-07-16,East,In-Store,Home,Organic Search,162757.29,2683,1197,3407,55909,1197,50099,8230,73477.86,94800.4,89279.43,115585.69,7003,167615.43,157445.46,162757.29,2673,2781,486,378,9484.13,135.97,1.74,2.68,3505.62,1325.35,162757.29,121284.2,54186.41,10105.47,4506.84,29257.94,103474.43
2025-07-24,East,In-Store,Electronics,Email,151090.85,4801,1962,4702,31333,1962,14984,5640,70967.47,105455.43,80123.38,115037.08,8582,152003.78,150921.25,151090.85,3003,3065,91,29,12223.85,77.01,5.8,3.57,6222.27,1603.03,151090.85,100973.73,37556.51,1916.52,19121.77,19266.36,93105.92
2025-07-31,East,In-Store,Sports,Direct,102182.21,5246,1267,3153,50032,1267,28849,6399,28015.55,44413.45,74166.66,106561.8,4955,104862.32,100126.68,102182.21,8381,8333,183,231,13699.45,80.65,4.91,2.36,7512.48,3948.96,102182.21,77937.06,27328.7,6700.08,11064.38,36067.68,77061.7
2025-08-06,East,In-Store,Sports,Email,127180.65,5858,2127,5504,28404,2127,23439,6079,46069.83,73123.73,81110.82,101995.4,9011,129451.76,126761.29,127180.65,2666,2898,289,57,9420.42,59.79,7.71,1.52,28151.5,7282.63,127180.65,77289.37,31514.57,14449.57,15667.66,30435.81,92230.42
2025-08-11,Central,In-Store,Sports,Email,89699.92,4052,1035,3206,30553,1035,20265,7009,27201.09,41619.93,62498.83,95413.47,5066,91002.21,90262.58,89699.92,7142,7511,406,37,13764.86,86.67,4.42,4.69,27784.56,6649.56,89699.92,69961.76,12959.51,11882.97,9478.42,40260.51,62944.94
2025-08-15,Central,In-Store,Electronics,Paid Search,41301.5,1936,1231,2274,29976,1231,27917,6626,19279.39,34265.58,22022.11,28048.81,5181,41726.25,39256.18,41301.5,7501,7214,42,329,7497.36,33.55,6.01,2.39,4815.16,1151.78,41301.5,35117.22,44927.13,7180.76,7711.21,59721.33,68233.74
2025-08-16,Central,In-Store,Electronics,Organic Search,112737.64,2305,1830,5325,68761,1830,35126,9080,60839.15,88580.37,51898.49,59104.5,9966,115580.52,111518.03,112737.64,3338,3188,39,189,13604.08,61.61,3.19,3.23,15345.21,5755.82,112737.64,95647.13,49578.75,18678.49,5279.66,14769.05,91268.25
2025-08-24,East,In-Store,Beauty,Organic Search,163724.97,3373,1677,4753,47462,1677,23671,7946,77174.81,78945.2,86550.16,129735.42,9976,164856.03,161828.16,163724.97,4569,4453,81,197,5124.93,97.63,7.69,4.39,2941.65,593.44,163724.97,104481.99,44679.61,2773.47,19525.3,46335.81,105899.01
2025-09-02,Central,In-Store,Electronics,Paid Search,53667.02,4310,779,1647,11449,779,8418,3069,28438.15,43178.91,25228.87,28976.8,2648,54977.87,50625.65,53667.02,4477,4153,29,353,5187.86,68.89,6.39,4.9,6482.68,1417.65,53667.02,47889.89,55656.26,10746.6,21382.33,59333.98,96478.23
2025-09-03,Central,In-Store,Electronics,Organic Search,177677.48,3631,138,283,2462,138,1003,463,46873.05,99096.21,130804.43,205906.47,642,180581.17,173526.0,177677.48,3600,3538,334,396,12717.65,1287.52,2.32,3.24,20054.36,6418.39,177677.48,123127.89,57890.19,7656.47,8798.73,9130.04,136117.33
2025-09-18,Central,In-Store,Beauty,Paid Search,26395.54,4302,82,120,1058,82,642,315,14043.12,13742.26,12352.42,18596.7,185,26855.47,25925.33,26395.54,8693,8849,197,41,7839.28,321.9,6.98,3.5,15344.18,5089.84,26395.54,24642.39,37402.21,12477.88,19581.49,63479.55,75040.59
2025-09-30,Central,In-Store,Sports,Direct,24505.13,4134,713,1951,16621,713,14211,4152,7977.64,21138.83,16527.49,22144.92,4722,25002.42,24333.13,24505.13,4476,4672,439,243,3810.99,34.37,3.68,3.52,9934.96,2566.36,24505.13,19129.91,29049.3,7588.07,15529.35,26217.97,58810.2
2025-10-06,East,In-Store,Beauty,Social,119185.32,3705,1407,1755,21416,1407,21382,3151,34610.06,71632.38,84575.26,104483.95,2570,122295.4,117872.84,119185.32,2652,2744,385,293,5265.43,84.71,2.51,2.02,5579.62,3184.48,119185.32,98785.24,5645.27,3619.58,10646.81,66019.27,51256.85
2025-10-14,East,In-Store,Apparel,Email,41725.6,5853,2193,6380,48042,2193,26918,7416,19831.94,20301.18,21893.66,31369.5,10023,42583.89,39371.49,41725.6,3444,3289,84,239,10512.94,19.03,7.24,4.09,5402.51,3282.26,41725.6,35629.26,24292.71,10203.42,22617.55,59569.24,66524.53
2025-10-17,East,In-Store,Home,Organic Search,154206.5,2042,1389,3451,22632,1389,11489,3395,53852.93,66402.58,100353.57,147386.01,6456,156121.97,152872.86,154206.5,7306,7168,262,400,2537.99,111.02,5.75,2.68,15834.35,6068.09,154206.5,126796.31,5608.28,1981.77,21834.12,53634.06,73639.97
2025-10-19,East,In-Store,Sports,Social,11125.44,3732,1196,3694,20241,1196,19833,5388,4331.19,8458.31,6794.25,7555.33,7720,11206.29,10680.09,11125.44,5280,5386,293,187,10261.99,9.3,5.16,4.38,19193.41,3685.04,11125.44,8264.16,16877.64,5228.3,3462.67,33968.26,27835.21
2025-10-31,East,In-Store,Electronics,Direct,48287.99,4783,552,993,21002,552,14978,6306,15879.48,33629.28,32408.51,44431.75,1731,49034.68,48287.29,48287.99,4532,4768,363,127,7812.99,87.48,5.09,3.17,22970.12,4626.13,48287.99,35573.22,33722.16,17597.61,23300.09,25976.52,87949.38
2025-11-02,Central,In-Store,Beauty,Organic Search,114531.89,2348,813,1545,10557,813,5335,3496,47877.56,67593.19,66654.33,66098.86,2372,117486.83,114305.5,114531.89,3892,3820,296,368,12851.54,140.88,4.02,3.17,11577.95,5524.1,114531.89,102906.55,41578.88,11181.13,4649.67,22410.31,77239.34
2025-11-15,East,In-Store,Electronics,Direct,89943.78,2522,1859,5630,23676,1859,23202,5372,43623.55,41890.1,46320.23,52608.97,10376,90921.89,89502.18,89943.78,6296,6347,247,196,11222.94,48.38,1.85,1.67,9791.01,2787.65,89943.78,79008.78,44452.74,14355.34,16019.53,67772.12,90610.3
2025-11-20,Central,In-Store,Electronics,Organic Search,58581.56,5721,1526,2397,26878,1526,17342,9843,15486.6,29846.11,43094.96,42307.17,3030,59907.52,57284.91,58581.56,6466,6711,334,89,5614.11,38.39,4.38,2.1,10007.84,5162.35,58581.56,51319.2,49506.5,12697.76,4082.35,33078.95,78978.76
2025-11-23,East,In-Store,Apparel,Social,170285.1,2249,1513,4529,44898,1513,24348,6603,91227.34,103838.61,79057.76,84820.86,9180,170295.76,166153.42,170285.1,7513,7555,84,42,3332.48,112.55,7.91,1.09,7401.98,2799.68,170285.1,123279.27,33112.19,4923.11,14323.97,32046.27,77805.53
2025-12-03,Central,In-Store,Beauty,Paid Search,165026.43,1889,254,367,3542,254,3182,1105,69089.48,71960.71,95936.95,108941.48,871,168017.2,164389.78,165026.43,3230,3474,327,83,3083.28,649.71,3.54,3.34,16943.42,5187.76,165026.43,102717.7,36530.19,10386.21,22624.34,58428.62,102223.18
2025-12-16,Central,In-Store,Beauty,Direct,137186.39,5840,1821,2922,35911,1821,14524,9675,48012.65,78247.51,89173.74,102239.0,3814,139627.16,134298.89,137186.39,8478,8419,240,299,7116.81,75.34,3.53,1.1,12889.71,2965.93,137186.39,110254.81,48196.18,9909.33,5183.36,14808.81,93960.57
2025-12-19,East,In-Store,Apparel,Social,101323.26,3114,630,1834,8921,630,4081,3034,48080.98,89340.61,53242.28,74701.32,4518,102508.86,95602.38,101323.26,8221,8163,80,138,8311.2,160.83,2.9,4.43,12245.19,4328.14,101323.26,74507.03,58747.82,18842.23,21303.72,49408.06,121304.17
2025-12-26,Central,In-Store,Electronics,Paid Search,59898.6,4690,145,292,2180,145,1817,864,24289.34,37092.53,35609.26,34333.71,656,60200.05,55684.05,59898.6,4592,4680,402,314,7470.3,413.09,4.62,4.79,19244.5,6407.48,59898.6,53808.57,38856.58,14882.13,5617.56,64008.71,69656.38
2025-12-29,Central,In-Store,Apparel,Email,156558.06,1702,992,2844,25180,992,20525,2631,59131.39,105861.82,97426.67,114922.86,3470,161159.26,149949.88,156558.06,5189,5381,356,164,9896.95,157.82,6.24,2.9,8146.96,3924.53,156558.06,113272.74,45202.81,15041.52,5195.87,54562.63,99917.06
2026-01-01,Central,In-Store,Beauty,Organic Search,80825.78,2003,1980,3355,30812,1980,27473,9087,39343.14,53707.68,41482.64,56683.35,5254,81919.27,80336.28,80825.78,6294,6365,194,123,11580.17,40.82,3.32,3.27,15511.67,5393.57,80825.78,61619.94,33692.87,16588.37,3247.06,63775.22,70533.3
2026-01-10,East,In-Store,Electronics,Paid Search,48131.27,2120,1118,3572,25667,1118,15983,2893,24005.54,25603.93,24125.73,27210.97,7247,49238.56,46138.35,48131.27,4569,4597,145,117,5340.49,43.05,4.97,3.57,13165.39,3458.32,48131.27,36709.03,17975.2,9676.6,5881.34,29455.78,41696.43
2026-01-15,Central,In-Store,Apparel,Direct,75719.9,1942,296,697,7456,296,5221,871,26890.01,50398.34,48829.89,47467.04,1628,75749.54,74030.56,75719.9,4578,4617,227,188,11045.84,255.81,3.84,3.75,36617.95,6710.28,75719.9,49461.49,32862.01,9603.97,18859.62,61025.26,75565.71
2026-02-01,East,In-Store,Apparel,Direct,172027.49,4007,1903,2259,36899,1903,36704,6976,56612.95,80423.98,115414.54,129754.17,2815,174488.63,163511.16,172027.49,3170,2994,77,253,14794.99,90.4,5.8,3.35,12836.1,2977.21,172027.49,118754.02,47104.08,17319.53,21430.55,39853.16,124780.41
2026-02-03,Central,In-Store,Apparel,Paid Search,81509.19,4314,2103,3547,97298,2103,47372,21947,28159.44,43671.49,53349.75,53321.76,6669,81515.74,78002.17,81509.19,2482,2642,441,281,7103.0,38.76,2.36,4.21,4582.3,1210.63,81509.19,58278.32,35731.73,18215.72,7237.53,14607.4,77181.51
2026-02-05,East,In-Store,Home,Social,53977.12,2118,1638,2761,21981,1638,11594,4171,14172.61,39047.6,39804.51,32770.15,5455,55254.11,51147.25,53977.12,3330,3261,98,167,7123.59,32.95,5.64,1.22,6772.84,4447.55,53977.12,49302.05,35816.48,8738.97,3777.13,26802.17,58163.62
2026-02-22,Central,In-Store,Beauty,Email,156119.87,4561,1989,5367,29845,1989,23692,8419,62168.3,66958.16,93951.57,106314.94,11639,158492.13,147219.76,156119.87,7126,7012,176,290,13632.77,78.49,6.42,1.58,21604.56,6000.79,156119.87,126337.52,36900.26,6218.09,20614.34,50231.01,95627.17
2026-02-23,Central,In-Store,Home,Email,159808.8,2270,1784,5287,25727,1784,13924,9378,49279.67,89377.42,110529.13,111196.66,7499,162218.09,162137.94,159808.8,7851,8078,392,165,12581.18,89.58,5.82,2.1,21626.29,4171.04,159808.8,102863.25,55446.45,4767.86,8774.49,8956.29,102347.8
2026-02-26,East,In-Store,Home,Organic Search,40661.96,3192,1770,4969,51966,1770,21553,18114,14789.23,19598.61,25872.73,31320.66,11400,40792.29,38348.4,40661.96,4163,4026,139,276,6407.35,22.97,5.15,2.49,4430.58,2678.13,40661.96,29794.54,34624.55,2835.57,14694.95,25353.47,61551.27
2026-03-08,Central,In-Store,Beauty,Organic Search,46333.55,5121,483,1317,17225,483,10603,6608,23647.73,26648.79,22685.82,31988.94,2430,47503.2,46715.91,46333.55,8889,8906,169,152,11898.56,95.93,6.01,3.31,16689.27,3717.81,46333.55,32506.41,11010.69,6641.83,5850.15,42860.23,33099.35
2026-04-04,East,In-Store,Home,Direct,96293.45,3715,966,2188,30789,966,18214,11764,49866.83,41590.93,46426.62,46695.92,3875,98521.02,91835.79,96293.45,4088,4347,336,77,5277.01,99.68,2.35,4.96,13905.73,7613.74,96293.45,64588.39,57883.81,9760.39,22260.74,29997.43,103913.72
2026-04-06,East,In-Store,Electronics,Paid Search,72250.94,5171,1260,3584,47619,1260,37064,5433,18432.75,33198.89,53818.19,84051.33,4852,73890.35,68798.38,72250.94,5620,5648,98,70,11732.94,57.34,7.44,4.39,2140.11,1128.89,72250.94,58617.48,40230.35,1196.93,23257.78,66947.18,89900.46
2026-04-11,East,In-Store,Home,Direct,101217.23,4651,544,1636,10739,544,10510,3635,49676.97,43724.23,51540.26,60665.71,2971,101978.42,98808.52,101217.23,5627,5853,469,243,9539.02,186.06,6.88,1.05,18858.16,4625.76,101217.23,86519.42,7116.6,109.63,7440.36,32828.48,32866.3
2026-04-17,Central,In-Store,Electronics,Direct,37264.59,3301,1943,6083,32073,1943,30796,5631,13894.11,26335.82,23370.48,24626.81,11447,38161.15,38072.65,37264.59,5100,5280,367,187,7364.8,19.18,3.2,2.69,13758.4,5358.74,37264.59,34605.66,9548.27,17293.01,6877.48,12260.07,41106.8
2026-04-18,East,In-Store,Electronics,Social,111082.64,2106,1160,1949,18822,1160,15847,3577,35947.26,91488.4,75135.38,110817.65,2432,111424.36,104020.72,111082.64,3569,3835,494,228,9678.59,95.76,2.49,3.64,14350.7,3079.25,111082.64,104671.14,58950.06,1965.13,14547.34,56916.93,108707.82
2026-04-20,East,In-Store,Home,Organic Search,42605.4,2568,1800,4324,53144,1800,38122,19987,23302.19,22659.26,19303.21,27767.2,7747,42950.0,40467.19,42605.4,7141,7113,228,256,10377.01,23.67,4.64,1.31,14742.0,4794.66,42605.4,36108.12,16065.94,9915.28,11381.33,40464.55,45692.71
2026-04-21,Central,In-Store,Apparel,Email,44673.46,2109,2148,2605,29948,2148,20165,6735,13168.54,18077.04,31504.92,37984.97,5784,45346.21,43486.15,44673.46,7670,7571,279,378,11243.17,20.8,6.04,2.1,19136.27,3696.89,44673.46,27540.14,18858.5,17620.26,12422.34,54164.22,60296.59
2026-04-24,East,In-Store,Beauty,Paid Search,70398.4,3382,1576,4726,71567,1576,66253,11468,27522.89,40704.14,42875.51,39750.33,7856,70641.49,65171.82,70398.4,3899,4117,470,252,7627.99,44.67,3.9,1.79,13504.62,3741.85,70398.4,60211.52,13556.37,11752.07,2576.93,25535.55,39810.47
2026-05-06,East,In-Store,Sports,Email,154929.74,3717,2126,4632,69737,2126,37167,14669,84976.18,66981.18,69953.56,84863.89,7771,157800.82,150842.26,154929.74,4389,4722,457,124,10400.8,72.87,6.76,3.72,7299.72,1587.83,154929.74,108726.53,44397.68,2414.17,19255.8,29341.63,91526.82
2026-05-07,Central,In-Store,Beauty,Organic Search,92318.62,3643,2125,5767,66019,2125,57929,15543,37241.58,46791.51,55077.04,60087.65,10880,94638.92,90589.13,92318.62,4209,4337,355,227,8385.4,43.44,3.64,3.41,20682.72,7918.63,92318.62,85909.16,26512.8,10205.42,6629.01,66433.33,61373.53
2026-05-10,East,In-Store,Sports,Organic Search,150128.56,4806,1115,2203,44566,1115,39117,16351,70061.86,133638.16,80066.7,123924.6,3502,153212.37,150545.95,150128.56,6788,6930,166,24,6661.51,134.64,4.95,1.18,8089.89,4987.64,150128.56,93833.95,48157.17,14781.01,17584.59,47848.47,117700.15
2026-05-13,East,In-Store,Beauty,Email,50002.37,5887,1927,4523,30126,1927,20836,10332,17004.86,42128.7,32997.51,45219.5,8302,50911.33,48546.21,50002.37,4083,4004,123,202,13101.11,25.95,3.75,1.95,9680.25,2517.06,50002.37,35117.04,36696.11,16489.15,11052.88,45506.62,77803.99
2026-06-02,Central,In-Store,Electronics,Social,117607.64,2379,1100,1498,35477,1100,15528,11234,29529.47,73438.28,88078.17,93071.32,3250,117969.42,112227.06,117607.64,4537,4622,218,133,14058.18,106.92,3.96,3.46,9691.28,2893.9,117607.64,78911.48,21912.14,9410.25,20850.86,57435.47,80094.65
2026-06-13,Central,In-Store,Electronics,Organic Search,173615.94,4564,175,247,4652,175,3775,744,74160.96,145677.94,99454.98,80592.92,534,174594.16,172106.11,173615.94,8759,8879,298,178,14557.15,992.09,6.17,2.73,7291.68,3589.54,173615.94,151074.31,56572.34,13508.34,9778.76,34565.96,104037.32
2026-06-18,Central,In-Store,Electronics,Direct,41715.75,3986,356,702,14107,356,6475,2848,22783.17,30321.73,18932.58,28660.18,1592,41851.26,40804.4,41715.75,2411,2542,188,57,3078.54,117.18,6.0,1.14,7936.85,3941.61,41715.75,34800.48,22941.48,1887.04,16068.35,21639.07,49494.92
2026-06-19,East,In-Store,Apparel,Direct,10682.26,2595,1651,5238,21883,1651,13552,4505,5639.38,9053.95,5042.88,7834.17,8827,10728.74,10563.07,10682.26,2502,2257,147,392,10042.58,6.47,5.0,2.98,6357.14,1503.85,10682.26,7265.03,17417.38,14164.91,22259.11,27726.62,56191.65
2026-06-30,Central,In-Store,Electronics,Email,172360.09,2490,1217,3186,36671,1217,21500,8174,92989.17,125262.01,79370.92,83501.6,6472,174057.07,161700.74,172360.09,7728,7775,428,381,9164.94,141.63,5.27,2.06,27970.4,6198.46,172360.09,125880.19,58001.44,10123.88,14723.96,57498.03,107899.76
2026-07-07,East,In-Store,Home,Organic Search,68103.63,2431,1192,2069,19864,1192,11622,6394,19944.89,43157.05,48158.74,76735.15,2558,69970.55,66634.32,68103.63,6435,6715,439,159,13754.31,57.13,6.24,4.76,19645.22,7388.77,68103.63,49018.84,20903.29,1690.15,13433.46,33218.94,59047.44
2026-07-21,East,In-Store,Sports,Direct,52883.62,5534,689,1972,27542,689,18119,3220,18319.23,21567.79,34564.39,41880.54,3605,53075.05,49613.79,52883.62,5172,5058,197,311,4796.32,76.75,4.13,3.92,18409.6,5052.42,52883.62,43980.79,25455.7,5683.29,23894.72,29849.49,67597.87
2026-07-22,East,In-Store,Electronics,Paid Search,47311.73,4026,2016,2294,39666,2016,22099,5888,17505.03,26707.18,29806.7,37780.18,5474,48630.69,45457.81,47311.73,2545,2736,287,96,13394.91,23.47,4.51,3.59,17718.6,5610.75,47311.73,43552.58,32713.61,17862.85,15469.22,56123.31,77379.73
2026-07-31,East,In-Store,Electronics,Email,25646.19,1650,1775,5164,38004,1775,26095,14607,6938.31,16519.94,18707.88,19775.17,7715,25938.59,24562.13,25646.19,7174,7034,22,162,8460.37,14.45,6.12,1.54,18747.31,3602.34,25646.19,16815.77,51640.86,2699.54,10208.48,32625.87,70481.43
2026-08-08,East,In-Store,Sports,Email,50924.55,1708,1530,3591,35427,1530,26264,11977,20613.24,42949.98,30311.31,38875.09,7754,52001.3,48432.38,50924.55,5237,5392,239,84,14725.06,33.28,6.24,2.63,23869.17,4613.3,50924.55,40731.39,16119.8,8518.5,19562.2,66568.15,55863.03
2026-08-10,East,In-Store,Sports,Paid Search,179186.19,4857,1107,2534,14907,1107,13141,3158,96591.64,131625.82,82594.55,72402.66,5040,181807.47,181507.2,179186.19,8105,8009,184,280,8335.02,161.87,3.22,4.81,14640.38,2740.27,179186.19,121552.43,16056.38,17650.67,3985.13,14776.09,59412.98
2026-08-21,East,In-Store,Sports,Paid Search,67106.88,2702,2116,4429,38146,2116,16860,6100,35318.89,58751.48,31787.99,26657.4,5363,68820.77,64828.98,67106.88,6381,6779,473,75,6478.21,31.71,7.45,4.85,8864.71,1803.37,67106.88,46122.48,31896.91,13388.23,10769.85,35400.72,64052.21
2026-08-22,Central,In-Store,Electronics,Direct,23127.38,4011,805,1203,14779,805,7677,2592,6735.73,13853.85,16391.65,14365.23,2598,23489.35,23301.02,23127.38,6546,6471,203,278,5100.89,28.73,5.07,2.43,4442.75,1322.57,23127.38,18311.16,31275.59,16044.91,19292.98,30942.55,70923.05
2026-08-27,East,In-Store,Apparel,Email,73948.8,3304,1617,2744,29394,1617,17411,10246,37741.27,60808.98,36207.53,45387.54,5675,74479.32,70243.02,73948.8,6202,6031,139,310,5149.58,45.73,7.36,2.49,10707.93,3682.47,73948.8,48108.08,28345.82,14264.02,13867.46,27077.93,70093.56
2026-09-06,East,In-Store,Beauty,Direct,178863.69,5238,100,222,1405,100,643,186,90801.54,111843.34,88062.15,130049.31,427,180396.55,168384.23,178863.69,3398,3394,97,101,11076.35,1788.64,3.47,2.07,3066.62,1080.2,178863.69,118078.4,16332.38,16068.84,18844.76,15534.21,90260.77
2026-09-08,Central,In-Store,Sports,Email,124120.33,2844,2044,3585,31668,2044,20600,8207,32494.51,81209.77,91625.82,90521.12,7302,126830.82,120806.63,124120.33,4026,4357,465,134,4048.55,60.72,6.73,3.81,5982.9,1455.74,124120.33,82227.79,41140.59,10865.23,18106.47,63561.16,97268.63
2026-09-09,East,In-Store,Apparel,Organic Search,124422.9,1827,120,316,1661,120,1534,236,43135.18,70017.34,81287.72,86983.48,685,126752.07,118807.19,124422.9,2992,3072,208,128,6199.64,1036.86,5.09,3.81,10485.26,4195.28,124422.9,98577.36,25154.94,19707.67,12732.29,64373.89,83689.94
2026-09-13,East,In-Store,Sports,Direct,69158.44,2986,512,1425,12686,512,6543,2377,23658.01,29942.48,45500.43,46065.82,2868,69856.87,65330.32,69158.44,5730,5922,261,69,14537.88,135.08,2.63,1.15,22780.07,5900.31,69158.44,53733.15,50163.63,675.04,11421.45,20325.71,76079.87
2026-09-15,East,In-Store,Home,Paid Search,12272.57,3015,497,592,9209,497,7798,1220,4776.1,9627.54,7496.47,6608.45,1367,12577.29,12315.79,12272.57,6977,6793,188,372,3760.19,24.69,5.12,4.52,28555.35,6194.36,12272.57,11506.69,43420.97,5298.14,15314.71,30033.35,66016.35
2026-09-18,Central,In-Store,Apparel,Organic Search,111545.19,5593,556,1635,8977,556,7651,2671,31343.13,82166.33,80202.06,111514.35,3141,113935.96,107612.85,111545.19,7785,7747,345,383,6653.53,200.62,7.08,3.46,7306.09,1667.68,111545.19,101773.93,20992.57,4736.63,8784.1,46230.57,67967.61
2026-09-25,Central,In-Store,Electronics,Social,10465.78,3429,187,325,2479,187,2052,322,5031.34,6398.72,5434.44,5809.99,503,10583.97,10132.43,10465.78,4872,5031,243,84,14943.48,55.97,6.14,1.64,12430.38,3888.2,10465.78,9246.86,44027.16,18047.74,13062.86,55779.15,76880.76
2026-09-26,East,In-Store,Apparel,Paid Search,48390.77,3860,2175,6040,92113,2175,65682,11864,18683.63,34911.06,29707.14,40233.27,7612,49555.74,49536.8,48390.77,7563,7554,60,69,12426.12,22.25,6.01,4.28,11713.95,6501.91,48390.77,32393.61,36744.16,10383.73,14952.57,44589.76,74150.44
2026-09-30,East,In-Store,Beauty,Email,84317.26,3182,1214,2608,34907,1214,33574,7173,42647.25,57286.46,41670.01,37055.75,4875,86216.8,81903.13,84317.26,3369,3733,483,119,11326.57,69.45,7.48,3.33,15794.5,3460.82,84317.26,69056.63,36621.65,9262.1,8019.02,25212.78,65019.5
2026-10-01,Central,In-Store,Home,Organic Search,50280.57,1618,1342,3950,16899,1342,9630,6180,27379.3,42815.71,22901.27,32827.19,5521,50717.89,49353.83,50280.57,8441,8350,172,263,14069.76,37.47,3.87,3.16,8386.34,5462.66,50280.57,31342.64,12106.95,17795.46,24731.8,31068.74,64482.37
2026-10-24,Central,In-Store,Beauty,Email,149302.55,3402,111,267,2012,111,1562,737,80608.09,121658.18,68694.46,99911.95,482,149613.12,147725.98,149302.55,2188,2560,444,72,3287.63,1345.07,6.61,3.8,33030.46,7029.77,149302.55,131323.53,19729.41,19372.38,5430.5,13252.95,74505.88
2026-11-10,East,In-Store,Home,Organic Search,12701.64,4169,1010,2726,18187,1010,16202,3240,5852.89,6869.5,6848.75,5671.94,4032,12972.15,12196.29,12701.64,8658,8795,181,44,5552.29,12.58,1.86,3.38,16426.38,3332.32,12701.64,10234.02,54664.79,15206.19,9286.33,18045.46,80858.89
2026-11-19,Central,In-Store,Sports,Direct,65039.95,5363,918,2385,22033,918,13788,5532,27775.64,29263.26,37264.31,30552.44,3678,65310.4,64613.86,65039.95,5476,5603,401,274,6684.23,70.85,1.55,1.42,10722.85,6811.28,65039.95,51363.87,8900.49,12824.96,4101.03,57687.9,34992.21
2026-11-24,Central,In-Store,Electronics,Organic Search,40253.81,3450,2045,4865,46641,2045,40487,9803,10214.47,26221.8,30039.34,24032.46,8938,41050.75,40077.98,40253.81,3311,3460,279,130,8666.86,19.68,5.71,2.38,30756.83,7863.21,40253.81,29123.15,40738.35,11339.89,14741.9,63563.41,74029.88
2026-12-01,East,In-Store,Beauty,Social,152670.76,2276,2052,5511,68514,2052,51785,7164,67801.63,99984.63,84869.13,126521.64,11210,154261.36,147098.6,152670.76,2258,2237,148,169,6130.01,74.4,3.41,4.45,26992.29,4932.64,152670.76,94360.95,26070.5,11821.16,20301.45,39777.53,96149.6
2026-12-06,Central,In-Store,Home,Social,164812.01,5268,1398,2479,23516,1398,23062,3594,84576.49,79688.85,80235.52,96468.43,4630,165133.57,158624.0,164812.01,6431,6706,436,161,6324.86,117.89,5.34,4.4,23355.54,4677.6,164812.01,154153.63,40710.39,19178.68,2166.66,12817.63,90996.26
2026-12-07,Central,In-Store,Electronics,Organic Search,157634.85,2233,863,2054,18449,863,7742,2407,53497.0,136508.42,104137.85,89763.88,3940,161025.95,159584.52,157634.85,6542,6386,73,229,14346.07,182.66,2.59,2.0,33560.99,6503.44,157634.85,124718.26,55923.22,8489.0,23389.07,13545.38,114730.45
2026-12-19,Central,In-Store,Home,Email,105205.27,4295,2032,3033,52268,2032,32957,18091,36502.66,49822.08,68702.61,89188.55,5255,107522.09,99565.0,105205.27,5135,5187,199,147,14661.58,51.77,1.86,2.1,33104.92,6642.43,105205.27,64962.67,45672.96,19922.11,18690.59,17101.99,111042.23
2026-12-21,East,In-Store,Electronics,Paid Search,33942.8,4043,1855,3868,34511,1855,32402,10833,10799.75,26858.99,23143.05,26610.81,4714,34697.31,34189.11,33942.8,5564,5272,36,328,3806.73,18.3,5.32,4.82,3229.03,1260.38,33942.8,26698.26,20003.21,3175.83,5477.0,18950.41,36639.28
2025-01-10,East,In-Store,Home,Direct,82390.38,4627,539,1232,8378,539,5436,3205,42528.22,51074.37,39862.16,49899.53,2562,84488.74,80206.96,82390.38,5576,5755,257,78,14210.11,152.86,5.55,3.7,11144.68,2355.17,82390.38,73928.06,57729.99,14533.32,23789.58,22632.59,111022.75
2025-01-13,Central,In-Store,Beauty,Paid Search,31284.76,2511,98,238,1755,98,842,609,15370.42,19917.39,15914.34,21470.54,394,31965.59,30347.92,31284.76,7626,7307,50,369,8342.08,319.23,4.02,2.45,9244.02,2919.16,31284.76,25106.34,15178.11,5756.33,4492.31,25759.96,31867.91
2025-01-15,Central,In-Store,Beauty,Organic Search,81997.01,3171,1200,2106,26010,1200,23812,2970,23150.82,71386.68,58846.19,86390.93,5201,82002.49,76957.43,81997.01,3036,3321,398,113,14425.83,68.33,3.15,2.06,4012.69,1514.11,81997.01,68538.06,10614.97,8478.43,11212.77,60380.84,56223.45
2025-01-31,Central,In-Store,Apparel,Social,127056.96,5253,1239,2965,21847,1239,10175,4271,68301.0,76833.47,58755.96,81667.02,4455,129677.0,123198.65,127056.96,2772,2799,283,256,9924.2,102.55,4.82,4.49,2602.65,892.25,127056.96,107381.64,17196.63,8722.16,11613.79,45322.86,62032.69
2025-03-17,Central,In-Store,Home,Email,38731.37,3652,435,958,13303,435,13103,2061,12796.91,21074.72,25934.46,37879.86,1351,38924.55,36608.33,38731.37,6135,6397,416,154,8199.96,89.04,2.67,3.83,43648.17,7995.62,38731.37,29935.39,23069.92,8162.53,13172.85,26913.85,55769.26
2025-03-18,Central,In-Store,Apparel,Social,81996.07,3380,744,2289,19210,744,14004,3102,40130.91,39290.9,41865.16,51795.62,4689,82200.62,75977.71,81996.07,6716,6745,52,23,6742.23,110.21,6.82,4.52,3130.6,744.76,81996.07,76387.27,13452.53,16971.14,6707.0,27668.14,52669.36
2025-03-25,Central,In-Store,Electronics,Social,157354.48,4129,270,514,5652,270,5015,1797,42602.08,113456.64,114752.4,137861.45,1108,157600.05,147470.64,157354.48,6085,5848,109,346,8761.36,582.79,3.89,2.54,10325.17,6576.46,157354.48,143002.16,25380.1,19845.7,3943.96,47482.66,90528.2
2025-04-25,Central,In-Store,Apparel,Social,97279.39,4517,196,322,4025,196,3075,1024,35081.01,42483.68,62198.38,89264.19,743,98892.12,92956.11,97279.39,6058,6236,188,10,2051.79,496.32,5.67,4.45,3202.89,1439.61,97279.39,66616.67,22294.12,1259.2,6101.64,9259.34,56434.22
2025-05-10,East,In-Store,Beauty,Email,42897.71,4162,1974,4820,44734,1974,20327,8541,14649.29,24142.25,28248.42,29476.23,9816,43632.27,43259.77,42897.71,5699,5686,264,277,10290.21,21.73,5.22,4.32,33525.52,7190.98,42897.71,38111.72,29746.08,18001.02,9372.98,69566.28,65962.95
2025-05-19,East,In-Store,Beauty,Email,122320.45,1658,158,240,3833,158,2218,1435,41275.57,103530.8,81044.88,104680.86,477,125615.23,120700.93,122320.45,8981,8743,91,329,4796.45,774.18,2.6,4.41,7170.82,2363.61,122320.45,88891.83,14989.63,4090.26,24831.79,21942.35,75315.94
2025-05-21,East,In-Store,Sports,Social,106500.85,5021,1674,5226,31203,1674,30798,6923,33573.72,72442.55,72927.13,99872.77,12553,108025.94,104145.0,106500.85,3798,3681,79,196,4632.22,63.62,2.05,2.69,8465.09,1757.79,106500.85,72877.39,21498.48,13160.53,7853.0,25668.97,72473.84
2025-05-22,East,In-Store,Home,Direct,95550.27,5608,910,2550,21481,910,15031,3566,28566.23,51717.92,66984.04,62963.1,6218,97158.39,95655.63,95550.27,5621,5760,370,231,12753.47,105.0,2.44,2.38,27868.97,7196.5,95550.27,70990.85,28909.18,13226.18,2542.32,33539.09,63566.61
2025-06-08,Central,In-Store,Beauty,Organic Search,115375.54,3006,104,153,1497,104,1405,540,38755.72,88045.28,76619.82,78831.14,381,118300.29,111578.72,115375.54,2387,2331,95,151,10073.96,1109.38,3.16,4.59,20492.5,5476.85,115375.54,87543.67,44122.08,19992.51,19655.5,42220.79,107419.43
2025-06-16,Central,In-Store,Apparel,Organic Search,152435.62,2669,1895,4699,25682,1895,22293,2607,75429.66,128852.7,77005.96,76389.48,10918,154231.73,151240.06,152435.62,8986,9221,337,102,11267.63,80.44,6.51,4.27,7876.94,3410.21,152435.62,102745.01,42236.46,12787.79,12031.42,63706.93,89972.51
2025-06-19,East,In-Store,Electronics,Social,114732.37,2416,1395,4428,51635,1395,33274,13563,40284.35,89393.61,74448.02,84187.84,10630,115420.3,109218.6,114732.37,3303,3341,148,110,11855.57,82.25,5.85,2.4,8802.63,4257.95,114732.37,84032.48,27158.71,13052.82,22281.21,34797.02,87749.09
2025-06-24,Central,In-Store,Beauty,Email,128077.62,3562,1435,2616,20861,1435,10853,8215,51161.46,110181.85,76916.16,93210.0,4204,129091.86,120076.93,128077.62,4103,4375,497,225,6235.05,89.25,5.97,1.0,26992.31,5540.79,128077.62,115997.29,42637.97,11858.0,3328.71,58088.49,85787.68
2025-06-25,Central,In-Store,Electronics,Organic Search,40631.9,3843,864,2662,33946,864,32481,11534,11296.36,21080.06,29335.54,41134.13,4704,41077.96,39419.06,40631.9,7685,7834,480,331,7317.67,47.03,1.58,1.76,6613.01,1387.38,40631.9,29131.61,21382.63,953.01,22789.97,46010.38,57465.85
2025-07-02,East,In-Store,Sports,Paid Search,16296.53,3379,1243,3859,24355,1243,22068,7993,8632.85,14487.12,7663.68,12250.46,6579,16512.16,15469.23,16296.53,2392,2790,481,83,9417.17,13.11,4.84,4.57,2414.44,682.75,16296.53,10831.72,43795.31,16986.13,24575.32,49097.76,89031.9
2025-07-20,East,In-Store,Electronics,Direct,34719.92,3747,1317,3592,22574,1317,11229,5223,10599.49,27074.77,24120.43,28433.37,5242,35429.56,33913.21,34719.92,3214,3256,345,303,5011.49,26.36,6.49,1.38,3716.84,2001.76,34719.92,22139.14,23029.98,19109.55,16964.11,27767.27,67633.65
2025-07-22,Central,In-Store,Apparel,Email,122983.97,1994,526,1673,10218,526,8691,2080,41972.66,104555.82,81011.31,65170.7,2595,124209.98,115394.68,122983.97,5361,5709,485,137,8567.03,233.81,6.28,4.87,16980.5,5422.97,122983.97,77423.95,51055.15,2391.32,16545.85,36002.07,89543.53
2025-07-23,East,In-Store,Sports,Organic Search,57630.33,4799,1087,2252,26333,1087,20950,5763,18568.7,51640.92,39061.63,61680.2,5028,58706.26,56924.32,57630.33,3529,3634,203,98,3280.59,53.02,3.82,1.67,9790.16,5452.85,57630.33,42563.78,58701.73,8868.65,18339.06,43256.31,104413.5
2025-07-27,Central,In-Store,Home,Direct,103141.56,2467,1564,2563,41025,1564,34850,8610,44363.43,82359.49,58778.13,64754.35,5761,104445.31,97382.64,103141.56,7597,7771,346,172,2749.18,65.95,5.7,1.4,27764.77,5572.99,103141.56,96634.86,47550.81,18292.68,13229.51,14157.26,98499.3
2025-07-30,Central,In-Store,Electronics,Organic Search,163559.91,5214,226,324,10319,226,10232,1280,88878.48,132923.17,74681.43,74785.66,392,166019.03,160901.83,163559.91,8622,8966,496,152,3639.48,723.72,1.78,1.73,37025.78,7627.18,163559.91,129675.52,10073.91,3109.6,8205.75,33931.27,43824.96
2025-08-10,East,In-Store,Home,Direct,38884.79,3803,1943,3005,47311,1943,29338,14315,12695.03,32102.48,26189.76,21215.94,5637,39648.65,38226.84,38884.79,5180,5014,75,241,2665.73,20.01,2.58,2.93,10309.7,4290.66,38884.79,27532.62,30583.26,1215.54,9275.13,43380.45,47438.71
2025-08-17,Central,In-Store,Home,Direct,21273.03,5711,2189,4807,53408,2189,51076,10467,6841.43,14174.55,14431.6,12250.08,11230,21829.3,21270.67,21273.03,6416,6539,333,210,6732.06,9.72,5.58,3.18,21090.01,4372.9,21273.03,19208.18,34058.37,13052.86,21879.72,55592.42,72665.97
2025-08-25,East,In-Store,Apparel,Email,29763.55,2653,1616,2507,21934,1616,10102,5788,7596.87,16957.79,22166.68,30780.91,5176,30022.96,27959.96,29763.55,6113,6178,202,137,9699.34,18.42,7.1,2.66,11108.42,3293.62,29763.55,25781.0,11501.81,5673.04,23590.63,54074.56,49999.75
2025-08-29,Central,In-Store,Sports,Email,11574.48,5060,1928,4865,26940,1928,15841,4591,3049.79,8990.45,8524.69,11358.11,11344,11889.83,11545.8,11574.48,7609,7596,79,92,11000.58,6.0,3.75,3.1,37496.55,7217.94,11574.48,8217.36,23472.47,2025.8,3938.59,48335.47,32844.29
2025-08-31,Central,In-Store,Electronics,Organic Search,61175.97,1990,328,785,5017,328,3899,1857,28876.72,34534.79,32299.25,38860.15,1898,62231.41,60312.2,61175.97,2832,2818,64,78,8518.9,186.51,6.78,1.34,24616.43,7071.95,61175.97,57473.82,7900.58,12546.55,21165.17,19044.41,53270.34
2025-09-12,Central,In-Store,Sports,Email,16964.47,5341,318,565,7686,318,6955,1619,7082.86,9317.31,9881.61,8479.17,1333,17430.53,17067.1,16964.47,3286,3469,332,149,3091.91,53.35,4.73,2.42,21869.51,4697.28,16964.47,14787.19,49442.75,17875.78,19901.9,42684.42,89764.18
2025-09-19,Central,In-Store,Home,Direct,114033.04,2989,1729,3420,26461,1729,19994,7953,51344.0,82438.95,62689.04,97177.45,4743,114758.08,107404.84,114033.04,3945,4018,203,130,11550.57,65.95,4.3,3.65,11080.51,5162.34,114033.04,94030.55,20800.26,16593.24,17832.83,11659.23,84379.57
2025-09-22,Central,In-Store,Sports,Social,32797.18,3935,167,315,2628,167,1352,355,13275.64,29065.17,19521.54,20359.29,746,33049.59,31388.47,32797.18,6923,6954,361,330,10535.31,196.39,4.6,3.01,3379.63,828.47,32797.18,29420.74,14490.31,3313.93,19561.26,48278.59,43473.29
2025-10-06,East,In-Store,Home,Paid Search,124460.08,5259,1770,2656,70837,1770,44172,18101,64044.67,68732.01,60415.41,66316.63,5047,126698.68,122787.09,124460.08,3109,3419,379,69,8455.47,70.32,4.34,2.72,8161.7,3614.96,124460.08,117337.88,16832.17,17480.61,20831.14,28588.77,75038.91
2025-10-07,East,In-Store,Beauty,Email,24815.36,2262,485,1085,6643,485,4248,2540,6294.46,17129.16,18520.9,20410.47,1589,25170.39,23469.13,24815.36,2972,3110,280,142,8320.89,51.17,4.61,1.3,25509.22,5551.09,24815.36,18527.04,9803.89,9215.81,3833.82,52905.68,28976.66
2025-10-18,East,In-Store,Beauty,Paid Search,73791.39,5339,1100,2373,25307,1100,15611,7508,39506.77,46345.3,34284.62,39398.03,2855,74021.08,71081.86,73791.39,8017,8011,240,246,6522.99,67.08,5.79,1.03,10330.61,2260.47,73791.39,65196.05,38185.63,9859.69,2449.53,21118.02,62314.26
2025-10-22,East,In-Store,Home,Social,33560.21,2488,523,933,8588,523,7318,1849,11874.04,27490.31,21686.17,27437.4,1193,34431.07,34069.08,33560.21,4986,5151,405,240,10157.69,64.17,2.09,4.04,4454.7,1339.19,33560.21,23625.74,58352.38,15452.64,12737.9,41419.6,94774.14
2025-10-26,Central,In-Store,Home,Paid Search,82368.27,2444,272,719,5869,272,5433,2028,29779.72,38800.43,52588.55,50172.4,1326,82592.33,81235.46,82368.27,3720,3803,163,80,3619.94,302.82,4.37,4.83,43496.06,7951.82,82368.27,71037.33,25412.95,16628.59,20601.74,66205.81,77695.0
2025-11-02,East,In-Store,Apparel,Social,58512.04,5072,320,816,4944,320,3730,1164,24202.24,42322.68,34309.8,37888.45,2028,60139.41,59555.97,58512.04,3674,3595,141,220,10453.91,182.85,3.45,4.09,21174.39,6696.23,58512.04,47858.56,25380.89,12216.8,3086.7,17550.09,52050.92
2025-11-09,Central,In-Store,Home,Paid Search,141746.53,3307,1999,2317,31456,1999,14592,6063,67177.44,60203.88,74569.09,73594.6,4186,142934.11,139671.55,141746.53,4984,5170,379,193,11713.88,70.91,5.55,3.71,19039.67,4284.35,141746.53,91203.39,11261.71,13528.79,12319.53,37433.72,59188.41
2025-11-15,Central,In-Store,Beauty,Organic Search,25278.01,5543,2019,2908,55499,2019,33497,19542,7707.61,21847.22,17570.4,26634.31,3534,25909.81,25442.68,25278.01,4244,4130,272,386,12930.83,12.52,7.99,3.6,12739.84,2880.39,25278.01,16127.56,15102.8,5163.59,4855.3,21551.39,33111.98
2025-11-17,East,In-Store,Electronics,Direct,165107.36,4602,353,398,5136,353,4998,1399,90203.83,129299.33,74903.53,110817.33,917,165554.04,155909.55,165107.36,3224,3293,196,127,14658.92,467.73,5.44,2.99,15585.67,7660.24,165107.36,129102.62,58011.72,13658.27,15521.26,50532.73,120436.45
2025-11-19,East,In-Store,Electronics,Organic Search,125526.35,5547,1110,2551,17049,1110,14383,5486,47927.09,107688.23,77599.26,117337.03,3497,126793.48,119108.87,125526.35,4235,4385,196,46,14037.4,113.09,5.27,4.83,3394.49,1086.48,125526.35,105400.05,7142.38,3414.97,14167.56,46292.19,59926.02
2025-11-29,Central,In-Store,Beauty,Social,177690.66,5202,1094,2473,14269,1094,13684,4308,63640.3,98843.68,114050.36,157569.79,5060,181445.5,176953.55,177690.66,7976,7819,197,354,6024.96,162.42,1.88,1.41,20071.06,4262.65,177690.66,133080.97,15717.62,344.29,10434.43,52259.35,73767.28
2025-11-30,East,In-Store,Home,Organic Search,39290.67,4642,116,167,2528,116,1829,870,14740.69,20583.9,24549.98,32095.03,231,39803.08,38437.57,39290.67,3773,3474,71,370,6518.98,338.71,2.03,4.32,6502.2,3933.23,39290.67,31426.25,19765.31,9215.26,13786.98,53714.23,52396.06
2025-12-09,Central,In-Store,Sports,Social,37362.61,3631,1202,3495,22332,1202,10678,3065,9838.5,20952.65,27524.11,43892.25,5125,37968.8,37855.67,37362.61,3689,3861,200,28,9357.5,31.08,4.93,3.35,17862.3,4936.78,37362.61,33599.43,43943.79,191.64,21403.93,46442.45,78707.04
2025-12-15,Central,In-Store,Beauty,Direct,88702.85,3424,1567,3016,27555,1567,13639,6718,25998.83,46815.21,62704.02,89031.7,6310,89032.75,86742.6,88702.85,6172,5879,24,317,10771.08,56.61,4.03,3.04,10342.83,2048.82,88702.85,72633.56,32776.29,6711.45,2058.78,19907.9,68256.03
2025-12-20,East,In-Store,Beauty,Direct,54880.7,4785,1681,4816,22897,1681,19530,7368,22975.07,45246.41,31905.63,27584.47,8965,55716.0,51881.1,54880.7,2531,2299,107,339,9892.58,32.65,3.0,2.98,5615.0,3250.39,54880.7,37416.04,55022.05,19396.5,19382.98,68255.72,102076.87
2025-12-24,East,In-Store,Home,Email,149933.99,2440,355,927,13331,355,7183,1909,56891.79,60162.49,93042.2,85660.95,1630,153710.48,141424.67,149933.99,5921,6187,494,228,12528.47,422.35,2.86,2.91,1250.78,825.98,149933.99,106677.26,9742.4,4044.2,20720.19,51587.76,60205.07
2025-12-26,East,In-Store,Beauty,Email,12428.9,5607,1624,2493,24247,1624,19369,3659,4462.5,8548.58,7966.4,8838.95,4002,12781.6,11991.39,12428.9,3850,3945,371,276,13910.2,7.65,6.3,2.43,16085.18,3245.16,12428.9,8809.03,38123.34,9871.96,5782.07,40514.9,56429.05
2026-01-14,East,In-Store,Beauty,Paid Search,25515.9,4807,1756,5348,48748,1756,42521,15947,7978.91,11002.19,17536.99,24818.54,6724,25823.58,24062.81,25515.9,7980,8088,135,27,11498.12,14.53,6.71,4.21,7168.7,3315.66,25515.9,19055.25,7251.86,10963.9,14715.69,18590.96,40377.01
2026-01-21,Central,In-Store,Apparel,Organic Search,13477.55,3800,330,814,9654,330,6666,1977,6469.39,8616.57,7008.16,9084.54,1457,13797.28,13101.19,13477.55,4535,4813,482,204,12718.76,40.84,4.47,1.8,31529.12,7080.27,13477.55,10779.12,42939.12,12108.21,18487.83,11757.65,76260.52
2026-01-27,Central,In-Store,Beauty,Direct,132388.47,3016,433,1261,15093,433,6421,4537,51450.82,110373.28,80937.65,81093.0,1912,135250.23,125056.61,132388.47,8335,8040,84,379,10891.74,305.75,4.99,1.61,36478.3,7023.26,132388.47,111099.67,32321.91,11989.96,7890.3,65831.35,76530.07
2026-02-03,East,In-Store,Sports,Direct,93833.7,2709,1112,2540,24278,1112,19967,2687,41329.29,67255.73,52504.41,42105.01,3626,94300.54,89624.68,93833.7,3100,3159,221,162,12711.22,84.38,6.2,3.68,1374.81,548.94,93833.7,73776.78,50981.82,9221.82,6074.88,16012.68,78910.02
2026-02-07,Central,In-Store,Sports,Organic Search,72127.07,4518,340,805,4688,340,3883,1543,21425.91,62278.87,50701.16,72568.3,1175,73165.32,73148.44,72127.07,7376,7521,423,278,7680.77,212.14,5.47,3.6,13776.46,5530.56,72127.07,61899.22,35569.99,14276.34,13373.2,32509.42,84990.02
2026-02-14,Central,In-Store,Electronics,Paid Search,89605.86,5053,728,1685,14387,728,6371,2322,27317.97,40765.43,62287.89,50622.85,2375,91693.72,90470.13,89605.86,7087,7173,379,293,7026.69,123.08,2.33,4.6,12533.45,4617.73,89605.86,65152.8,51273.3,5970.01,12710.74,68154.63,85140.9
2026-03-01,Central,In-Store,Apparel,Social,73102.88,2538,1545,3320,25445,1545,11530,6068,38087.24,43309.89,35015.64,29041.47,7802,74316.72,70898.27,73102.88,2332,2305,306,333,4182.99,47.32,7.65,1.01,13205.59,5800.4,73102.88,66011.29,42884.86,13853.05,21226.23,47249.61,86676.58
2026-03-10,East,In-Store,Sports,Direct,93881.14,3039,1569,4387,36575,1569,19435,8138,33355.07,77271.83,60526.07,54340.15,6365,94998.11,89218.29,93881.14,8176,7955,82,303,6942.46,59.84,2.61,3.51,30928.77,6432.16,93881.14,71887.23,29328.44,18798.83,16966.47,68455.34,81395.79
2026-03-18,East,In-Store,Sports,Social,66974.3,3271,1319,3501,59132,1319,27803,16406,27821.13,29908.85,39153.17,40857.14,6856,67224.83,64155.59,66974.3,3138,3158,251,231,8085.47,50.78,4.75,3.51,38114.93,7501.75,66974.3,56868.86,12640.28,7183.03,9922.52,37362.26,42002.97
2026-03-22,Central,In-Store,Beauty,Paid Search,23346.39,3153,610,826,11113,610,9755,1187,10798.4,16437.44,12547.99,11506.14,1678,24026.86,22876.06,23346.39,8673,8761,422,334,5808.38,38.27,3.56,3.11,6333.73,3519.26,23346.39,20932.05,11268.43,13227.43,2080.89,18545.26,30028.59
2026-03-25,East,In-Store,Sports,Paid Search,96639.38,1891,1340,3861,39697,1340,34032,4296,51559.01,38676.52,45080.37,67143.27,5286,98191.67,94034.3,96639.38,7943,8094,500,349,2046.31,72.12,3.79,4.95,20845.35,7528.28,96639.38,88781.55,55301.71,1769.15,20072.16,43993.5,97286.0
2026-04-13,East,In-Store,Sports,Organic Search,172825.9,2520,2097,6411,32832,2097,20040,9068,92359.63,139398.45,80466.27,99427.14,9615,173795.67,173763.02,172825.9,4998,5106,490,382,11848.44,82.42,2.68,1.13,21518.33,5894.56,172825.9,160915.85,28650.35,8436.64,24452.75,50017.4,91367.88
2026-04-15,East,In-Store,Beauty,Email,163604.96,5787,379,836,17205,379,12933,2298,76294.61,113545.29,87310.35,106466.59,1862,165996.09,164489.47,163604.96,2306,2506,355,155,7501.3,431.68,7.32,2.69,34013.96,7764.41,163604.96,125854.98,19867.64,11671.32,5242.81,42494.69,68721.75
2026-04-29,East,In-Store,Home,Email,135905.24,1535,1924,3518,39795,1924,25700,9704,50788.05,75705.85,85117.19,71019.81,4540,139091.7,130793.91,135905.24,8695,8871,469,293,2980.02,70.64,6.95,4.15,3311.87,1757.46,135905.24,112988.96,37926.88,11778.16,13865.11,66492.42,84876.09
2026-05-01,East,In-Store,Beauty,Email,143110.12,2181,1261,2112,44001,1261,43550,15934,65875.7,92342.89,77234.42,102493.48,4844,143189.33,141354.54,143110.12,7794,7813,218,199,12227.51,113.49,6.36,3.73,26859.79,7223.58,143110.12,90185.96,57201.79,10044.28,8022.57,65608.87,106016.68
2026-05-07,East,In-Store,Beauty,Organic Search,66734.31,5875,2045,5898,70458,2045,28810,19691,31470.24,27596.79,35264.07,51787.4,13627,67929.66,66423.33,66734.31,2271,2474,450,247,5183.84,32.63,6.6,4.09,18265.53,7513.67,66734.31,58704.81,8481.83,2157.33,5782.36,43044.9,31957.74
2026-05-13,Central,In-Store,Electronics,Social,19209.42,4156,1185,2083,19504,1185,17690,3322,5420.39,16619.56,13789.03,18961.82,3622,19591.14,19362.59,19209.42,3864,3843,189,210,11570.63,16.21,4.13,1.15,12725.56,3861.17,19209.42,12133.06,26026.72,607.53,24971.69,55391.38,57294.49
2026-05-15,East,In-Store,Electronics,Organic Search,24551.93,4853,1071,2060,17631,1071,9622,6629,12124.6,13676.05,12427.33,17571.52,3415,24876.46,24381.47,24551.93,7645,7915,314,44,5721.66,22.92,4.72,1.73,28484.69,5850.16,24551.93,18905.63,46717.93,1229.24,12896.38,58191.96,66115.01
2026-05-25,Central,In-Store,Beauty,Social,148353.23,3925,1802,3767,87428,1802,65401,20112,56921.93,100273.36,91431.3,108177.79,7570,151640.37,151494.11,148353.23,6059,6288,483,254,14710.95,82.33,2.33,1.83,18316.06,4791.26,148353.23,115618.11,53437.06,15116.03,12581.67,26552.32,113588.1
2026-05-28,East,In-Store,Home,Social,172689.7,4838,1348,3403,23985,1348,21484,7863,77969.4,129985.01,94720.3,115842.71,5443,174576.01,168184.86,172689.7,6871,6995,302,178,4373.54,128.11,4.74,1.11,18352.14,7239.89,172689.7,159753.47,39609.5,14046.35,15455.7,68437.55,103864.36
2026-06-07,East,In-Store,Electronics,Direct,43601.24,3459,2104,5736,68675,2104,55662,20745,15526.35,26543.92,28074.89,37723.51,11418,43935.52,42379.04,43601.24,2691,2476,66,281,3409.12,20.72,7.95,4.36,7027.62,2006.49,43601.24,35517.1,39329.73,4516.35,12233.44,62693.22,67396.57
2026-06-10,East,In-Store,Sports,Email,51644.77,5132,197,413,9053,197,4834,2869,21394.32,46088.68,30250.45,43851.43,659,52799.61,51610.98,51644.77,8785,8797,159,147,6940.64,262.16,6.59,2.75,17935.63,7466.81,51644.77,47702.25,37665.66,2705.42,5227.39,33321.13,58753.9
2026-06-16,Central,In-Store,Home,Direct,56139.8,1757,1985,4960,70639,1985,38751,10408,23614.25,39028.23,32525.55,47743.03,12354,57390.32,55394.28,56139.8,7308,7464,270,114,10787.69,28.28,7.57,2.19,14160.39,3364.72,56139.8,36930.47,35518.45,8185.63,17479.8,10662.51,75506.79
2026-06-18,East,In-Store,Home,Email,92919.07,3188,892,1043,43764,892,27193,14833,38759.04,57574.72,54160.03,86153.99,1352,95109.59,90343.3,92919.07,5006,5460,485,31,7285.5,104.17,2.82,3.16,3659.5,994.11,92919.07,69726.42,40527.58,7696.14,2741.23,9119.57,76811.15
2026-07-08,Central,In-Store,Electronics,Direct,94314.79,5248,1126,1874,25055,1126,15546,5566,40342.13,62880.22,53972.66,50707.51,2709,96152.12,89552.49,94314.79,8379,8409,388,358,11833.93,83.76,5.12,4.12,24156.94,7078.29,94314.79,67668.21,5152.42,11430.19,14287.87,20525.32,46082.73
2026-07-20,East,In-Store,Beauty,Social,24419.96,1911,272,838,3626,272,1750,383,7923.88,11047.87,16496.08,17296.43,1797,24586.62,23458.37,24419.96,2069,2309,416,176,6011.52,89.78,6.21,1.49,31337.9,5931.44,24419.96,22735.0,21932.86,15982.47,13061.99,17494.63,56166.25
2026-07-23,Central,In-Store,Home,Social,163663.57,2435,781,2489,19814,781,11620,3223,52086.44,98199.19,111577.13,109725.24,3844,166444.28,160297.83,163663.57,5514,5572,267,209,10785.68,209.56,1.89,4.84,22450.95,4443.14,163663.57,136426.51,46536.48,4933.86,21111.13,29712.81,105499.04
2026-07-29,Central,In-Store,Beauty,Social,177775.86,2321,1525,2283,25255,1525,12687,2764,84275.37,98588.9,93500.49,106065.71,3405,180653.33,176476.54,177775.86,7408,7298,38,148,5422.59,116.57,7.61,1.66,33973.68,7271.15,177775.86,115771.73,43865.52,4456.08,5865.79,44102.56,86007.1
2026-08-23,Central,In-Store,Apparel,Email,14725.15,1998,575,1208,8692,575,7089,2516,6666.5,8511.79,8058.65,9036.11,2840,14899.24,14897.08,14725.15,3373,3366,139,146,8837.58,25.61,2.82,3.37,34882.53,6824.82,14725.15,11462.91,41913.09,3444.66,24576.79,26316.44,72645.37
2026-09-07,East,In-Store,Apparel,Email,91918.26,5552,1802,3017,26888,1802,25687,9905,42995.56,61665.23,48922.7,65844.29,5533,92061.04,90418.06,91918.26,8337,8193,166,310,2610.41,51.01,6.39,1.06,10003.91,3003.07,91918.26,66638.81,22136.15,16228.81,23664.95,11561.1,81783.2
2026-09-12,Central,In-Store,Home,Organic Search,114839.6,5027,1913,4766,90366,1913,54067,15099,58543.01,91744.86,56296.59,73189.61,10248,116126.22,108976.39,114839.6,8747,8587,125,285,6484.05,60.03,6.15,2.16,34021.46,7562.87,114839.6,89260.56,48544.28,6409.66,13797.24,59946.83,90708.06
2026-09-27,East,In-Store,Home,Paid Search,22108.43,5363,2144,2926,105250,2144,46307,32597,10869.82,9933.69,11238.61,13249.77,5264,22526.77,22354.82,22108.43,2661,2675,205,191,3075.28,10.31,6.34,3.85,3905.45,912.42,22108.43,14063.4,27676.92,7622.33,11319.4,24052.05,50593.58
2026-09-30,Central,In-Store,Electronics,Organic Search,132034.35,4927,1295,2593,17637,1295,13951,1935,67520.22,82844.41,64514.13,59499.79,5835,135144.93,129971.21,132034.35,6926,6885,59,100,6993.98,101.96,3.32,4.63,7407.05,4172.59,132034.35,125063.9,13916.04,1433.92,21916.44,67802.38,55116.34
2026-10-11,East,In-Store,Apparel,Organic Search,90555.08,4808,1200,3075,21164,1200,18204,3110,40633.32,66935.58,49921.76,70692.73,4239,91429.16,90118.82,90555.08,6533,6606,202,129,8759.89,75.46,1.78,2.48,21121.38,4892.28,90555.08,73133.67,11432.85,19888.37,9276.26,40744.15,61805.3
2026-10-12,East,In-Store,Electronics,Direct,125191.15,5093,1522,2145,31153,1522,18542,3582,47981.14,103990.49,77210.01,70964.45,4197,126511.23,125429.33,125191.15,8070,8092,301,279,13326.33,82.25,2.25,4.14,37457.67,7462.62,125191.15,115323.44,53848.79,11517.77,18630.0,47541.89,105285.89
2026-10-31,East,In-Store,Beauty,Paid Search,22284.36,5117,451,1131,6635,451,5481,2023,6117.86,15265.37,16166.5,18352.21,1552,22416.92,22141.15,22284.36,6049,6264,249,34,7925.03,49.41,2.87,4.52,21820.58,7162.61,22284.36,19049.69,10885.1,10038.58,3898.8,28262.15,30328.14
2026-11-17,Central,In-Store,Beauty,Paid Search,45212.25,3523,1228,1504,16353,1228,12787,2040,24238.97,24799.39,20973.28,25180.27,2587,45744.93,43487.49,45212.25,2253,2370,378,261,3370.73,36.82,5.29,4.98,11774.53,5308.79,45212.25,33323.62,7288.35,13765.54,15950.75,54952.68,44558.72
2026-12-10,East,In-Store,Beauty,Organic Search,171559.99,3590,866,2280,21443,866,20985,3854,49474.87,118688.79,122085.12,136124.53,3836,175723.92,169165.3,171559.99,8480,8797,372,55,9795.2,198.11,7.94,3.95,21245.49,3958.24,171559.99,119008.95,43105.69,6661.73,4678.2,22772.52,95282.98
2026-12-11,Central,In-Store,Sports,Direct,95545.75,4817,653,862,18834,653,12198,3285,42838.43,81069.03,52707.32,49583.51,1733,95877.02,89323.4,95545.75,2277,2206,68,139,9967.08,146.32,2.54,1.03,22614.91,6949.56,95545.75,57398.88,20741.2,7655.65,14127.76,24103.74,57399.66
2026-12-12,Central,In-Store,Beauty,Email,47101.88,2623,777,2461,14091,777,7805,1716,13881.79,39080.28,33220.09,42743.66,5731,48325.56,48136.22,47101.88,7489,7349,83,223,12626.37,60.62,5.81,2.0,9183.27,5537.97,47101.88,39871.9,52594.66,5958.72,14691.0,53654.69,86067.48
2026-12-18,Central,In-Store,Beauty,Direct,86031.62,2666,1319,3715,53072,1319,21632,11434,27447.44,51295.33,58584.18,81315.72,7937,86399.81,80574.48,86031.62,2481,2618,442,305,11933.95,65.22,7.25,1.49,3785.58,1271.42,86031.62,65620.85,39967.69,4691.3,17827.43,11491.89,86881.14
2026-12-25,Central,In-Store,Beauty,Paid Search,43245.99,1692,1264,2229,53982,1264,43882,17005,15583.6,18963.75,27662.39,42871.03,3156,43497.26,43107.61,43245.99,4469,4253,175,391,7004.63,34.21,6.75,3.05,2571.18,1138.35,43245.99,34752.18,54115.75,10475.21,17312.92,66688.56,94765.19
2026-12-31,East,In-Store,Sports,Direct,149784.22,1570,1088,2898,16571,1088,12622,5521,45824.4,111315.48,103959.82,123425.36,5870,153979.35,145534.42,149784.22,2941,3138,291,94,13037.49,137.67,5.49,2.69,5153.74,2180.21,149784.22,126120.98,40252.51,8026.09,17547.77,69273.55,102853.98
2025-01-03,Central,In-Store,Electronics,Paid Search,103327.58,2155,853,1671,10937,853,7971,2500,26102.39,48702.51,77225.19,63509.58,3296,104214.03,96740.32,103327.58,6757,7061,320,16,9044.53,121.13,6.61,4.54,34042.3,6658.37,103327.58,86767.66,8855.88,13104.25,9130.67,53947.13,50143.67
2025-01-05,East,In-Store,Home,Email,172011.4,2751,1642,3257,25568,1642,17060,3281,94059.81,84904.2,77951.59,80272.21,5292,174741.04,165704.48,172011.4,3512,3882,428,58,7784.1,104.76,2.21,4.28,9699.93,4074.3,172011.4,139711.07,38887.46,13314.84,7549.44,63845.61,83833.4
2025-01-07,Central,In-Store,Apparel,Organic Search,138539.92,2039,779,961,25016,779,15404,6991,57428.67,65158.81,81111.25,98177.8,2256,140503.37,135199.61,138539.92,4505,4348,200,357,8595.65,177.84,3.03,3.33,16944.41,6517.45,138539.92,101532.74,31109.75,12089.15,22960.63,34695.62,95612.87
2025-01-17,Central,In-Store,Home,Email,70756.93,3522,1484,1995,33384,1484,25473,5962,28631.37,36060.68,42125.56,50863.7,2915,72547.45,71443.45,70756.93,6452,6798,473,127,7094.68,47.68,7.73,4.37,9418.19,5055.96,70756.93,60217.97,26959.87,3038.54,17541.71,51017.92,62799.23
2025-01-19,East,In-Store,Home,Direct,81459.55,4871,1883,2439,23688,1883,13947,8490,32698.72,52375.87,48760.83,39029.65,4380,82057.4,80211.12,81459.55,5749,5694,54,109,12717.45,43.26,3.21,2.92,30688.92,6691.71,81459.55,58813.68,12637.78,12511.17,21182.15,55401.6,58040.0
2025-02-07,Central,In-Store,Electronics,Email,82154.25,3620,1259,3517,17934,1259,17350,1923,34501.0,33353.7,47653.25,57891.78,5794,83854.98,81305.36,82154.25,2756,2637,152,271,13313.48,65.25,6.98,3.79,21452.81,5309.26,82154.25,75157.71,16873.04,3119.19,12605.4,8529.14,49965.16
2025-02-11,Central,In-Store,Home,Direct,14933.01,5630,376,739,5049,376,4165,1608,7741.44,12173.56,7191.57,8562.69,1746,15252.86,14380.04,14933.01,2299,2292,53,60,9466.07,39.72,5.06,1.27,18006.86,4683.3,14933.01,12667.57,58163.13,14904.51,24767.48,11093.73,100403.93
2025-02-18,Central,In-Store,Electronics,Direct,140164.47,3864,348,415,9685,348,6439,2754,68785.86,94470.41,71378.61,97238.16,742,142364.38,138473.01,140164.47,6969,7074,136,31,5705.17,402.77,5.67,4.36,1557.13,679.0,140164.47,122528.55,47404.16,18261.23,5257.69,33366.31,100094.53
2025-02-24,East,In-Store,Home,Direct,70647.63,5663,1673,2674,23679,1673,10530,9408,24756.46,44111.34,45891.17,41398.63,4237,71993.69,69050.1,70647.63,7268,7280,199,187,2072.03,42.23,6.19,4.45,3712.07,1002.29,70647.63,47413.37,8022.16,16773.31,11193.24,14536.54,48408.3
2025-02-26,East,In-Store,Electronics,Organic Search,23652.78,5971,1910,5888,42249,1910,26788,7574,7198.94,12420.61,16453.84,14150.43,8119,24266.43,23371.25,23652.78,7817,7957,289,149,13673.28,12.38,6.97,2.28,2829.77,735.41,23652.78,16055.69,12740.34,17153.01,22056.96,42198.27,56195.44
2025-03-09,Central,In-Store,Electronics,Paid Search,15332.87,4536,1408,2215,28818,1408,12099,3704,6021.52,13041.33,9311.35,13656.75,5277,15522.43,15501.17,15332.87,4344,4266,284,362,13236.37,10.89,6.26,3.92,2515.0,985.97,15332.87,12441.57,20993.6,1267.93,20147.59,60337.05,46506.14
2025-03-17,East,In-Store,Home,Email,95551.87,5654,1717,1900,33551,1717,23308,3935,50326.83,77844.5,45225.04,47825.86,2504,97848.42,93071.47,95551.87,8803,8588,153,368,8195.8,55.65,2.48,3.22,16321.9,3476.8,95551.87,65191.21,58577.43,650.32,13479.18,69147.04,87054.69
2025-03-24,East,In-Store,Home,Organic Search,132111.52,2424,1193,1582,15417,1193,10365,6080,38763.45,103504.75,93348.07,116115.7,2793,132290.12,125129.57,132111.52,5016,5043,173,146,4518.27,110.74,1.91,2.66,9810.94,3712.66,132111.52,95763.27,15956.53,6309.66,21975.35,18829.31,79076.25
2025-03-30,Central,In-Store,Sports,Direct,48101.02,5167,1254,2839,47334,1254,31656,13302,19631.84,36810.72,28469.18,26907.21,3876,48659.53,46685.4,48101.02,4246,4155,73,164,5599.45,38.36,1.88,2.65,15268.69,6793.23,48101.02,37785.99,53211.64,10628.35,20817.36,35899.74,92729.51
2025-04-04,Central,In-Store,Electronics,Paid Search,65143.67,2772,1233,2675,27180,1233,15398,5095,29210.23,45342.96,35933.44,50116.93,5790,65412.5,64982.81,65143.67,4774,5236,487,25,8897.32,52.83,2.89,2.1,27599.34,5696.06,65143.67,57767.51,21908.16,13048.78,19829.27,69338.11,69821.29
2025-04-09,East,In-Store,Beauty,Organic Search,36970.42,4540,571,1532,7902,571,5653,908,14379.99,24270.98,22590.43,29842.48,3493,37636.93,36590.2,36970.42,2318,2400,206,124,7661.28,64.75,1.81,3.36,7081.1,2488.83,36970.42,27872.31,58813.7,13110.66,13384.46,24109.03,94261.56
2025-04-16,Central,In-Store,Electronics,Paid Search,114526.08,2315,2110,4520,70645,2110,46161,19966,31080.41,90106.95,83445.67,87757.9,7800,116051.08,111226.65,114526.08,8096,8397,500,199,3265.06,54.28,6.82,2.92,22120.5,4842.08,114526.08,101713.79,48474.54,13740.85,16956.32,40035.69,105499.08
2025-04-19,Central,In-Store,Beauty,Email,151242.5,2593,1126,3230,19164,1126,17361,2477,55732.73,122496.9,95509.77,106783.58,6151,154009.09,145032.52,151242.5,3776,3864,219,131,7482.26,134.32,6.34,4.8,11259.85,4123.81,151242.5,95086.64,57715.01,10417.25,21483.41,51520.38,121650.74
2025-04-25,Central,In-Store,Apparel,Social,112360.26,5024,302,694,4566,302,2545,894,29680.94,90988.29,82679.32,107727.46,1365,113374.78,105154.91,112360.26,5124,5242,276,158,8628.78,372.05,3.46,2.28,7807.17,1895.14,112360.26,79661.74,11415.94,4485.09,6039.13,60020.98,54258.4
2025-05-05,Central,In-Store,Home,Email,130542.44,2262,1955,3299,25043,1955,17455,5052,33976.55,103448.66,96565.89,107160.7,7265,133832.46,124323.06,130542.44,3514,3723,320,111,14873.53,66.77,3.56,3.57,20761.49,5271.57,130542.44,123588.89,39158.0,10111.88,21456.36,45688.35,102874.45
2025-05-09,Central,In-Store,Sports,Email,53092.26,3966,323,907,4328,323,2827,560,14652.56,42654.42,38439.7,39051.79,1739,53906.38,52656.5,53092.26,8808,8541,122,389,3048.66,164.37,7.35,3.99,5247.04,1051.9,53092.26,39211.07,41233.21,6369.18,6175.29,19291.65,65493.22
2025-05-30,Central,In-Store,Apparel,Social,98864.11,1700,1522,3948,38896,1522,24085,6773,33556.44,42886.27,65307.67,88767.58,9863,100513.89,94151.0,98864.11,5907,5846,108,169,13086.8,64.96,2.12,1.22,8572.44,3750.53,98864.11,86963.24,17655.8,3758.18,3630.44,64819.72,51674.69
2025-06-03,Central,In-Store,Electronics,Organic Search,70690.22,2909,1655,3689,47309,1655,22333,18527,23316.92,60787.9,47373.3,72159.9,5398,71943.12,67132.98,70690.22,5502,5547,391,346,3542.13,42.71,7.26,2.56,17266.27,5108.98,70690.22,52199.93,59009.4,15754.15,6212.22,53392.1,102623.74
2025-06-23,Central,In-Store,Beauty,Paid Search,28899.08,4802,1053,2267,16271,1053,14274,2811,13776.86,16563.11,15122.22,23563.96,2762,29427.3,27278.63,28899.08,8332,8389,81,24,2730.79,27.44,4.39,4.13,25122.27,5772.14,28899.08,21446.25,25589.25,18181.93,22192.82,21138.52,73033.19
2025-06-28,East,In-Store,Home,Organic Search,102685.52,4748,1937,3992,40744,1937,27275,4347,48161.42,62199.59,54524.1,58849.4,7973,103629.46,95428.99,102685.52,7473,7563,164,74,8292.56,53.01,7.11,1.42,10597.18,6454.85,102685.52,73515.55,33044.85,6695.88,6003.3,52966.2,63398.85
2025-07-02,East,In-Store,Apparel,Organic Search,156068.22,5303,284,337,3742,284,1680,970,62085.15,89416.74,93983.07,142211.56,824,158892.99,155735.25,156068.22,7395,7682,341,54,9157.78,549.54,5.27,1.8,20477.83,3994.89,156068.22,133944.45,18745.75,11281.63,20808.93,40428.72,93499.78
2025-07-03,Central,In-Store,Electronics,Social,26718.86,3739,670,1129,13595,670,5517,4094,14616.15,20012.25,12102.71,18351.29,2565,26928.23,24948.32,26718.86,6918,7314,494,98,13785.07,39.88,4.79,1.13,7026.49,4218.4,26718.86,18501.27,27992.43,17283.87,19104.47,18042.79,69886.16
2025-07-04,East,In-Store,Electronics,Social,78746.68,3742,409,1103,7828,409,5715,2996,34049.88,64339.39,44696.8,44177.6,1679,79152.96,77356.43,78746.68,6207,6184,51,74,2149.56,192.53,4.88,4.45,31997.48,7591.97,78746.68,74593.89,42454.0,17622.09,18486.9,23180.94,91816.27
2025-07-05,East,In-Store,Beauty,Direct,11113.87,3509,870,2102,19725,870,12126,2721,5379.05,9601.03,5734.82,4709.38,5136,11387.63,11345.84,11113.87,3426,3521,288,193,6178.87,12.77,7.64,1.93,5421.57,1446.28,11113.87,10520.66,35159.12,19312.31,3737.95,38758.73,59622.19
2025-07-08,Central,In-Store,Home,Social,135431.42,3907,1721,2205,45663,1721,45083,4942,71278.14,97906.07,64153.28,91227.34,4623,137640.9,130858.47,135431.42,8012,7990,34,56,9586.23,78.69,5.28,3.13,10912.27,3355.08,135431.42,81266.55,38731.72,12287.83,9542.54,26885.49,87930.29
2025-07-09,East,In-Store,Apparel,Social,122352.83,5842,349,640,8065,349,7866,1170,56872.5,87867.56,65480.33,75352.29,1420,122686.68,118946.61,122352.83,8171,8417,469,223,1982.98,350.58,3.35,2.36,18932.77,3452.11,122352.83,91939.03,13789.71,3697.86,23554.39,56342.0,63647.65
2025-07-11,Central,In-Store,Apparel,Email,114509.39,2909,1720,2317,41632,1720,22032,16290,31381.76,94988.28,83127.63,68338.94,3874,116372.97,109632.58,114509.39,2866,2958,319,227,12365.51,66.58,6.48,4.49,12286.84,2589.03,114509.39,88072.62,39662.1,16420.98,2742.6,18003.11,79327.36
2025-07-15,East,In-Store,Beauty,Direct,151158.93,2344,612,1257,22472,612,14803,7920,64442.21,77328.08,86716.72,82738.94,1782,155663.99,149308.89,151158.93,6197,6442,370,125,6145.41,246.99,4.52,3.85,4832.51,1775.29,151158.93,134400.77,6429.17,2179.66,2887.61,65234.51,36318.12
2025-07-23,East,In-Store,Home,Email,152447.08,2811,2095,5863,58762,2095,54206,17163,52237.74,108976.92,100209.34,156183.37,9171,153567.3,151290.72,152447.08,7020,7011,131,140,13679.93,72.77,4.06,3.33,3216.13,1594.09,152447.08,121064.87,25865.17,18765.46,9352.52,46458.67,100838.16
2025-08-03,East,In-Store,Apparel,Social,125011.59,3937,1884,2690,24358,1884,15578,9120,64031.51,108255.87,60980.08,85763.91,4412,127589.75,119675.95,125011.59,4018,3986,86,118,1843.02,66.35,7.34,1.29,3426.8,1703.81,125011.59,91638.35,18891.88,7949.44,14341.77,52052.74,66912.26
2025-08-05,East,In-Store,Beauty,Social,160001.1,2762,88,138,1468,88,1451,263,78977.69,96934.38,81023.41,128864.27,319,161448.58,156557.85,160001.1,5468,5446,270,292,11313.45,1818.19,7.94,2.5,6199.33,2570.65,160001.1,129468.66,43685.05,15994.43,6215.34,45756.5,104554.1
2025-08-15,East,In-Store,Home,Direct,92934.96,3231,1151,2820,23988,1151,19069,6009,50519.98,39719.31,42414.98,39567.56,4385,95112.14,92402.88,92934.96,2685,2417,108,376,9706.8,80.74,6.15,4.22,4179.93,1573.76,92934.96,88280.71,40338.12,8402.27,4382.44,38811.61,64993.1
2025-08-18,Central,In-Store,Sports,Organic Search,79960.17,4092,1795,3881,25547,1795,12778,2966,36389.29,42901.33,43570.88,45357.42,8254,80996.18,79688.27,79960.17,4070,3950,104,224,8226.34,44.55,6.99,4.98,12800.29,2998.54,79960.17,63765.56,20498.46,14159.05,24116.21,13043.98,72380.95
2025-08-22,East,In-Store,Sports,Direct,163010.7,4129,738,1389,25914,738,23391,3499,61724.35,92826.07,101286.35,101641.98,2669,163183.61,160688.22,163010.7,7131,7290,421,262,3893.71,220.88,3.14,2.88,6719.57,2724.44,163010.7,127457.09,46233.98,12950.99,19468.84,34464.74,109146.4
2025-08-26,Central,In-Store,Home,Direct,66582.12,1832,1294,3407,40703,1294,28153,7589,16777.11,45246.57,49805.01,48757.01,6984,67118.2,63846.89,66582.12,3539,3663,386,262,2491.81,51.45,5.88,1.63,20951.9,7858.86,66582.12,48889.31,32573.64,10727.68,12943.43,18824.65,70871.85
2025-08-29,Central,In-Store,Home,Email,62929.86,2026,1058,1398,42316,1058,33032,6507,29557.07,44608.96,33372.79,44812.85,2248,63555.76,62480.72,62929.86,8394,8535,224,83,6770.23,59.48,4.5,2.23,16314.34,7384.73,62929.86,42231.54,51413.96,9940.68,9852.11,17004.73,84650.6
2025-10-25,Central,In-Store,Electronics,Email,174330.23,2808,1873,4694,32552,1873,30253,11045,93783.12,107433.99,80547.11,70462.85,10851,178916.56,170447.21,174330.23,3759,3665,211,305,3023.02,93.08,7.45,3.77,13099.39,5870.54,174330.23,119513.2,28346.78,12892.2,14669.29,50755.97,77047.12
2025-10-27,Central,In-Store,Sports,Direct,33005.4,3602,2145,6724,41520,2145,31536,5095,12509.67,28612.65,20495.73,18355.78,10436,33289.91,32570.65,33005.4,5433,5239,23,217,5104.02,15.39,7.3,2.54,20013.05,6156.15,33005.4,30198.21,49239.89,5243.96,3835.74,16383.8,63826.32
2025-10-30,East,In-Store,Sports,Paid Search,160888.77,4055,1367,1725,29872,1367,28945,9296,62812.16,120873.48,98076.61,156893.92,2435,162524.07,150384.61,160888.77,3620,3359,90,351,4972.22,117.69,1.75,2.05,20827.69,5422.14,160888.77,108013.34,34232.81,1251.03,4535.35,26415.35,87087.37
2025-11-01,East,In-Store,Beauty,Paid Search,68349.64,3885,1287,3278,18251,1287,16274,4236,37396.72,59163.75,30952.92,38586.0,6517,68421.73,65648.4,68349.64,5684,5548,94,230,8312.46,53.11,3.11,3.18,7645.24,1456.85,68349.64,56179.48,27399.17,12162.63,11762.8,68673.7,62900.4
2025-11-04,East,In-Store,Electronics,Social,103612.75,3183,561,765,23582,561,21712,5221,40481.6,85583.36,63131.15,90912.67,1426,106047.8,97777.86,103612.75,7430,7522,335,243,2439.31,184.69,6.51,4.72,15931.62,3239.1,103612.75,78552.21,53990.01,10879.25,19452.33,27295.93,111595.39
2025-11-07,East,In-Store,Apparel,Direct,53187.27,1963,2094,2530,26305,2094,14134,7636,18720.11,25008.38,34467.16,33171.55,5648,53816.67,52390.93,53187.27,4157,4031,93,219,14817.0,25.4,3.32,2.52,37513.85,7825.53,53187.27,41867.01,5013.05,12077.01,24996.08,31350.71,52037.6
2025-11-17,Central,In-Store,Apparel,Paid Search,57583.07,2489,617,747,12545,617,12541,3796,26233.24,28970.49,31349.83,46064.71,1304,58193.51,57782.7,57583.07,7787,7870,117,34,9537.85,93.33,4.71,4.8,14606.4,4727.91,57583.07,43435.03,8028.55,10726.8,7157.92,38227.57,39732.68
2025-11-24,Central,In-Store,Beauty,Organic Search,28284.38,1642,1564,4466,22222,1564,10040,2229,12035.35,15672.24,16249.03,17480.95,9120,28531.04,28289.55,28284.38,6235,6160,319,394,6285.02,18.08,7.43,3.42,11614.84,3833.06,28284.38,19897.61,19106.57,8652.98,5735.21,59843.71,38739.04
2025-11-25,East,In-Store,Beauty,Direct,70718.27,4500,1658,2162,73986,1658,33300,21794,37073.1,51580.72,33645.17,46432.7,4836,70766.8,68532.74,70718.27,5532,5177,20,375,8517.36,42.65,6.98,2.94,8105.84,4843.18,70718.27,49559.67,11190.64,7322.93,23947.53,9604.01,56390.91
2025-12-03,East,In-Store,Apparel,Organic Search,151254.01,4899,1570,3387,50863,1570,49025,17987,60341.86,112166.62,90912.15,76205.23,7123,151529.81,149715.77,151254.01,7230,7341,276,165,14042.71,96.34,4.32,1.67,13064.06,4047.96,151254.01,98785.77,55239.46,10803.58,10868.89,54088.37,99773.5
2025-12-05,East,In-Store,Home,Direct,13515.87,3567,1416,3348,19018,1416,16790,2442,3837.04,8772.2,9678.83,7856.11,6559,13650.35,13401.85,13515.87,5791,5892,159,58,9180.17,9.55,5.52,3.68,5311.92,1802.07,13515.87,9721.92,45682.22,17789.43,12163.77,14904.06,77992.25
2025-12-11,Central,In-Store,Beauty,Organic Search,50034.57,2433,447,641,21164,447,10954,6830,23529.69,39737.58,26504.88,35895.46,1077,50297.72,47076.81,50034.57,7717,7515,49,251,7695.69,111.93,3.15,1.74,3190.61,1481.69,50034.57,32752.77,50926.68,7820.85,20550.23,48663.17,90066.4
2025-12-16,Central,In-Store,Apparel,Paid Search,116585.25,5071,2112,2483,35566,2112,28333,3771,54669.72,79896.09,61915.53,84652.91,4898,119917.69,113816.47,116585.25,2859,2895,198,162,12280.05,55.2,2.3,4.73,35690.4,6721.82,116585.25,82233.1,27306.96,15697.38,7542.05,54280.9,75942.26
2025-12-29,East,In-Store,Sports,Paid Search,90281.5,5236,342,525,4443,342,3998,538,43235.84,37656.82,47045.66,62815.75,759,91162.34,89438.73,90281.5,7014,6958,59,115,1992.66,263.98,6.35,3.67,6322.07,1627.99,90281.5,61068.73,58266.43,15945.15,13893.08,15805.76,106949.39
2026-01-10,Central,In-Store,Electronics,Direct,60960.25,4959,1261,2538,20056,1261,13372,2052,16039.88,25866.22,44920.37,50196.98,3611,61525.94,61396.31,60960.25,4334,4440,155,49,9026.28,48.34,7.57,1.79,14421.46,4074.63,60960.25,47808.39,38901.09,8769.22,6160.92,9191.42,68890.32
2026-01-12,Central,In-Store,Beauty,Organic Search,80449.57,2412,1368,3948,47858,1368,41481,17756,44029.2,43498.73,36420.37,55859.95,6343,82168.69,81499.23,80449.57,6705,6876,345,174,13655.3,58.81,3.94,4.51,21114.72,6675.48,80449.57,60253.43,59355.12,16851.79,10260.48,65800.22,103225.38
2026-01-15,Central,In-Store,Apparel,Direct,77046.32,4735,802,979,11754,802,7625,4534,32605.48,58190.84,44440.84,36419.35,1302,78051.68,77443.3,77046.32,6499,6869,459,89,12335.5,96.07,4.86,2.4,9667.42,5772.24,77046.32,54764.14,46084.44,13589.42,24227.84,54082.97,94827.5
2026-02-02,Central,In-Store,Sports,Email,67080.68,1743,1785,3833,28793,1785,17871,6956,25504.94,35764.88,41575.74,63399.77,7203,67986.02,67602.38,67080.68,3964,4051,318,231,10314.43,37.58,3.38,2.73,11354.25,4469.95,67080.68,52317.24,22663.27,10859.43,15255.65,31667.49,67798.28
2026-02-12,Central,In-Store,Beauty,Organic Search,34808.64,2581,212,257,5660,212,4558,1719,16847.84,15038.72,17960.8,18036.16,461,35075.84,34691.69,34808.64,5595,5575,172,192,8911.01,164.19,3.82,1.79,28677.09,5870.04,34808.64,29413.7,58548.75,9894.86,6390.85,23493.92,80245.31
2026-02-13,East,In-Store,Electronics,Email,100230.13,4217,503,864,7894,503,7824,1701,31232.95,59095.5,68997.18,71351.03,1997,100539.87,93097.96,100230.13,3051,2873,145,323,3985.07,199.26,5.03,4.45,8586.96,3772.98,100230.13,63551.92,55956.04,318.39,18133.28,27140.31,95813.02
2026-02-16,East,In-Store,Electronics,Social,14063.31,1861,1721,3931,27129,1721,17879,4429,6750.03,11651.31,7313.28,10138.45,6773,14175.44,13796.79,14063.31,6189,6143,319,365,14672.7,8.17,4.98,3.43,6420.05,3230.45,14063.31,12977.03,46219.1,10825.47,17627.93,24018.63,77714.04
2026-03-03,Central,In-Store,Electronics,Social,73236.69,3726,282,331,3607,282,3277,491,27219.04,36930.9,46017.65,39370.14,632,73812.91,69601.0,73236.69,6851,7043,245,53,8795.07,259.7,3.12,1.55,3379.4,2113.96,73236.69,62731.01,52404.15,14728.73,17974.05,43799.55,96917.97
2026-03-16,Central,In-Store,Apparel,Paid Search,62877.61,5496,1139,3044,17976,1139,16027,3446,16031.53,45520.5,46846.08,69665.47,6807,62994.54,62646.67,62877.61,7105,7224,229,110,6973.92,55.2,2.86,3.34,28702.46,6268.33,62877.61,46164.45,43453.67,15717.98,13968.08,19407.84,94039.37
2026-03-23,East,In-Store,Apparel,Email,20620.16,2891,1164,2002,16165,1164,14179,5176,10733.14,18367.73,9887.02,11554.8,2532,20817.1,19849.95,20620.16,2547,2789,387,145,5372.15,17.71,2.47,1.5,43000.71,7962.53,20620.16,14951.13,10997.82,2812.8,17267.97,31512.81,34545.03
2026-03-25,Central,In-Store,Home,Email,90330.21,1628,1291,3485,45802,1291,39541,15758,28532.34,66758.67,61797.87,73501.41,7640,91645.57,88529.34,90330.21,8409,8586,194,17,6375.45,69.97,1.83,2.99,15887.4,7817.52,90330.21,85512.09,47259.91,15602.88,10967.46,58205.64,95880.67
2026-04-13,Central,In-Store,Sports,Paid Search,94570.72,3070,1969,3700,29365,1969,11915,10217,35513.02,59610.6,59057.7,70056.04,5885,96069.26,93826.22,94570.72,6024,5868,131,287,7789.64,48.03,6.59,3.11,8673.48,1945.22,94570.72,60624.05,51769.39,10804.36,6277.81,57231.05,89868.37
2026-04-15,Central,In-Store,Electronics,Email,66247.03,2161,1796,3450,31425,1796,25544,8933,30995.27,50212.1,35251.76,49885.05,6166,66755.3,65270.98,66247.03,2457,2472,344,329,3662.65,36.89,5.07,2.47,31286.0,7478.25,66247.03,42570.24,5731.23,13801.66,20468.41,15353.09,54966.82
2026-04-24,East,In-Store,Sports,Organic Search,126151.28,2783,530,1529,10006,530,6422,3558,38785.44,104720.13,87365.84,82606.66,2404,129537.78,127671.35,126151.28,3971,4016,306,261,13224.11,238.02,6.41,4.34,3419.55,910.37,126151.28,81472.82,41203.95,7918.78,11216.95,48616.83,85121.68
2026-05-04,East,In-Store,Electronics,Email,108477.26,2569,136,197,1731,136,1362,503,53889.65,72513.07,54587.61,46640.01,460,109725.71,103160.46,108477.26,5021,5050,289,260,3852.8,797.63,1.71,1.59,6793.53,1528.91,108477.26,101214.42,35482.15,19261.27,16305.43,66421.65,85040.85
2026-05-10,Central,In-Store,Electronics,Organic Search,162722.66,2892,1527,4036,31204,1527,12889,7074,42814.17,118549.86,119908.49,155794.69,6893,164246.56,163501.11,162722.66,7931,8146,393,178,12271.96,106.56,7.48,2.69,14657.43,6081.58,162722.66,135176.61,13699.51,19427.28,17613.67,13900.84,97478.87
2026-05-15,East,In-Store,Beauty,Direct,30833.74,3072,1021,1567,15783,1021,9248,3287,11928.47,23405.18,18905.27,15682.77,2568,31013.52,30262.82,30833.74,6450,6298,187,339,2451.1,30.2,3.91,3.71,2882.13,1898.69,30833.74,21261.57,31162.83,4757.6,17984.3,49895.46,58609.56
2026-05-20,Central,In-Store,Beauty,Direct,40585.57,2925,1296,1481,44747,1296,39542,17842,16654.71,22712.37,23930.86,29685.47,2971,40928.21,38316.11,40585.57,2911,2566,48,393,3200.21,31.32,5.06,2.81,37873.59,7857.76,40585.57,38455.54,23600.05,1404.9,12470.64,51826.32,46381.23
2026-05-30,Central,In-Store,Apparel,Social,106316.22,5220,446,766,13561,446,8100,2251,29289.88,71876.92,77026.34,97442.6,1789,108489.8,108252.96,106316.22,7140,7543,443,40,3046.29,238.38,6.48,1.3,22014.48,6291.44,106316.22,80891.11,40073.98,10161.67,5903.62,25594.86,85372.05
2026-06-27,Central,In-Store,Electronics,Paid Search,20638.23,4444,1676,4251,71670,1676,57074,27443,7340.9,18336.11,13297.33,13298.04,6339,20867.05,20504.0,20638.23,2777,2813,221,185,7976.52,12.31,7.68,3.44,14406.87,4888.74,20638.23,16199.02,42097.61,10160.95,17994.89,26410.98,74242.86
2026-07-01,Central,In-Store,Sports,Direct,84298.92,2537,1138,1664,37191,1138,30712,13036,39282.27,44812.67,45016.65,40009.03,3745,86576.79,84229.54,84298.92,3803,3889,463,377,2834.9,74.08,3.78,1.34,9972.44,5448.9,84298.92,69521.87,20163.91,7335.4,7122.15,58568.13,46624.17
2026-07-04,Central,In-Store,Home,Organic Search,154610.78,2740,230,718,3910,230,3523,552,50665.33,65034.08,103945.45,94046.54,1344,155103.45,154827.25,154610.78,3749,3731,35,53,8843.85,672.22,6.33,3.12,11271.84,2882.48,154610.78,137331.99,55005.13,1664.17,12711.56,38373.41,97594.82
2026-07-15,East,In-Store,Home,Direct,104621.96,2109,1853,2641,28033,1853,27472,10837,45368.68,76322.6,59253.28,92136.85,5428,105707.59,98607.0,104621.96,4384,4456,407,335,4954.97,56.46,7.87,2.92,16133.4,4989.28,104621.96,65020.8,14022.97,8608.63,11214.22,20144.93,61486.88
2026-07-18,East,In-Store,Apparel,Paid Search,133357.75,2740,662,1614,9748,662,9247,2115,48586.06,74913.41,84771.69,107038.56,2518,135781.32,129883.53,133357.75,7117,7370,369,116,1939.32,201.45,4.21,3.7,38882.65,7672.83,133357.75,102219.97,10657.79,6254.75,13001.15,26013.65,62025.26
2026-07-19,Central,In-Store,Electronics,Direct,164412.2,5166,438,901,7690,438,5788,1889,87658.03,111490.41,76754.17,120803.33,1731,166212.11,162586.63,164412.2,8850,8986,254,118,7165.06,375.37,6.65,3.48,20279.14,4553.29,164412.2,106989.04,16807.26,7535.99,3246.36,27882.25,63830.61
2026-07-21,Central,In-Store,Sports,Social,16699.41,4744,1253,2960,18080,1253,14808,5100,7640.12,12219.2,9059.29,8165.46,6316,17027.71,16323.99,16699.41,5206,5132,89,163,8664.16,13.33,4.03,3.26,14559.33,6811.57,16699.41,11422.91,40243.03,8401.34,19139.31,10386.12,70233.32
2026-07-24,East,In-Store,Apparel,Email,58617.98,3483,1350,3623,35128,1350,21595,13640,23062.99,33629.49,35554.99,39926.39,5670,58956.18,57409.81,58617.98,8864,9116,448,196,11177.51,43.42,4.81,3.0,24907.46,4750.76,58617.98,45777.01,55288.42,11498.18,19665.38,9476.57,98429.9
2026-08-20,East,In-Store,Electronics,Social,115917.76,4918,927,2172,16633,927,6882,3335,30708.99,77871.65,85208.77,98534.51,4052,118990.77,116886.35,115917.76,4312,4517,340,135,2730.76,125.05,3.85,2.18,14397.4,5642.34,115917.76,89704.72,28836.78,1465.43,24183.57,47463.17,84046.13
2026-08-30,Central,In-Store,Electronics,Email,32247.34,2619,1461,4169,18873,1461,15670,3140,11620.43,14519.29,20626.91,29033.83,5320,32509.05,30687.25,32247.34,2587,2589,261,259,2561.13,22.07,1.84,1.36,16759.27,3660.35,32247.34,22809.81,8628.02,18974.82,16214.03,10130.35,52527.02
2026-09-21,East,In-Store,Electronics,Paid Search,20725.79,1653,1585,4932,67837,1585,44930,22014,6362.86,16574.6,14362.93,16550.93,10863,21097.24,20316.89,20725.79,7565,7690,459,334,13782.85,13.08,4.66,3.16,26407.13,6512.5,20725.79,15585.46,24953.48,15339.61,16695.91,20250.16,61954.28
2026-10-10,East,In-Store,Home,Paid Search,179252.21,2632,305,351,6385,305,3913,776,67343.34,106691.02,111908.87,134868.63,867,182012.49,178266.52,179252.21,8536,8785,489,240,5422.12,587.71,7.08,1.07,7503.72,4379.99,179252.21,143054.84,47442.57,18298.49,3845.5,62372.87,110047.15
2026-10-11,Central,In-Store,Sports,Direct,40222.19,5970,510,803,7748,510,3394,1493,15178.82,17953.21,25043.37,35216.7,1374,40619.18,40041.17,40222.19,4229,4226,240,243,9481.22,78.87,7.12,3.89,26546.05,5392.59,40222.19,30986.27,49336.59,6420.17,3734.48,61119.05,70056.25
2026-10-13,Central,In-Store,Home,Direct,129976.32,2191,1980,4315,32704,1980,19474,12551,52071.58,63193.83,77904.74,122201.71,7411,133413.37,133126.24,129976.32,8916,8963,267,220,3094.67,65.64,5.06,4.16,2228.27,511.62,129976.32,91506.88,11349.93,867.01,24948.68,44059.6,73826.13
2026-10-15,East,In-Store,Sports,Direct,73011.11,4257,531,1193,7004,531,6080,2226,25943.73,59642.1,47067.38,38754.85,2486,74863.54,74760.36,73011.11,2134,2049,39,124,12677.65,137.5,2.31,2.21,28478.1,5693.68,73011.11,57302.94,19650.05,10547.29,2076.14,54727.23,43899.93
2026-10-17,Central,In-Store,Apparel,Organic Search,72195.13,5159,976,2470,15733,976,8044,5385,28597.55,37437.88,43597.58,55257.4,5449,74266.99,70360.65,72195.13,8260,8371,414,303,8730.42,73.97,7.18,4.97,9269.6,5171.47,72195.13,65059.82,57503.93,18702.49,20416.05,31901.05,113199.69
2026-10-28,East,In-Store,Apparel,Organic Search,33942.85,5157,134,327,2341,134,1396,271,9877.27,20518.77,24065.58,32850.04,795,34359.73,31968.29,33942.85,3841,3873,364,332,2094.68,253.3,5.6,4.72,29835.05,6446.85,33942.85,25001.01,17089.77,5164.4,16735.33,42008.06,48844.51
2026-11-18,East,In-Store,Home,Paid Search,53446.19,2736,2085,2804,27144,2085,22624,7844,29099.82,46999.95,24346.37,37841.06,5409,54318.93,51525.91,53446.19,3073,3258,236,51,12738.53,25.63,7.19,4.25,16592.53,4823.75,53446.19,43850.11,5541.59,8747.38,12095.52,66950.4,37736.81
2026-11-22,East,In-Store,Home,Social,174702.48,3123,1847,2990,80769,1847,68536,26047,52597.89,81616.75,122104.59,101929.66,4082,178527.64,164568.72,174702.48,6995,7278,421,138,11899.62,94.59,2.28,1.47,17128.31,6945.57,174702.48,149877.24,16934.86,8998.04,23148.87,24795.05,79660.67
2026-11-23,East,In-Store,Apparel,Organic Search,117107.29,3308,1621,4957,31036,1621,16479,9828,38346.14,67752.05,78761.15,70210.91,6576,120199.14,118137.41,117107.29,8628,8696,325,257,8878.49,72.24,2.25,1.22,3218.9,609.5,117107.29,104344.69,21868.55,15907.92,17046.65,35575.59,75886.39
2026-11-27,Central,In-Store,Home,Direct,58379.11,5265,2074,6623,27951,2074,24575,4972,17657.54,44580.95,40721.57,45812.97,14160,59443.66,59345.52,58379.11,6722,6915,322,129,6089.95,28.15,4.41,1.77,16606.34,3378.47,58379.11,51271.17,40428.83,12380.05,15989.47,46274.18,82542.24
2026-11-29,Central,In-Store,Home,Email,121347.38,2138,1760,4826,60284,1760,34572,18438,36804.23,67405.56,84543.15,93262.98,9975,122475.78,121176.5,121347.38,2717,2770,217,164,8250.62,68.95,3.83,1.19,2764.94,1610.79,121347.38,104516.0,48606.23,262.05,3603.62,14767.43,80450.79
2026-12-16,Central,In-Store,Apparel,Direct,34664.47,5130,1019,2190,40568,1019,21125,7421,17419.95,21804.46,17244.52,20013.77,3983,35039.91,32520.11,34664.47,7296,7200,282,378,11547.66,34.02,1.79,2.51,20796.59,3880.83,34664.47,25391.93,10401.52,3793.63,15973.2,51150.06,36172.48
2026-12-18,Central,In-Store,Home,Social,107335.48,2263,1722,4344,42694,1722,38863,13291,35765.42,53633.68,71570.06,113347.21,7529,107769.04,100366.61,107335.48,2547,2569,92,70,13469.39,62.33,4.26,4.85,8819.86,2005.77,107335.48,90090.17,34492.02,16089.05,11389.51,12512.53,95974.74
2025-01-01,East,In-Store,Sports,Paid Search,10150.32,5173,679,1895,11314,679,8009,1334,5431.95,4693.13,4718.37,5207.63,4609,10240.48,9520.1,10150.32,7648,7451,39,236,3950.83,14.95,4.66,1.93,24130.94,7760.78,10150.32,9209.65,12956.11,10727.79,12111.67,8400.37,37357.86
2025-01-12,East,In-Store,Beauty,Email,113065.21,5944,233,373,3385,233,1360,818,35752.36,71314.14,77312.85,111315.02,656,115438.74,106398.83,113065.21,4343,4285,29,87,6259.27,485.26,7.58,2.57,11580.22,6041.93,113065.21,92811.81,39562.87,18407.06,22960.16,29241.63,114324.6
2025-01-15,Central,In-Store,Sports,Social,69880.81,4946,760,2330,26799,760,15561,5842,17960.48,48551.01,51920.33,44594.85,5195,70281.42,65766.5,69880.81,2568,2503,117,182,6806.55,91.95,6.35,3.82,1538.99,640.59,69880.81,47475.83,49254.58,6588.59,24278.77,12573.5,93500.4
2025-01-19,East,In-Store,Home,Social,115692.3,5338,559,700,7028,559,6352,1052,47551.36,82313.4,68140.94,81014.48,1161,117354.87,115184.15,115692.3,3512,3535,156,133,1584.88,206.96,2.42,3.05,20565.17,4210.33,115692.3,84136.48,55614.97,13482.65,21352.3,26154.79,114754.26
2025-01-22,East,In-Store,Sports,Direct,62211.17,3065,1252,2039,28271,1252,26400,5737,23905.58,37001.42,38305.59,36575.66,3467,63774.63,63145.28,62211.17,5771,5664,286,393,12723.75,49.69,4.27,3.52,3948.45,2620.8,62211.17,57293.12,43088.08,12980.33,10674.86,49352.45,77715.97
2025-01-27,East,In-Store,Electronics,Social,166564.81,4148,1652,2881,40056,1652,21825,10967,61015.27,95814.99,105549.54,111970.09,5425,168813.17,158590.29,166564.81,8448,8719,379,108,3745.06,100.83,6.02,2.73,14707.69,5497.65,166564.81,121061.54,32245.13,14617.28,18615.34,25727.08,99068.78
2025-02-08,East,In-Store,Apparel,Email,70411.82,3873,323,500,4712,323,3263,570,32225.51,29471.19,38186.31,61066.09,1045,72178.06,69826.18,70411.82,6522,6391,189,320,1940.4,217.99,7.94,4.78,19258.93,4804.37,70411.82,57840.67,30230.24,8763.71,9071.44,17107.51,66385.22
2025-02-11,Central,In-Store,Apparel,Social,83473.12,5469,118,148,1576,118,1310,345,31485.66,47607.8,51987.46,49749.86,308,85558.26,81905.39,83473.12,2688,2716,175,147,14545.76,707.4,4.81,2.82,6534.1,1903.23,83473.12,58640.94,26631.91,8475.36,4367.52,40358.43,54399.75
2025-02-13,East,In-Store,Sports,Social,85728.79,3387,872,2571,14223,872,5735,4553,34305.74,74124.26,51423.05,47055.04,3737,85809.43,81577.73,85728.79,7960,7755,147,352,10408.71,98.31,2.55,3.66,10852.86,2364.35,85728.79,58119.86,43167.07,1839.33,20032.72,44316.23,79155.63
2025-03-05,Central,In-Store,Home,Organic Search,91232.38,5773,1775,5187,55886,1775,49401,8941,33433.75,40463.87,57798.63,51714.51,9557,93812.12,87768.78,91232.38,5072,4775,93,390,13763.66,51.4,6.07,1.12,12883.65,2557.23,91232.38,60062.7,22366.54,8911.17,14888.22,54400.2,61680.28
2025-03-10,East,In-Store,Apparel,Direct,8438.27,3864,1942,4019,40451,1942,35314,13366,2643.96,5701.91,5794.31,6715.23,6425,8691.23,8359.61,8438.27,6612,6765,382,229,7573.74,4.35,7.02,2.79,16147.86,6165.81,8438.27,5463.91,9878.7,4748.3,5589.03,11536.71,22230.6
2025-03-11,Central,In-Store,Home,Email,70708.7,5601,1092,3166,27776,1092,22836,9938,33658.17,43393.53,37050.53,46498.25,5770,72061.84,69815.96,70708.7,8260,8264,370,366,4503.58,64.75,6.11,1.33,13360.5,5958.46,70708.7,45206.43,16529.56,10180.53,18382.96,47429.23,59042.53
2025-04-07,East,In-Store,Beauty,Paid Search,108625.63,2110,1995,4265,29451,1995,17817,4164,52867.4,83629.55,55758.23,58383.45,9059,111719.95,105698.79,108625.63,6066,6000,197,263,5662.33,54.45,1.55,1.92,8516.62,4119.02,108625.63,93484.27,59824.81,3804.3,14318.0,37469.18,95462.15
2025-04-15,Central,In-Store,Home,Direct,178067.87,4776,1693,3462,26149,1693,19123,3815,47567.51,155119.02,130500.36,149779.2,6068,181581.65,180432.08,178067.87,2739,2979,461,221,1617.85,105.18,5.44,2.39,23795.88,7488.65,178067.87,111640.44,36676.01,14508.72,9796.62,62433.53,105915.11
2025-04-29,Central,In-Store,Electronics,Paid Search,72427.72,3086,1553,4960,27899,1553,21345,8025,24546.29,31634.45,47881.43,68930.15,7545,72877.11,70237.24,72427.72,8778,8796,67,49,13859.67,46.64,4.04,3.52,26823.14,5378.74,72427.72,50438.06,43737.75,18528.18,8203.06,58909.3,91148.04
2025-05-03,Central,In-Store,Home,Direct,55187.17,5267,924,1567,15831,924,14602,5572,23093.58,49283.75,32093.59,30718.09,2305,55927.88,51702.79,55187.17,7135,7130,182,187,2035.39,59.73,3.49,3.11,11163.74,2499.53,55187.17,39605.19,28490.46,12507.99,20744.88,20000.98,70958.76
2025-05-21,East,In-Store,Apparel,Paid Search,115229.35,4011,1802,2310,26174,1802,13763,5154,32974.04,66014.36,82255.31,95575.02,2816,117807.78,109094.25,115229.35,6890,6785,29,134,3871.07,63.95,3.49,2.7,18651.24,6082.99,115229.35,93057.98,19767.01,935.63,12522.78,13240.45,61897.93
2025-05-24,East,In-Store,Electronics,Email,20347.25,4767,1986,6107,95521,1986,46816,17513,9061.04,12713.94,11286.21,13434.61,14253,20727.87,20292.4,20347.25,6299,6072,26,253,12206.33,10.25,7.58,4.72,11766.35,3354.33,20347.25,14240.76,58401.88,18554.02,24287.84,47319.05,105274.12
2025-06-02,Central,In-Store,Electronics,Organic Search,152427.73,2947,2184,4159,28718,2184,20762,10195,64456.61,121989.15,87971.12,91540.95,10383,154357.74,145894.44,152427.73,6511,6497,132,146,13421.69,69.79,7.88,2.52,2846.47,740.0,152427.73,121772.09,9011.48,7758.23,4686.14,22841.78,48918.13
2025-06-03,East,In-Store,Home,Organic Search,38012.4,2473,2191,3164,29833,2191,25352,3828,15854.83,16433.69,22157.57,35110.5,5192,38112.69,37318.73,38012.4,2836,3000,347,183,3244.19,17.35,4.49,2.3,16533.69,3433.2,38012.4,27409.12,46163.03,10760.75,4455.2,24675.8,71912.13
2025-06-07,Central,In-Store,Electronics,Email,167955.03,2207,1208,2479,37189,1208,29781,13578,54523.77,123699.24,113431.26,103249.16,4645,171441.8,168834.58,167955.03,7831,8097,331,65,4846.8,139.04,5.66,4.78,21766.9,5624.01,167955.03,123147.5,35690.8,9280.34,4878.96,46136.03,80824.85
2025-06-08,East,In-Store,Apparel,Social,120797.46,4035,2107,2463,49569,2107,46338,18900,64822.45,95962.25,55975.01,47648.64,4283,123859.39,119624.45,120797.46,8470,8264,153,359,3959.23,57.33,6.66,2.32,22998.27,6761.61,120797.46,74441.59,38357.48,3631.98,20080.24,11138.26,76364.29
2025-06-18,Central,In-Store,Sports,Organic Search,144452.13,1507,443,1395,5824,443,4923,1054,57281.51,102289.72,87170.62,115014.01,1685,146873.64,141740.47,144452.13,8080,7927,24,177,2800.93,326.08,1.82,1.72,6869.37,1592.02,144452.13,90422.4,39975.73,9418.78,23948.24,63083.72,107846.95
2025-06-20,Central,In-Store,Home,Social,128999.52,3997,1951,4737,47250,1951,34130,12532,60220.06,102915.57,68779.46,64963.83,9846,129613.31,119479.5,128999.52,6473,6441,244,276,3784.28,66.12,5.62,3.04,17393.25,6967.66,128999.52,116279.26,51843.5,14765.03,7013.79,15828.41,93111.47
2025-06-23,East,In-Store,Home,Social,159332.47,3517,1145,2267,16188,1145,10780,4429,73270.77,110408.35,86061.7,108369.39,4402,163965.82,158428.77,159332.47,2545,2768,402,179,10606.36,139.15,6.45,4.06,22971.59,4716.0,159332.47,141433.08,7368.51,152.85,6517.84,36512.25,46550.02
2025-07-01,East,In-Store,Electronics,Paid Search,79064.52,4542,915,1732,12581,915,11505,3358,35573.57,39811.68,43490.95,51780.84,3305,80599.88,75986.92,79064.52,6194,6134,228,288,2261.9,86.41,5.7,4.29,9632.02,3774.7,79064.52,47913.91,29677.98,16569.75,8728.62,68825.68,70510.6
2025-07-03,East,In-Store,Apparel,Paid Search,142050.01,4017,1043,2872,40537,1043,36476,13186,57901.0,66360.66,84149.01,115172.53,3476,145050.68,135394.13,142050.01,4686,4966,483,203,9063.37,136.19,3.81,2.44,20952.91,4883.48,142050.01,112976.22,54131.83,3125.01,15076.15,60153.28,106884.75
2025-07-04,Central,In-Store,Electronics,Direct,92708.15,3009,1789,5040,26710,1789,22714,6838,35750.18,80713.86,56957.97,64257.4,10765,95078.55,94429.92,92708.15,7471,7563,259,167,14369.32,51.82,7.37,2.51,5783.24,1311.42,92708.15,84951.05,34666.44,12046.05,10448.86,63535.6,76438.57
2025-07-06,East,In-Store,Electronics,Paid Search,164671.87,3861,1086,1423,17987,1086,9182,2716,90147.66,131730.42,74524.21,83189.62,2125,164843.43,155885.4,164671.87,2403,2412,355,346,1916.5,151.63,6.42,2.46,13472.02,2482.76,164671.87,136296.15,51984.73,15222.0,22900.78,16544.75,115064.4
2025-07-09,Central,In-Store,Home,Email,10903.63,4132,1038,1636,24454,1038,19004,4263,5574.58,4465.38,5329.05,7319.77,2939,10923.83,10125.0,10903.63,3031,3089,398,340,10085.49,10.5,2.78,3.88,15846.5,4766.78,10903.63,7804.7,35986.43,5499.05,9098.91,29600.26,52780.32
2025-07-18,East,In-Store,Electronics,Email,15356.36,1838,2010,3771,74435,2010,67064,22122,6138.89,8620.15,9217.47,13734.84,4706,15674.77,14904.72,15356.36,5975,5941,198,232,10321.56,7.64,6.36,4.12,3531.42,2180.21,15356.36,10430.45,11115.25,6505.72,15991.95,15712.86,37733.37
2025-07-19,Central,In-Store,Sports,Email,111251.51,2184,442,612,9849,442,5817,3147,32380.0,72617.24,78871.51,94053.5,1128,111995.03,111558.83,111251.51,6587,6413,90,264,1636.89,251.7,2.26,4.71,7850.39,3667.7,111251.51,81165.6,19796.09,11245.39,24750.91,53241.43,84008.44
2025-07-30,Central,In-Store,Electronics,Organic Search,53873.74,4894,1455,3489,24968,1455,21156,6216,19799.66,33410.27,34074.08,36077.4,4936,55055.82,53926.68,53873.74,7739,7842,261,158,5578.09,37.03,8.0,2.58,25158.96,6437.99,53873.74,47541.06,13823.4,6476.81,7805.29,30441.56,38928.72
2025-08-01,Central,In-Store,Beauty,Paid Search,28367.26,5006,1905,3144,31052,1905,28093,9319,9388.28,22672.55,18978.98,25357.52,3850,28767.02,27055.63,28367.26,8936,8878,177,235,3503.44,14.89,2.64,3.92,29917.76,7336.14,28367.26,24796.79,24488.42,3086.31,14887.54,48746.06,50069.53
2025-08-07,East,In-Store,Apparel,Paid Search,46655.24,2143,1657,2324,22450,1657,13575,6885,12183.29,25515.72,34471.95,51229.31,3255,46841.99,43982.29,46655.24,4049,4276,500,273,13196.73,28.16,5.14,2.09,29899.0,5862.05,46655.24,39270.76,6415.59,4551.03,5997.45,33157.3,32332.86
2025-08-13,East,In-Store,Sports,Social,100147.75,5584,1564,1820,22883,1564,10093,3636,32955.62,49033.55,67192.13,84143.4,2307,102594.86,95172.67,100147.75,4887,4698,111,300,9420.55,64.03,5.33,4.99,3647.13,1158.56,100147.75,91165.25,59968.9,17811.24,2501.48,60533.89,105524.64
2025-08-18,Central,In-Store,Sports,Paid Search,65736.95,2149,645,1716,17992,645,13888,4681,29164.19,28763.9,36572.76,57247.45,3754,66633.27,62913.56,65736.95,2002,2149,482,335,9640.02,101.92,5.79,3.75,10606.13,2770.72,65736.95,54389.77,12196.52,12016.2,10278.16,60695.91,51665.12
2025-08-20,Central,In-Store,Apparel,Organic Search,125349.33,1790,485,647,10115,485,9576,1735,50622.98,60168.84,74726.35,77139.51,1432,126515.12,124925.67,125349.33,4005,4161,195,39,5587.56,258.45,7.64,4.39,15383.46,6607.69,125349.33,87990.59,16098.42,10322.89,14406.4,69316.51,63969.56
2025-08-30,East,In-Store,Electronics,Organic Search,121466.39,5644,1977,2766,38884,1977,22710,10598,64848.95,85263.82,56617.44,65330.09,5717,121865.04,120636.01,121466.39,7671,7381,45,335,7622.31,61.44,2.67,1.03,16094.0,6236.92,121466.39,111385.01,18195.73,6698.51,7381.92,67494.18,51875.19
2025-09-06,Central,In-Store,Sports,Paid Search,34578.42,4262,315,501,4048,315,3739,1210,16595.05,20204.41,17983.37,28237.61,892,34977.21,33879.17,34578.42,6782,6729,207,260,9510.82,109.77,5.09,4.38,9504.42,3735.38,34578.42,24935.21,19111.62,16948.28,10157.69,58466.36,54688.87
2025-09-25,East,In-Store,Apparel,Paid Search,104152.13,4713,900,2817,11898,900,11213,4020,50582.96,85637.03,53569.17,73268.64,5292,105521.86,104259.89,104152.13,4561,4439,129,251,5128.6,115.72,6.15,3.99,19204.14,3629.73,104152.13,76080.31,8580.52,13112.04,14544.52,35793.0,58217.67
2025-09-30,Central,In-Store,Beauty,Organic Search,157812.74,2779,1184,2157,30708,1184,20157,12084,51570.36,101430.51,106242.38,113909.22,3050,162534.49,149565.4,157812.74,6373,6320,51,104,8382.57,133.29,2.02,3.21,5628.53,1417.4,157812.74,119280.06,50032.83,9038.21,6164.6,65324.31,99408.41
2025-10-01,Central,In-Store,Home,Organic Search,150414.54,4374,656,1315,11236,656,10090,3951,64714.41,107696.24,85700.13,110322.31,1810,150792.57,138816.29,150414.54,4108,4162,452,398,5544.86,229.29,5.31,3.94,12881.53,3986.61,150414.54,120961.14,12760.23,4936.15,18785.1,37737.65,69578.17
2025-10-08,East,In-Store,Beauty,Direct,56445.62,5407,1109,1949,18277,1109,11734,6264,21607.11,37477.11,34838.51,43448.76,3484,56625.38,54200.47,56445.62,6381,6348,140,173,9142.76,50.9,7.28,2.99,30395.24,6396.92,56445.62,35901.36,31496.15,13173.39,21195.49,21589.03,78899.66
2025-10-18,Central,In-Store,Sports,Organic Search,158052.99,5434,616,1359,8565,616,4785,3130,67807.46,140231.51,90245.53,98670.07,2275,162340.92,155645.43,158052.99,3207,3625,468,50,10339.17,256.58,5.6,4.57,27136.56,6160.35,158052.99,100951.96,16104.54,5950.83,17294.51,33561.57,68950.9
2025-11-26,Central,In-Store,Home,Organic Search,78372.46,4409,829,1370,36099,829,29033,10943,36243.96,64242.15,42128.5,64652.33,3002,78401.93,76139.35,78372.46,3184,3191,55,48,6619.56,94.54,7.06,4.44,8908.48,5126.7,78372.46,51757.92,29309.93,8959.75,2094.92,18970.85,59760.3
2025-11-27,Central,In-Store,Home,Paid Search,111438.76,2318,683,904,11599,683,6711,3711,52166.7,81581.32,59272.06,65690.05,1890,112335.16,106151.39,111438.76,6149,6484,476,141,10843.63,163.16,2.11,1.99,12804.74,6284.31,111438.76,88639.9,42796.24,11810.67,12923.63,20759.51,87237.55
2025-12-02,Central,In-Store,Apparel,Direct,22140.02,3521,618,782,25500,618,14240,7894,8967.19,13338.03,13172.83,11749.37,1887,22280.67,20871.94,22140.02,8516,8426,225,315,14999.83,35.83,3.96,1.02,26978.43,5789.69,22140.02,18743.59,19886.11,18847.94,17603.99,43140.47,59862.85
2025-12-06,Central,In-Store,Apparel,Social,66046.03,2896,1965,6052,83170,1965,37274,29323,24848.69,46547.32,41197.34,47869.55,12040,67066.59,65524.36,66046.03,6596,6690,470,376,8428.34,33.61,2.52,2.88,5603.81,1664.0,66046.03,55308.39,47865.35,17951.98,4319.61,57585.9,84497.81
2025-12-07,Central,In-Store,Beauty,Paid Search,137461.46,2696,2001,4306,53896,2001,31407,16004,52148.27,90195.52,85313.19,131202.56,5931,139015.51,134901.58,137461.46,2781,2611,149,319,8686.69,68.7,3.17,4.59,21349.87,6501.35,137461.46,92465.71,15178.02,14156.5,19615.88,17776.28,88311.17
2025-12-10,Central,In-Store,Electronics,Email,18309.16,4207,1327,3814,54098,1327,30936,18527,6641.72,12127.56,11667.44,11853.35,6939,18727.01,18658.31,18309.16,5099,5046,148,201,8032.2,13.8,3.04,2.33,9411.42,2775.78,18309.16,12863.03,59348.86,10003.38,9322.27,8282.5,82230.52
2025-12-27,East,In-Store,Home,Organic Search,125828.31,3910,705,2135,14220,705,10226,2543,53547.34,89796.32,72280.97,57937.94,5029,125977.95,116492.87,125828.31,3758,3998,435,195,4543.45,178.48,6.93,4.45,7067.92,2098.12,125828.31,118553.29,42433.31,12890.99,3675.13,38741.2,76380.81
2025-12-28,East,In-Store,Beauty,Social,12708.23,4543,1380,2557,20829,1380,14615,6315,5874.77,5572.02,6833.46,9870.07,6258,12812.2,12632.56,12708.23,4209,4565,409,53,5406.08,9.21,4.3,4.42,15214.52,7179.76,12708.23,8658.56,52837.26,7626.56,4846.72,11691.46,68271.56
2026-01-10,East,In-Store,Electronics,Paid Search,150508.16,5192,1424,2860,19906,1424,17427,5245,68386.31,93166.3,82121.85,127608.58,6980,152481.34,146714.04,150508.16,5970,6118,243,95,13703.8,105.69,3.06,3.88,7988.23,5107.0,150508.16,92965.06,13271.63,4470.65,13161.18,22819.0,69186.03
2026-02-03,Central,In-Store,Electronics,Email,104571.47,5744,1534,2511,22937,1534,9365,5248,56641.71,82921.74,47929.76,73729.23,4703,107230.6,102949.43,104571.47,6682,6708,121,95,4934.93,68.17,6.83,3.61,16956.52,6007.95,104571.47,68692.72,28210.23,6325.49,24621.04,54605.68,81275.53
2026-03-14,East,In-Store,Electronics,Direct,129200.45,4613,846,1719,24519,846,9846,6420,49441.06,78172.43,79759.39,90265.46,3199,131465.67,125751.67,129200.45,4782,4464,40,358,6702.44,152.72,1.73,1.31,12125.95,4442.06,129200.45,119345.13,25501.24,16282.28,7401.12,23250.11,76264.28
2026-03-19,East,In-Store,Home,Email,40101.5,3970,715,1471,19023,715,15180,4300,11440.45,30254.28,28661.05,34944.76,3526,40832.13,38143.1,40101.5,5076,4914,221,383,1966.64,56.09,3.94,1.71,23569.51,5320.05,40101.5,29974.29,15978.84,18316.28,18234.23,57746.7,63012.78
2026-03-24,East,In-Store,Home,Direct,52788.38,5616,769,1543,11949,769,9994,3417,25861.49,22383.31,26926.89,41160.65,2015,53105.35,51115.76,52788.38,5929,6045,461,345,8138.23,68.65,4.53,1.05,21698.03,7319.41,52788.38,34806.16,25157.87,5947.09,22505.63,14687.49,65958.79
2026-04-02,East,In-Store,Home,Organic Search,136620.15,3844,1552,2133,23500,1552,9627,9384,46840.29,67978.22,89779.86,83619.41,4310,139432.02,133876.74,136620.15,2177,2004,192,365,3107.0,88.03,2.34,1.35,10338.15,6426.56,136620.15,102552.42,18948.31,8033.16,13600.43,10675.54,65667.72
2026-04-08,East,In-Store,Sports,Paid Search,20013.6,2294,1279,4017,19713,1279,14806,3056,10454.06,10574.27,9559.54,9924.61,5292,20423.0,18948.65,20013.6,8763,8801,139,101,1680.32,15.65,6.81,1.01,18488.01,4185.81,20013.6,14511.32,43299.36,4455.01,7405.65,32058.67,58137.4
2026-04-12,Central,In-Store,Beauty,Email,120567.06,2385,522,1462,8356,522,3379,1569,59597.46,52513.04,60969.6,52125.2,1805,123472.36,118953.06,120567.06,2719,2989,334,64,13011.34,230.97,1.53,3.25,24920.74,7793.44,120567.06,113887.46,53598.11,19038.3,3268.17,45182.6,91542.14
2026-04-21,East,In-Store,Beauty,Organic Search,99962.95,3840,191,404,4607,191,3290,1440,54098.01,81746.44,45864.94,51219.01,959,102360.01,100189.81,99962.95,5536,5434,214,316,4008.63,523.37,1.87,2.81,4691.0,3026.08,99962.95,85871.76,32962.15,12282.51,4435.45,32105.94,65045.81
2026-05-13,Central,In-Store,Home,Organic Search,149874.69,1603,879,2520,13654,879,8589,3522,76129.35,101746.1,73745.34,76511.82,3496,152921.32,143213.06,149874.69,8334,8223,34,145,5293.94,170.51,4.52,1.21,3693.47,760.31,149874.69,128126.61,37084.59,56.93,12400.06,64893.95,72495.13
2026-05-25,Central,In-Store,Beauty,Email,47207.87,5225,828,1866,27239,828,26467,3332,25039.28,27120.83,22168.59,22831.28,2433,47502.91,43726.75,47207.87,5142,5173,118,87,1530.26,57.01,5.75,4.62,31454.81,7596.38,47207.87,30955.08,6728.85,8513.43,13362.38,32682.35,35454.04
2026-05-28,East,In-Store,Beauty,Social,158719.67,4645,953,1214,23614,953,18645,5990,67831.92,136851.33,90887.75,105983.5,2155,162697.39,150773.83,158719.67,8484,8598,242,128,9655.79,166.55,2.24,3.81,8862.52,2276.64,158719.67,131712.63,5919.61,13250.23,16826.0,16987.69,67790.89
2026-06-14,East,In-Store,Sports,Email,89894.72,4996,1376,3665,29088,1376,20110,5453,39501.08,63206.91,50393.64,78191.97,5646,91058.0,87317.56,89894.72,4454,4281,54,227,13007.51,65.33,4.08,2.55,31660.84,7666.88,89894.72,74366.88,16982.82,14637.93,24264.12,29985.06,79342.46
2026-06-21,East,In-Store,Home,Social,171895.01,1800,1705,4008,25964,1705,11737,9853,88485.12,72474.86,83409.89,132088.12,8183,173611.02,164640.69,171895.01,6021,5819,30,232,12242.59,100.82,4.16,4.77,2622.71,847.51,171895.01,137353.19,41978.41,10374.59,15272.44,17265.67,107251.88
2026-07-10,East,In-Store,Sports,Organic Search,59904.09,5826,1738,2445,22665,1738,20052,3049,26756.83,27075.89,33147.26,38999.06,5270,60173.97,57753.67,59904.09,3606,3749,388,245,11060.18,34.47,7.25,2.32,14132.43,5188.71,59904.09,49921.45,38199.96,18099.03,10120.4,53564.76,78119.11
2026-07-15,East,In-Store,Home,Organic Search,37034.74,3962,307,444,5076,307,3218,890,11887.68,20558.96,25147.06,29215.44,839,37197.89,34799.75,37034.74,6864,7041,444,267,7644.74,120.63,2.86,1.29,14434.05,2671.7,37034.74,31590.54,53064.26,1174.44,23069.75,38943.95,86073.08
2026-07-21,East,In-Store,Apparel,Paid Search,140716.11,2927,496,1058,7161,496,4140,1451,70134.22,119504.7,70581.89,90570.41,2055,144501.9,138528.96,140716.11,7040,7089,126,77,12937.2,283.7,7.58,1.67,1405.92,517.44,140716.11,113091.4,14415.04,10147.24,21426.29,38101.51,73159.69
2026-07-24,East,In-Store,Beauty,Organic Search,50359.26,2460,1301,2625,30361,1301,13507,11502,17599.84,43456.18,32759.42,43617.15,3817,51643.42,47576.1,50359.26,4164,4200,359,323,11480.35,38.71,2.98,2.1,28965.03,6715.23,50359.26,41577.02,55149.06,1490.17,4293.87,27822.46,74018.24
2026-08-03,Central,In-Store,Home,Email,117782.44,4803,1400,1817,21789,1400,18518,3127,54329.17,93412.57,63453.27,73511.93,4403,120188.85,111523.26,117782.44,6891,6596,44,339,9489.86,84.13,7.77,2.61,7766.3,2955.17,117782.44,71165.93,56732.31,16623.66,12221.93,21301.51,107631.48
2026-08-06,East,In-Store,Beauty,Direct,32553.2,4974,1653,4176,31774,1653,19260,3438,13024.03,14740.82,19529.17,29342.17,5767,33347.64,32069.57,32553.2,8554,8427,133,260,3720.99,19.69,2.89,3.84,33562.99,6740.87,32553.2,24349.44,20820.92,10302.99,20123.42,27222.94,60049.98
2026-09-02,East,In-Store,Electronics,Paid Search,91847.11,4542,2121,6268,39197,2121,35832,6936,43682.72,54183.05,48164.39,52396.85,11120,93601.35,88833.8,91847.11,2927,2963,209,173,6470.06,43.3,7.72,4.45,4785.17,2589.76,91847.11,71023.75,27662.86,6425.69,4060.24,38943.61,53867.85
2026-09-03,Central,In-Store,Beauty,Direct,112514.68,4485,397,574,7721,397,7446,835,30284.32,91195.16,82230.36,105979.52,1048,114961.16,110116.16,112514.68,8058,8268,311,101,5287.44,283.41,5.09,1.67,10237.19,2491.14,112514.68,79659.94,30774.47,13390.95,22643.93,33516.85,98603.21
2026-09-05,Central,In-Store,Electronics,Paid Search,37424.89,4287,638,1572,23202,638,18309,8879,10280.26,30431.5,27144.63,39194.39,3714,37522.15,34866.67,37424.89,8677,8411,59,325,6122.55,58.66,1.6,2.79,5784.0,1721.88,37424.89,25776.36,45342.91,16780.26,13242.42,41287.03,87123.91
2026-09-08,East,In-Store,Sports,Direct,75983.25,3567,240,624,3225,240,1442,892,40519.55,60088.31,35463.7,46613.31,986,76768.88,74872.72,75983.25,8480,8361,41,160,9351.48,316.6,6.82,1.54,13845.19,7072.6,75983.25,68351.86,53238.11,908.63,18356.04,65743.45,86486.77
2026-09-18,East,In-Store,Home,Direct,150183.4,5587,476,631,18724,476,11529,6245,51502.72,79365.04,98680.68,95090.08,1508,153253.94,146606.2,150183.4,6074,6181,273,166,9942.19,315.51,5.27,4.02,19509.86,4283.03,150183.4,141323.67,42121.54,7991.94,19915.75,36672.86,98556.25
2026-11-01,Central,In-Store,Sports,Social,34526.5,3856,1340,3739,19436,1340,12108,7132,15808.84,26533.42,18717.66,24502.56,5558,35544.76,34488.42,34526.5,6051,5901,139,289,12705.2,25.77,1.83,3.97,8956.0,2592.19,34526.5,30077.45,19404.7,3038.26,11542.92,46955.53,41336.65
2026-11-21,Central,In-Store,Electronics,Email,138242.13,2914,148,424,3270,148,1320,872,57280.45,104851.84,80961.68,98326.69,753,141860.63,137706.37,138242.13,3698,3604,20,114,5419.5,934.07,6.68,1.02,24816.07,5618.36,138242.13,126814.74,30020.28,16424.47,3811.98,37431.51,79754.74
2026-11-23,Central,In-Store,Apparel,Paid Search,148844.73,3660,1763,4789,30409,1763,25050,5501,58412.88,73916.22,90431.85,132404.45,10582,153135.43,142590.06,148844.73,8868,8769,85,184,14291.53,84.43,5.86,4.68,7735.85,4029.33,148844.73,139083.7,25077.11,15912.93,24447.94,22734.23,105159.32
2026-11-29,East,In-Store,Apparel,Organic Search,51590.49,1896,1945,4712,51569,1945,42637,11388,26683.07,28128.34,24907.42,22160.32,10571,52681.16,50116.36,51590.49,6090,5924,95,261,2980.77,26.52,6.5,4.14,11688.49,3209.72,51590.49,42862.16,25053.31,468.56,13209.76,21046.77,45379.73
2026-12-01,East,In-Store,Home,Social,145892.2,5272,1418,2453,45233,1418,24561,14689,50959.19,74591.41,94933.01,107074.0,5703,149907.92,142484.94,145892.2,4523,4254,117,386,2710.93,102.89,5.37,3.19,41061.25,7726.25,145892.2,119716.6,40459.83,9824.35,5218.21,10185.84,87624.59
2026-12-02,East,In-Store,Sports,Organic Search,146537.26,2594,1507,3715,27163,1507,16250,5681,44386.8,79306.24,102150.46,158567.47,7053,150215.23,143415.98,146537.26,6386,6469,129,46,9403.35,97.24,4.75,3.64,20841.02,7252.76,146537.26,136326.65,30402.29,2404.9,15500.83,51902.21,95878.26
2026-12-07,East,In-Store,Electronics,Email,62361.63,4719,1296,2998,19617,1296,15667,7168,32281.47,53664.17,30080.16,47068.41,4879,62597.51,57864.07,62361.63,6661,6917,380,124,13708.4,48.12,2.98,4.26,7035.82,3427.85,62361.63,43252.72,18406.65,129.52,14581.47,42630.31,47238.16
2026-12-12,Central,In-Store,Beauty,Social,22210.08,3305,959,1990,19277,959,8840,3639,6265.2,12761.01,15944.88,20928.19,3077,22839.61,22505.6,22210.08,5498,5354,212,356,2182.09,23.16,6.21,1.42,7311.75,3764.94,22210.08,15976.15,42591.92,299.5,15420.43,32469.44,64590.31
2026-12-14,Central,In-Store,Sports,Paid Search,129715.36,3996,1073,2292,33042,1073,32808,6379,38711.56,58253.19,91003.8,121801.99,3284,130808.1,122679.45,129715.36,8126,8545,437,18,8807.37,120.89,7.54,3.04,3132.36,1182.58,129715.36,105189.76,29049.68,7035.11,24258.11,14900.31,96883.5
2026-12-22,Central,In-Store,Apparel,Paid Search,177616.35,4829,388,1045,8698,388,8046,1096,93770.59,125988.39,83845.76,116806.57,2435,182148.09,180364.86,177616.35,6084,5914,188,358,3422.01,457.77,2.11,4.74,2424.34,1076.31,177616.35,127017.96,53947.97,11633.42,22051.2,44859.55,122674.56
2026-12-26,Central,In-Store,Home,Social,54778.97,4142,1465,3721,19076,1465,13903,7051,29541.67,44716.26,25237.3,37805.43,4945,56289.12,53933.55,54778.97,3285,3372,356,269,11852.53,37.39,6.5,1.27,7170.52,1710.51,54778.97,48001.24,14343.15,16476.38,18789.02,14256.66,60950.18
2026-12-30,East,In-Store,Sports,Organic Search,77887.94,5790,1105,3150,32827,1105,19008,9441,31539.83,54458.18,46348.11,41157.07,4239,78501.42,77334.04,77887.94,6987,7336,387,38,3608.74,70.49,6.16,3.19,35712.75,7627.39,77887.94,65465.6,5993.32,398.43,16545.12,29598.77,35283.99
2025-01-07,East,In-Store,Beauty,Organic Search,58880.03,5423,1603,2725,27564,1603,19973,4239,23469.35,45056.77,35410.68,47074.21,5446,59089.7,57949.93,58880.03,7245,7555,323,13,11975.95,36.73,2.51,1.03,23440.83,6670.46,58880.03,50536.16,45256.31,5370.54,10976.88,37919.85,75725.99
2025-01-10,East,In-Store,Electronics,Social,62455.09,4089,1284,3383,41218,1284,30437,11782,26082.74,34189.21,36372.35,58066.68,5145,64054.84,59511.98,62455.09,7305,7702,470,73,5668.38,48.64,5.08,4.85,6154.21,2476.73,62455.09,48950.13,26570.08,19403.27,20660.99,39266.06,84054.34
2025-01-18,East,In-Store,Electronics,Organic Search,162421.17,5445,1142,2196,15338,1142,13154,1704,66552.58,104709.08,95868.59,152077.2,3284,166297.16,153375.33,162421.17,4648,4699,214,163,13637.5,142.23,6.96,3.51,14194.46,7475.32,162421.17,102476.7,29738.64,10416.44,14095.37,17134.8,99873.61
2025-01-25,East,In-Store,Electronics,Organic Search,19578.45,1814,746,1861,13159,746,9006,4977,5069.0,14127.2,14509.45,15846.58,3926,19800.57,19657.18,19578.45,3468,3462,40,46,4124.59,26.24,2.08,1.33,6089.69,1187.01,19578.45,17198.21,39137.19,15537.51,23445.89,64760.39,82874.56
2025-01-26,Central,In-Store,Apparel,Email,178672.64,5283,548,697,23289,548,18846,6380,62850.29,118984.2,115822.35,126424.6,1129,182518.51,181758.5,178672.64,8760,8875,276,161,11524.99,326.04,5.75,1.76,21216.02,4656.24,178672.64,132086.1,57098.8,19857.28,23552.47,44479.82,138435.93
2025-01-27,Central,In-Store,Home,Paid Search,124931.15,5638,1346,3985,29450,1346,19741,7460,66755.51,66676.95,58175.64,54797.5,8913,128326.39,119122.21,124931.15,4269,4172,236,333,1656.77,92.82,6.88,5.0,20883.79,4464.4,124931.15,88177.9,40820.67,13447.39,12941.27,9675.6,83648.58
2025-01-28,Central,In-Store,Electronics,Social,14096.45,5207,1728,3012,29748,1728,12091,6505,5722.43,9459.47,8374.02,8614.88,6064,14252.18,13127.14,14096.45,5751,5868,411,294,7021.54,8.16,6.23,1.61,19436.22,5360.13,14096.45,11957.6,48681.18,4232.09,18670.38,33689.14,74168.11
2025-01-29,East,In-Store,Beauty,Email,133916.39,5661,1703,3279,27983,1703,16129,3867,49280.55,75027.24,84635.84,82654.39,6130,137686.91,134624.35,133916.39,4779,4900,361,240,2796.91,78.64,1.77,1.23,1898.04,1125.68,133916.39,100996.46,46160.38,18999.24,8356.93,56251.73,98312.87
2025-02-11,Central,In-Store,Home,Paid Search,148438.52,4145,405,537,7254,405,5755,2834,61083.35,69116.92,87355.17,123727.17,928,149705.38,149182.95,148438.52,7764,7867,363,260,5387.33,366.51,7.43,1.16,26273.67,5942.43,148438.52,114763.05,35672.96,3724.1,21533.85,20757.71,98049.06
2025-02-21,East,In-Store,Electronics,Email,103814.84,2944,1887,3289,24945,1887,19342,3615,26496.27,57885.39,77318.57,100757.32,4219,104425.96,102673.67,103814.84,6181,6067,253,367,10160.87,55.02,7.2,1.75,2921.0,1686.88,103814.84,74517.95,33127.8,1179.02,12864.22,67110.65,77398.24
2025-02-22,Central,In-Store,Beauty,Direct,131683.23,1745,1620,4665,71274,1620,45818,26745,42606.17,107492.88,89077.06,101100.09,10337,133398.83,133119.93,131683.23,6041,6376,420,85,7520.17,81.29,7.47,4.22,14833.98,3255.26,131683.23,89830.14,31123.74,4888.3,10169.46,28260.52,76511.53
2025-02-23,East,In-Store,Beauty,Direct,12571.55,5175,452,1402,5878,452,5430,2138,3376.88,9215.87,9194.67,14543.21,3324,12726.55,12462.81,12571.55,7343,7092,60,311,4023.98,27.81,4.59,2.0,17880.86,3445.02,12571.55,7711.37,47781.14,7343.31,16928.66,10983.09,76416.07
2025-02-24,Central,In-Store,Apparel,Email,29153.74,5595,432,908,9686,432,7868,1178,11846.49,14227.24,17307.25,27494.05,1518,29625.0,27434.75,29153.74,8250,8086,84,248,3483.83,67.49,3.97,1.29,2995.14,1754.73,29153.74,22107.49,40399.5,4444.59,14296.3,18819.98,67388.6
2025-02-26,East,In-Store,Home,Direct,134234.25,3795,183,460,2649,183,1363,739,69886.47,64218.93,64347.78,87024.54,888,137509.29,128480.94,134234.25,2929,2758,160,331,3091.4,733.52,7.86,1.44,25108.77,5340.49,134234.25,90572.95,21172.89,6603.99,10995.61,51015.69,64879.85
2025-03-12,Central,In-Store,Apparel,Paid Search,112517.81,3024,176,429,2520,176,1490,860,61223.89,97037.96,51293.92,50528.33,724,113365.05,108710.98,112517.81,5674,5682,375,367,3611.81,639.31,2.58,3.0,12250.62,2564.7,112517.81,81315.18,15031.09,14350.13,18031.06,56987.32,62570.78
2025-03-15,Central,In-Store,Apparel,Direct,58279.77,3667,2013,6288,51934,2013,22818,17430,20545.08,51430.39,37734.69,38395.05,8066,59717.31,55147.64,58279.77,2032,1827,181,386,14230.61,28.95,3.82,1.82,14172.33,6860.95,58279.77,54162.56,25549.18,6908.13,4264.43,52159.11,48240.26
2025-03-19,East,In-Store,Home,Organic Search,18160.6,4054,1105,2102,25271,1105,19287,7966,9468.93,12489.23,8691.67,12776.63,3019,18256.75,17128.52,18160.6,3298,3247,235,286,4110.98,16.43,6.38,2.98,15940.3,3253.93,18160.6,11347.35,30694.05,17637.78,5783.19,19940.02,57948.01
2025-03-29,East,In-Store,Sports,Direct,144702.52,4224,620,1258,10841,620,6214,3942,52224.9,80859.5,92477.62,116300.4,2022,146711.01,136554.25,144702.52,4985,5028,434,391,7033.91,233.39,4.21,2.71,16276.67,4909.03,144702.52,118239.48,47813.51,6508.92,11254.18,63352.24,100466.73
2025-03-30,Central,In-Store,Sports,Direct,168640.49,3558,1099,2809,22278,1099,11726,4691,49756.72,78966.59,118883.77,174685.68,5636,173203.59,171581.26,168640.49,5465,5868,425,22,3504.66,153.45,4.74,3.89,20027.57,6603.98,168640.49,144256.88,34637.37,14407.4,20959.45,15053.06,122409.92
2025-04-02,Central,In-Store,Home,Organic Search,15756.33,1500,1607,2531,56923,1607,34004,6219,6269.95,12325.08,9486.38,11587.57,5572,15900.16,15463.99,15756.33,7368,7418,370,320,14290.13,9.8,5.35,1.8,24091.56,7794.96,15756.33,13889.05,37300.22,7795.94,21737.15,46939.63,70309.58
2025-04-19,East,In-Store,Sports,Email,97575.63,3679,345,976,15698,345,7235,5836,50875.52,77468.38,46700.11,56196.33,2332,99824.56,99121.39,97575.63,3141,3236,491,396,13507.85,282.83,7.89,3.9,24698.39,4595.14,97575.63,89985.99,52981.63,6012.19,24564.21,46479.4,100416.93
2025-04-24,Central,In-Store,Home,Direct,163197.38,5222,1189,2721,16282,1189,7682,5568,65894.18,143312.05,97303.2,127163.3,6150,167927.07,165034.11,163197.38,2503,2549,116,70,10440.61,137.26,4.82,3.06,28245.57,5870.92,163197.38,140436.61,56919.73,16752.92,6087.27,50177.68,117908.91
2025-05-01,East,In-Store,Sports,Organic Search,59489.65,3571,1157,1956,16246,1157,11198,4131,26289.11,42134.15,33200.54,31889.05,3243,60547.3,58449.69,59489.65,2648,2418,154,384,8043.04,51.42,5.53,4.59,12477.99,3841.61,59489.65,40217.53,19259.63,748.09,5531.73,60459.38,35106.17
2025-05-02,East,In-Store,Home,Organic Search,52610.94,3059,2006,6402,75238,2006,58267,24349,15074.62,44314.67,37536.32,36750.8,7780,53596.68,51198.8,52610.94,6504,6552,190,142,6343.5,26.23,3.09,1.58,23248.06,6432.27,52610.94,47900.12,53317.97,1942.75,7524.04,32285.54,73810.0
2025-05-20,Central,In-Store,Electronics,Direct,77107.58,1621,687,2185,9403,687,7294,2432,38200.0,31353.31,38907.58,62178.83,3224,78545.11,76772.91,77107.58,4277,4173,169,273,9725.37,112.24,5.82,3.41,14637.11,5347.97,77107.58,69774.27,22409.36,5309.3,2940.85,63378.57,49313.16
2025-05-21,Central,In-Store,Home,Direct,57469.56,5856,1092,2022,23237,1092,17612,2811,17597.71,32869.17,39871.85,60385.94,4651,58930.78,55218.22,57469.56,7551,7502,139,188,12280.3,52.63,4.45,4.3,4432.74,1768.65,57469.56,49073.73,46497.08,7287.38,17450.23,59457.93,89350.47
2025-06-04,Central,In-Store,Beauty,Paid Search,9306.63,5241,281,360,7359,281,6948,1494,2339.37,5005.73,6967.26,9065.16,765,9566.41,9112.93,9306.63,8335,8503,273,105,4932.04,33.12,7.12,2.01,10883.88,4338.05,9306.63,5615.1,27248.3,11161.88,3399.59,48876.46,44529.32
2025-06-10,Central,In-Store,Beauty,Paid Search,167890.88,3149,242,311,5284,242,3570,1899,65978.01,80428.08,101912.87,103286.89,556,172331.55,163989.56,167890.88,5839,5844,231,226,9480.05,693.76,6.27,4.61,22711.53,4226.18,167890.88,116007.52,26074.21,1520.56,10156.33,36663.58,68737.17
2025-06-11,Central,In-Store,Apparel,Organic Search,37539.21,2275,259,429,5234,259,3631,799,14659.83,29629.25,22879.38,21404.18,605,37583.33,34615.95,37539.21,7487,7419,169,237,13284.07,144.94,6.32,1.68,8696.63,3717.9,37539.21,28034.09,46220.68,17654.93,8962.52,37947.24,79259.38
2025-06-13,East,In-Store,Beauty,Direct,95359.31,4275,2184,6256,31892,2184,25179,12581,51127.72,82737.96,44231.59,55090.84,12502,97702.72,92541.94,95359.31,3517,3483,341,375,11329.1,43.66,4.01,3.55,15259.55,3980.02,95359.31,79080.16,10155.0,13217.25,3693.37,58724.54,43592.87
2025-06-20,Central,In-Store,Apparel,Social,16672.16,3510,1708,2471,42112,1708,16865,10021,4500.51,11397.87,12171.65,12866.58,3674,16941.02,15595.87,16672.16,7191,7036,95,250,8051.45,9.76,7.37,2.8,5922.92,1961.18,16672.16,14435.53,11992.34,12630.73,9207.87,17112.61,37690.91
2025-06-27,East,In-Store,Home,Social,143242.72,1968,656,1404,27313,656,11184,7994,76315.79,127282.41,66926.93,105039.71,1833,145147.96,137231.0,143242.72,6279,6074,100,305,10487.37,218.36,7.51,1.48,15519.6,5548.8,143242.72,102988.8,46881.39,18662.17,14567.34,30356.42,111622.81
2025-07-02,Central,In-Store,Home,Email,177259.92,4105,1583,4755,48781,1583,33836,14518,75564.29,109312.81,101695.63,94712.95,8118,179832.57,167507.19,177259.92,2677,2837,359,199,4654.89,111.98,3.23,4.91,11297.06,4609.49,177259.92,119488.4,9382.87,13378.38,14757.3,23774.82,65932.43
2025-07-11,East,In-Store,Apparel,Paid Search,149975.09,4286,1058,2180,15987,1058,13525,5834,73792.33,129727.6,76182.76,117334.74,3892,152786.5,149014.81,149975.09,2898,3003,182,77,10248.61,141.75,1.89,1.61,3958.92,1402.15,149975.09,122269.2,19077.62,6296.61,2876.71,43395.15,63451.36
2025-07-17,East,In-Store,Home,Organic Search,30553.17,3872,1622,4011,31487,1622,26610,7215,10738.48,13793.59,19814.69,21826.35,10022,30708.09,28653.48,30553.17,6540,6760,247,27,3717.91,18.84,6.88,4.15,6707.19,2773.72,30553.17,19097.05,58162.46,923.82,24762.74,10465.6,90396.93
2025-08-01,Central,In-Store,Beauty,Social,172385.64,1901,715,2194,14119,715,9078,1466,55284.85,116578.16,117100.79,110052.78,3976,177193.62,167746.67,172385.64,8630,8601,85,114,9522.09,241.1,3.05,1.16,15996.27,5201.95,172385.64,141920.96,9348.25,10557.33,21579.66,30039.87,74501.07
2025-08-03,East,In-Store,Home,Direct,33536.08,1803,634,1376,10060,634,8582,1048,12607.02,19191.24,20929.06,32023.09,3390,33830.45,33782.81,33536.08,2027,2276,291,42,4157.25,52.9,6.15,2.69,3581.32,1021.27,33536.08,31316.71,39197.41,10705.18,8084.36,34026.97,67593.88
2025-08-08,Central,In-Store,Home,Organic Search,18198.03,4139,1992,6128,42576,1992,27176,13383,4922.09,13457.43,13275.94,15591.72,8306,18712.03,18259.0,18198.03,2328,2448,233,113,1669.72,9.14,3.87,2.32,2989.26,1956.43,18198.03,11316.9,24616.41,13628.72,6534.4,24173.55,49457.05
2025-08-13,East,In-Store,Sports,Social,92078.66,2488,86,108,3710,86,3289,994,26864.12,62382.71,65214.54,102105.44,146,93156.79,92972.76,92078.66,7927,8109,449,267,2969.45,1070.68,2.7,1.32,2711.72,509.84,92078.66,58398.81,56643.83,7382.48,18771.47,9214.23,113429.41
2025-08-22,Central,In-Store,Home,Social,164076.6,3105,2021,6083,32203,2021,29261,7326,62474.0,98678.33,101602.6,100685.83,13455,166660.73,161733.82,164076.6,6873,6771,93,195,7312.45,81.19,2.35,2.28,2210.16,554.15,164076.6,129584.77,17329.41,17398.88,3356.85,50284.72,68290.89
2025-08-28,Central,In-Store,Home,Email,146129.9,5431,1318,2010,23140,1318,20776,4917,52438.61,82885.17,93691.29,89278.38,3991,149167.34,148634.64,146129.9,6791,6625,85,251,13400.48,110.87,5.98,4.62,7938.24,2643.99,146129.9,91893.63,58909.06,5672.67,7955.85,30635.81,99321.09
2025-08-29,Central,In-Store,Home,Paid Search,73038.52,4219,188,484,3880,188,3049,1335,34659.8,51176.38,38378.72,38769.75,639,73456.37,69086.21,73038.52,7957,8089,173,41,3006.56,388.5,5.26,4.63,17009.47,6405.15,73038.52,50012.64,22013.01,12214.36,12261.6,47570.49,58119.89
2025-08-31,Central,In-Store,Electronics,Social,131474.54,4305,426,556,8426,426,6754,1412,69067.88,118167.64,62406.66,78953.58,1029,133586.7,132910.61,131474.54,4352,4438,299,213,11923.28,308.63,3.32,3.54,24607.11,4939.47,131474.54,117295.06,18950.01,17431.95,6702.28,68469.08,66770.31
2025-09-02,East,In-Store,Beauty,Email,67652.53,4808,631,1658,13833,631,7794,5064,28173.94,47438.8,39478.59,60191.61,2369,67715.27,63359.01,67652.53,4754,4926,394,222,7556.19,107.21,2.91,2.56,12121.78,5565.4,67652.53,60632.8,35323.8,5939.0,16882.09,68486.51,76202.37
2025-09-03,Central,In-Store,Apparel,Organic Search,16477.87,5084,1644,4863,29946,1644,16688,9042,8017.74,12113.57,8460.13,10953.04,10844,16570.9,15563.17,16477.87,7646,7704,111,53,6163.01,10.02,7.8,2.44,12549.38,2631.97,16477.87,10185.48,51381.19,5382.04,6649.05,10417.28,66698.19
2025-09-08,Central,In-Store,Sports,Paid Search,22913.18,5888,1699,4787,57383,1699,26700,7800,10969.09,16428.94,11944.09,11514.91,5953,23343.37,23208.53,22913.18,8105,8257,350,198,13641.13,13.49,2.8,2.04,11480.32,4117.56,22913.18,13786.04,38027.91,6140.2,5820.61,55392.47,53443.19
2025-09-17,East,In-Store,Apparel,Organic Search,8790.46,4099,1359,3201,62128,1359,31359,7268,3410.29,6201.8,5380.17,5256.62,7712,8918.1,8345.12,8790.46,3067,3298,311,80,11998.11,6.47,7.99,2.59,5504.77,1695.36,8790.46,7832.76,40332.56,16366.77,3064.46,45013.17,61340.78
2025-09-21,East,In-Store,Home,Social,80513.36,1695,1693,5248,68015,1693,57735,9169,32315.02,68703.95,48198.34,71416.16,11115,80958.82,77196.77,80513.36,5624,5503,196,317,2758.02,47.56,3.85,4.34,15629.91,3360.89,80513.36,53117.18,57147.56,14672.94,18516.19,67020.61,111761.54
2025-10-09,East,In-Store,Beauty,Organic Search,169513.93,3873,203,611,2889,203,1918,478,57648.56,113089.27,111865.37,94915.99,1332,174265.92,166180.28,169513.93,5998,6148,331,181,13603.08,835.04,5.32,4.94,20485.3,5123.11,169513.93,124503.31,13792.11,16097.1,18869.97,12611.91,77233.98
2025-10-11,Central,In-Store,Electronics,Email,94354.22,4447,813,1135,20989,813,12221,2727,48918.44,65768.95,45435.78,44599.1,2725,95856.05,93617.71,94354.22,4076,3915,39,200,5821.36,116.06,3.86,1.56,12746.25,2698.67,94354.22,87129.93,5378.78,2431.58,20936.44,13082.83,42126.53
2025-10-12,Central,In-Store,Electronics,Paid Search,140628.46,2163,682,1488,11051,682,8945,2662,52638.39,123939.51,87990.07,79339.5,2800,140661.86,136396.3,140628.46,4790,4964,367,193,9194.09,206.2,7.11,2.14,9095.04,3222.82,140628.46,87514.4,45451.23,17128.4,20681.09,40443.41,107062.57
2025-10-22,Central,In-Store,Apparel,Social,13921.95,5805,764,1479,10872,764,9318,4207,3852.03,5579.73,10069.92,13269.97,3468,14337.02,13907.26,13921.95,6054,6032,340,362,12958.21,18.22,2.67,4.99,12606.13,4074.76,13921.95,11562.31,10581.35,12458.44,10038.34,22657.72,37059.12
2025-10-23,East,In-Store,Sports,Organic Search,86925.73,2822,1995,4048,65972,1995,63720,15029,46782.45,57791.11,40143.28,63348.64,8899,87182.33,83289.25,86925.73,7822,8163,355,14,3984.41,43.57,7.52,4.79,27107.38,5106.57,86925.73,69473.63,59307.86,10786.19,14627.41,35044.25,103726.05
2025-11-03,East,In-Store,Beauty,Direct,107120.68,5100,1844,5538,47588,1844,35029,14257,35531.72,83900.93,71588.96,59618.79,13777,109821.04,101089.54,107120.68,8908,8686,124,346,8806.35,58.09,4.67,4.12,3315.69,1102.41,107120.68,99811.59,21886.12,18764.12,19277.9,60536.26,77813.78
2025-11-05,Central,In-Store,Apparel,Paid Search,107374.54,5893,1718,3642,30912,1718,14104,9075,40841.62,59019.14,66532.92,101091.54,7189,108031.67,102491.84,107374.54,7932,8270,408,70,2932.62,62.5,6.01,1.35,31329.06,6193.73,107374.54,65931.44,6864.71,6683.51,9721.49,64963.75,53597.17
2025-12-01,Central,In-Store,Electronics,Paid Search,99297.44,5365,1944,5413,35310,1944,34471,5562,30736.35,77604.71,68561.09,82533.21,12865,99867.42,93167.39,99297.44,7604,7684,219,139,7444.21,51.08,3.03,3.19,9186.37,1943.37,99297.44,91576.17,27122.34,4489.4,6469.5,8988.31,62841.2
2025-12-24,East,In-Store,Apparel,Direct,84545.56,5877,693,1318,9992,693,8718,3811,33221.66,75570.38,51323.9,71174.82,2549,86379.72,83390.02,84545.56,7280,7319,256,217,3766.38,122.0,3.52,2.91,9477.73,4152.87,84545.56,59798.14,9457.21,2901.83,15615.92,33746.38,49327.41
2025-12-27,East,In-Store,Beauty,Email,163160.91,3377,2180,4425,36066,2180,16257,7608,74236.31,71044.41,88924.6,112539.46,10089,167471.77,166144.45,163160.91,3795,3937,406,264,4727.53,74.84,4.4,3.77,9153.08,2280.62,163160.91,130504.77,59612.3,6162.29,22775.49,66546.69,122311.92
2026-01-01,East,In-Store,Home,Email,19662.26,4779,1981,4563,56009,1981,25424,21513,6390.4,14938.7,13271.86,13791.39,10313,20189.92,18588.93,19662.26,7096,7102,348,342,13997.8,9.93,3.87,3.89,2710.87,670.29,19662.26,13408.18,40282.34,5523.68,12767.09,60049.88,62710.53
2026-01-02,Central,In-Store,Apparel,Organic Search,140460.34,2728,1903,4465,31108,1903,26440,4210,38236.39,121047.91,102223.95,125862.7,6575,144352.64,135480.72,140460.34,4103,4049,113,167,12110.72,73.81,5.5,4.52,18810.64,4532.04,140460.34,122576.88,56971.84,7029.25,23798.16,59784.46,125558.06
2026-01-19,Central,In-Store,Sports,Email,174076.38,2986,1840,5485,25368,1840,14558,6106,53880.43,77560.77,120195.95,123586.55,13206,179135.61,179134.87,174076.38,7272,7254,234,252,8588.73,94.61,3.83,1.03,22847.52,6078.25,174076.38,128814.98,18235.15,4051.82,11391.8,53135.31,70754.74
2026-01-20,East,In-Store,Beauty,Direct,88970.07,5856,1169,3635,16283,1169,13133,5553,33349.62,67274.18,55620.45,72531.26,6405,89875.1,89359.15,88970.07,4155,3926,132,361,10096.87,76.11,5.02,4.38,6547.48,3774.44,88970.07,79693.1,24795.78,11533.45,24348.51,15009.56,82437.12
2026-01-21,Central,In-Store,Apparel,Paid Search,43704.7,2201,1808,3268,24971,1808,15860,4370,11569.89,37956.91,32134.81,30813.85,6600,44676.94,44335.04,43704.7,2875,2801,299,373,6193.94,24.17,5.96,3.44,9217.08,2926.36,43704.7,34609.07,39671.68,4392.81,19594.4,34538.03,72903.04
2026-01-31,Central,In-Store,Apparel,Organic Search,156663.95,4948,423,1190,6558,423,4649,1828,84730.87,84939.46,71933.08,75555.32,2010,160230.13,151109.03,156663.95,2890,2838,124,176,2927.77,370.36,1.68,1.83,9961.13,3142.71,156663.95,94514.95,36013.99,1875.08,22567.68,60884.13,83123.35
2026-02-01,Central,In-Store,Apparel,Direct,15021.1,4572,1112,2485,17334,1112,16371,5006,5942.0,11325.12,9079.1,8692.77,5357,15206.81,14941.17,15021.1,2671,2542,220,349,11345.36,13.51,1.66,2.87,13727.32,7140.51,15021.1,10415.54,23861.34,19942.68,18033.44,38764.42,64445.29
2026-02-18,East,In-Store,Electronics,Paid Search,138451.1,4654,520,1071,11723,520,6875,4396,68722.47,104572.11,69728.63,77444.85,2382,139088.8,135363.1,138451.1,2917,2755,213,375,13111.68,266.25,7.54,3.7,33190.5,6909.86,138451.1,121112.92,18878.77,13938.04,24997.7,38832.63,81047.96
2026-02-26,Central,In-Store,Sports,Organic Search,125535.21,2227,586,870,17835,586,16068,2846,68175.54,69557.74,57359.67,52952.38,1830,128421.42,126627.18,125535.21,5450,5438,22,34,6242.75,214.22,4.44,2.33,10707.81,6283.78,125535.21,88705.31,33659.47,8648.53,23868.06,69511.95,82061.77
2026-03-09,Central,In-Store,Beauty,Organic Search,89073.69,2923,1210,2446,28273,1210,15896,3423,40921.89,61343.37,48151.8,66027.27,2939,91692.52,86372.55,89073.69,2616,2804,427,239,13988.37,73.61,6.56,1.59,12589.03,5443.03,89073.69,65569.55,47372.87,40.73,18744.18,29821.28,85965.96
2026-03-16,Central,In-Store,Beauty,Email,161126.74,5109,1209,3168,18434,1209,11962,2834,74422.33,139168.62,86704.41,120852.02,6261,161243.37,157575.92,161126.74,4641,4841,389,189,8569.75,133.27,6.38,4.83,5144.29,1113.19,161126.74,111959.75,41187.23,18193.25,4848.42,20650.59,100484.51
2026-03-31,East,In-Store,Beauty,Social,65278.27,5966,1013,2387,20435,1013,9038,4973,25780.35,48767.72,39497.92,33337.0,4009,66032.46,65230.81,65278.27,5233,5325,150,58,3025.28,64.44,7.23,4.4,10070.02,5086.93,65278.27,59554.49,48097.86,2034.88,12902.24,11241.05,73036.08
2026-04-24,East,In-Store,Home,Paid Search,107906.16,1640,281,442,7321,281,6756,1833,35126.38,68296.23,72779.78,91139.4,591,111024.57,102163.08,107906.16,8077,8240,415,252,14737.64,384.01,5.73,2.83,5751.28,3602.02,107906.16,93623.23,53552.31,16941.38,11860.38,20375.26,109695.89
2026-04-25,East,In-Store,Electronics,Email,24390.38,4967,1840,4626,56191,1840,46931,21243,8884.29,18751.43,15506.09,23957.31,7242,24574.05,23587.45,24390.38,8714,8662,252,304,13420.36,13.26,7.49,1.43,6525.91,2794.2,24390.38,14896.19,37119.31,657.72,8444.38,49649.35,53408.6
2026-04-27,Central,In-Store,Electronics,Organic Search,86067.34,1955,377,927,5031,377,4383,1082,43503.24,53096.43,42564.1,52561.06,1244,86707.01,80969.14,86067.34,4612,4410,137,339,10166.31,228.3,1.55,3.07,12579.5,5294.76,86067.34,60657.56,42064.36,16742.5,14210.02,10392.46,88785.2
2026-04-28,Central,In-Store,Home,Paid Search,105264.73,4888,867,2286,12998,867,12228,3332,40933.7,72392.98,64331.03,75163.11,3046,106297.66,100937.36,105264.73,7630,7670,139,99,3689.78,121.41,1.92,2.2,8273.17,2691.93,105264.73,64747.63,42618.74,914.28,16343.86,36328.47,82425.81
2026-05-01,East,In-Store,Sports,Paid Search,160224.96,3843,778,1637,10151,778,4271,1348,52632.6,121657.17,107592.36,101632.48,2766,162274.01,155982.12,160224.96,6234,6619,491,106,8456.88,205.94,6.59,2.37,24788.15,5993.63,160224.96,128133.81,51635.81,18100.75,3762.52,57106.84,103988.82
2026-05-03,East,In-Store,Electronics,Social,168462.24,4940,2197,3645,68327,2197,63307,20773,64918.09,101919.91,103544.15,126303.47,8925,171724.05,164476.97,168462.24,2563,2769,319,113,8128.46,76.68,7.7,1.3,2741.54,1004.25,168462.24,106179.77,43564.77,5705.94,2506.95,34171.81,89668.7
2026-05-05,Central,In-Store,Sports,Organic Search,114514.65,4536,1152,2089,30296,1152,28562,3306,37894.1,72890.55,76620.55,114237.07,3345,116880.09,109862.27,114514.65,3229,3409,282,102,9525.71,99.41,4.7,1.82,2985.98,1455.06,114514.65,73558.13,55455.5,1029.26,22442.96,20994.51,113198.84
2026-06-25,Central,In-Store,Apparel,Paid Search,23743.51,3542,1650,4131,38588,1650,18996,8464,9804.38,21366.08,13939.13,19280.58,9832,24296.79,23174.75,23743.51,3865,3697,139,307,13785.48,14.39,5.34,1.59,12610.35,2831.45,23743.51,14458.9,5354.5,16348.44,4848.92,25197.49,32336.03
2026-06-28,East,In-Store,Home,Social,78007.85,4609,1288,2319,23872,1288,15836,8385,27947.7,55959.4,50060.15,60062.12,3864,78045.84,74307.78,78007.85,5232,5408,251,75,14093.21,60.57,7.72,2.74,12238.01,2798.58,78007.85,61064.87,11730.01,1822.16,7102.84,67712.59,38673.65
2026-07-07,East,In-Store,Electronics,Organic Search,115871.88,1917,1623,4273,45847,1623,42711,11846,53723.46,68024.65,62148.42,76744.94,8930,117156.9,112173.19,115871.88,5169,5230,298,237,13908.66,71.39,4.18,3.26,25880.94,4792.9,115871.88,99341.02,12153.25,12422.41,5964.07,14506.27,53563.21
2026-07-12,East,In-Store,Home,Social,44955.62,5699,2190,5048,31533,2190,17459,10231,18618.47,34437.59,26337.15,27758.94,10097,45265.03,45230.11,44955.62,7395,7123,85,357,1989.38,20.53,3.85,1.83,20279.71,4127.53,44955.62,41902.43,16685.21,8787.67,11527.9,53785.04,45328.46
2026-07-14,East,In-Store,Sports,Paid Search,165492.82,2894,1357,2052,23456,1357,11167,8421,90534.87,126449.09,74957.95,75521.17,3119,169400.61,159151.18,165492.82,8102,8237,330,195,6674.81,121.95,1.7,3.32,11038.44,2845.11,165492.82,142987.65,55099.29,8572.69,19641.53,59973.7,105969.86
2026-07-30,East,In-Store,Home,Social,154953.03,4846,1501,2405,70661,1501,55628,23018,69958.19,94195.21,84994.84,108724.83,5018,156227.54,144248.61,154953.03,7973,8005,368,336,11639.88,103.23,3.69,1.28,21491.01,4343.47,154953.03,130288.79,47835.07,12928.37,4931.57,45956.27,98312.46
2026-08-04,Central,In-Store,Apparel,Organic Search,177839.41,2021,1727,2937,25554,1727,10665,9317,75200.61,122738.57,102638.8,130805.88,5930,182184.86,169792.68,177839.41,3292,3189,78,181,7696.35,102.98,6.26,4.76,35585.71,7613.17,177839.41,165085.32,20873.18,4497.86,3306.64,39990.91,67919.44
2026-08-13,Central,In-Store,Home,Social,145711.63,4689,209,434,3842,209,1895,614,60897.27,89760.33,84814.36,112879.41,944,146067.59,141031.26,145711.63,4697,4773,115,39,10674.39,697.18,4.25,1.21,11213.12,2859.85,145711.63,127062.67,30697.19,2447.86,14356.43,63421.38,81365.3
2026-08-18,East,In-Store,Apparel,Paid Search,93897.98,4261,1245,1859,41346,1245,33825,12560,46438.31,45603.17,47459.67,56147.35,2600,95261.41,89918.92,93897.98,7798,7788,307,317,5712.54,75.42,6.32,4.19,33058.87,6268.78,93897.98,66841.58,36700.85,14024.44,4531.17,35400.47,72100.66
2026-08-28,Central,In-Store,Home,Social,177958.35,3056,1164,2765,35759,1164,32489,5399,89452.01,94360.27,88506.34,96517.97,5322,182801.13,179176.35,177958.35,4614,4548,36,102,10660.33,152.89,4.8,2.8,5786.41,1872.28,177958.35,135413.02,38473.24,6378.35,11173.65,31434.73,84980.63
2026-08-29,East,In-Store,Apparel,Social,101144.78,5840,1713,3222,40530,1713,24504,15262,26957.9,86985.74,74186.88,61449.43,7428,103309.54,101696.56,101144.78,5291,5467,305,129,4775.02,59.05,6.79,2.42,1373.8,827.7,101144.78,88877.69,24052.71,10834.8,7333.58,53749.04,60655.92
2026-09-01,East,In-Store,Home,Paid Search,87954.83,2209,606,1197,9119,606,4452,3195,38369.98,41606.97,49584.85,68025.52,2331,90255.76,83873.38,87954.83,2447,2459,259,247,11214.68,145.14,6.55,2.12,22866.11,5128.88,87954.83,66832.52,12495.6,11053.76,3569.52,43582.52,47526.54
2026-09-13,Central,In-Store,Sports,Paid Search,158905.69,1592,164,434,3481,164,3138,1246,58028.69,72064.81,100877.0,109013.89,826,163272.82,150955.61,158905.69,6656,6886,478,248,13398.48,968.94,6.83,1.62,23318.77,4903.31,158905.69,96854.07,6007.63,14011.39,2272.76,12748.51,54995.95
2026-10-03,Central,In-Store,Home,Organic Search,30312.04,4362,1476,2439,60378,1476,37657,7373,14940.91,27173.11,15371.13,22414.93,3057,30316.59,29595.23,30312.04,7688,7768,270,190,6558.42,20.54,1.95,3.16,11817.03,3423.33,30312.04,21229.08,39082.37,5968.9,7821.86,64224.94,59597.61
2026-10-17,East,In-Store,Sports,Social,67047.44,2252,350,1112,7072,350,6526,2483,30557.19,48416.55,36490.25,44288.38,1889,68696.94,64650.78,67047.44,5768,5998,460,230,9410.28,191.56,5.09,2.63,14334.68,3671.37,67047.44,60213.61,27963.05,12445.21,15268.64,64040.7,68963.41
2026-10-29,Central,In-Store,Home,Email,90430.28,5766,451,902,9514,451,9120,1157,44269.54,48619.46,46160.74,61240.34,2163,92954.24,91439.42,90430.28,8291,8200,124,215,13862.6,200.51,1.73,4.72,5736.1,1046.95,90430.28,57036.92,22702.97,279.92,5376.38,32103.85,46731.37
2026-10-31,East,In-Store,Beauty,Paid Search,37400.69,4760,1476,2254,25101,1476,23960,3108,17445.24,22323.38,19955.45,16063.51,4880,37957.09,36523.09,37400.69,6118,6067,56,107,14618.17,25.34,2.05,3.4,12800.48,3204.78,37400.69,30674.84,43084.67,15676.07,5000.35,58652.84,68580.14
2026-11-01,Central,In-Store,Sports,Social,34633.73,5382,1495,4337,19961,1495,9983,2594,13406.23,20166.67,21227.5,31530.46,6066,34839.41,33107.09,34633.73,8674,8716,91,49,4932.09,23.17,2.44,2.0,19960.0,5829.22,34633.73,23079.23,5378.5,6524.98,11814.45,31959.87,33177.07
2026-11-09,Central,In-Store,Sports,Direct,70748.41,5373,501,748,8442,501,3936,1338,31567.52,50063.65,39180.89,53391.1,1680,71706.97,66465.94,70748.41,5651,6053,426,24,14143.31,141.21,3.22,3.51,23606.37,5659.1,70748.41,52164.23,7444.49,2212.32,23530.16,18966.46,49204.3
2026-11-22,Central,In-Store,Sports,Social,143951.15,3958,1446,4407,26494,1446,20117,6710,69336.54,66868.65,74614.61,79750.93,7972,146623.17,145851.13,143951.15,3507,3266,104,345,8488.62,99.55,7.7,4.2,7201.6,3874.48,143951.15,98328.25,50510.79,15839.84,6043.2,50929.29,96319.11
2026-12-01,Central,In-Store,Beauty,Paid Search,28834.2,5508,2084,2692,58719,2084,28275,14668,13258.42,14940.71,15575.78,19304.74,5416,28849.76,28239.19,28834.2,4454,4191,74,337,8138.85,13.84,7.49,3.67,7473.32,4833.24,28834.2,22345.09,10876.81,9406.23,5991.15,46279.66,32065.61
2026-12-08,Central,In-Store,Home,Direct,62840.96,3438,394,1155,7366,394,7101,2938,31723.61,56087.44,31117.35,35040.76,2317,63650.72,63210.96,62840.96,8680,8864,259,75,6134.01,159.49,7.21,1.83,16177.35,3682.09,62840.96,49573.75,43222.26,13283.75,12626.6,62033.29,79644.84
2026-12-11,Central,In-Store,Home,Email,96696.01,3681,260,501,5856,260,3759,1718,45903.54,65289.3,50792.47,43047.97,964,97453.52,92315.31,96696.01,8880,8724,78,234,6691.28,371.91,7.31,1.04,4824.22,1002.66,96696.01,73668.27,8280.26,5840.21,18570.92,69150.81,45605.78
2026-12-24,Central,In-Store,Home,Email,99136.05,2819,477,1351,8719,477,5729,917,51011.42,62658.92,48124.63,53305.34,2939,100242.43,95144.91,99136.05,6063,6297,393,159,2073.94,207.83,5.84,3.26,41592.72,7975.04,99136.05,61861.44,33253.45,6960.32,11384.48,39916.22,67589.85
2026-12-26,East,In-Store,Home,Email,132421.44,2295,90,282,1674,90,1184,535,66660.1,85221.96,65761.34,91376.22,584,135421.15,126593.63,132421.44,6003,5962,293,334,5065.01,1471.35,5.01,2.72,11252.46,6884.47,132421.44,94823.22,10046.09,717.84,23830.42,24156.03,62007.22
2026-12-30,Central,In-Store,Sports,Paid Search,11019.63,4784,2168,3689,47554,2168,40453,14107,3809.95,7058.13,7209.68,6144.24,5086,11246.02,11024.4,11019.63,8644,9034,453,63,2294.32,5.08,4.38,4.52,22884.77,4709.76,11019.63,8803.5,17529.57,3893.13,20684.65,26124.1,43950.62
2025-01-08,East,In-Store,Sports,Social,85096.5,2671,843,2521,29590,843,28073,2994,32818.26,50682.03,52278.24,60197.24,4925,85832.64,83173.56,85096.5,8225,8336,272,161,14141.7,100.94,1.64,4.72,25256.07,7307.35,85096.5,65259.56,57373.02,2032.91,19008.04,57894.03,96473.14
2025-01-17,Central,In-Store,Apparel,Direct,41336.69,4173,1071,2009,37475,1071,16416,12020,14814.41,36704.26,26522.28,31690.5,3420,41394.35,38236.03,41336.69,4457,4652,210,15,6044.02,38.6,3.02,4.65,6672.81,1583.04,41336.69,32071.66,47004.48,1052.58,14930.27,24695.09,72494.48
2025-01-28,Central,In-Store,Electronics,Direct,76572.54,1683,578,1841,10501,578,4687,1731,34117.55,31629.08,42454.99,44542.37,3971,76885.7,72074.05,76572.54,5141,5020,255,376,10572.52,132.48,5.1,1.06,19463.68,7722.97,76572.54,62158.11,28398.93,6691.94,17306.45,12934.78,65760.03
2025-02-06,Central,In-Store,Home,Paid Search,69696.04,3055,245,300,5610,245,3087,1636,31034.11,37607.82,38661.93,34931.22,442,70784.39,66206.38,69696.04,5278,5252,204,230,11958.25,284.47,5.07,2.84,23415.12,5458.03,69696.04,42945.13,33223.68,909.44,17144.19,42001.91,61756.68
2025-02-07,East,In-Store,Beauty,Social,109263.07,1758,1386,3254,40016,1386,17614,4361,51667.42,60853.14,57595.65,91312.47,5810,112018.95,110219.11,109263.07,6120,6049,66,137,11614.65,78.83,6.3,4.27,11149.55,3753.03,109263.07,100895.75,56155.07,13645.6,4298.47,10616.55,101492.88
2025-02-08,Central,In-Store,Electronics,Paid Search,91827.63,3982,1109,2007,23715,1109,10401,6876,38648.66,59690.59,53178.97,74065.15,3314,94100.76,92922.02,91827.63,5145,5447,494,192,7902.65,82.8,3.61,4.79,11897.9,6318.81,91827.63,84546.07,11897.31,9664.41,9824.31,62046.14,53605.57
2025-02-19,East,In-Store,Beauty,Paid Search,73538.46,4379,746,1073,18052,746,14664,3170,27173.72,34418.92,46364.74,52404.38,1431,74945.22,68983.55,73538.46,4644,4506,136,274,12528.5,98.58,2.33,4.99,27119.39,4949.3,73538.46,58425.87,23180.62,6795.36,10354.39,48149.54,56051.68
2025-02-23,East,In-Store,Sports,Email,99751.93,3207,2173,3858,37702,2173,26502,6865,26427.44,66316.88,73324.49,86579.09,4836,100564.92,97111.93,99751.93,7268,7529,392,131,6877.48,45.91,7.21,1.15,30798.75,5636.16,99751.93,72826.7,45588.22,18193.86,7713.28,29163.58,97469.09
2025-03-03,Central,In-Store,Beauty,Organic Search,166543.18,5668,230,348,3556,230,2667,1323,65174.44,92298.03,101368.74,91305.49,523,168148.41,157825.5,166543.18,3720,3986,479,213,10682.91,724.1,4.35,4.91,6490.76,2280.85,166543.18,152228.23,37922.06,2661.19,11273.54,45479.98,79248.44
2025-03-13,East,In-Store,Home,Paid Search,19522.69,4771,605,1906,15023,605,9604,4704,8039.93,11368.13,11482.76,14365.21,3779,19843.21,19196.6,19522.69,8596,8843,361,114,14453.16,32.27,7.99,4.86,3800.38,1525.05,19522.69,12401.1,56676.77,7577.66,14149.73,58744.48,82713.72
2025-03-20,Central,In-Store,Apparel,Email,94145.91,2418,840,966,18069,840,17094,3076,28935.69,81000.94,65210.22,92946.89,1166,96501.06,91154.39,94145.91,3334,3233,286,387,5762.2,112.08,3.11,4.49,14794.39,4440.96,94145.91,64566.13,35665.6,18980.65,15793.39,55323.44,98323.71
2025-03-30,East,In-Store,Home,Direct,151473.56,2733,2157,4255,79105,2157,51197,18718,38017.5,115111.25,113456.06,161129.21,5378,154955.8,151209.54,151473.56,3539,3430,107,216,8684.34,70.22,5.88,4.57,33208.69,7630.1,151473.56,141022.19,46471.3,13633.07,2644.03,60448.83,111087.16
2025-04-29,Central,In-Store,Sports,Organic Search,10679.47,4671,312,991,4507,312,4287,840,5686.09,8674.74,4993.38,7398.87,1953,10879.85,10209.68,10679.47,6173,5975,170,368,12027.85,34.23,2.67,3.99,30960.54,7161.67,10679.47,7780.58,27759.03,5426.5,17535.67,15319.61,52940.86
2025-05-01,Central,In-Store,Home,Direct,126949.95,5590,1739,2771,30434,1739,12844,7753,50220.9,99571.42,76729.05,84960.44,4053,128776.62,124308.68,126949.95,4320,4214,260,366,5196.25,73.0,6.27,4.35,21418.21,4493.21,126949.95,97605.58,52555.79,12120.26,14860.92,50225.42,105025.1
2025-05-07,East,In-Store,Sports,Social,179193.86,5015,1147,3418,26836,1147,11994,6063,79146.96,101209.1,100046.9,94152.98,6248,179700.57,175058.46,179193.86,8978,8866,177,289,2976.78,156.23,5.94,2.03,25761.68,4912.24,179193.86,132622.72,17217.68,15158.39,19823.72,38297.23,80445.68
2025-05-08,East,In-Store,Home,Direct,22634.61,3803,2090,5950,30926,2090,20606,7804,11626.55,14647.32,11008.06,9839.02,11023,23283.58,21735.58,22634.61,6400,6267,23,156,8598.56,10.83,4.75,1.32,3768.16,1020.95,22634.61,14654.5,28216.32,13978.99,22286.26,29823.06,67433.28
2025-05-12,Central,In-Store,Home,Organic Search,30474.49,1683,545,617,7379,545,6853,1034,12127.95,25955.63,18346.54,17501.2,1222,31148.81,30762.58,30474.49,6100,5917,192,375,2629.33,55.92,6.92,3.99,2806.24,996.08,30474.49,21236.68,58470.73,8195.87,11729.13,50286.85,83646.09
2025-05-25,Central,In-Store,Beauty,Email,16368.04,5534,552,719,17393,552,8368,2623,8236.82,7006.98,8131.22,10412.61,1028,16602.94,15485.59,16368.04,7186,7006,46,226,7165.36,29.65,1.95,3.42,18559.17,3608.92,16368.04,12039.64,52628.69,12463.09,18273.54,63611.31,86489.1
2025-06-09,East,In-Store,Home,Organic Search,29482.32,5937,2007,4929,47406,2007,24280,5024,15782.15,17113.65,13700.17,11684.55,8750,29860.66,29144.43,29482.32,7418,7440,253,231,14012.04,14.69,6.07,1.0,31477.53,6028.02,29482.32,18552.47,7717.45,13281.48,16887.07,33514.86,41391.36
2025-06-30,East,In-Store,Sports,Direct,40749.9,3036,539,1634,12259,539,12247,3440,15998.01,35411.62,24751.89,24994.31,2544,41761.89,38441.46,40749.9,4683,4624,297,356,14332.66,75.6,1.92,3.44,9205.83,5153.19,40749.9,28158.94,19490.37,2759.73,16031.27,39247.16,45779.66
2025-07-02,Central,In-Store,Beauty,Paid Search,35271.85,3510,969,2276,31574,969,29889,11949,8859.55,16697.89,26412.3,23002.24,4721,35341.19,34902.85,35271.85,6465,6686,242,21,11102.96,36.4,4.27,2.29,19168.56,4074.46,35271.85,29072.12,25979.52,4815.03,18147.75,62827.14,55842.97
2025-07-14,Central,In-Store,Apparel,Paid Search,104465.5,4735,288,914,7993,288,4685,1354,37150.26,61840.24,67315.24,79153.6,1342,106342.16,100986.05,104465.5,4177,4017,175,335,3853.72,362.73,3.42,1.93,4981.78,2951.35,104465.5,86959.82,34877.23,15813.39,7145.07,11992.35,81581.77
2025-07-15,East,In-Store,Sports,Paid Search,56206.42,3505,1898,2886,30795,1898,30092,8696,26237.05,38141.24,29969.37,45327.28,4394,56985.08,56095.41,56206.42,3949,3722,101,328,10983.7,29.61,3.8,4.02,27489.89,5670.88,56206.42,46496.28,21503.29,13880.19,13913.24,33700.45,62894.9
2025-07-16,East,In-Store,Home,Organic Search,29581.51,4323,1666,4644,58204,1666,49817,11650,11124.75,12201.89,18456.76,16404.99,10448,30250.3,29098.09,29581.51,3146,3237,139,48,13678.07,17.76,2.98,4.21,23961.39,5110.12,29581.51,23436.07,48156.25,14232.63,13625.24,24123.79,80935.62
2025-07-17,Central,In-Store,Beauty,Paid Search,61941.52,2623,1458,4088,49585,1458,39884,9324,30977.69,50588.78,30963.83,25521.24,8037,63510.6,62767.66,61941.52,4490,4403,99,186,2723.52,42.48,5.72,2.4,13705.4,2595.46,61941.52,43867.59,5667.34,9841.07,3177.57,21853.5,26342.35
2025-07-29,Central,In-Store,Beauty,Email,78897.63,5596,730,1289,10225,730,4883,3794,25485.46,45961.26,53412.17,76068.22,2734,80256.12,74062.11,78897.63,5511,5524,320,307,9229.55,108.08,2.26,2.33,2063.39,934.89,78897.63,61547.92,5932.84,7314.05,2687.43,51263.26,38754.79
2025-07-30,Central,In-Store,Apparel,Organic Search,133392.27,2358,2108,4719,32453,2108,31605,8152,65064.37,119722.24,68327.9,80791.43,8678,136018.07,134286.89,133392.27,4952,5282,354,24,10772.93,63.28,7.13,4.76,11726.78,2280.16,133392.27,80589.47,18880.64,10909.44,12182.39,55021.49,66209.9
2025-08-03,East,In-Store,Sports,Social,163725.47,4402,1859,5862,26802,1859,15155,10316,47211.53,119184.27,116513.94,132527.05,9413,164383.12,160269.74,163725.47,5672,5557,209,324,4038.35,88.07,5.8,4.39,22680.87,4811.95,163725.47,148544.05,49786.88,12099.91,9770.7,54044.46,111415.6
2025-08-09,East,In-Store,Beauty,Organic Search,22882.4,2549,95,166,1753,95,1312,435,9867.4,13440.05,13015.0,15552.6,343,23153.71,22960.69,22882.4,3329,3667,449,111,11508.62,240.87,6.03,3.07,17785.58,6715.41,22882.4,17227.23,44662.42,720.59,11961.44,69833.59,62010.23
2025-08-21,Central,In-Store,Home,Paid Search,42075.67,4468,373,611,6322,373,3158,1609,16626.8,28689.45,25448.87,20735.54,1084,42365.24,40309.72,42075.67,4221,4158,216,279,4240.5,112.8,5.34,1.44,19899.84,5073.6,42075.67,31618.23,59902.62,6050.71,16129.94,10913.77,88303.93
2025-09-11,East,In-Store,Apparel,Social,56920.58,2810,1445,4125,35051,1445,31318,4586,20206.99,31904.27,36713.59,53851.83,7381,58436.05,54048.9,56920.58,4824,4895,120,49,4893.94,39.39,2.64,1.77,38655.47,7944.33,56920.58,50823.63,39445.46,8696.44,2628.82,20297.53,66926.27
2025-10-04,Central,In-Store,Apparel,Organic Search,27251.0,4668,1869,4801,92160,1869,48243,24580,9522.14,14067.06,17728.86,15441.43,7537,27496.88,26903.92,27251.0,6814,6725,276,365,8657.95,14.58,6.56,2.96,10763.21,2440.19,27251.0,16861.0,51189.21,16368.04,8784.33,15295.29,80974.01
2025-10-07,Central,In-Store,Apparel,Social,125333.2,4202,985,1300,37052,985,19746,4765,37668.85,56532.14,87664.35,130754.03,2585,126785.17,125531.57,125333.2,3318,3490,463,291,12416.4,127.24,6.9,2.13,18389.1,6861.63,125333.2,75878.42,44913.63,2050.65,12029.66,51191.5,98220.15
2025-10-12,Central,In-Store,Apparel,Direct,144784.15,3423,1627,3383,41850,1627,26799,11424,63292.19,83219.47,81491.96,76022.66,6548,145189.27,135254.52,144784.15,8986,9274,317,29,12583.18,88.99,6.23,3.63,23940.12,5439.92,144784.15,98829.1,12837.58,8777.32,18529.02,54543.8,62950.72
2025-10-15,Central,In-Store,Electronics,Social,24571.21,5444,945,3008,20363,945,13094,6298,13495.76,13077.82,11075.45,15399.22,4792,25194.93,24268.54,24571.21,4790,4827,434,397,10201.43,26.0,5.07,2.51,30515.72,7592.98,24571.21,18128.5,51231.97,19387.13,24334.29,36305.71,99573.16
2025-11-07,East,In-Store,Sports,Organic Search,25595.63,5079,1837,4686,81600,1837,47074,25504,8509.66,10905.8,17085.97,18082.16,9319,26017.17,25206.82,25595.63,3811,3996,464,279,6765.05,13.93,2.24,3.88,27655.29,5516.2,25595.63,21273.86,59193.82,14945.15,15540.29,29641.65,95103.91
2025-11-12,East,In-Store,Beauty,Email,25816.78,3845,184,435,4299,184,3905,592,11079.17,20885.71,14737.61,17791.34,1023,26434.25,26397.46,25816.78,6528,6237,54,345,5909.28,140.31,3.66,3.79,19230.78,6156.28,25816.78,21911.69,42577.17,2252.05,14370.17,69469.77,64536.79
2025-11-13,Central,In-Store,Sports,Direct,133306.93,5897,1862,4594,48453,1862,38448,12007,42581.06,82326.18,90725.87,73826.53,7944,134553.8,129044.28,133306.93,6323,6045,36,314,9409.97,71.59,6.66,1.97,4402.21,2234.87,133306.93,86521.93,57621.29,10249.82,15404.75,54633.27,105423.82
2025-11-17,Central,In-Store,Home,Email,149981.75,3013,1652,3010,29914,1652,25943,9337,54201.64,104405.14,95780.11,88750.36,6700,153722.74,151659.11,149981.75,4560,4542,295,313,12903.9,90.79,3.91,3.98,10928.26,3337.91,149981.75,134692.68,56918.77,14114.18,11111.4,68585.09,108769.46
2025-12-02,Central,In-Store,Home,Direct,25095.3,4638,1352,2452,23243,1352,10790,4377,9892.05,17588.18,15203.25,21303.33,5072,25536.6,24726.92,25095.3,2460,2734,379,105,3454.7,18.56,5.6,2.83,15538.04,3267.69,25095.3,16863.28,20579.91,12176.62,16046.97,38281.39,55194.5
2025-12-08,Central,In-Store,Beauty,Direct,51849.42,1603,564,723,7342,564,3973,1536,17029.8,46565.81,34819.62,38165.71,1746,52924.37,51981.33,51849.42,4676,4808,372,240,5541.65,91.93,3.93,1.87,22365.38,5796.49,51849.42,47272.05,52671.83,15662.58,2352.31,13754.98,82136.43
2025-12-09,Central,In-Store,Beauty,Social,175160.03,2371,1294,2352,23104,1294,9898,5226,66441.07,147869.54,108718.96,127175.47,5270,179931.25,175147.24,175160.03,4629,4678,449,400,14740.31,135.36,6.4,3.61,13640.31,2852.53,175160.03,156226.87,9070.68,4855.43,13623.59,9772.42,65702.34
2025-12-20,Central,In-Store,Sports,Email,86463.04,4167,555,649,12890,555,12764,5067,43177.01,36774.26,43286.03,44627.81,1051,87412.19,81066.23,86463.04,2155,2432,477,200,13860.51,155.79,5.27,1.35,9072.1,5630.46,86463.04,66640.55,43209.62,5083.87,16224.9,40522.4,77906.73
2026-01-21,Central,In-Store,Home,Direct,95270.53,3105,253,375,3195,253,2608,876,34204.25,73005.4,61066.28,65984.03,727,96736.12,90074.1,95270.53,4157,4133,176,200,11409.91,376.56,7.26,2.14,19201.81,4018.68,95270.53,64328.24,29147.83,1363.38,8078.36,41729.05,58384.78
2026-01-30,East,In-Store,Apparel,Email,174222.07,5865,960,2936,16263,960,7420,4894,92671.29,92079.04,81550.78,88204.54,4417,175845.74,164088.35,174222.07,7406,7430,83,59,13044.76,181.48,2.76,1.55,8303.91,2652.08,174222.07,125100.69,51410.54,11420.17,22881.19,14866.09,112173.26
2026-02-07,Central,In-Store,Apparel,Organic Search,120052.26,2247,452,702,6169,452,6007,1425,48330.66,93856.97,71721.6,90814.07,864,121009.74,118916.8,120052.26,7602,7887,483,198,3304.9,265.6,3.09,2.97,10374.94,5873.52,120052.26,97037.31,29644.39,18429.82,15014.77,59137.84,90333.2
2026-02-11,East,In-Store,Sports,Social,138072.47,2010,483,1043,6450,483,5609,1176,51377.29,86932.91,86695.18,82843.38,2107,140958.25,130628.88,138072.47,8300,8114,112,298,4232.99,285.86,3.13,1.71,21126.57,4340.05,138072.47,99645.45,33485.27,9581.55,3242.22,20638.24,71162.05
2026-02-19,Central,In-Store,Sports,Direct,100539.6,4874,1935,3664,31533,1935,19906,4618,54784.46,83076.36,45755.14,55852.39,6761,102848.44,99400.38,100539.6,5059,5329,302,32,6052.38,51.96,3.67,1.28,14322.73,4779.04,100539.6,88190.8,30628.91,6160.33,9819.89,28438.52,63364.85
2026-02-21,East,In-Store,Sports,Social,49770.72,1503,1009,2950,25125,1009,24753,9150,19315.21,41309.83,30455.51,27288.59,5906,50280.38,49217.12,49770.72,5578,5872,436,142,4120.14,49.33,6.62,3.61,15934.97,4349.09,49770.72,42414.16,55812.85,18151.41,22357.45,47019.25,104508.29
2026-02-23,East,In-Store,Beauty,Organic Search,15897.95,4157,817,1811,28563,817,26870,8446,6694.76,6429.9,9203.19,12320.69,4277,16156.3,15742.26,15897.95,5320,5495,252,77,3410.27,19.46,3.44,4.33,11538.04,2423.26,15897.95,12364.63,51309.38,6683.18,13232.05,28670.88,74920.82
2026-02-28,East,In-Store,Electronics,Paid Search,117551.64,3699,877,1757,26982,877,14101,3781,39759.76,69511.94,77791.88,83342.51,3091,119609.49,112654.08,117551.64,6335,6310,114,139,14679.47,134.04,5.25,4.3,4172.08,1725.71,117551.64,95541.47,37925.06,8442.97,14408.0,23941.51,85778.78
2026-03-03,East,In-Store,Beauty,Direct,8718.79,2227,1566,4825,20605,1566,11901,5356,2725.45,4037.06,5993.34,6239.72,8292,8932.48,8586.92,8718.79,7235,7656,464,43,3109.85,5.57,5.38,2.93,9439.41,3680.8,8718.79,7273.11,53614.25,15007.93,22577.23,57695.41,93071.33
2026-03-07,East,In-Store,Home,Email,75597.35,5136,1176,2308,47136,1176,44049,5535,21040.71,57994.6,54556.64,48431.57,5654,76887.47,72122.44,75597.35,3783,3597,179,365,12325.73,64.28,3.59,1.12,2838.32,609.55,75597.35,66533.79,13633.76,8210.7,3501.92,11943.18,39875.85
2026-03-11,Central,In-Store,Electronics,Organic Search,48644.46,5351,1037,2281,13347,1037,11665,2294,18925.58,21267.15,29718.88,39014.66,5082,49827.94,46878.84,48644.46,2955,2988,117,84,7649.34,46.91,7.31,3.6,17995.57,4024.86,48644.46,29558.86,55477.32,7184.97,12237.58,22630.17,86604.27
2026-04-02,Central,In-Store,Home,Direct,179841.1,3867,1293,1710,37079,1293,24072,8911,71115.55,81451.19,108725.55,89353.85,2649,185218.86,181391.27,179841.1,2744,2586,28,186,3169.91,139.09,5.95,3.17,25916.91,7631.57,179841.1,122928.85,36944.23,19997.19,5651.04,52789.84,89398.62
2026-04-03,Central,In-Store,Beauty,Organic Search,178172.19,2376,2064,3614,29584,2064,19935,8312,78078.85,140400.12,100093.34,101074.42,5615,178355.02,170334.05,178172.19,7839,7854,224,209,10378.36,86.32,4.74,3.73,16078.95,4595.92,178172.19,108026.63,44774.66,1162.5,23928.6,21789.14,100188.09
2026-04-05,East,In-Store,Electronics,Direct,125480.52,4234,1611,3640,30971,1611,20656,9710,58811.92,84065.47,66668.6,100192.1,6879,127109.4,121359.39,125480.52,4392,4264,154,282,1752.14,77.89,1.78,4.11,15045.98,5241.44,125480.52,90765.46,8031.95,18531.71,4288.25,52710.24,60909.54
2026-04-09,East,In-Store,Apparel,Social,99702.18,3759,1591,3897,46505,1591,42003,13967,32239.36,49579.22,67462.82,55362.47,7291,99958.21,97013.71,99702.18,6242,6488,442,196,8177.23,62.67,4.18,4.75,5627.82,1404.01,99702.18,63588.06,6300.95,17201.53,12533.47,18546.35,52644.69
2026-04-19,Central,In-Store,Apparel,Organic Search,34240.64,3280,1266,2508,21087,1266,12746,2317,11697.63,27970.61,22543.01,27012.13,3123,34321.82,31886.62,34240.64,5569,5464,289,394,4560.82,27.05,7.97,2.19,27290.93,5179.43,34240.64,20810.38,47054.93,4724.29,6479.98,11799.21,66362.84
2026-04-20,Central,In-Store,Home,Paid Search,73470.12,5852,808,2077,12171,808,5418,1347,22839.84,61860.29,50630.28,46538.58,4173,73810.23,70754.61,73470.12,2024,2016,234,242,7616.14,90.93,2.58,2.16,7714.12,4264.43,73470.12,68446.28,52392.06,16657.92,9647.22,12634.9,92658.77
2026-04-25,East,In-Store,Home,Email,122762.72,1666,957,2263,29838,957,18768,7702,53654.4,93836.66,69108.32,68777.01,2961,123320.36,119488.7,122762.72,6274,6027,103,350,12210.28,128.28,4.06,2.42,10249.94,5489.52,122762.72,81972.75,24351.7,1929.48,11572.87,60303.16,58487.15
2026-04-29,Central,In-Store,Apparel,Organic Search,171438.88,5813,1404,3013,18077,1404,12854,5264,87646.86,118380.08,83792.02,102982.86,7522,175345.64,173672.27,171438.88,5494,5772,444,166,7324.93,122.11,6.34,1.46,4232.23,1277.02,171438.88,108908.22,51113.78,6527.44,17320.18,64552.02,105856.26
2026-05-12,Central,In-Store,Apparel,Direct,58422.96,4189,1475,2363,18848,1475,9701,6993,22163.65,47834.81,36259.31,43226.26,5637,59792.57,55469.96,58422.96,5647,5797,181,31,12947.99,39.61,2.9,4.96,13946.49,7998.05,58422.96,44387.53,10452.29,10656.96,2297.43,19378.66,36374.56
2026-05-13,East,In-Store,Home,Paid Search,104141.3,5728,1353,3424,26193,1353,16086,6098,39658.05,85460.05,64483.25,54483.6,6014,106715.61,102397.69,104141.3,4566,4431,239,374,3409.81,76.97,4.6,1.71,12757.24,5548.46,104141.3,86942.22,34439.46,8454.62,10426.76,26615.75,69665.92
2026-05-18,East,In-Store,Beauty,Social,40783.76,5619,759,1584,18453,759,14105,4809,16913.28,27537.52,23870.48,29322.23,3229,40836.55,38282.28,40783.76,7592,7832,283,43,4367.16,53.73,4.55,1.47,7610.41,2826.98,40783.76,31838.69,40948.45,17273.81,6041.56,37321.94,73060.49
2026-05-20,Central,In-Store,Apparel,Paid Search,92540.34,5204,1689,3065,25126,1689,11659,8125,48832.33,66741.8,43708.01,50038.3,5973,92769.92,90311.54,92540.34,2605,2576,72,101,8063.88,54.79,2.28,3.96,8215.59,2147.48,92540.34,87189.78,32215.52,13186.21,9725.67,47733.34,70138.89
2026-05-21,Central,In-Store,Sports,Direct,67641.27,3093,129,385,2102,129,1213,265,17673.53,36742.76,49967.74,74847.49,764,69599.85,68466.64,67641.27,8153,8412,492,233,3576.88,524.35,7.08,2.39,9103.87,5295.34,67641.27,49243.92,58933.79,9261.61,24073.86,44225.02,114723.51
2026-05-22,East,In-Store,Beauty,Email,178584.26,3812,1226,3772,59370,1226,42559,20405,77266.09,135219.09,101318.17,158951.56,4939,182544.69,179226.21,178584.26,2854,2861,132,125,8125.25,145.66,4.92,2.51,29150.97,5720.14,178584.26,168294.64,58680.04,16523.95,5859.07,40629.07,128748.53
2026-05-27,Central,In-Store,Apparel,Direct,105123.12,1970,1887,4103,73407,1887,65078,27722,47007.69,86269.87,58115.43,53220.86,5214,107408.36,103056.52,105123.12,2655,2397,118,376,12283.75,55.71,1.62,3.84,2716.26,1298.62,105123.12,77603.67,5353.0,19234.44,13937.49,66753.9,54491.19
2026-05-31,Central,In-Store,Apparel,Paid Search,151751.47,2651,1077,1819,42948,1077,22931,14862,52980.97,123382.18,98770.5,121440.55,3591,152101.75,146194.76,151751.47,2774,2766,183,191,11363.86,140.9,1.69,3.4,1663.56,692.2,151751.47,99152.24,59196.1,19304.07,11027.45,36360.37,125959.79
2026-06-05,Central,In-Store,Apparel,Social,140259.64,5362,2164,6013,66669,2164,65014,10508,59872.97,113578.62,80386.67,87792.25,8598,142767.98,133244.96,140259.64,3042,3370,423,95,12747.12,64.81,1.71,2.42,10404.21,3465.69,140259.64,98745.93,47044.52,14231.9,6109.78,30337.25,93723.88
2026-06-09,Central,In-Store,Home,Social,99369.57,5425,1282,2777,52306,1282,38934,13759,33678.2,66775.19,65691.37,100718.58,5508,99925.53,93916.25,99369.57,4963,5159,482,286,10236.41,77.51,5.13,2.78,25086.92,5542.67,99369.57,60815.45,57328.98,15248.68,8510.25,20785.69,111303.48
2026-06-13,Central,In-Store,Sports,Social,130734.34,2842,96,150,2894,96,1505,637,59947.29,68761.58,70787.05,88234.8,335,132937.5,132789.7,130734.34,4995,5001,339,333,5102.88,1361.82,2.97,2.79,18017.69,4466.85,130734.34,110564.73,57736.15,16886.73,15895.95,59363.64,116989.27
2026-06-17,East,In-Store,Home,Email,174327.71,4924,1826,3285,42165,1826,40302,4517,91686.8,75567.82,82640.91,126503.64,5741,174999.91,172145.57,174327.71,8331,8678,392,45,14065.6,95.47,2.61,3.77,24071.87,7067.59,174327.71,114285.28,55224.91,18395.92,12228.94,53468.39,123800.86
2026-06-18,Central,In-Store,Beauty,Direct,29192.7,3079,316,566,4479,316,3394,1329,14414.91,19049.61,14777.79,16818.27,1291,29768.0,28393.22,29192.7,6674,6411,118,381,6113.84,92.38,7.67,2.68,29994.15,7035.28,29192.7,18361.89,50222.92,178.39,23119.6,61988.5,78566.39
2026-06-24,East,In-Store,Sports,Organic Search,87624.4,4527,302,865,5957,302,3209,614,37230.86,39884.28,50393.54,62182.08,1415,90121.41,89842.61,87624.4,2126,2186,376,316,9511.99,290.15,2.08,2.6,16043.58,4956.79,87624.4,74814.4,25544.07,13719.14,5042.52,20689.92,62960.35
2026-07-07,East,In-Store,Electronics,Email,119872.29,3933,743,1514,10614,743,8000,1835,65243.31,78329.94,54628.98,48366.26,1945,123462.16,113996.5,119872.29,2624,2367,21,278,6484.79,161.34,3.86,1.34,32147.45,7680.3,119872.29,113742.93,5799.39,14615.57,2386.99,15551.68,37311.83
2026-07-24,Central,In-Store,Electronics,Social,28726.27,4606,2136,5715,28542,2136,27068,9048,7720.56,21398.61,21005.71,25442.03,8259,29147.0,28597.75,28726.27,4088,4272,396,212,11733.21,13.45,4.95,4.24,28385.43,5700.28,28726.27,21600.71,10941.0,5418.96,21009.49,11984.87,45002.06
2026-07-25,Central,In-Store,Beauty,Social,52205.26,2163,2080,6525,45776,2080,37882,9205,15123.59,46289.85,37081.67,43780.98,10071,53551.0,51976.72,52205.26,5537,5701,194,30,8246.52,25.1,3.88,4.75,27862.51,6894.35,52205.26,42279.74,35218.76,3853.02,14910.75,39129.99,67116.82
2026-07-27,East,In-Store,Apparel,Social,28516.42,2861,265,735,3489,265,3328,1372,12844.3,22545.08,15672.12,15446.32,1604,28665.13,27688.43,28516.42,8107,8389,446,164,13155.09,107.61,5.19,1.18,2368.15,583.55,28516.42,20867.16,38678.7,18535.52,17174.95,63982.9,79023.07
2026-07-30,Central,In-Store,Beauty,Organic Search,108605.69,2539,520,899,9927,520,3999,1068,29349.44,72083.34,79256.25,118711.35,1607,108702.6,105867.11,108605.69,7758,7780,51,29,6562.32,208.86,2.0,4.04,15594.16,3139.34,108605.69,83856.85,10488.23,15961.61,18726.41,15362.15,80789.65
2026-08-07,East,In-Store,Home,Email,83463.68,5985,99,227,2174,99,1775,630,38686.98,59199.84,44776.7,62498.14,355,85546.71,83779.03,83463.68,3978,3873,287,392,2998.49,843.07,3.65,1.64,3131.01,917.67,83463.68,64503.9,46409.46,16917.96,4116.79,10251.24,86193.65
2026-08-14,Central,In-Store,Sports,Organic Search,169164.59,5545,1143,1708,23970,1143,10893,3927,83112.6,116990.36,86051.99,73057.37,2140,170093.46,169805.23,169164.59,3723,3509,82,296,10736.84,148.0,2.5,4.19,21139.89,5554.52,169164.59,120849.17,36143.74,2761.85,6277.59,10124.5,67100.39
2026-08-18,East,In-Store,Beauty,Direct,61180.03,4780,1296,2513,27178,1296,24474,5134,28292.86,48326.26,32887.17,49875.41,3387,61603.31,56890.06,61180.03,4207,4442,467,232,13821.64,47.21,2.93,2.14,820.8,533.04,61180.03,38408.13,42030.62,13354.45,21626.78,10416.55,91974.47
2026-08-27,East,In-Store,Home,Paid Search,20478.3,2237,1192,3537,36005,1192,14924,11756,7662.69,9233.46,12815.61,19734.56,6146,20621.65,20163.36,20478.3,2564,2836,444,172,10093.67,17.18,5.69,2.3,23757.75,7811.83,20478.3,13995.87,37528.27,18941.23,24558.58,33268.56,86948.45
2026-09-08,East,In-Store,Apparel,Paid Search,47838.8,3807,1039,2715,33896,1039,14720,4742,23522.82,42147.69,24315.98,31075.46,5850,49227.55,48820.14,47838.8,6635,6791,240,84,9200.62,46.04,1.65,2.82,25665.17,6789.24,47838.8,39757.52,42318.3,9976.48,21512.07,57285.16,83129.49
2026-09-09,Central,In-Store,Sports,Paid Search,62327.28,4248,1651,2997,77373,1651,45344,27183,17798.68,52567.66,44528.6,49862.39,5401,63302.03,58507.38,62327.28,4326,4525,340,141,4590.31,37.75,7.94,1.43,27266.47,5225.38,62327.28,44400.19,9124.88,1916.29,14550.29,60526.39,40550.18
2026-09-11,East,In-Store,Sports,Paid Search,167583.7,4489,541,689,10141,541,4658,1942,47967.15,126421.11,119616.55,156579.56,1180,172365.56,164642.29,167583.7,6422,6774,379,27,5048.75,309.77,5.59,3.38,6727.69,2712.13,167583.7,146305.97,11797.32,8279.84,14701.05,25819.9,81752.08
2026-09-12,East,In-Store,Apparel,Email,126846.98,5126,2104,6075,57080,2104,29102,6964,37853.97,93507.35,88993.01,116574.53,10294,127443.1,122453.23,126846.98,4989,5026,164,127,5190.23,60.29,2.37,2.12,4223.12,918.94,126846.98,87796.65,35970.75,10627.58,20296.02,29669.89,101866.71
2026-09-15,East,In-Store,Sports,Social,165443.9,2254,945,2606,19304,945,9954,3870,88389.45,140946.72,77054.45,70841.07,4981,166457.35,163317.05,165443.9,8975,9112,442,305,2936.66,175.07,4.07,3.96,13535.27,5882.9,165443.9,101100.93,13128.46,481.13,14955.85,20253.95,49817.76
2026-09-21,East,In-Store,Electronics,Paid Search,71974.09,5691,186,366,2360,186,2160,767,35589.07,54953.81,36385.02,50543.73,545,73634.37,70609.42,71974.09,6762,6611,176,327,5813.05,386.96,2.55,3.83,26141.0,5370.9,71974.09,54173.67,59005.76,11040.63,14684.76,50210.64,99894.27
2026-09-25,East,In-Store,Beauty,Paid Search,143717.91,3779,1490,4559,71942,1490,50931,26018,39854.32,123001.94,103863.59,114462.77,5592,147107.12,147010.53,143717.91,4702,4658,87,131,3554.24,96.45,4.23,1.35,3624.16,732.55,143717.91,108643.8,53206.78,14709.27,4135.81,56919.63,106390.69
2026-09-26,Central,In-Store,Beauty,Paid Search,148441.99,3528,1101,2631,15498,1101,10410,4668,67847.83,77294.98,80594.16,73032.5,4258,151391.1,144776.28,148441.99,3336,3591,444,189,14038.36,134.82,4.87,1.74,18345.94,7499.56,148441.99,116451.08,50607.05,13821.45,7306.49,45472.28,93644.74
2026-10-13,East,In-Store,Beauty,Organic Search,79795.55,3788,2031,6465,38636,2031,32377,12504,25701.74,46303.81,54093.81,65730.8,7956,81668.97,80509.36,79795.55,7364,7631,323,56,4533.07,39.29,3.35,2.08,16885.27,5280.08,79795.55,74447.9,13773.22,17238.47,13534.81,16807.15,64265.74
2026-10-15,East,In-Store,Home,Direct,114744.42,2818,1795,4654,24092,1795,10690,4069,43814.62,69452.3,70929.8,67090.29,10451,116670.14,113772.76,114744.42,5577,5580,137,134,3714.0,63.92,6.61,3.85,4691.72,1257.57,114744.42,72325.73,29883.45,6422.47,2062.16,38099.69,58495.17
2026-11-06,Central,In-Store,Sports,Social,167184.24,4941,1965,4795,30696,1965,23080,11017,77411.0,147710.15,89773.24,110660.49,6862,169700.15,157665.97,167184.24,3413,3581,282,114,6825.85,85.08,3.06,4.79,16960.98,6486.54,167184.24,102566.88,23365.8,8363.59,12592.14,28642.21,77519.68
2026-11-16,East,In-Store,Apparel,Social,120176.06,4201,1812,2993,52439,1812,49657,6664,52346.31,106212.33,67829.75,85908.34,7126,123732.99,117769.74,120176.06,4687,4707,384,364,10877.31,66.32,3.36,4.82,19057.79,4007.18,120176.06,107359.87,19514.95,10212.96,15686.99,33911.95,71187.4
2026-11-24,East,In-Store,Apparel,Organic Search,178338.5,1890,1304,3663,28404,1304,26631,4547,87366.92,74404.6,90971.58,102627.35,5391,181704.35,170396.27,178338.5,5713,5807,419,325,9974.06,136.76,2.51,3.27,36759.34,6784.53,178338.5,135421.01,21721.55,19414.34,18932.56,14488.62,90856.65
2026-11-25,Central,In-Store,Electronics,Paid Search,19275.06,1835,218,348,3753,218,2055,1373,6193.02,11783.69,13082.04,18491.44,418,19827.94,19404.42,19275.06,8232,8199,54,87,8800.66,88.42,6.82,1.45,2931.27,1641.19,19275.06,18225.64,39629.3,7149.67,11319.1,34797.05,63645.5
2026-11-28,Central,In-Store,Electronics,Social,69578.28,2580,208,259,2610,208,2235,361,33837.16,33515.5,35741.12,50764.46,372,70127.57,68361.23,69578.28,3665,3938,406,133,6399.38,334.51,6.87,4.63,6221.74,1136.07,69578.28,53495.61,30649.02,11485.57,14155.4,60583.3,71519.33
2026-12-14,East,In-Store,Home,Organic Search,179381.28,2044,2145,5194,28092,2145,14475,9361,56397.35,98884.99,122983.93,191387.05,9285,182831.35,168664.1,179381.28,4705,4803,155,57,8363.08,83.63,1.82,2.54,15969.98,3090.91,179381.28,151104.7,55152.71,17449.57,7292.26,60258.2,137310.65
2026-12-17,Central,In-Store,Home,Organic Search,149542.78,3171,424,786,16885,424,15219,5587,65123.36,92665.79,84419.42,116744.53,1253,152112.5,150721.58,149542.78,2256,2460,375,171,10891.76,352.7,2.72,1.49,14683.09,5029.39,149542.78,135932.53,8907.11,2478.66,20736.01,57750.97,67145.14
2025-01-01,East,In-Store,Electronics,Social,29008.69,2945,1412,3346,35296,1412,25498,11806,12726.0,12990.52,16282.69,17770.99,5782,29518.78,27253.57,29008.69,5422,5280,110,252,5108.27,20.54,3.96,4.72,5520.64,1152.35,29008.69,20177.99,54206.36,975.35,8709.59,38004.85,69222.6
2025-01-04,Central,In-Store,Electronics,Organic Search,178897.48,4175,1266,3862,19241,1266,14376,5005,94686.63,145496.86,84210.85,133346.76,7608,181093.83,180777.88,178897.48,4647,4513,210,344,13025.19,141.31,6.42,3.5,10618.9,5082.3,178897.48,138652.96,28220.0,4501.48,23326.22,54610.22,96051.73
2025-01-22,East,In-Store,Home,Social,157248.09,2519,758,1308,19290,758,15622,2884,85548.53,74153.54,71699.56,103745.59,1974,160334.73,156368.3,157248.09,3125,3336,449,238,4178.27,207.45,5.35,4.57,9498.08,3879.47,157248.09,143226.52,15848.66,8796.78,7239.77,11648.87,63008.89
2025-02-03,East,In-Store,Electronics,Paid Search,144831.9,5491,421,1239,7136,421,3507,2071,50465.45,87116.2,94366.45,143832.96,2075,147401.67,146372.33,144831.9,2460,2494,346,312,7391.61,344.02,5.48,1.2,26152.76,6054.08,144831.9,134668.99,33208.17,16576.92,19133.55,44248.92,112068.53
2025-02-12,Central,In-Store,Sports,Paid Search,85092.92,5680,238,527,5882,238,4019,2205,28958.45,68255.68,56134.47,75297.76,1167,87502.7,86911.91,85092.92,4112,4283,284,113,2374.9,357.53,7.36,1.08,20705.27,4615.71,85092.92,68289.66,16784.86,7213.5,23734.92,13096.49,70322.61
2025-02-25,East,In-Store,Electronics,Social,10487.81,3225,1897,4421,35699,1897,35579,6909,2743.11,5330.35,7744.7,8977.5,7122,10670.67,10242.53,10487.81,7890,8231,354,13,4597.94,5.53,1.68,2.37,10687.69,2545.01,10487.81,8053.03,24472.14,3123.15,17101.23,40186.73,47389.77
2025-02-27,Central,In-Store,Electronics,Organic Search,69816.17,3422,913,2213,20508,913,17180,3080,22666.91,35843.79,47149.26,47141.04,4958,71546.9,65969.31,69816.17,7332,6975,41,398,12234.28,76.47,5.18,1.37,38914.58,7704.89,69816.17,60459.0,9406.48,16597.88,12033.9,13023.14,52180.57
2025-03-01,Central,In-Store,Sports,Direct,152228.16,1771,2023,5502,32468,2023,27780,11465,73069.76,69403.26,79158.4,102253.07,11978,152312.91,143345.15,152228.16,2346,2638,439,147,8780.86,75.25,6.73,1.12,2732.33,564.84,152228.16,132613.83,52436.73,7300.43,11655.59,12949.5,102068.67
2025-03-03,Central,In-Store,Sports,Social,57902.71,5191,1726,4203,33676,1726,17383,4063,23275.36,31548.01,34627.35,29479.66,9389,58596.85,56556.04,57902.71,3291,3634,426,83,10653.42,33.55,4.13,2.03,13312.6,6072.24,57902.71,48108.09,36774.78,165.08,22624.54,45174.11,68408.3
2025-03-10,East,In-Store,Electronics,Email,85378.91,5440,1893,5074,56901,1893,39967,22759,23999.79,58028.76,61379.12,68912.63,8274,87568.8,85289.42,85378.91,6192,6309,490,373,2139.07,45.1,2.86,3.63,23316.36,6969.67,85378.91,54417.28,13383.03,10052.87,14915.43,28874.68,59025.12
2025-03-15,East,In-Store,Home,Social,30708.3,3825,1078,1379,15368,1078,11583,4318,10545.99,16917.32,20162.31,31459.27,2666,31166.35,30634.46,30708.3,5383,5665,296,14,14361.62,28.49,3.51,4.98,8473.07,2254.09,30708.3,22380.36,9511.53,15616.86,21779.71,41104.22,56345.88
2025-03-18,East,In-Store,Electronics,Email,94377.13,4443,1167,3223,28368,1167,18185,3973,35179.43,71935.78,59197.7,88122.46,4185,97184.32,95787.04,94377.13,5384,5505,135,14,9393.23,80.87,4.89,4.28,21672.58,7026.78,94377.13,63842.43,43671.98,18627.36,15825.1,29748.23,104561.18
2025-03-24,East,In-Store,Home,Direct,112580.67,5200,772,1198,29596,772,16447,3890,43544.37,94610.65,69036.3,92124.3,2920,113795.27,111193.51,112580.67,4576,4611,290,255,14538.22,145.83,6.9,1.96,10617.93,2180.25,112580.67,89331.88,30629.03,18521.98,10916.33,56577.96,87704.63
2025-04-05,East,In-Store,Apparel,Paid Search,77651.75,4755,994,3150,26170,994,22405,4535,32238.79,64370.68,45412.96,72457.96,6200,79704.7,73728.92,77651.75,4335,4481,207,61,4390.61,78.12,7.43,1.84,26010.48,6511.76,77651.75,67618.73,42012.87,13200.3,24951.6,54021.03,101902.16
2025-04-07,Central,In-Store,Beauty,Social,153610.75,4205,1528,4229,22230,1528,15268,7940,77920.94,113582.26,75689.81,116149.66,5105,155014.75,142871.65,153610.75,2381,2176,125,330,12386.06,100.53,1.71,4.2,6931.78,3827.24,153610.75,145004.76,37400.63,4383.49,20818.17,52679.42,97447.19
2025-04-08,East,In-Store,Electronics,Social,64677.05,3994,1887,2726,32883,1887,16296,6066,35343.79,33747.08,29333.26,35344.2,5309,66529.31,65968.02,64677.05,8492,8653,385,224,6524.07,34.28,7.29,4.52,24542.43,5674.4,64677.05,58773.53,41400.66,2694.6,8364.41,18655.99,63062.93
2025-04-09,Central,In-Store,Sports,Email,108648.34,5244,1325,2115,34202,1325,16653,7197,27466.29,48570.82,81182.05,75941.62,4616,110340.44,109448.04,108648.34,6332,6027,76,381,14146.55,82.0,2.11,1.49,23418.69,5879.75,108648.34,73280.79,42203.11,15690.05,15649.95,13104.56,96325.6
2025-04-17,East,In-Store,Home,Organic Search,18273.58,4991,1898,5208,30523,1898,29508,9868,8812.07,8795.87,9461.51,9190.68,11459,18716.56,17853.71,18273.58,7599,7636,250,213,9249.62,9.63,3.77,4.82,12358.19,5727.73,18273.58,15736.28,15812.54,5874.19,14056.75,67308.77,38500.68
2025-04-25,Central,In-Store,Electronics,Paid Search,38749.36,1539,1494,3602,36078,1494,30849,6654,11239.39,34218.6,27509.97,34753.01,7939,39304.02,38047.92,38749.36,8860,9231,391,20,10101.97,25.94,6.9,3.05,9987.58,3109.69,38749.36,26703.66,49024.1,7913.17,4230.47,64077.66,71593.64
2025-05-02,East,In-Store,Electronics,Email,152356.11,4037,1906,4205,49805,1906,26315,18377,56449.06,89145.13,95907.05,113236.23,9834,156486.09,150130.61,152356.11,3067,3032,275,310,9798.92,79.93,7.0,2.81,18812.92,7168.6,152356.11,106605.82,27820.94,6002.79,10297.58,53889.85,78092.18
2025-05-06,Central,In-Store,Beauty,Organic Search,172836.74,5334,1122,2990,16940,1122,13919,2130,54808.39,129171.56,118028.35,147567.94,6271,174665.21,173686.66,172836.74,5002,4781,94,315,12745.03,154.04,5.84,1.47,12249.98,7470.17,172836.74,143382.65,13484.7,10342.62,18505.65,13120.03,86603.35
2025-05-11,East,In-Store,Home,Organic Search,27630.76,1941,1690,1893,43511,1690,31903,9501,12144.01,14352.29,15486.75,12492.77,2711,27953.46,25962.4,27630.76,4180,4239,149,90,14746.29,16.35,2.46,2.32,23744.73,6615.39,27630.76,21960.84,19644.84,4935.93,23194.94,35318.8,51523.54
2025-05-18,Central,In-Store,Beauty,Paid Search,69796.42,3008,1494,3512,52816,1494,30058,15946,35034.18,48986.95,34762.24,41298.44,7106,70831.16,66932.94,69796.42,2786,2875,444,355,2512.68,46.72,5.68,4.91,11238.13,3151.46,69796.42,53106.13,26532.49,17832.63,13147.53,53321.09,69902.18
2025-05-20,East,In-Store,Electronics,Social,56862.94,5009,2180,3106,33881,2180,33582,13422,19089.43,32823.67,37773.51,30348.18,7064,58526.81,54983.9,56862.94,4756,4696,172,232,14770.58,26.08,2.32,4.16,18011.58,7684.43,56862.94,50777.51,27650.95,17874.09,7421.26,43348.62,62050.75
2025-05-23,East,In-Store,Electronics,Paid Search,81891.83,5660,1086,2462,35743,1086,27187,9349,27527.63,44940.93,54364.2,68415.06,3285,83289.59,82614.58,81891.83,4098,4272,427,253,2099.81,75.41,3.03,1.84,15979.96,5810.9,81891.83,73313.03,18531.48,14628.67,17488.03,59640.22,71172.7
2025-06-07,East,In-Store,Electronics,Direct,17613.99,1519,1809,1990,30713,1809,20459,8742,5028.38,13790.7,12585.61,16538.87,2675,17904.63,16509.74,17613.99,4814,5095,355,74,12115.52,9.74,6.48,4.12,10423.19,2518.46,17613.99,11572.87,38068.78,9961.14,2745.56,56031.83,55737.14
2025-06-14,East,In-Store,Home,Email,166737.43,1686,629,1871,9594,629,8324,2391,77049.8,99067.86,89687.63,91949.33,3376,169699.86,164039.24,166737.43,2728,2987,371,112,9660.11,265.08,5.45,3.69,19526.81,5228.27,166737.43,153149.84,30722.02,13310.06,3838.8,21229.12,75455.68
2025-06-25,East,In-Store,Sports,Email,54118.8,2043,1682,4966,28624,1682,21755,7286,18128.72,41532.13,35990.08,46508.78,9762,54392.77,51436.44,54118.8,6995,7315,430,110,14409.86,32.18,5.51,4.86,12285.34,4649.21,54118.8,45615.7,43358.82,10124.4,8368.2,61604.85,75804.05
2025-06-30,East,In-Store,Sports,Direct,166278.55,2961,546,938,7838,546,7347,2248,84332.03,96183.67,81946.52,125162.09,1230,167636.01,159635.42,166278.55,4580,4303,23,300,1527.05,304.54,2.05,3.23,6515.46,2423.51,166278.55,122206.43,56938.24,15417.34,12350.9,47801.19,122255.11
2025-07-06,Central,In-Store,Electronics,Organic Search,108988.68,4437,1336,2789,39937,1336,27269,7968,46110.63,49769.37,62878.05,100110.46,5892,109774.53,107234.22,108988.68,2937,2953,339,323,7592.9,81.58,5.89,1.84,6169.28,4038.29,108988.68,79440.11,29991.42,1539.17,4977.24,26388.49,66540.97
2025-07-11,East,In-Store,Sports,Email,125260.36,3167,1671,4364,27913,1671,18329,4636,51793.43,54217.73,73466.93,69950.05,9458,127488.0,126130.03,125260.36,7535,7533,383,385,11458.0,74.96,6.0,3.03,14603.48,6185.12,125260.36,108962.6,46782.04,19841.73,7446.78,25723.06,95055.57
2025-07-16,Central,In-Store,Sports,Social,159590.55,5947,747,1300,12821,747,6105,2900,56373.26,127947.65,103217.29,130673.05,3193,160659.52,150996.5,159590.55,7307,7662,377,22,2555.04,213.64,4.37,1.73,19029.84,4895.46,159590.55,131214.76,52234.99,670.39,13050.32,35043.0,105157.61
2025-07-29,East,In-Store,Electronics,Social,44462.92,5793,1391,1932,32757,1391,20427,10450,20803.79,35721.53,23659.13,25611.52,2525,45719.72,43438.01,44462.92,2523,2355,84,252,11316.06,31.96,3.0,3.08,11700.24,4605.57,44462.92,30511.9,46086.23,2418.67,8411.37,34403.31,64599.73
2025-08-08,East,In-Store,Home,Paid Search,61685.99,3820,1160,3461,18563,1160,15624,2249,16876.55,54843.35,44809.44,46743.15,5870,62720.71,61704.82,61685.99,5011,5069,86,28,11149.84,53.18,1.65,4.05,40302.4,7521.41,61685.99,58118.33,38225.11,2389.03,11066.12,67349.74,65703.21
2025-08-09,Central,In-Store,Beauty,Paid Search,20317.05,2983,1175,2859,14966,1175,13051,3752,6692.43,13581.24,13624.62,12908.02,4769,20733.24,19936.5,20317.05,5156,5095,30,91,10569.42,17.29,2.32,1.17,6711.79,1290.98,20317.05,12887.22,6159.82,16857.58,20441.26,64685.2,47331.07
2025-08-13,East,In-Store,Electronics,Email,135742.46,3973,1273,2844,27584,1273,21381,3437,48569.79,73648.75,87172.67,133578.66,5782,139375.91,133025.11,135742.46,4147,4113,293,327,5849.9,106.63,7.47,3.39,6022.03,2323.01,135742.46,106256.33,19340.07,10954.76,14662.88,68138.57,85031.31
2025-08-14,Central,In-Store,Sports,Organic Search,16966.06,1528,892,1405,13719,892,11687,5138,5076.96,9816.63,11889.1,11013.66,3458,17197.42,15827.67,16966.06,7001,7417,467,51,12999.33,19.02,5.41,3.9,1888.93,512.06,16966.06,12576.83,11961.7,11129.3,10668.42,53625.22,37063.52
2025-08-24,East,In-Store,Sports,Direct,102059.62,1746,2042,5475,42282,2042,38134,5386,36410.47,45865.4,65649.15,63226.49,10496,104714.08,102789.82,102059.62,6307,6367,409,349,2493.4,49.98,4.76,3.05,10411.69,1985.51,102059.62,74453.01,34818.67,359.41,3899.48,29438.71,58045.51
2025-08-30,Central,In-Store,Beauty,Email,22561.42,5682,1415,3866,20086,1415,16930,7783,7071.19,20177.22,15490.23,20568.17,5855,22645.23,21675.69,22561.42,8479,8525,316,270,6836.63,15.94,2.35,3.24,25070.56,6697.99,22561.42,14895.29,28417.07,918.35,17978.08,36250.68,53483.95
2025-09-03,East,In-Store,Sports,Paid Search,146959.93,2021,1875,4909,49969,1875,24534,16898,41826.99,87633.7,105132.94,140961.01,8280,150325.51,142568.25,146959.93,3855,3754,47,148,5624.02,78.38,7.51,3.16,5579.98,2935.92,146959.93,116579.0,48937.13,451.21,11176.98,34797.46,102853.62
2025-09-18,Central,In-Store,Beauty,Direct,111084.36,1799,1522,2601,25520,1522,24739,6300,59391.26,75945.22,51693.1,64972.16,5134,111459.28,106489.98,111084.36,3647,3690,200,157,7606.17,72.99,7.41,3.79,37699.56,6987.69,111084.36,92008.97,15651.36,11964.47,2850.81,25156.42,49958.29
2025-09-23,East,In-Store,Beauty,Paid Search,67220.96,2677,1642,3680,44070,1642,43745,11618,29028.86,36090.95,38192.1,60824.95,5247,67470.69,65912.21,67220.96,7770,7776,239,233,1825.52,40.94,7.07,4.95,6400.31,2035.04,67220.96,45582.02,26161.34,16004.9,2775.49,59944.28,63189.21
2025-09-25,East,In-Store,Beauty,Direct,30917.98,5520,2094,6261,27145,2094,26457,3529,8367.52,23815.93,22550.46,27237.87,10847,31601.64,31133.83,30917.98,5586,5624,314,276,2833.72,14.77,5.25,3.22,10997.02,3429.69,30917.98,20494.81,15302.97,12839.83,19186.4,36975.29,55500.56
2025-09-26,Central,In-Store,Electronics,Social,154068.48,1928,1611,3270,23093,1611,20976,5751,71926.9,65721.32,82141.58,104826.38,7071,157692.43,147829.0,154068.48,2050,2050,135,135,4297.84,95.64,3.89,2.02,11064.47,5500.94,154068.48,139663.17,10931.09,18776.62,13475.54,27164.28,74631.16
2025-09-30,East,In-Store,Sports,Social,22328.52,2438,1372,3579,36308,1372,16502,4200,10755.33,12636.47,11573.19,9899.93,7215,22766.47,21144.12,22328.52,7995,7998,334,331,14399.61,16.27,5.92,2.92,23348.96,4839.36,22328.52,16634.73,41035.24,11710.6,5761.93,19899.43,61477.75
2025-10-16,East,In-Store,Apparel,Organic Search,45447.52,3513,1836,2073,25240,1836,13158,7268,17039.43,38913.46,28408.09,44129.74,4155,46209.43,42632.48,45447.52,7704,7894,208,18,2191.83,24.75,1.77,4.08,15778.69,4880.12,45447.52,32241.98,5195.27,4659.32,16319.31,14348.8,39412.82
2025-10-19,Central,In-Store,Apparel,Direct,163908.39,5675,713,865,11753,713,8699,2862,68303.87,87571.03,95604.52,114062.62,2031,164560.35,162751.91,163908.39,2854,3203,465,116,9299.18,229.89,3.73,4.94,7241.05,1368.58,163908.39,141152.24,41306.32,12122.59,24412.29,33577.13,112059.99
2025-10-21,Central,In-Store,Sports,Email,96717.17,2684,1872,4527,50274,1872,41098,6927,48779.18,47611.95,47937.99,53417.77,5471,98332.97,95366.15,96717.17,4731,5096,422,57,14737.45,51.67,5.67,3.84,3327.34,910.56,96717.17,65867.95,26295.5,4403.15,4143.49,32130.49,50867.47
2025-10-28,East,In-Store,Electronics,Organic Search,139787.21,5217,259,473,12807,259,9489,4119,35094.28,96266.91,104692.93,149726.68,731,141902.14,141149.2,139787.21,7704,7721,271,254,8551.7,539.72,4.74,3.3,1115.43,683.92,139787.21,121720.76,16434.89,662.68,6663.96,19248.0,68679.53
2025-11-04,Central,In-Store,Beauty,Email,139891.4,5822,605,1640,8544,605,5606,3008,70672.27,103986.41,69219.13,92347.12,3992,140629.75,138761.7,139891.4,6765,6813,256,208,7733.98,231.23,1.83,3.89,6367.04,2661.89,139891.4,84945.8,48762.26,18967.22,16881.23,17196.58,112314.85
2025-11-10,Central,In-Store,Home,Paid Search,80413.38,5055,1499,2767,35214,1499,14903,4682,43223.61,70670.43,37189.77,40676.06,4869,81419.5,77941.4,80413.38,2089,2057,97,129,9209.83,53.64,5.23,3.75,35421.29,7837.71,80413.38,75267.5,15871.81,17041.61,23252.72,30484.66,68368.96
2025-11-30,Central,In-Store,Home,Organic Search,26658.28,2380,281,722,13122,281,10519,3126,7580.83,12856.63,19077.45,20888.02,1444,26807.47,24922.63,26658.28,3116,3126,211,201,3920.71,94.87,1.9,4.37,23630.91,6186.99,26658.28,21574.06,51984.22,6149.28,23769.04,10023.74,88168.95
2025-12-09,East,In-Store,Sports,Organic Search,38842.1,1593,1646,3051,45262,1646,27756,16364,14659.0,16306.0,24183.1,27492.28,4926,39269.82,38551.92,38842.1,4480,4594,195,81,2528.29,23.6,6.91,4.13,9881.15,2616.57,38842.1,31954.29,11982.44,7455.59,8792.73,58021.39,36478.44
2025-12-10,Central,In-Store,Electronics,Organic Search,102457.47,4095,1217,2316,26979,1217,15589,5474,35115.66,60585.06,67341.81,74310.49,4036,103095.95,100031.26,102457.47,6812,6612,138,338,9057.01,84.19,5.04,1.05,19091.8,7372.28,102457.47,74834.64,38985.94,8554.63,23019.74,14853.97,92853.46
2025-12-15,Central,In-Store,Electronics,Organic Search,126348.11,3807,2167,4535,34488,2167,33808,13179,51500.8,86373.19,74847.31,93938.29,10097,129089.84,125278.77,126348.11,4233,4514,414,133,8700.67,58.31,2.21,4.34,23210.87,4476.61,126348.11,108456.7,34905.41,3190.21,5610.5,13689.62,71887.61
2025-12-17,East,In-Store,Beauty,Direct,67866.85,1572,1532,3345,28268,1532,20654,8778,22961.81,39305.77,44905.04,70026.4,5988,68035.43,64099.98,67866.85,7039,7090,220,169,11891.03,44.3,1.79,1.9,6958.65,4380.91,67866.85,52942.0,20577.83,12860.54,17717.68,12966.62,72163.97
2025-12-26,East,In-Store,Apparel,Organic Search,95153.42,5785,374,613,7067,374,6371,1269,41996.34,68931.1,53157.08,59396.71,990,97953.28,91486.55,95153.42,2579,2662,451,368,8212.91,254.42,1.51,4.09,12989.59,6939.62,95153.42,73979.94,31860.19,14007.44,14675.38,26738.43,78362.02
2025-12-28,Central,In-Store,Electronics,Email,141353.1,3283,917,1536,11546,917,5632,1372,64539.76,88896.96,76813.34,88344.22,2329,142381.88,136754.48,141353.1,7202,7404,433,231,13099.86,154.15,1.86,3.49,5628.17,3069.91,141353.1,130424.56,42989.81,4071.72,20098.75,40469.06,93663.55
2025-12-30,East,In-Store,Sports,Paid Search,152892.57,3198,415,1106,6400,415,2873,1673,68283.42,126863.79,84609.15,99067.14,2314,156450.5,149338.54,152892.57,2381,2676,321,26,7791.43,368.42,7.68,4.75,8776.48,1858.68,152892.57,117539.35,22951.34,11867.51,19767.2,36719.66,84306.19
2026-01-05,East,In-Store,Apparel,Social,55489.65,2506,1828,3529,25866,1828,20275,9091,18183.47,39554.99,37306.18,31500.18,5195,56501.84,52623.38,55489.65,4547,4440,103,210,13196.71,30.36,2.6,4.85,5461.21,1468.49,55489.65,41872.62,17129.88,16929.67,9398.8,46752.29,52908.4
2026-01-06,East,In-Store,Electronics,Organic Search,25215.68,4028,856,2201,12297,856,6961,1315,11369.47,13894.68,13846.21,15501.48,3979,25939.6,24506.58,25215.68,6390,6529,194,55,4639.84,29.46,4.71,2.34,6236.31,1450.29,25215.68,18240.31,41863.01,4261.41,16701.77,56651.61,67476.63
2026-01-07,Central,In-Store,Home,Social,56369.43,5567,1100,2823,18848,1100,17669,4175,23315.58,25120.38,33053.85,42344.63,6186,57893.2,53436.05,56369.43,7196,7267,400,329,14085.21,51.24,7.77,4.07,8309.46,3375.68,56369.43,51587.23,19108.68,11646.79,9915.98,51198.12,53374.84
2026-01-09,East,In-Store,Apparel,Organic Search,174031.93,5083,1429,3912,21078,1429,16917,5576,82249.97,134329.2,91781.96,98287.83,8254,175547.95,167847.26,174031.93,5341,5546,378,173,7008.44,121.79,2.04,3.26,16266.82,5301.83,174031.93,151427.3,29945.45,18419.4,17854.9,36928.77,95706.1
2026-01-11,Central,In-Store,Sports,Social,166240.89,3912,1804,5580,30715,1804,19234,7889,90286.5,74063.4,75954.39,87666.83,7603,170650.27,168483.48,166240.89,3271,3490,238,19,6714.85,92.15,1.52,3.05,5288.53,1148.75,166240.89,120173.32,30533.81,5964.64,4158.23,50113.47,66956.73
2026-01-19,Central,In-Store,Electronics,Email,76694.7,1902,1279,3084,43256,1279,36055,15274,26782.71,68175.78,49911.99,46197.99,4172,76786.15,74165.98,76694.7,3481,3485,194,190,7252.56,59.96,2.39,2.14,6114.53,3555.93,76694.7,53732.44,51988.03,10247.25,23704.51,14697.29,99799.19
2026-01-25,East,In-Store,Sports,Direct,97212.4,3589,1604,4697,29941,1604,21570,11320,50345.97,82770.76,46866.43,37685.58,10711,98049.95,91007.33,97212.4,3467,3534,290,223,10725.64,60.61,7.29,4.77,6018.94,1107.27,97212.4,83540.74,18087.53,12586.26,17913.94,57289.07,59893.4
2026-01-29,East,In-Store,Apparel,Social,156556.28,4873,740,2217,13589,740,8483,1912,71076.69,85427.28,85479.59,99268.87,4963,160921.76,152395.06,156556.28,2413,2351,209,271,6067.98,211.56,5.14,1.55,16581.67,3808.83,156556.28,100069.04,14421.94,11917.09,6642.29,11974.64,62761.98
2026-02-02,Central,In-Store,Electronics,Paid Search,142126.91,3625,982,1743,18526,982,8697,5224,58428.49,77574.76,83698.42,129956.35,3656,143749.55,139704.67,142126.91,7587,7520,126,193,11219.07,144.73,7.46,1.46,32419.49,6231.83,142126.91,99324.84,54893.22,11512.28,8791.59,61012.32,114183.99
2026-02-13,Central,In-Store,Electronics,Paid Search,167022.05,1527,156,192,6827,156,4721,2187,57126.63,104996.39,109895.42,112893.82,376,168588.68,157889.69,167022.05,6963,7331,479,111,13073.92,1070.65,1.65,3.91,26267.65,7432.5,167022.05,123005.98,58933.69,18804.69,12998.62,43057.69,124605.15
2026-02-23,East,In-Store,Apparel,Direct,118753.66,4238,849,2361,30778,849,27722,9654,58119.27,73016.96,60634.39,57084.6,3077,119420.28,112398.71,118753.66,8622,9088,491,25,2472.82,139.87,6.39,4.42,1239.58,773.15,118753.66,110949.59,23758.37,6430.46,18831.05,32772.96,66145.26
2026-03-03,Central,In-Store,Sports,Social,41993.76,4614,302,474,5310,302,2846,599,21753.9,31361.08,20239.86,29524.51,815,42852.74,40767.36,41993.76,5468,5784,493,177,4570.99,139.05,1.79,3.75,2696.73,672.7,41993.76,29313.55,18139.61,19343.8,23328.7,11014.76,69669.46
2026-03-07,East,In-Store,Home,Paid Search,60505.1,5596,1272,1663,26841,1272,15515,10035,18377.07,49931.59,42128.03,45527.91,3859,60886.86,57307.22,60505.1,5616,5381,72,307,6828.28,47.57,2.49,3.88,18700.91,5124.3,60505.1,57356.23,15705.89,6208.01,4875.62,20928.95,40447.89
2026-03-15,Central,In-Store,Electronics,Organic Search,48128.56,3092,1128,2105,15849,1128,13444,3278,13550.67,36490.85,34577.89,41099.62,3347,49219.94,46882.45,48128.56,4596,4552,344,388,6638.21,42.67,4.51,3.97,14839.35,3805.35,48128.56,39073.01,41770.17,14489.02,3006.18,19602.18,71595.26
2026-03-19,East,In-Store,Apparel,Social,138369.5,4573,1086,2472,27065,1086,21325,8469,58362.26,71154.18,80007.24,92631.38,5524,138523.07,134471.13,138369.5,8797,9004,232,25,4753.16,127.41,5.02,3.8,38021.58,7440.21,138369.5,100947.53,17736.18,3838.32,12900.86,57131.77,62264.77
2026-03-25,Central,In-Store,Home,Paid Search,13709.93,1814,1044,2590,15688,1044,11114,3340,6710.04,6951.82,6999.89,10297.19,6277,13715.37,12679.27,13709.93,3672,3673,194,193,6184.62,13.13,4.02,3.15,5408.33,1103.65,13709.93,10048.86,10504.28,2265.18,23350.44,68145.98,39209.06
2026-03-27,Central,In-Store,Beauty,Organic Search,12520.41,2829,1120,2346,16631,1120,14760,2146,4280.43,5694.27,8239.98,7765.39,3747,12846.08,12437.85,12520.41,5083,4952,251,382,1753.54,11.18,1.53,2.14,4855.25,893.72,12520.41,9096.66,12935.06,5142.36,13634.97,26023.88,34042.01
2026-04-12,East,In-Store,Apparel,Organic Search,173537.28,2155,1156,3112,28034,1156,27918,10874,50636.39,79967.61,122900.89,180331.1,3975,175886.38,175701.17,173537.28,2751,3030,477,198,13904.24,150.12,5.67,4.94,7648.31,3871.56,173537.28,116962.62,36683.18,11553.29,6241.46,58481.91,108577.26
2026-04-13,Central,In-Store,Apparel,Social,159528.0,4371,887,1387,18031,887,11523,6254,51367.24,138023.32,108160.76,151404.91,3445,163015.64,154493.59,159528.0,7923,8174,336,85,13721.23,179.85,6.39,4.82,21809.74,4967.86,159528.0,128616.74,31375.11,4024.56,2855.22,23179.46,83676.36
2026-04-21,Central,In-Store,Sports,Paid Search,108440.17,2357,110,194,1688,110,1476,667,44055.83,63972.35,64384.34,92412.14,477,109713.78,109698.69,108440.17,5890,5910,154,134,3449.91,985.82,6.12,4.32,12417.41,4302.13,108440.17,71760.71,6687.29,19861.11,3255.08,26538.66,57527.12
2026-05-13,Central,In-Store,Home,Direct,112404.77,3478,1543,4931,76414,1543,60744,25279,52334.28,80639.25,60070.49,62643.79,6621,113473.2,111589.91,112404.77,7212,7356,159,15,3678.08,72.85,2.62,3.89,24651.51,6252.85,112404.77,74425.78,22379.79,9604.55,15053.15,20685.9,65830.63
2026-05-24,East,In-Store,Home,Email,154880.77,3425,1336,2985,19998,1336,11444,5772,80471.95,125870.81,74408.82,63082.42,3964,157175.14,148276.79,154880.77,8558,8423,51,186,10631.22,115.93,6.28,1.39,20912.67,5175.18,154880.77,137424.06,39997.48,653.21,22797.83,24836.07,82373.25
2026-05-26,East,In-Store,Beauty,Direct,115117.81,4107,1892,3473,35988,1892,18594,10704,33544.42,69264.36,81573.39,94617.67,6877,115550.49,107597.48,115117.81,5073,5015,287,345,3099.52,60.84,7.02,2.81,10900.76,3349.66,115117.81,98402.43,13980.52,3459.27,11157.73,64978.86,56982.82
2026-06-06,Central,In-Store,Sports,Email,156710.84,3915,198,402,5240,198,2313,1814,73833.55,86561.5,82877.29,106747.67,797,159859.22,157927.34,156710.84,5284,5344,272,212,14341.58,791.47,6.18,4.34,10143.8,4020.77,156710.84,99994.92,36360.58,17971.08,4834.01,66290.33,91189.97
2026-06-30,Central,In-Store,Electronics,Direct,35518.27,3319,1629,3236,23465,1629,12365,9266,15518.68,20916.79,19999.59,20988.28,6415,36129.56,35914.11,35518.27,3441,3631,394,204,3979.42,21.8,5.99,4.66,14090.7,2964.01,35518.27,21499.4,53305.1,7126.69,14395.7,19853.86,81123.97
2026-07-02,Central,In-Store,Home,Email,14034.35,3129,1897,3944,36850,1897,31978,10243,5331.01,6608.1,8703.34,8074.51,7100,14352.14,13941.87,14034.35,5171,5481,458,148,9357.07,7.4,4.15,3.56,2425.89,538.01,14034.35,10093.31,16186.32,9118.76,17880.96,36877.14,45608.39
2026-07-08,Central,In-Store,Home,Email,27935.74,4897,1528,2309,38303,1528,21668,13901,8755.91,21471.19,19179.83,19406.02,5139,28071.7,26593.4,27935.74,4260,4158,116,218,5376.44,18.28,6.79,4.37,10304.06,1915.96,27935.74,20519.6,5345.8,921.65,23680.17,23968.89,35769.43
2026-07-19,East,In-Store,Sports,Email,37278.33,3196,1059,2259,15385,1059,14839,5861,20479.44,31794.11,16798.89,22989.37,3845,37938.31,36167.82,37278.33,3381,3344,335,372,1711.63,35.2,2.06,4.28,19992.29,3875.42,37278.33,25648.66,43290.3,15888.75,23573.78,22583.28,89649.64
2026-08-02,East,In-Store,Electronics,Organic Search,164259.49,2544,668,920,8827,668,8292,895,79393.89,129330.1,84865.6,132193.88,1827,166875.7,161936.39,164259.49,7531,7488,236,279,4864.2,245.9,3.45,4.34,22008.25,5069.3,164259.49,135102.52,10253.28,12764.58,15136.76,54237.31,77812.78
2026-08-24,East,In-Store,Home,Social,140315.95,4724,1652,3207,34702,1652,15399,8552,52177.26,105049.43,88138.69,80941.98,7588,144120.07,136376.59,140315.95,7927,7712,89,304,11485.89,84.94,5.53,3.01,16389.66,6235.53,140315.95,129201.86,41696.64,2433.47,6358.54,37443.84,74771.24
2026-08-25,East,In-Store,Beauty,Direct,137924.26,4610,2165,2423,28686,2165,23206,5547,45656.0,78248.29,92268.26,129788.29,5520,140874.27,135087.56,137924.26,2569,2456,262,375,3286.42,63.71,3.57,4.68,14872.38,4152.56,137924.26,126814.62,32809.95,136.47,7742.33,60550.5,79625.24
2026-09-02,Central,In-Store,Sports,Organic Search,126988.08,5542,971,2443,16061,971,13842,3967,67815.06,105396.55,59173.02,49456.93,5815,127588.04,119900.61,126988.08,6975,6950,297,322,7514.14,130.78,2.97,2.46,20576.51,4322.38,126988.08,117971.94,7039.51,15702.76,3625.83,59726.52,41205.18
2026-09-13,Central,In-Store,Sports,Direct,136430.69,4949,572,1694,10389,572,8420,3225,54668.19,102947.16,81762.5,110172.38,3374,139619.63,133709.34,136430.69,3407,3722,345,30,6559.63,238.52,3.78,4.86,20775.29,4162.23,136430.69,96368.26,51618.01,19220.42,9852.72,42199.28,113742.86
2026-09-16,East,In-Store,Sports,Paid Search,166038.34,5227,116,278,4706,116,4678,917,83774.7,133884.91,82263.64,73157.6,666,166485.53,162538.01,166038.34,5698,5750,437,385,7624.37,1431.37,7.26,4.68,3672.85,2391.54,166038.34,116076.81,10697.71,9068.7,13678.93,54898.39,55392.62
2026-09-22,East,In-Store,Home,Direct,69511.39,4680,1720,5150,41829,1720,17634,6956,24308.43,49903.3,45202.96,46882.91,11636,71087.28,67534.56,69511.39,5446,5327,21,140,4112.66,40.41,2.49,4.17,7398.94,3588.62,69511.39,59754.0,33336.23,19654.87,21181.33,9173.59,88237.3
2026-09-29,Central,In-Store,Beauty,Direct,99456.16,4637,1411,4074,21639,1411,15030,7206,28389.11,78949.11,71067.05,85851.02,7365,100947.9,100503.96,99456.16,4472,4525,260,207,1767.36,70.49,2.06,2.6,14554.14,3169.42,99456.16,85118.04,53640.53,14464.47,19705.92,41859.55,113566.23
2026-10-25,Central,In-Store,Home,Social,127852.05,4546,1438,3750,62553,1438,31517,16552,62335.92,100772.73,65516.13,68042.96,5616,128882.46,128497.32,127852.05,7590,7807,312,95,4085.13,88.91,3.19,1.3,8023.11,1940.46,127852.05,118637.96,55855.6,6160.6,7555.51,67316.27,89984.6
2026-11-05,East,In-Store,Home,Paid Search,131603.24,4811,389,1208,16372,389,10799,2502,64250.61,54870.64,67352.63,54222.83,2881,132720.55,122473.17,131603.24,7856,7870,200,186,5176.2,338.31,2.76,2.31,13217.25,4633.08,131603.24,84648.97,27320.05,6082.43,14959.29,65879.07,64628.62
2026-11-16,East,In-Store,Sports,Social,55443.28,4102,231,732,9531,231,4062,3643,26968.29,40006.65,28474.99,45450.68,1152,56487.94,52860.87,55443.28,4306,4214,273,365,12972.33,240.01,5.97,4.76,35032.87,7595.45,55443.28,44009.88,25389.34,12955.02,21659.18,11295.24,73638.74
2026-11-17,Central,In-Store,Beauty,Organic Search,144268.66,3258,1854,4784,43388,1854,23247,17218,67544.42,120556.42,76724.24,94331.14,9827,146257.75,141414.18,144268.66,7951,8283,398,66,8230.73,77.81,4.73,3.85,33987.0,6238.85,144268.66,105914.03,31191.02,7086.4,21437.79,17153.22,88014.55
2026-12-02,Central,In-Store,Home,Direct,41585.4,1882,581,1118,14592,581,6776,4287,22148.85,33787.31,19436.55,22600.92,1759,42126.29,41177.44,41585.4,2574,2583,91,82,6533.19,71.58,3.92,4.06,5796.26,2860.6,41585.4,32879.58,6288.84,7252.4,22588.62,27472.1,42910.14
2026-12-03,Central,In-Store,Beauty,Direct,148278.63,5971,338,814,10208,338,7066,2568,40404.65,65485.5,107873.98,108452.73,1438,152552.06,146350.12,148278.63,3661,3617,215,259,13962.36,438.69,7.45,1.54,14612.6,6025.55,148278.63,132689.79,34796.67,6693.83,14160.51,37884.35,88186.83
2026-12-07,Central,In-Store,Home,Email,92513.35,1668,1524,1827,31837,1524,23648,4332,47245.6,69424.33,45267.75,69629.93,3680,94639.31,90768.0,92513.35,2992,2986,377,383,8109.56,60.7,3.23,2.59,10364.57,3223.9,92513.35,70083.17,30321.57,7168.19,24723.39,33944.17,83102.13
2026-12-13,East,In-Store,Apparel,Email,75788.2,3583,1008,2347,15171,1008,14062,2213,40803.1,62751.1,34985.1,40017.0,3818,77310.26,77136.5,75788.2,2206,2451,280,35,7673.7,75.19,3.03,4.57,21010.75,7104.71,75788.2,53418.61,8182.52,19729.63,2147.43,27957.36,42064.68
2026-12-31,Central,In-Store,Home,Organic Search,151984.77,3377,2057,5487,93790,2057,68222,36822,53581.14,97345.86,98403.63,103552.75,9178,155619.2,145057.14,151984.77,2957,3087,381,251,4342.71,73.89,4.01,1.97,5621.16,2810.2,151984.77,96639.57,40125.51,16133.66,9003.6,51352.6,96328.6
2025-01-23,East,In-Store,Home,Email,157782.07,4267,441,1079,6092,441,2565,2243,75230.52,86243.09,82551.55,124889.1,1579,157999.7,157661.65,157782.07,3764,3715,185,234,5763.58,357.78,6.59,2.97,9675.49,3489.87,157782.07,123210.96,32178.0,8887.22,9036.92,34930.55,87568.87
2025-02-07,Central,In-Store,Sports,Paid Search,11446.35,3655,2109,5972,29997,2109,19961,6689,3394.41,4879.52,8051.94,10277.43,8720,11772.92,11041.66,11446.35,4301,4693,477,85,10060.29,5.43,7.08,1.86,4735.25,1822.09,11446.35,10216.79,20524.58,13892.65,9549.61,18471.54,47050.07
2025-02-12,Central,In-Store,Home,Organic Search,101164.53,1656,1733,5179,68138,1733,51914,12782,33557.69,56573.07,67606.84,60132.51,7544,103253.19,98378.11,101164.53,5797,5886,378,289,11538.88,58.38,7.66,1.12,26695.16,7247.74,101164.53,81993.13,28511.02,11407.65,18308.6,43068.33,76267.02
2025-02-13,East,In-Store,Apparel,Organic Search,174948.7,2229,1005,2417,18917,1005,14877,2284,47678.79,112482.77,127269.91,187769.22,5760,179678.51,166020.51,174948.7,6375,6387,109,97,1527.58,174.08,5.65,3.95,28281.84,5378.98,174948.7,141767.41,51144.08,13882.44,22744.22,23581.05,144101.51
2025-02-15,East,In-Store,Sports,Organic Search,123384.36,3567,1119,3143,41787,1119,27580,13075,33958.25,61336.28,89426.11,81817.73,7274,126886.77,125844.43,123384.36,4637,5081,492,48,9070.76,110.26,1.94,3.12,3971.94,1663.14,123384.36,103177.37,53137.08,540.81,18385.33,22448.59,96608.54
2025-03-03,East,In-Store,Beauty,Direct,61521.73,1947,2124,3617,54062,2124,48371,12401,33465.09,41047.43,28056.64,26354.05,5442,62123.53,58779.0,61521.73,6626,6642,270,254,10044.46,28.97,5.66,1.74,5950.09,2059.19,61521.73,38317.43,15736.13,1453.87,8584.05,10136.15,33680.26
2025-03-12,Central,In-Store,Beauty,Paid Search,34117.18,3884,1279,3824,24404,1279,21054,7470,11302.48,14069.31,22814.7,22472.56,5798,34964.93,32179.3,34117.18,3172,3044,250,378,6463.83,26.67,5.31,1.34,20462.73,5750.6,34117.18,20524.03,27544.42,19736.55,2019.13,67140.34,56041.87
2025-03-13,Central,In-Store,Electronics,Organic Search,132193.14,5305,361,857,5850,361,2916,2293,72276.18,75801.17,59916.96,51333.43,1428,132574.36,128714.33,132193.14,7494,7491,360,363,14848.22,366.19,3.36,3.71,20853.11,5004.59,132193.14,122334.43,17568.66,9898.81,4380.1,39101.28,47247.6
2025-03-18,Central,In-Store,Beauty,Paid Search,153938.89,5294,1339,2717,51076,1339,43047,18319,40726.49,113853.24,113212.4,127968.28,3697,157272.21,149504.08,153938.89,4615,4458,123,280,4892.47,114.97,3.12,1.61,3904.63,893.46,153938.89,132586.83,25403.79,10558.99,13219.34,39948.22,87572.6
2025-04-05,East,In-Store,Beauty,Paid Search,26001.24,5349,479,735,13822,479,13715,1473,11238.57,22668.35,14762.67,12575.65,1382,26170.21,25520.04,26001.24,8398,8280,161,279,2444.14,54.28,3.93,4.04,16318.3,5202.23,26001.24,23696.44,9389.19,15408.4,3278.14,40737.22,31848.42
2025-04-30,Central,In-Store,Sports,Paid Search,150808.09,3331,1102,2178,13793,1102,7297,3984,40476.4,130816.69,110331.69,104117.52,3384,155250.54,147964.91,150808.09,7762,7535,173,400,8036.4,136.85,7.82,1.84,40026.06,7325.46,150808.09,105482.11,35913.55,14678.06,15232.29,62480.55,97059.16
2025-05-04,East,In-Store,Sports,Direct,146827.53,4038,636,922,8668,636,7781,3194,60244.36,82384.1,86583.17,75411.94,1592,150289.08,145909.74,146827.53,2754,2423,43,374,8127.58,230.86,2.0,2.66,13189.37,6166.21,146827.53,108482.76,10884.16,14800.22,18629.55,53729.32,66937.51
2025-05-11,Central,In-Store,Sports,Email,63025.51,4886,397,966,7305,397,6071,2438,29243.43,50372.92,33782.08,32474.29,1431,63074.83,58347.61,63025.51,6456,6428,172,200,13501.28,158.75,6.42,1.67,18149.02,5717.87,63025.51,41705.07,11271.27,4313.63,9587.52,16837.41,34914.71
2025-05-18,Central,In-Store,Electronics,Email,93812.07,3005,1492,4492,45969,1492,45561,11049,48211.12,81772.69,45600.95,59596.8,8367,96116.87,94791.09,93812.07,3688,3780,237,145,7367.97,62.88,3.28,1.85,32142.75,7213.37,93812.07,84529.63,18062.76,1706.56,3311.82,9989.68,40960.18
2025-05-22,Central,In-Store,Home,Organic Search,18326.1,2410,540,926,19001,540,9462,3765,9936.25,8271.97,8389.85,11444.83,1591,18568.11,17237.39,18326.1,7120,7390,494,224,10770.65,33.94,7.26,4.49,7777.46,2274.53,18326.1,13331.75,24013.95,5729.7,5777.81,25638.49,38954.91
2025-05-26,East,In-Store,Electronics,Email,91720.64,4104,530,909,7923,530,3940,1665,35536.15,41767.96,56184.49,86729.04,2125,92138.25,91893.25,91720.64,5596,5643,248,201,11407.82,173.06,5.43,2.24,10063.56,4651.32,91720.64,63553.15,17158.45,17828.66,24587.9,12137.76,85593.72
2025-05-27,East,In-Store,Sports,Email,36031.02,4438,1482,2711,68099,1482,63030,23166,9695.57,24637.3,26335.45,31947.37,3636,36037.0,35692.47,36031.02,7988,7908,88,168,2472.1,24.31,7.89,2.75,3155.89,836.5,36031.02,32804.41,29141.56,11356.17,10918.91,20139.16,61000.85
2025-05-28,East,In-Store,Home,Social,41014.97,1829,1226,2941,17528,1226,16375,6102,14146.8,26419.98,26868.17,26629.08,4860,41487.42,41399.58,41014.97,2245,2124,207,328,8748.59,33.45,3.7,1.96,1368.28,608.72,41014.97,37324.39,50081.1,6677.05,11738.35,29963.83,76485.22
2025-06-01,East,In-Store,Beauty,Organic Search,98153.97,2928,993,2393,34691,993,32721,10930,49504.48,83535.37,48649.49,63992.95,4042,98195.36,96957.19,98153.97,4175,4388,236,23,7100.49,98.85,5.73,4.77,4047.15,775.82,98153.97,77653.96,52264.83,7698.57,17845.01,19694.36,97006.29
2025-06-03,East,In-Store,Home,Paid Search,71630.08,1989,1240,2869,16632,1240,12861,3483,33935.02,39009.21,37695.06,59373.5,3463,71719.39,67778.06,71630.08,4979,5156,291,114,11647.78,57.77,6.25,4.16,16054.69,7440.59,71630.08,51141.48,40128.64,8703.92,15720.16,26544.0,82364.77
2025-06-05,East,In-Store,Home,Paid Search,144196.21,4930,2144,6857,44834,2144,20970,8312,55527.83,74960.95,88668.38,129296.4,11641,144396.21,138146.02,144196.21,7924,7918,363,369,14675.16,67.26,7.43,3.11,4193.55,1765.59,144196.21,90281.48,21078.19,16528.11,7581.78,17355.78,83977.0
2025-06-24,Central,In-Store,Apparel,Direct,23724.23,2089,1234,1909,24627,1234,23718,9657,7709.13,15589.97,16015.1,13652.73,4611,24214.32,23630.82,23724.23,8653,8832,420,241,12540.96,19.23,7.33,4.29,1683.3,766.86,23724.23,16550.6,45543.35,16065.28,8030.1,38236.71,73734.55
2025-07-22,East,In-Store,Electronics,Social,51453.95,5916,635,1740,16299,635,13796,5043,15782.67,45053.22,35671.28,53251.57,2813,52525.15,52074.81,51453.95,7646,7697,272,221,11384.13,81.03,3.78,1.44,3586.64,899.03,51453.95,37416.08,24538.79,8673.07,2843.87,28391.24,52031.2
2025-08-02,Central,In-Store,Beauty,Paid Search,106064.04,3306,1360,2044,19268,1360,15337,5101,50542.8,51256.31,55521.24,54006.8,5032,106594.45,105047.54,106064.04,7913,7744,161,330,13065.32,77.99,7.41,2.28,5999.83,1258.53,106064.04,80904.27,37764.32,14863.97,7913.79,63660.65,76744.12
2025-08-08,East,In-Store,Electronics,Email,12031.31,5137,993,2316,31888,993,31092,5240,4504.59,8312.94,7526.72,6154.69,4001,12370.63,11565.6,12031.31,3690,3843,310,157,11959.29,12.12,6.24,2.85,9653.23,5521.38,12031.31,8068.37,59086.96,8852.88,16405.57,24643.37,86191.82
2025-08-11,East,In-Store,Beauty,Paid Search,73234.46,4919,1231,1830,58754,1231,35854,18448,19207.05,31487.59,54027.41,63145.4,2252,73760.23,73193.3,73234.46,8910,8934,370,346,7373.63,59.49,3.03,4.37,7782.05,3938.43,73234.46,67526.99,27732.05,15600.7,10611.79,35688.6,72888.16
2025-08-13,East,In-Store,Electronics,Email,140476.08,2220,2162,2706,48513,2162,23880,9158,45330.02,90328.52,95146.06,131389.36,5843,142049.66,140791.84,140476.08,7811,7510,89,390,5473.21,64.98,3.66,2.13,27295.91,6306.85,140476.08,99074.25,38437.93,7815.03,10744.29,21033.34,96414.06
2025-08-14,East,In-Store,Home,Social,147065.11,1681,534,987,7632,534,4307,1985,67069.83,78193.7,79995.28,96052.79,1985,151110.86,150734.79,147065.11,8321,8091,20,250,14414.16,275.4,2.52,2.43,21865.41,5365.97,147065.11,91521.88,25687.61,3598.2,3655.98,19835.52,61757.63
2025-08-17,Central,In-Store,Home,Paid Search,135335.5,3497,1699,4352,25056,1699,22680,4382,64382.13,75862.85,70953.37,66187.82,7217,136936.65,126762.7,135335.5,2384,2381,381,384,13117.1,79.66,5.69,2.52,21519.05,5766.45,135335.5,84361.83,5694.73,16045.18,9747.16,43970.59,51343.42
2025-08-30,Central,In-Store,Apparel,Direct,32972.0,4566,397,1118,16426,397,11095,4681,12764.88,17510.0,20207.12,16590.61,1490,33465.76,33432.33,32972.0,5162,5120,41,83,9170.02,83.05,6.96,4.15,34110.4,6716.64,32972.0,20436.57,12576.63,8899.02,19196.5,11941.44,45649.33
2025-09-06,Central,In-Store,Home,Social,92657.38,3974,1753,3506,75942,1753,69402,9621,37368.38,82372.31,55289.0,80844.68,7327,93113.91,88151.4,92657.38,7353,7397,355,311,13470.07,52.86,5.47,2.32,27030.39,6697.24,92657.38,78162.51,33794.22,112.56,4877.19,17160.49,63037.37
2025-09-10,Central,In-Store,Beauty,Social,82878.41,2510,1006,2227,19434,1006,12159,2787,32357.75,44788.14,50520.66,74861.4,5334,82926.85,76499.92,82878.41,5502,5525,90,67,3820.61,82.38,7.94,2.89,29739.39,6538.37,82878.41,77701.67,42451.68,2362.95,17689.9,55585.73,84962.95
2025-09-12,Central,In-Store,Electronics,Email,94370.61,3000,1482,4005,45115,1482,29582,9893,33214.52,52904.27,61156.09,83116.53,5388,96830.62,95403.2,94370.61,4202,4403,310,109,6448.48,63.68,7.78,4.93,6419.02,2719.3,94370.61,88680.91,47718.72,14937.03,4837.53,12862.68,92428.24
2025-09-23,East,In-Store,Sports,Email,178235.0,5131,2022,2294,50769,2022,48171,10532,56947.2,135143.98,121287.8,157775.54,5087,182224.16,181964.25,178235.0,4500,4349,203,354,5826.34,88.15,4.9,4.31,3662.88,681.88,178235.0,143797.93,58468.41,8073.64,13625.58,26659.18,127500.29
2025-10-01,East,In-Store,Beauty,Paid Search,19691.06,4716,304,728,9377,304,4437,2209,8534.08,14445.01,11156.98,11140.3,1053,20088.51,18830.85,19691.06,4019,3882,199,336,5087.62,64.77,6.23,3.43,24334.19,4805.6,19691.06,13487.9,25525.28,125.62,17583.21,60744.34,46576.2
2025-10-09,Central,In-Store,Electronics,Direct,66778.99,5101,1829,2773,75435,1829,74046,9287,32314.62,36140.76,34464.37,41182.64,3455,67537.58,65825.81,66778.99,4399,4524,153,28,8605.13,36.51,3.46,2.65,2441.5,1099.06,66778.99,61255.67,42662.94,16608.45,23430.72,52002.63,95056.9
2025-10-15,East,In-Store,Beauty,Email,14253.75,3780,1921,3577,38887,1921,36473,10947,6769.66,10593.17,7484.09,7538.54,4411,14647.07,13978.69,14253.75,6886,7033,251,104,11204.37,7.42,3.67,2.59,21097.71,3985.49,14253.75,9869.98,36763.27,1893.66,14177.74,20967.25,55096.23
2025-11-01,East,In-Store,Electronics,Social,133786.02,3049,1990,5901,24906,1990,12718,3955,42913.34,98368.64,90872.68,111554.88,12836,134006.47,126576.08,133786.02,3364,3465,262,161,12827.19,67.23,3.36,4.62,13983.88,6835.38,133786.02,126232.94,46515.09,19229.73,12388.19,44984.83,111599.47
2025-11-02,Central,In-Store,Home,Social,91480.42,3066,972,1524,18628,972,8470,3801,43211.95,79375.84,48268.47,76917.9,2019,93222.3,88695.2,91480.42,3705,3651,216,270,7533.75,94.12,5.99,1.93,4813.32,2085.34,91480.42,64405.92,39403.23,12064.26,5031.51,42436.44,79574.37
2025-11-05,East,In-Store,Electronics,Email,127716.54,5033,88,136,1505,88,1454,399,47070.3,83319.84,80646.24,104069.39,216,128908.93,126215.66,127716.54,3242,3430,198,10,12581.59,1451.32,3.05,3.42,28279.81,7210.88,127716.54,120338.71,13562.54,2044.29,20602.14,27359.94,67429.79
2025-11-06,East,In-Store,Beauty,Social,74807.13,4485,2096,4016,38971,2096,19782,14615,26569.72,51645.38,48237.41,64954.83,5511,76953.22,72282.99,74807.13,3804,3963,367,208,7099.78,35.69,7.92,1.53,29264.98,7460.68,74807.13,68835.87,36722.62,11329.0,21746.07,13002.59,89284.14
2025-11-14,Central,In-Store,Electronics,Email,155662.56,3488,1537,2179,21380,1537,18753,7048,39995.45,103108.78,115667.11,137196.22,2847,158539.46,147208.49,155662.56,4835,4872,327,290,5777.71,101.28,2.45,2.45,8350.4,4465.12,155662.56,145588.37,28621.17,10623.77,17089.89,23967.6,97493.7
2025-11-16,Central,In-Store,Electronics,Paid Search,150037.49,4023,2167,3400,49726,2167,47871,13091,63946.41,69519.33,86091.08,87132.37,5688,150071.33,149447.73,150037.49,2436,2745,455,146,12324.04,69.24,2.96,4.28,10705.78,3692.08,150037.49,109450.82,58943.63,541.64,15672.57,19614.03,101297.55
2025-11-23,East,In-Store,Beauty,Social,177331.17,3981,716,1614,13834,716,9421,3715,87505.47,79412.07,89825.7,101239.79,3479,180944.31,180099.31,177331.17,3440,3326,101,215,12805.7,247.67,4.72,3.3,29605.72,7732.25,177331.17,127734.54,14372.99,11978.39,19872.61,38730.62,76595.93
2025-12-06,East,In-Store,Apparel,Direct,93752.05,4982,2192,6683,27492,2192,17727,8923,31091.52,39221.27,62660.53,91202.54,8140,93989.47,88185.27,93752.05,8374,8195,30,209,7025.21,42.77,3.23,2.91,14996.47,3957.94,93752.05,63526.99,59315.49,375.96,14589.34,25191.98,101641.55
2025-12-10,Central,In-Store,Apparel,Direct,168500.03,4869,566,714,13903,566,11755,3543,66542.66,139943.87,101957.37,109343.3,1670,170686.1,165127.5,168500.03,5890,6026,269,133,3511.42,297.7,7.39,4.17,25538.61,6740.93,168500.03,159490.65,37212.86,4374.1,20121.85,65920.4,94511.8
2025-12-11,Central,In-Store,Apparel,Email,45129.56,3484,151,284,3313,151,3157,621,12785.91,25727.84,32343.65,35228.2,394,45537.27,43926.52,45129.56,2726,2596,145,275,12599.55,298.87,2.31,3.35,4612.67,966.23,45129.56,33268.0,59299.19,7628.75,13551.32,52209.29,91047.72
2025-12-19,Central,In-Store,Home,Direct,103232.02,4556,307,656,8695,307,8364,938,39040.31,80540.62,64191.71,95094.89,892,103771.29,96830.68,103232.02,2453,2729,299,23,7648.17,336.26,4.32,1.95,1375.3,672.05,103232.02,94928.35,37492.55,18940.78,22747.96,40457.23,107709.76
2025-12-23,East,In-Store,Beauty,Organic Search,73615.16,3412,212,637,6500,212,6479,2152,24524.13,66011.85,49091.03,69233.85,1482,74260.11,73684.77,73615.16,7691,7736,415,370,9978.36,347.24,2.74,1.63,17927.41,7025.58,73615.16,48382.81,14222.79,4124.05,24287.06,56409.81,63404.06
2025-12-24,East,In-Store,Home,Email,39409.52,2695,364,752,6315,364,5916,2326,12201.34,26415.97,27208.18,42976.02,1792,40170.38,38808.01,39409.52,5303,5375,297,225,13347.17,108.27,5.12,3.0,10729.8,5298.13,39409.52,34621.68,37954.3,11928.39,19394.95,11002.12,82170.45
2025-12-27,Central,In-Store,Sports,Paid Search,22155.89,3087,757,1826,9583,757,4293,1223,5584.66,11608.74,16571.23,15965.51,2693,22372.84,21111.16,22155.89,2179,2053,77,203,6628.63,29.27,5.3,4.78,29695.15,7594.55,22155.89,18813.6,44047.13,19395.24,23804.07,47399.31,92036.09
2026-01-01,East,In-Store,Sports,Paid Search,143902.46,4691,1828,4323,35389,1828,19101,4335,72671.31,95066.91,71231.15,103585.18,8208,146598.33,146157.05,143902.46,2780,2834,139,85,11748.56,78.72,4.95,1.54,34588.1,7156.13,143902.46,95777.22,42030.97,1206.51,12574.93,48559.35,86887.96
2026-01-17,East,In-Store,Home,Email,116729.92,3778,834,2540,19330,834,15556,5808,33576.46,83626.36,83153.46,106148.53,3055,118848.29,109416.0,116729.92,2353,2355,164,162,6823.42,139.96,3.53,3.22,12423.69,3271.39,116729.92,90090.38,13785.26,14358.15,20086.92,62382.33,80074.89
2026-01-20,Central,In-Store,Beauty,Paid Search,175833.88,2664,1037,1396,15087,1037,9848,1822,94742.09,85704.39,81091.79,123977.78,2601,179253.01,168898.62,175833.88,8355,8210,222,367,8982.85,169.56,5.77,4.73,13018.85,3183.52,175833.88,161069.27,45609.13,8418.92,23054.01,37024.09,114275.39
2026-01-21,East,In-Store,Electronics,Direct,145434.28,3741,1425,3922,53724,1425,27937,10791,49135.08,60500.18,96299.2,151136.28,6345,149567.78,138718.05,145434.28,3288,3239,55,104,11775.45,102.06,4.22,2.12,8082.52,3110.87,145434.28,90388.82,24598.54,17810.34,20203.74,55505.13,107953.5
2026-01-28,East,In-Store,Electronics,Organic Search,110753.77,4124,1077,2160,29740,1077,26076,7586,34386.65,61642.32,76367.12,78198.28,5373,111271.7,102704.98,110753.77,6655,6451,92,296,8053.34,102.84,7.79,3.42,3051.21,875.7,110753.77,95820.51,32143.15,17893.25,7316.23,30646.0,80812.11
2026-01-31,East,In-Store,Apparel,Direct,130278.09,3696,511,1162,6565,511,3243,2334,48495.49,56982.01,81782.6,100186.31,1505,130522.32,120599.71,130278.09,6134,6070,244,308,8658.9,254.95,4.86,4.98,11566.54,3723.65,130278.09,120234.5,42356.42,8305.37,22269.36,37718.08,102987.04
2026-02-04,Central,In-Store,Beauty,Social,112733.85,3308,1419,2373,18767,1419,15845,6949,53065.55,63701.54,59668.3,51000.14,5176,115905.46,112601.42,112733.85,5688,5850,424,262,6039.28,79.45,5.3,2.01,15609.15,7919.49,112733.85,104775.62,29509.76,15098.03,24378.97,23835.97,84286.8
2026-02-15,Central,In-Store,Sports,Direct,172208.82,5241,434,1088,19921,434,19186,4182,74438.61,70720.87,97770.21,134745.4,1816,174227.9,173149.99,172208.82,5438,5625,312,125,12521.12,396.79,3.72,1.88,11898.58,3476.96,172208.82,122769.99,47478.59,2185.84,18920.25,54266.46,109008.3
2026-02-21,East,In-Store,Electronics,Social,75949.97,4714,434,1194,7964,434,5493,2131,31323.87,51582.62,44626.1,70893.73,1790,76727.83,76123.95,75949.97,4293,4568,390,115,1739.57,175.0,6.56,3.81,13433.43,3296.12,75949.97,71854.13,44681.48,17997.47,22953.32,57373.59,106900.39
2026-02-26,East,In-Store,Home,Paid Search,79904.05,4067,105,300,4404,105,1974,924,35707.95,40760.86,44196.1,67383.4,396,79935.68,74596.41,79904.05,3748,3881,329,196,6932.48,760.99,4.77,1.68,12328.83,3066.71,79904.05,66936.48,6871.86,2237.3,7219.3,59536.65,36543.48
2026-03-29,Central,In-Store,Apparel,Email,129876.1,5600,2081,2814,28201,2081,13483,4513,39191.03,112652.66,90685.07,120960.68,6189,130611.46,123917.81,129876.1,5133,5107,87,113,6007.85,62.41,7.23,2.55,14090.08,3789.37,129876.1,121371.71,24131.43,11212.43,4057.57,45931.51,75689.63
2026-04-01,Central,In-Store,Home,Organic Search,90453.39,5989,777,2090,19245,777,9978,3158,24114.43,73836.57,66338.96,73414.24,4728,91659.83,86215.67,90453.39,2277,2284,146,139,4240.44,116.41,4.31,3.04,6200.71,2703.45,90453.39,77765.33,9569.72,9347.02,4664.98,34073.82,45605.99
2026-04-07,East,In-Store,Apparel,Social,136946.47,5063,1812,2416,26697,1812,16987,10460,46423.17,97323.67,90523.3,132968.24,3980,136968.43,127286.11,136946.47,2670,2425,126,371,7950.95,75.58,4.34,2.06,20802.27,4663.31,136946.47,126662.85,37541.61,9913.42,8089.26,12181.3,95434.76
2026-04-12,Central,In-Store,Apparel,Social,159130.62,4080,798,2020,38588,798,24323,9653,78576.92,98526.43,80553.7,123126.39,4735,162873.17,159426.81,159130.62,4785,5044,380,121,1677.61,199.41,4.1,3.45,29602.5,7330.67,159130.62,127945.71,32086.12,58.03,4773.12,37282.82,73855.19
2026-04-14,Central,In-Store,Electronics,Email,129706.01,4330,1877,2108,46930,1877,24454,6030,40471.58,62637.11,89234.43,105517.64,3912,129902.99,126557.59,129706.01,6165,6317,432,280,7553.88,69.1,5.56,1.0,21022.41,7061.29,129706.01,116254.59,51754.34,5009.25,2164.39,61193.27,90583.27
2026-04-16,East,In-Store,Home,Paid Search,48629.16,4353,813,1704,19411,813,18252,6135,18247.97,34308.38,30381.19,36637.04,2783,48842.89,47135.49,48629.16,3406,3476,240,170,8202.37,59.81,4.53,2.46,20393.16,4557.04,48629.16,45738.75,20514.37,630.38,18991.19,25587.8,51127.05
2026-05-03,Central,In-Store,Sports,Organic Search,156169.04,2321,1657,2222,36524,1657,35749,13974,71076.24,71476.7,85092.8,129728.05,2873,160132.38,153365.56,156169.04,5363,5261,166,268,9020.39,94.25,6.08,2.36,34848.13,6558.27,156169.04,147834.36,49700.58,16738.1,13829.24,58930.77,119186.33
2026-05-10,Central,In-Store,Sports,Organic Search,61089.83,3995,891,1530,39605,891,26630,14205,28168.2,24791.39,32921.63,44404.27,2643,61136.21,60138.85,61089.83,7241,7354,275,162,4709.26,68.56,1.63,4.74,20215.08,6672.31,61089.83,57224.09,52571.33,7322.46,12147.11,63769.65,85362.18
2026-05-13,Central,In-Store,Home,Paid Search,42017.44,5268,703,1396,24204,703,15694,5266,19893.0,17184.48,22124.44,27633.53,2816,43097.97,41423.24,42017.44,6637,6550,131,218,14489.27,59.77,1.54,4.55,16453.55,4545.66,42017.44,26016.35,5889.73,12816.55,23133.05,28882.92,50129.39
2026-05-20,East,In-Store,Sports,Social,166583.81,5125,1818,4557,24129,1818,11494,3871,47804.13,98211.94,118779.68,110593.76,7655,171416.09,170623.96,166583.81,4339,4505,213,47,1571.73,91.63,3.9,4.56,19342.89,7748.34,166583.81,145176.57,48506.33,2763.71,22664.89,60962.5,107113.06
2026-05-28,East,In-Store,Apparel,Paid Search,56045.11,3615,898,2606,29636,898,19604,8124,25849.15,46568.05,30195.96,37409.83,3132,57271.65,53811.11,56045.11,2356,2728,469,97,12816.59,62.41,3.39,4.67,10952.22,5895.56,56045.11,38633.46,42750.89,15545.67,21929.95,65179.63,91449.46
2026-06-12,Central,In-Store,Home,Organic Search,46720.09,3665,1219,2750,16937,1219,8589,3951,23921.61,41225.17,22798.48,35776.36,5038,46875.47,45895.28,46720.09,2901,2698,44,247,8065.33,38.33,3.01,2.76,29678.59,6614.28,46720.09,31823.07,18838.02,13746.37,11287.42,25923.94,54604.72
2026-06-26,Central,In-Store,Electronics,Paid Search,142928.15,2656,1152,3468,48776,1152,26051,9091,45556.67,125583.37,97371.48,143072.16,8029,146596.2,138084.49,142928.15,8297,8668,448,77,4854.99,124.07,2.67,4.07,7585.87,3800.7,142928.15,134613.31,44966.61,8431.74,4183.21,60930.56,100503.21
2026-07-11,East,In-Store,Sports,Paid Search,116121.08,3944,477,974,8106,477,7878,2340,31665.84,94315.97,84455.24,105379.47,2414,117591.07,108726.1,116121.08,7611,7942,402,71,13810.22,243.44,3.94,3.42,2466.96,1001.49,116121.08,108796.24,35752.35,263.14,21827.99,12359.48,89457.32
2026-07-14,Central,In-Store,Electronics,Email,35323.7,3151,2061,4206,30188,2061,16646,6219,13619.91,18322.22,21703.79,26114.86,6641,36368.48,34764.6,35323.7,2660,2540,37,157,11819.71,17.14,3.91,2.82,16638.93,4405.66,35323.7,30185.14,43968.06,13832.75,8229.26,62113.73,73864.53
2026-07-24,East,In-Store,Apparel,Organic Search,28792.6,3975,794,1117,28459,794,22999,4499,14443.91,19846.67,14348.69,21292.77,1759,29366.8,28059.53,28792.6,7302,7086,42,258,8720.56,36.26,3.18,2.67,3444.47,1505.12,28792.6,24744.72,55221.34,17493.31,11114.7,8232.7,90217.18
2026-07-27,East,In-Store,Home,Direct,83617.16,4044,911,2345,40304,911,27049,6638,43458.93,73514.71,40158.23,36718.95,4873,84517.83,78156.59,83617.16,5304,5464,321,161,1588.02,91.79,5.25,3.62,29552.11,5734.77,83617.16,65809.02,28369.84,7246.94,8020.7,8093.85,54653.16
2026-08-26,Central,In-Store,Sports,Email,9192.71,5547,1518,2988,49524,1518,42229,19408,3277.02,6094.7,5915.69,9246.52,4293,9424.36,9325.13,9192.71,7760,7520,95,335,4326.82,6.06,6.94,1.3,6217.92,1142.66,9192.71,7166.87,44348.87,12561.77,7446.07,22584.14,67130.67
2026-08-28,Central,In-Store,Electronics,Social,135593.69,5756,688,949,31342,688,30257,10917,43942.23,113448.38,91651.46,145883.78,1145,138118.71,134399.45,135593.69,5107,4758,40,389,9879.89,197.08,4.35,4.4,14459.55,3759.28,135593.69,90806.36,47487.88,15246.93,12882.45,39273.83,119382.39
2026-09-01,Central,In-Store,Beauty,Direct,55466.23,4698,231,286,11105,231,8523,2968,24871.95,36746.72,30594.28,35341.77,363,56416.54,56317.8,55466.23,7405,7753,438,90,3706.33,240.11,7.1,4.46,38867.64,7679.06,55466.23,40075.2,22447.5,2322.88,2546.22,47397.37,37919.13
2026-10-06,East,In-Store,Home,Social,143683.99,4364,1028,1649,19191,1028,17667,6942,44679.18,82612.87,99004.81,92310.91,3635,147475.86,147290.55,143683.99,3483,3463,92,112,10007.71,139.77,6.99,3.43,22971.42,4420.39,143683.99,109525.69,12115.21,12481.88,9159.48,26322.66,61449.84
2026-10-08,East,In-Store,Electronics,Email,41002.93,4750,1226,2769,30958,1226,17372,9982,18127.72,20426.12,22875.21,19770.52,6361,41297.82,39488.16,41002.93,3225,3395,318,148,2508.06,33.44,2.01,2.72,20380.95,4635.62,41002.93,31222.51,41051.45,17172.31,24897.74,25954.36,89052.66
2026-10-10,East,In-Store,Electronics,Paid Search,142375.6,2139,2071,5261,33943,2071,16850,8708,70786.67,105646.44,71588.93,98234.18,10607,146180.97,145463.5,142375.6,2866,2660,181,387,12003.29,68.75,2.57,4.6,22016.42,4620.66,142375.6,126616.91,17375.3,4004.39,4525.22,39045.43,55375.16
2026-10-13,East,In-Store,Sports,Direct,17575.59,1977,1229,1898,30501,1229,28339,7949,9012.59,13733.52,8563.0,7089.58,3709,17734.89,17012.83,17575.59,3262,3363,262,161,10622.05,14.3,4.55,1.77,21095.73,4625.04,17575.59,15827.09,25343.59,14060.45,9139.54,48722.17,50670.45
2026-10-23,Central,In-Store,Sports,Paid Search,133083.64,2756,943,1584,21764,943,19084,7712,71015.5,87935.64,62068.14,54179.4,3448,135287.86,128522.43,133083.64,8898,9285,492,105,12670.41,141.13,7.23,3.35,29328.72,5736.04,133083.64,119681.83,51749.6,10752.45,20853.81,20692.66,99609.68
2026-10-29,East,In-Store,Electronics,Social,162914.05,4421,973,3012,21218,973,20735,7477,43751.21,92534.27,119162.84,117574.26,3965,165889.4,165179.87,162914.05,4171,4167,206,210,5186.97,167.43,3.5,3.53,6701.63,1240.58,162914.05,140564.09,38978.0,10409.2,14018.25,20485.49,98677.73
2026-11-10,East,In-Store,Home,Email,127145.16,1705,1167,1759,24407,1167,16311,7220,60235.53,95844.43,66909.63,100302.24,2845,128149.02,118311.64,127145.16,8168,8147,236,257,4257.72,108.95,5.11,4.21,22262.55,5856.02,127145.16,89661.17,55522.1,5527.5,11998.27,67100.88,103138.54
2026-11-13,Central,In-Store,Home,Email,126721.85,4755,262,561,4596,262,3600,1354,65278.05,54309.06,61443.8,92758.4,1178,127569.25,121902.62,126721.85,2587,2527,157,217,5837.85,483.67,6.6,3.47,28742.57,7314.76,126721.85,116521.46,44746.6,7833.42,21435.92,52553.7,101843.46
2026-11-15,East,In-Store,Apparel,Direct,84357.94,2779,1565,4952,22114,1565,19411,8439,41148.19,39853.55,43209.75,54849.11,10987,84569.03,79939.07,84357.94,6652,6739,127,40,5543.17,53.9,3.79,4.54,23673.84,7214.81,84357.94,53156.43,50531.27,4134.21,16363.1,17097.12,87483.31
2026-11-23,Central,In-Store,Sports,Email,50362.71,3471,1361,3124,26099,1361,20381,9963,13235.22,29839.62,37127.49,36294.8,4839,51707.04,51527.95,50362.71,3290,3179,21,132,13737.79,37.0,4.99,3.46,4849.85,1850.43,50362.71,40619.99,56820.51,16053.86,16590.95,24338.56,100353.76
2026-12-19,Central,In-Store,Beauty,Email,135960.25,3021,338,406,6132,338,5124,1230,49811.53,66344.36,86148.72,78925.69,719,137384.95,132868.46,135960.25,2308,2370,137,75,6301.98,402.25,5.93,3.01,9163.8,4099.54,135960.25,126401.3,37774.89,11395.34,19772.83,26092.65,92620.77
2026-12-23,East,In-Store,Home,Organic Search,126406.49,3320,1112,1757,20844,1112,9459,5452,47371.74,101777.17,79034.75,93237.32,3803,128627.88,120436.05,126406.49,7883,7907,395,371,1541.63,113.67,6.17,4.32,30445.04,5725.88,126406.49,111602.89,22390.44,18541.77,22642.52,68379.48,91545.93
2026-12-28,East,In-Store,Beauty,Email,24626.92,4275,579,926,19052,579,17091,4352,9932.38,11340.66,14694.54,13539.09,1638,25330.13,24240.28,24626.92,4000,3955,160,205,8852.69,42.53,5.01,3.93,2427.04,730.49,24626.92,16369.5,46977.92,15241.04,13879.0,44672.27,80159.69
2025-01-02,Central,In-Store,Home,Social,69961.58,2368,1130,2197,52935,1130,46213,6487,32839.32,60442.74,37122.26,45381.01,3019,70384.86,66150.14,69961.58,3444,3481,237,200,9795.46,61.91,1.8,4.92,23204.37,5281.85,69961.58,46608.8,13757.55,538.29,14270.68,66377.55,42180.82
2025-01-06,Central,In-Store,Electronics,Paid Search,53455.75,2011,305,469,8003,305,4245,2442,24421.62,25530.78,29034.13,39870.7,1010,53496.49,52882.41,53455.75,2208,1869,40,379,13413.74,175.26,7.1,1.43,28284.55,5821.7,53455.75,41983.91,19835.16,15231.45,6163.32,60880.36,53191.14
2025-01-08,Central,In-Store,Sports,Direct,105841.7,4716,148,405,2017,148,816,776,52643.58,76946.24,53198.12,61200.53,561,108000.78,101399.34,105841.7,4109,3899,20,230,14603.92,715.15,5.38,1.24,19787.41,5723.03,105841.7,79250.47,41225.46,4296.37,17774.5,8379.53,81656.49
2025-03-04,East,In-Store,Electronics,Email,61027.49,3176,1662,5153,30111,1662,22837,3981,30029.75,40948.9,30997.74,28544.92,8337,61486.43,61421.74,61027.49,4495,4227,109,377,11654.18,36.72,6.96,1.56,24833.19,4932.99,61027.49,38144.8,36221.39,1395.28,10959.85,64592.79,57140.0
2025-03-13,Central,In-Store,Home,Organic Search,108938.71,5064,747,2130,19797,747,15799,5148,56893.7,94938.03,52045.01,81363.74,2902,110349.84,103468.61,108938.71,7416,7604,307,119,5468.91,145.83,5.5,4.63,7628.22,1610.26,108938.71,94371.89,9214.8,598.62,4695.04,32766.18,38917.58
2025-04-10,Central,In-Store,Beauty,Paid Search,138875.91,3843,863,1648,23409,863,20633,5573,71416.44,117121.74,67459.47,97225.68,3638,141663.54,138507.95,138875.91,2162,2374,232,20,1650.57,160.92,4.83,1.44,18547.93,7574.07,138875.91,112918.88,18628.86,9844.24,10166.12,65509.33,67806.92
2025-04-26,East,In-Store,Home,Email,35877.5,1658,1733,3546,51936,1733,39386,10509,9745.21,14970.96,26132.29,21602.78,6405,36069.98,34756.29,35877.5,4236,4311,462,387,10053.14,20.7,2.58,4.58,9751.75,1778.71,35877.5,28985.38,11408.18,4388.3,20659.83,65873.85,42937.14
2025-05-03,East,In-Store,Beauty,Email,15690.05,2460,1824,5119,27627,1824,12028,6560,8590.88,7061.0,7099.17,5978.02,9754,16115.84,15514.72,15690.05,5106,5397,469,178,3846.99,8.6,3.52,1.17,16437.38,4839.3,15690.05,10698.79,42888.34,2005.85,18474.93,42070.11,65162.53
2025-05-08,East,In-Store,Sports,Organic Search,75451.06,5646,874,2658,13062,874,11552,2775,38571.64,65957.67,36879.42,47047.36,3925,76338.79,72464.8,75451.06,6338,6695,436,79,14084.08,86.33,3.02,2.05,10619.14,2820.19,75451.06,49160.66,25309.2,3656.61,21573.36,40332.56,64653.38
2025-05-17,East,In-Store,Sports,Social,156681.27,2766,1899,3440,33620,1899,17018,8276,68065.48,107888.44,88615.79,81551.28,5053,158149.07,151116.15,156681.27,7517,7422,127,222,12254.86,82.51,4.67,1.87,26262.35,5059.81,156681.27,105801.81,44188.56,16602.0,18970.19,56199.41,104226.13
2025-05-27,Central,In-Store,Sports,Social,84089.92,1560,1821,3051,24183,1821,15962,9535,45512.96,37302.34,38576.96,33285.04,4836,86492.47,84389.29,84089.92,6244,6352,461,353,2583.75,46.18,5.26,4.31,21690.7,6302.26,84089.92,60701.04,31707.37,19148.59,22241.03,12251.01,83082.5
2025-05-30,East,In-Store,Apparel,Email,61199.55,3368,544,1291,7407,544,3291,1924,22861.88,32972.79,38337.67,38763.31,2229,62067.01,60150.02,61199.55,6796,6661,85,220,13072.78,112.5,6.84,3.39,9918.14,4181.42,61199.55,52610.36,34081.52,4930.24,9704.56,37648.85,60345.31
2025-06-02,Central,In-Store,Beauty,Social,42386.37,3324,1775,3743,32652,1775,14111,10869,21171.28,30539.88,21215.09,30028.98,7032,43404.64,42142.42,42386.37,8218,8323,449,344,8674.88,23.88,6.58,4.52,37855.1,6946.6,42386.37,29631.32,35778.45,9007.29,8815.89,27960.24,62610.32
2025-06-13,East,In-Store,Beauty,Social,23991.86,4483,615,1443,27447,615,20226,6180,11845.61,10657.83,12146.25,12972.33,3344,24152.16,24003.01,23991.86,7387,7169,31,249,8512.87,39.01,7.08,1.3,11541.17,3739.27,23991.86,14955.94,41748.49,18404.33,16672.43,57894.46,80716.95
2025-06-17,East,In-Store,Home,Email,62981.49,2522,902,2600,13002,902,11227,2093,19807.14,33360.73,43174.35,49847.59,5489,63113.82,59010.19,62981.49,7517,7428,32,121,13774.42,69.82,5.52,1.53,14035.71,6813.45,62981.49,49586.69,8417.05,15332.28,23997.33,41565.8,62700.94
2025-06-22,East,In-Store,Beauty,Organic Search,16172.71,3085,478,554,6892,478,6856,926,5263.71,7473.39,10909.0,12392.35,1121,16456.46,15962.11,16172.71,7787,7577,175,385,8445.34,33.83,1.57,3.9,5719.29,1048.57,16172.71,15347.59,36488.14,14412.86,13348.29,28142.07,67966.99
2025-06-23,Central,In-Store,Sports,Email,160303.39,1749,645,1054,15551,645,15294,3761,43723.23,76799.72,116580.16,156172.36,2083,163294.14,161327.44,160303.39,2506,2686,426,246,4951.95,248.53,7.11,3.87,3694.1,749.43,160303.39,105244.88,16464.59,17525.04,3214.1,18117.53,84055.44
2025-07-02,Central,In-Store,Beauty,Organic Search,96650.62,3238,1498,3307,53692,1498,28868,9376,35907.26,59472.19,60743.36,61831.05,5140,99206.01,91849.71,96650.62,2761,2536,31,256,4163.96,64.52,7.84,4.89,17718.62,4780.87,96650.62,88615.21,10612.21,18885.11,4707.36,12298.59,52753.99
2025-07-16,Central,In-Store,Electronics,Email,165988.14,5080,944,1824,12573,944,8758,3407,52887.93,113409.41,113100.21,155675.97,2523,167846.87,161879.02,165988.14,8596,8714,371,253,14661.2,175.83,6.06,2.93,5099.85,1835.87,165988.14,137352.75,42717.47,16243.87,12746.3,64156.14,118410.43
2025-07-20,East,In-Store,Sports,Direct,89026.09,4619,213,598,3089,213,1308,1210,23381.8,56249.85,65644.29,57433.11,1017,90126.15,83511.58,89026.09,3183,3321,390,252,5777.82,417.96,7.2,2.75,25247.43,5676.81,89026.09,54017.05,17677.11,5586.17,3899.66,41716.83,44392.87
2025-07-26,Central,In-Store,Home,Social,179994.97,2578,1598,3133,52447,1598,45482,11538,57615.49,94644.14,122379.48,123406.1,4296,181907.2,178448.76,179994.97,4438,4461,215,192,10329.96,112.64,3.01,1.47,11684.45,5215.36,179994.97,130949.68,59540.88,3489.74,13262.36,38955.5,113314.81
2025-08-07,East,In-Store,Apparel,Email,80913.22,2165,1443,2262,19496,1443,15024,5648,32319.98,65281.07,48593.24,47835.38,4862,82120.1,76508.25,80913.22,8773,9045,316,44,2014.83,56.07,3.54,3.7,25613.24,7768.26,80913.22,65512.8,46195.13,9801.62,16716.02,53507.07,87063.38
2025-08-22,Central,In-Store,Apparel,Paid Search,112403.96,5401,864,2651,11598,864,11479,1984,37427.78,95904.96,74976.18,77479.55,3414,115734.88,113585.7,112403.96,4597,4904,326,19,1600.88,130.1,2.72,3.25,13196.19,6315.56,112403.96,94007.01,20395.64,18229.62,18640.15,21081.42,80509.27
2025-08-30,East,In-Store,Apparel,Paid Search,13369.06,3386,948,2641,15890,948,7356,6303,5809.77,11238.9,7559.29,11502.02,4258,13387.64,12831.86,13369.06,2931,2927,252,256,7724.13,14.1,5.07,3.45,4255.9,2183.49,13369.06,11838.1,9935.81,7381.43,20407.0,29355.97,41174.85
2025-09-06,East,In-Store,Apparel,Paid Search,18674.83,4802,146,420,2741,146,2322,794,8209.86,13395.48,10464.97,9628.81,966,18945.72,18271.55,18674.83,8320,8449,336,207,11584.76,127.91,5.22,2.01,10987.19,2513.15,18674.83,12816.98,25396.49,8406.82,2762.01,40541.68,39453.96
2025-09-07,Central,In-Store,Apparel,Paid Search,162509.38,1792,1121,3299,24764,1121,17266,5976,55972.64,71655.93,106536.74,159345.82,7905,163835.69,155806.38,162509.38,7849,7900,104,53,9501.66,144.97,7.65,4.65,1305.97,601.22,162509.38,122833.0,26979.07,1597.08,11639.48,12089.1,88019.38
2025-09-15,East,In-Store,Home,Direct,48620.62,4331,1250,1537,22486,1250,22456,5216,20132.68,31706.88,28487.94,36098.21,2428,49418.79,46616.21,48620.62,7752,7663,53,142,8565.29,38.9,2.32,1.25,5186.11,1558.97,48620.62,32171.3,43937.11,4220.19,15162.57,29853.87,74149.33
2025-09-16,East,In-Store,Electronics,Direct,65866.94,2133,800,1501,15996,800,10841,2589,22127.38,27821.25,43739.56,44349.13,3658,65929.14,62516.68,65866.94,6884,7180,447,151,5147.2,82.33,5.07,2.39,24964.62,5708.88,65866.94,59054.22,48175.6,962.17,23508.96,25339.02,85951.47
2025-09-20,East,In-Store,Electronics,Social,91068.28,5506,836,1857,14978,836,12897,2903,26023.66,50080.89,65044.62,74003.13,2407,93777.48,88044.73,91068.28,3161,3082,242,321,11807.32,108.93,3.2,3.39,5699.13,3558.4,91068.28,61031.35,6155.05,18791.8,22792.06,27213.19,69939.85
2025-09-21,Central,In-Store,Apparel,Organic Search,162223.47,2653,967,2364,13263,967,7609,2327,72814.47,114620.33,89409.0,125448.73,4076,164996.69,162782.99,162223.47,2990,3281,436,145,5232.71,167.76,6.98,1.55,4536.95,980.65,162223.47,119462.12,10783.82,18877.26,22368.7,26710.26,89664.4
2025-09-22,Central,In-Store,Beauty,Organic Search,73092.73,2236,780,2251,11643,780,7464,3331,29794.5,62613.6,43298.23,34767.03,3888,75220.12,71684.35,73092.73,2133,2164,326,295,9054.51,93.71,4.43,2.78,30691.27,6771.36,73092.73,53883.09,36699.29,10793.23,17929.06,26549.58,75851.69
2025-10-04,East,In-Store,Apparel,Paid Search,122888.44,2943,2195,5367,36422,2195,22921,12300,36629.74,85980.1,86258.7,131845.05,10041,122948.55,113937.59,122888.44,5012,5036,126,102,2919.04,55.99,4.18,1.29,11416.93,4395.69,122888.44,89782.35,44668.22,19460.23,18966.06,30282.12,122648.02
2025-10-14,East,In-Store,Beauty,Email,126542.18,5077,1871,3915,39557,1871,32000,10876,62093.0,106049.75,64449.18,64245.45,5870,130083.21,123445.89,126542.18,6625,6512,180,293,2005.26,67.63,3.19,1.3,7245.7,1666.8,126542.18,111547.98,42050.75,10277.96,22165.96,36605.17,93768.3
2025-10-15,East,In-Store,Sports,Social,155675.96,1907,1848,4037,26820,1848,14108,10657,49824.4,133346.38,105851.56,167572.29,9387,156923.41,148808.61,155675.96,2253,2323,462,392,6072.86,84.24,2.3,1.31,15387.0,7064.48,155675.96,126420.15,8769.8,11344.88,13844.4,12817.92,84230.77
2025-10-23,Central,In-Store,Beauty,Paid Search,170317.33,3954,261,602,3559,261,2697,960,70627.38,98163.74,99689.95,127450.22,1036,174678.2,162782.22,170317.33,3466,3372,196,290,6288.15,652.56,7.36,3.8,4726.87,866.06,170317.33,117017.91,15391.71,12923.09,10674.93,58054.82,77224.8
2025-10-25,East,In-Store,Beauty,Paid Search,66126.04,4839,2166,3588,30056,2166,27057,9730,25388.07,48396.92,40737.97,42002.96,5582,67527.64,66499.55,66126.04,8938,9120,483,301,11034.8,30.53,6.26,4.43,36662.58,7230.89,66126.04,54461.86,53260.44,3141.72,9324.9,14876.46,78327.95
2025-12-02,East,In-Store,Electronics,Social,154185.58,2658,1022,1862,42051,1022,17216,6996,51769.05,120711.11,102416.53,108235.3,3599,158284.29,157112.64,154185.58,3242,3432,292,102,6006.95,150.87,7.51,3.32,20416.89,5022.46,154185.58,114193.69,37210.46,13409.17,22287.48,68521.66,105377.7
2025-12-07,East,In-Store,Sports,Social,18106.71,4598,543,1726,12527,543,8813,3477,6713.87,10617.76,11392.84,12408.99,2541,18221.02,17912.28,18106.71,8760,8580,129,309,12160.42,33.35,3.45,1.1,16769.86,3301.83,18106.71,14134.59,10443.28,10779.78,12237.77,15849.8,37183.53
2026-01-01,East,In-Store,Home,Email,123873.94,1729,1439,3152,19913,1439,9694,5022,56844.74,85242.83,67029.2,61468.88,5896,126901.03,118974.74,123873.94,4014,3760,115,369,4512.95,86.08,2.31,2.92,35599.82,7834.55,123873.94,80532.28,45555.55,4000.8,15319.3,58727.98,83316.31
2026-01-04,Central,In-Store,Electronics,Paid Search,168627.58,2454,1344,3405,33451,1344,14397,11379,88767.07,149140.11,79860.51,72385.12,5004,170543.39,169991.25,168627.58,6129,5943,127,313,7632.17,125.47,2.81,4.04,9165.31,1824.13,168627.58,146789.2,59321.39,1946.79,14624.59,16763.55,97608.31
2026-01-18,Central,In-Store,Electronics,Social,143340.08,2909,1096,2996,16304,1096,6672,1925,55661.71,102435.06,87678.37,128565.39,4785,145720.96,136606.19,143340.08,6883,7005,472,350,6031.71,130.78,3.31,1.29,7759.05,2050.28,143340.08,89086.6,58906.13,16817.62,21575.06,36773.97,135868.43
2026-01-28,Central,In-Store,Home,Organic Search,56533.62,3098,1398,1702,31317,1398,21593,4535,22695.73,28505.82,33837.89,53570.15,4209,57691.95,55049.29,56533.62,7161,7309,170,22,1688.7,40.44,2.35,4.18,4306.71,2129.24,56533.62,46085.02,10567.31,13889.16,2401.6,47704.12,42929.11
2026-02-05,East,In-Store,Sports,Organic Search,51609.36,4979,697,965,32763,697,17486,12882,25066.29,35708.19,26543.07,28586.81,2107,51767.04,48317.92,51609.36,3082,2893,176,365,10476.97,74.04,3.6,2.23,15387.45,7692.93,51609.36,43733.96,24105.68,15871.74,16980.8,19079.77,65534.26
2026-02-08,East,In-Store,Home,Email,103427.88,4138,447,652,5832,447,3480,901,39646.25,51723.45,63781.63,66084.66,1483,106451.16,101846.86,103427.88,2404,2514,259,149,3367.68,231.38,2.44,3.07,29072.78,6796.4,103427.88,90653.34,40648.35,16323.38,9189.19,20000.92,85986.32
2026-02-24,East,In-Store,Beauty,Email,105060.2,5260,549,1715,7789,549,3121,2239,41474.51,72877.33,63585.69,80037.71,2672,105622.26,101094.57,105060.2,4047,4164,138,21,4648.76,191.37,2.93,1.34,11094.94,2339.44,105060.2,82979.41,27533.63,16507.43,17203.52,37727.07,85255.89
2026-02-28,Central,In-Store,Beauty,Organic Search,118267.3,2049,312,438,9657,312,7785,1851,62390.05,82734.6,55877.25,56496.03,945,118494.14,113504.74,118267.3,4000,4100,291,191,11305.93,379.06,3.76,4.82,5409.62,3030.02,118267.3,73418.0,20960.2,19927.41,24913.81,22812.61,82750.23
2026-03-03,East,In-Store,Sports,Direct,39383.93,1967,197,345,3015,197,1922,819,13068.37,22925.76,26315.56,38508.17,424,40509.96,39546.84,39383.93,2857,2743,283,397,2235.15,199.92,2.03,4.07,13502.27,3578.84,39383.93,24245.62,33529.1,14490.62,2201.54,16510.71,61773.71
2026-03-18,Central,In-Store,Electronics,Paid Search,44816.99,4903,791,2248,19666,791,15728,3074,18618.56,27914.69,26198.43,27593.98,5105,45804.81,43420.08,44816.99,3463,3221,122,364,2770.33,56.66,2.64,4.27,10942.08,6923.18,44816.99,32280.56,5828.92,14957.34,3005.88,20240.21,32070.33
2026-03-23,Central,In-Store,Apparel,Email,121673.79,4581,963,2289,25135,963,13256,4759,31157.38,73170.28,90516.41,110697.07,3573,123796.96,115343.17,121673.79,8261,7981,25,305,14038.9,126.35,7.68,4.35,14813.84,3036.32,121673.79,80408.75,58983.08,6215.6,8840.08,10265.55,107247.88
2026-03-29,Central,In-Store,Beauty,Organic Search,66201.84,4380,697,1184,33996,697,31161,6548,32230.78,30577.54,33971.06,46774.57,1480,67746.36,65589.82,66201.84,8188,8190,270,268,8725.7,94.98,2.04,4.83,19769.72,3888.83,66201.84,54425.61,59785.04,18099.57,9738.16,45002.65,101655.14
2026-04-11,Central,In-Store,Electronics,Paid Search,36493.2,3824,779,911,16303,779,8851,2713,10027.75,22276.12,26465.45,37429.26,1333,36617.54,33941.06,36493.2,7072,7092,127,107,14266.74,46.85,3.86,3.87,7158.32,2587.98,36493.2,25332.56,25159.35,1645.79,8884.79,43727.45,46918.71
2026-04-12,Central,In-Store,Electronics,Social,82264.02,1664,1484,2911,48454,1484,20929,18072,34463.77,72443.06,47800.25,61992.26,6542,82336.09,81950.27,82264.02,4441,4223,106,324,13909.85,55.43,3.87,4.95,5624.15,1048.3,82264.02,72401.07,35777.38,5512.63,24427.58,18699.79,84315.27
2026-04-23,East,In-Store,Electronics,Email,131975.87,3162,1455,4290,42180,1455,30893,8130,33897.76,70807.8,98078.11,107572.38,5419,133325.59,129060.74,131975.87,2759,2544,63,278,1723.38,90.71,7.28,4.14,18250.54,5813.18,131975.87,88531.14,28628.12,18309.39,23126.4,40604.57,102335.62
2026-05-02,Central,In-Store,Apparel,Paid Search,106792.77,4431,717,1083,9994,717,8767,2893,51048.4,73755.93,55744.37,52208.58,1567,108226.55,101521.22,106792.77,8796,8824,58,30,7581.76,148.94,7.09,2.93,11220.04,4845.82,106792.77,93971.19,44044.32,4399.58,24110.26,32045.52,88216.73
2026-05-09,East,In-Store,Apparel,Email,175587.54,2795,1435,4048,23197,1435,17770,7754,70276.95,137781.06,105310.59,162173.18,9210,178811.26,169956.8,175587.54,4580,4627,268,221,5859.05,122.36,3.21,1.69,21478.17,7095.68,175587.54,106377.86,33369.49,9974.36,23062.91,38789.06,115058.71
2026-05-27,Central,In-Store,Apparel,Organic Search,106877.3,4022,217,562,4885,217,2669,1274,27189.92,73821.39,79687.38,66972.44,894,107899.05,104964.58,106877.3,2933,3006,286,213,11712.57,492.52,4.03,1.16,10851.52,2515.82,106877.3,93256.9,7939.9,15278.1,13120.51,45005.24,56430.24
2026-06-02,Central,In-Store,Home,Direct,166744.98,3397,661,1978,20318,661,15001,7161,56903.14,114786.64,109841.84,165102.21,4307,170074.09,164620.7,166744.98,8181,8263,255,173,3944.91,252.26,6.68,1.01,2672.87,638.45,166744.98,134273.57,5589.64,17457.64,16664.41,14072.24,89242.35
2026-06-04,Central,In-Store,Sports,Paid Search,16132.66,4000,1950,2790,24931,1950,10393,2852,8720.28,10976.94,7412.38,7479.41,5424,16432.51,16080.54,16132.66,6924,6775,181,330,8050.89,8.27,4.88,4.04,1123.97,651.52,16132.66,14598.91,6764.02,15094.74,15949.39,38770.88,40051.97
2026-06-06,Central,In-Store,Beauty,Paid Search,93073.22,4195,544,1226,26544,544,22534,10567,26669.59,83598.32,66403.63,65750.48,2057,93905.23,91693.61,93073.22,8590,8436,97,251,12885.42,171.09,6.06,3.93,18697.72,5740.54,93073.22,67433.17,46509.43,1087.42,9410.1,54853.51,76732.09
2026-06-12,East,In-Store,Electronics,Email,143139.42,1889,309,456,5231,309,3164,1231,57627.74,57718.26,85511.68,80985.23,653,147148.88,140570.89,143139.42,4107,4184,425,348,14170.21,463.23,3.59,4.61,9092.09,2131.15,143139.42,128418.9,44702.68,1831.14,5567.4,69690.08,76396.79
2026-06-13,East,In-Store,Sports,Social,177185.26,3946,1752,3527,31559,1752,17827,3929,79148.7,145959.42,98036.56,80599.08,7353,181354.54,177625.93,177185.26,7338,7437,307,208,2005.55,101.13,2.55,3.92,5619.81,2353.39,177185.26,163484.05,44096.19,18937.28,2853.2,17086.23,90066.39
2026-06-15,East,In-Store,Apparel,Email,115908.21,3705,823,2445,26496,823,16411,3850,31751.35,88713.32,84156.86,103145.19,3535,115981.2,115932.23,115908.21,8239,8440,442,241,9236.89,140.84,3.26,2.45,7892.78,2907.03,115908.21,90647.38,24666.94,3509.76,2689.2,10034.32,61809.46
2026-07-19,East,In-Store,Electronics,Email,87339.68,4120,1945,4876,71616,1945,67167,28615,26870.55,58982.97,60469.13,77793.05,8789,87627.77,86458.01,87339.68,7909,8156,408,161,7637.95,44.9,4.35,1.02,8905.97,5182.94,87339.68,79978.51,8125.12,338.53,12178.33,28038.08,43979.9
2026-07-21,East,In-Store,Apparel,Paid Search,27506.62,5517,166,295,3807,166,3488,734,10833.15,16362.76,16673.47,17282.19,732,27884.47,26171.89,27506.62,4530,4402,139,267,2974.83,165.7,4.13,4.92,22292.18,6631.38,27506.62,22464.84,27497.74,19836.51,22146.19,31151.29,74665.1
2026-07-23,Central,In-Store,Beauty,Email,149155.86,3342,1007,2381,28239,1007,26693,10522,47186.0,113521.52,101969.86,102230.21,3943,152503.25,150197.9,149155.86,6734,7127,434,41,8612.14,148.12,5.97,1.02,7121.38,3107.14,149155.86,109959.49,58572.49,4364.16,14405.55,37265.64,108011.26
2026-07-24,East,In-Store,Home,Email,65846.95,5993,226,296,6385,226,5448,2059,23095.84,39470.12,42751.11,60537.05,623,66666.9,63329.04,65846.95,3933,3817,194,310,7184.34,291.36,6.58,3.82,38125.87,7765.37,65846.95,49839.6,19628.58,17768.51,7402.49,31423.05,62960.69
2026-08-01,Central,In-Store,Sports,Email,57217.74,4616,891,2230,18855,891,14505,5894,29060.33,25859.61,28157.41,35652.44,2936,57366.2,56745.94,57217.74,6447,6309,255,393,11550.81,64.22,7.83,2.94,29049.53,6972.22,57217.74,50169.76,58398.86,8095.99,19499.72,22985.4,96690.3
2026-08-10,Central,In-Store,Apparel,Paid Search,162187.76,5335,1466,2437,33631,1466,30866,9916,41563.24,86563.74,120624.52,126475.85,3717,163813.23,152872.4,162187.76,6017,6249,317,85,11426.62,110.63,7.91,1.46,3616.41,991.26,162187.76,118105.04,26170.76,821.78,17848.74,21922.13,82784.04
2026-08-17,East,In-Store,Sports,Email,69763.87,2888,550,717,20066,550,18019,4397,23210.73,33786.26,46553.14,54028.22,1735,70963.13,66376.45,69763.87,3896,3690,56,262,7543.28,126.84,4.34,4.19,27491.81,6059.13,69763.87,63573.04,34418.56,6469.78,4437.29,39339.89,61534.1
2026-08-22,Central,In-Store,Beauty,Organic Search,177701.41,5231,312,579,4634,312,3063,1499,92256.0,120124.87,85445.41,123315.95,752,178198.3,176474.81,177701.41,6078,6224,338,192,1975.96,569.56,2.63,4.1,12352.5,2348.81,177701.41,130103.04,32784.14,9627.64,4235.25,41249.13,83641.82
2026-09-25,East,In-Store,Apparel,Social,107997.27,3246,1514,4204,32788,1514,26286,9264,29418.59,45876.1,78578.68,73334.54,9207,109463.94,106870.98,107997.27,5387,5226,82,243,8622.82,71.33,6.25,5.0,13531.72,2790.51,107997.27,66930.56,30311.71,11342.3,22347.11,69311.74,86001.48
2026-10-01,Central,In-Store,Sports,Email,48874.35,3816,2002,5427,31054,2002,13720,10849,18090.43,25831.83,30783.92,34842.74,7968,49774.99,46394.3,48874.35,8906,9135,308,79,5055.91,24.41,2.44,4.85,26853.97,6903.17,48874.35,43805.57,32930.52,7156.16,3971.72,60887.17,54511.22
2026-10-02,East,In-Store,Apparel,Direct,131361.45,3522,610,1142,8755,610,7164,1014,46011.07,105089.48,85350.38,92497.83,2839,131665.45,131213.0,131361.45,6944,6852,236,328,11366.11,215.35,1.7,3.54,6694.12,1307.2,131361.45,118187.15,17072.31,18216.28,15554.91,69046.71,78592.85
2026-10-04,Central,In-Store,Apparel,Organic Search,39099.86,5782,305,394,4549,305,4066,1795,18833.63,29384.93,20266.23,28222.02,857,39502.88,36892.48,39099.86,3942,3772,198,368,11715.6,128.2,7.42,4.35,9014.4,2524.13,39099.86,30750.31,46637.74,448.33,12514.85,35967.89,68067.53
2026-10-07,East,In-Store,Apparel,Email,65313.39,2304,543,1073,7550,543,4700,875,22367.47,50944.84,42945.92,36091.32,2178,66927.52,65216.78,65313.39,3165,3401,355,119,3052.38,120.28,5.57,4.29,2526.13,1185.43,65313.39,59107.37,24405.93,17665.13,19239.22,48058.99,72137.68
2026-10-16,Central,In-Store,Home,Paid Search,13051.38,5067,221,658,7082,221,5989,1736,6002.45,11722.01,7048.93,10846.54,1087,13177.79,13021.07,13051.38,8972,9159,404,217,6953.95,59.06,5.89,4.23,9465.92,4582.91,13051.38,8337.6,21091.39,6556.98,6406.32,45413.29,37308.65
2026-10-21,East,In-Store,Beauty,Organic Search,45478.15,3535,1595,4942,63447,1595,46892,23053,16958.14,26679.54,28520.01,34174.26,9684,46466.93,44205.76,45478.15,4931,5096,392,227,4366.98,28.51,5.14,1.88,12672.89,7773.2,45478.15,28104.91,11485.44,12767.87,22948.91,25720.68,57454.5
2026-11-05,East,In-Store,Electronics,Social,144927.38,5861,726,1096,9851,726,5533,2273,46698.27,102411.25,98229.11,103795.21,2318,145369.39,139698.41,144927.38,7409,7380,146,175,14198.68,199.62,6.96,3.45,9907.62,4928.18,144927.38,134124.29,33431.52,12685.38,7136.46,43279.22,84391.92
2026-11-16,Central,In-Store,Beauty,Organic Search,119329.34,4154,1555,4357,22278,1555,15351,3485,47330.59,82441.34,71998.75,92675.68,5374,122378.29,120271.73,119329.34,5713,5966,494,241,6019.06,76.74,2.27,3.67,9299.23,5080.25,119329.34,82117.88,15516.82,14819.62,9863.54,9315.05,68002.68
2026-11-22,East,In-Store,Apparel,Organic Search,166259.35,5258,1651,4996,55630,1651,52345,11422,77639.19,138542.26,88620.16,112162.66,12037,167448.83,162838.41,166259.35,5285,5261,269,293,8100.97,100.7,4.35,2.12,12234.23,7005.71,166259.35,134705.86,18376.05,9219.78,5833.88,56515.52,67078.51
2026-11-23,Central,In-Store,Sports,Email,42324.2,2904,1451,3400,23411,1451,10135,6192,11677.11,19254.95,30647.09,43926.27,5977,43138.5,39988.31,42324.2,5371,5411,335,295,3683.28,29.17,4.11,4.75,14419.82,3392.62,42324.2,32891.18,46567.11,18062.67,20109.53,61898.88,97917.19
2026-12-06,East,In-Store,Home,Email,51204.92,4816,976,3052,24702,976,18397,8311,26490.73,42194.77,24714.19,29273.42,5966,52715.52,49920.72,51204.92,5002,5257,294,39,6638.01,52.46,5.65,2.76,14889.5,5769.53,51204.92,31795.4,17143.45,12750.28,13919.27,22273.18,52595.03
2026-12-23,East,In-Store,Home,Organic Search,77455.69,5538,1354,3772,32523,1354,18849,7306,30134.41,59678.83,47321.28,74322.55,4934,78065.51,72666.59,77455.69,2757,2770,238,225,7206.07,57.21,7.68,4.6,13880.17,5969.67,77455.69,63533.74,13700.3,10251.59,20146.7,9758.14,66395.35
2025-01-09,Central,In-Store,Apparel,Email,175055.49,5713,979,1366,12998,979,6817,2226,87494.61,75265.73,87560.88,119363.04,2157,176637.67,164567.16,175055.49,5959,6127,471,303,6548.19,178.81,3.16,3.23,7308.6,2585.17,175055.49,164851.1,15432.58,4040.44,23360.35,34993.25,78642.28
2025-01-10,East,In-Store,Home,Email,125715.48,2900,2096,2334,46839,2096,32686,17468,52735.21,94905.85,72980.27,112043.78,4771,127699.96,126762.25,125715.48,4344,4115,82,311,4747.61,59.98,6.09,1.88,25156.05,5371.27,125715.48,77535.62,33562.92,2468.01,24743.36,66836.0,94387.42
2025-01-11,Central,In-Store,Home,Paid Search,82837.59,5979,1969,3803,33637,1969,24841,10766,30201.65,35746.22,52635.94,69685.75,7360,84489.5,77999.36,82837.59,7048,7088,373,333,10538.62,42.07,1.79,1.12,5953.44,1131.69,82837.59,50879.01,32854.32,13861.31,2276.81,11990.36,69898.16
2025-01-26,Central,In-Store,Electronics,Paid Search,110606.35,3575,1443,2353,23536,1443,10773,6738,29709.94,78551.07,80896.41,93910.17,5024,112079.27,110039.3,110606.35,7552,7469,20,103,9004.05,76.65,6.38,4.89,3283.76,1629.68,110606.35,79232.24,20018.79,13932.86,14336.6,56970.28,76461.3
2025-01-31,East,In-Store,Home,Paid Search,138236.85,2930,1175,3344,57139,1175,44548,20494,74397.32,93373.22,63839.53,76168.04,5315,140013.78,129660.25,138236.85,5579,5565,380,394,5910.27,117.65,3.98,1.64,35599.28,6599.15,138236.85,94696.87,40741.71,6745.36,7478.64,60391.22,77816.12
2025-02-06,East,In-Store,Electronics,Social,176004.39,3462,1165,3357,44994,1165,41629,17718,89644.55,123261.54,86359.84,120836.28,5965,180594.58,174099.22,176004.39,6968,7051,120,37,1531.97,151.08,2.02,2.88,30634.67,7057.82,176004.39,131093.17,26657.48,1057.61,14564.56,39596.44,78530.53
2025-02-08,Central,In-Store,Sports,Direct,156119.81,5671,1179,1383,46874,1179,33034,17499,76244.2,97903.72,79875.61,97308.76,3355,156350.56,154056.83,156119.81,4130,4282,255,103,14861.9,132.42,6.21,3.1,3123.88,939.36,156119.81,100649.88,34581.42,8753.0,5865.5,18081.93,78392.55
2025-02-11,Central,In-Store,Electronics,Social,78588.53,3227,93,265,1755,93,1746,355,27462.92,64344.18,51125.61,70589.72,370,79442.22,78691.64,78588.53,2727,2898,322,151,10482.14,845.04,3.31,1.84,5300.12,2733.71,78588.53,48871.37,53433.34,7064.63,8329.49,28165.86,90004.38
2025-02-16,East,In-Store,Home,Direct,17531.07,5025,1886,5462,30285,1886,25434,5606,6544.35,14325.96,10986.72,13300.09,12981,17859.6,16667.37,17531.07,8607,8805,317,119,6219.91,9.3,7.16,3.41,6928.74,4324.49,17531.07,12978.43,30749.16,14280.53,11157.62,10406.29,60177.34
2025-02-19,Central,In-Store,Apparel,Email,143281.48,4719,2072,3087,27093,2072,19282,5147,74863.37,71648.31,68418.11,90823.54,6545,146681.19,144394.16,143281.48,5902,5886,352,368,11310.99,69.15,3.62,1.04,3073.69,599.44,143281.48,98406.26,31271.8,669.6,19255.76,10247.24,78444.22
2025-03-10,East,In-Store,Sports,Email,47915.75,4452,2055,5812,42994,2055,22028,11661,22012.02,23594.71,25903.73,34247.82,12432,48981.44,46384.53,47915.75,5803,5877,435,361,3693.32,23.32,7.17,2.12,16681.78,6008.02,47915.75,28803.1,21259.83,14994.96,4809.54,44793.58,51338.68
2025-03-15,East,In-Store,Sports,Social,153231.63,5418,1763,4766,31459,1763,21069,3460,59651.84,100277.58,93579.79,144907.12,10216,154819.7,153807.9,153231.63,8273,8533,357,97,4076.41,86.92,3.47,2.0,42437.27,7960.8,153231.63,141934.59,32067.16,5556.73,5058.76,39187.09,86154.79
2025-03-20,Central,In-Store,Beauty,Email,48992.33,4849,918,2388,37080,918,27431,6316,19249.12,29015.27,29743.21,44858.42,4342,50104.04,49985.85,48992.33,2576,2986,434,24,13124.44,53.37,7.1,3.26,24528.6,4524.43,48992.33,36037.81,57850.32,2322.3,2761.62,67360.2,76391.77
2025-04-10,Central,In-Store,Beauty,Direct,16106.03,4454,740,1682,11396,740,7850,1394,4482.66,11635.51,11623.37,10121.89,2604,16331.59,15265.66,16106.03,7989,7917,46,118,4600.72,21.76,4.49,4.66,20757.87,4396.55,16106.03,10656.81,56996.34,12904.8,10101.33,45348.38,83039.04
2025-04-12,East,In-Store,Apparel,Social,73243.02,1857,1078,2608,15965,1078,15286,4161,24993.89,63805.94,48249.13,44242.78,6239,75076.23,70355.63,73243.02,8390,8068,60,382,1505.69,67.94,7.67,1.56,17419.04,3173.59,73243.02,51826.54,11214.28,3365.9,20210.72,27221.93,48063.73
2025-06-27,East,In-Store,Apparel,Social,168025.54,5108,120,349,1595,120,1072,536,87870.9,93474.31,80154.64,92433.94,827,169131.19,165814.35,168025.54,8814,8836,134,112,8033.23,1400.21,1.69,3.47,15853.99,7630.4,168025.54,117905.08,43259.94,17193.39,22004.18,47855.84,110187.69
2025-07-12,Central,In-Store,Beauty,Email,18946.45,3900,613,1770,16172,613,9190,4145,5517.47,10275.71,13428.98,14603.55,3952,19073.78,18647.42,18946.45,5550,5431,237,356,14659.02,30.91,3.55,2.42,6516.51,1868.94,18946.45,11416.08,24601.69,18060.01,14082.67,56417.44,61125.43
2025-07-13,East,In-Store,Beauty,Organic Search,28661.5,2189,397,845,6795,397,5789,1216,7385.77,21846.51,21275.73,18511.02,1090,29109.9,26858.03,28661.5,3021,2833,193,381,4394.97,72.2,3.7,1.89,7138.66,2195.95,28661.5,19619.24,10515.05,11850.07,8384.66,28307.19,36303.09
2025-07-15,East,In-Store,Sports,Organic Search,46963.56,5758,2153,4639,55205,2153,37825,6536,24711.22,41929.69,22252.34,29036.43,10415,47633.3,44519.71,46963.56,4432,4246,71,257,7322.89,21.81,3.93,2.56,15298.96,3685.52,46963.56,36139.44,14517.52,7830.06,21722.2,31501.1,52780.71
2025-07-19,Central,In-Store,Apparel,Email,97506.97,5843,658,1511,13881,658,6191,3632,29703.33,86992.39,67803.64,94433.83,3393,98876.77,98018.42,97506.97,2558,2887,401,72,3226.07,148.19,3.33,4.18,15346.27,3591.18,97506.97,85465.2,37633.77,80.02,13655.48,50115.48,79699.42
2025-07-23,Central,In-Store,Apparel,Direct,29602.28,3725,450,1013,6504,450,3819,1843,13232.37,18684.48,16369.91,15273.21,2354,29967.24,29827.27,29602.28,4260,4290,320,290,10925.18,65.78,2.94,2.08,8554.43,3047.23,29602.28,27611.03,15637.78,18003.68,10689.68,63895.14,48913.1
2025-07-29,Central,In-Store,Apparel,Organic Search,27905.39,3101,676,944,17212,676,12692,6390,10157.61,20289.26,17747.78,26859.89,1442,28544.37,27057.46,27905.39,2432,2504,404,332,10454.78,41.28,6.74,4.13,3766.08,1723.19,27905.39,17038.46,19637.93,11027.65,2951.18,48228.7,41674.73
2025-08-02,Central,In-Store,Sports,Paid Search,68890.57,2566,1128,1638,22960,1128,21387,4370,23712.66,55822.99,45177.91,56254.94,4022,69055.01,64139.27,68890.57,2030,1850,36,216,4642.56,61.07,3.36,2.4,17943.26,4487.92,68890.57,41929.25,42160.72,4279.43,19408.82,47401.94,82725.45
2025-08-03,Central,In-Store,Sports,Organic Search,164876.75,2547,2148,3804,38081,2148,33535,12353,88041.99,139752.68,76834.76,111195.0,5630,165964.74,158765.99,164876.75,8707,9154,477,30,5583.87,76.76,7.03,4.44,6165.34,3657.32,164876.75,130603.76,27441.63,2641.74,11801.96,58297.33,75243.83
2025-08-10,Central,In-Store,Apparel,Social,45680.29,4723,743,1692,13818,743,8194,4425,20477.86,34656.59,25202.43,30006.03,2537,45909.11,45303.76,45680.29,7759,8134,457,82,13799.15,61.48,2.9,1.14,8370.32,1592.12,45680.29,39146.63,34266.09,19512.0,7803.3,29554.77,70583.2
2025-08-14,East,In-Store,Beauty,Direct,83267.85,4077,181,416,4614,181,2695,508,44363.93,49197.66,38903.92,41635.95,792,85397.75,79417.55,83267.85,3733,3667,138,204,13125.23,460.04,7.64,1.61,3378.4,996.72,83267.85,70774.83,11294.86,3633.34,4330.88,12564.16,31749.86
2025-09-01,Central,In-Store,Apparel,Social,135552.94,1943,604,919,15132,604,14577,5087,35655.2,116782.65,99897.74,107129.93,1827,138979.05,135135.36,135552.94,3370,3475,238,133,2813.48,224.43,5.7,3.47,39156.76,7187.65,135552.94,88205.93,5811.04,5641.18,2547.99,10423.88,46139.19
2025-09-09,Central,In-Store,Home,Direct,27966.21,4208,2107,5609,30201,2107,13996,10786,14100.54,11825.99,13865.67,16133.18,9797,28150.99,27369.87,27966.21,2058,2268,343,133,9826.69,13.27,3.71,2.67,17274.26,3250.6,27966.21,16944.89,7563.03,14757.57,7355.86,66402.12,34516.41
2025-09-11,Central,In-Store,Apparel,Direct,130074.32,5244,805,1247,17403,805,14560,5189,65274.1,79336.91,64800.22,97221.82,1861,133872.65,133528.08,130074.32,6294,6454,347,187,8431.31,161.58,7.01,1.89,5447.79,2419.39,130074.32,111311.0,16079.29,4589.39,8390.39,63885.87,58225.62
2025-09-14,East,In-Store,Sports,Paid Search,116108.82,3308,126,178,2640,126,2443,356,45079.41,55090.29,71029.41,62153.62,368,117720.2,112847.73,116108.82,4238,3976,43,305,12896.75,921.5,2.82,3.1,23020.47,7325.18,116108.82,80152.33,47986.24,10206.16,20795.75,54502.38,97634.24
2025-09-24,East,In-Store,Electronics,Organic Search,111262.24,4033,809,974,12406,809,9395,2266,50290.55,84991.17,60971.69,81114.85,1828,112048.52,104423.2,111262.24,5557,5722,474,309,10742.43,137.53,5.04,4.24,12152.52,5684.71,111262.24,72591.99,38276.24,17766.7,18253.27,21963.24,98630.67
2025-09-28,East,In-Store,Home,Direct,103318.65,4621,816,2374,11842,816,8931,2795,38719.01,72990.75,64599.64,69997.87,3908,104099.34,103366.33,103318.65,8974,9256,482,200,10770.88,126.62,5.43,3.53,4291.04,1501.53,103318.65,91653.59,41311.12,13457.85,11347.51,16265.97,87115.84
2025-10-05,Central,In-Store,Apparel,Email,174892.58,2427,1130,2704,43795,1130,27252,11084,61574.76,135350.98,113317.82,149506.38,6589,175287.25,163043.12,174892.58,7500,7472,113,141,11764.62,154.77,5.03,2.24,4074.84,1030.41,174892.58,111760.61,11022.86,16972.64,13471.85,51103.53,86319.26
2025-10-11,Central,In-Store,Beauty,Organic Search,176761.11,2324,279,398,4051,279,2899,755,67532.47,84089.65,109228.64,127659.74,955,179894.3,176912.58,176761.11,7468,7551,217,134,8195.26,633.55,4.36,1.42,4174.18,1216.83,176761.11,122376.22,32941.52,2680.14,3044.63,61327.23,76964.21
2025-10-23,East,In-Store,Home,Email,91432.62,2759,1044,1702,52044,1044,45095,9736,39061.18,69656.7,52371.44,81679.93,3483,93208.51,89824.83,91432.62,2675,2795,370,250,10846.28,87.58,4.7,2.33,9872.03,3884.35,91432.62,82488.38,25201.32,1759.59,19969.82,36786.6,71434.71
2025-10-24,East,In-Store,Sports,Organic Search,76482.49,5216,777,1351,18168,777,11410,6537,24807.72,36641.56,51674.77,79169.02,2413,78133.49,73396.23,76482.49,2267,2208,25,84,4528.5,98.43,4.19,2.06,5475.02,1048.77,76482.49,60712.83,25033.0,9861.37,11506.39,26429.08,70151.47
2025-11-03,East,In-Store,Apparel,Direct,91258.51,2930,764,1715,12090,764,5317,4233,41518.93,42696.7,49739.58,62271.53,2823,91550.29,85707.67,91258.51,5375,5760,430,45,5463.11,119.45,7.46,2.35,20652.93,5801.8,91258.51,84936.12,18697.1,1583.69,6491.65,50162.14,45453.9
2025-11-12,East,In-Store,Apparel,Organic Search,29346.6,4902,931,1141,12313,931,9004,2688,10493.03,25442.5,18853.57,17128.43,1910,30176.75,29919.04,29346.6,6044,5859,26,211,4157.76,31.52,7.19,1.02,5085.62,1935.29,29346.6,18487.64,49644.92,7516.26,8080.27,67982.89,70379.98
2025-11-17,Central,In-Store,Home,Paid Search,36223.97,1725,1572,4314,30178,1572,21558,7239,15775.91,19667.75,20448.06,19736.48,6572,36392.54,36007.19,36223.97,2587,2452,149,284,7972.76,23.04,6.16,1.87,880.1,513.08,36223.97,34325.18,48235.21,9361.77,8161.48,26756.37,71679.4
2025-11-20,East,In-Store,Electronics,Email,33450.94,1966,138,226,1859,138,1228,603,13252.18,19964.2,20198.76,18185.97,302,34397.67,33287.06,33450.94,4812,4739,282,355,1995.86,242.4,4.97,3.71,26434.51,5753.95,33450.94,21200.73,47202.31,8625.35,12410.05,61589.55,73693.5
2025-12-02,East,In-Store,Electronics,Direct,44118.01,3876,1723,4993,30095,1723,27831,10849,17072.17,18706.23,27045.84,31808.82,12192,44738.06,44670.15,44118.01,4252,4145,152,259,3568.44,25.61,5.59,2.15,22522.73,4965.63,44118.01,28795.86,41951.39,3586.83,20267.98,51446.84,75348.85
2025-12-06,East,In-Store,Sports,Organic Search,170341.96,4086,1502,3445,59644,1502,50599,19779,53112.67,147308.91,117229.29,99763.34,8242,172808.33,169091.11,170341.96,8093,7992,131,232,9620.13,113.41,7.03,2.54,10592.75,6605.08,170341.96,117294.39,12783.93,11992.63,17458.84,44951.91,72164.4
2025-12-09,Central,In-Store,Sports,Social,92156.01,5480,372,519,5995,372,3035,1326,33585.45,71590.44,58570.56,64462.66,633,92536.5,85600.74,92156.01,4513,4463,320,370,3905.36,247.73,4.96,2.85,8604.68,2316.25,92156.01,71559.93,29587.04,7704.9,4136.05,24592.71,60766.79
2025-12-11,East,In-Store,Apparel,Direct,88719.04,4706,121,377,5162,121,3668,1805,41094.69,49406.22,47624.35,61715.15,724,88878.85,83606.23,88719.04,2940,3007,168,101,4545.25,733.22,6.28,2.43,7677.4,1988.54,88719.04,83722.09,46590.87,5915.75,5163.96,53533.54,76185.12
2025-12-20,Central,In-Store,Beauty,Email,174156.66,5297,883,1265,14546,883,13242,1480,74195.63,83301.87,99961.03,141066.65,2120,175871.17,175810.08,174156.66,6762,6875,172,59,13976.0,197.23,6.43,2.99,5706.3,3023.92,174156.66,116457.74,18497.92,19019.56,4633.95,13725.79,84471.42
2025-12-23,East,In-Store,Home,Email,110606.3,3375,1914,2749,69081,1914,32665,7596,56990.51,78397.7,53615.79,62542.17,4956,112525.76,106316.59,110606.3,3957,4280,412,89,7426.76,57.79,7.2,3.8,12061.39,4379.6,110606.3,68641.7,41169.54,18711.83,7653.02,55439.5,86297.04
2026-01-01,East,In-Store,Electronics,Paid Search,168457.97,3101,627,957,11038,627,8780,2666,76331.0,131297.36,92126.97,112899.22,1231,171729.3,171721.85,168457.97,3177,2943,99,333,7320.43,268.67,7.13,1.64,3864.24,788.96,168457.97,113740.54,56392.9,18619.93,7186.81,12849.79,116069.41
2026-01-05,East,In-Store,Apparel,Paid Search,169464.45,5013,1488,2352,40470,1488,26075,14305,57494.62,150899.5,111969.83,133762.6,5210,169903.8,168932.91,169464.45,4138,4172,199,165,8122.8,113.89,4.26,4.99,15029.82,4354.05,169464.45,152363.09,29692.36,12607.11,2642.81,32296.48,85071.06
2026-01-15,East,In-Store,Sports,Social,99598.5,5765,1135,2621,15701,1135,13065,4271,43958.61,48542.25,55639.89,51193.71,4458,99973.98,94775.19,99598.5,3443,3645,269,67,10380.4,87.75,2.39,2.68,13531.76,2461.51,99598.5,64799.65,17409.85,15039.49,5152.85,30872.91,52960.3
2026-02-04,East,In-Store,Apparel,Direct,156443.01,1779,693,2012,10205,693,10050,3047,66551.51,138509.07,89891.5,133810.47,4817,159359.49,149186.05,156443.01,3303,3410,132,25,9480.42,225.75,2.98,2.96,25136.64,4770.59,156443.01,115092.88,8443.72,5921.07,23365.38,29302.93,77873.31
2026-02-27,Central,In-Store,Apparel,Paid Search,167588.74,5788,1827,2636,31673,1827,26062,11450,85406.0,126565.56,82182.74,66070.86,6111,168437.69,164337.42,167588.74,6424,6181,151,394,12742.43,91.73,7.65,1.03,13630.72,4454.9,167588.74,159089.93,30590.39,15786.92,18361.85,30006.95,84560.42
2026-03-28,Central,In-Store,Sports,Email,117416.17,5667,2043,6333,45387,2043,32402,12302,29907.5,48886.7,87508.67,122272.83,11888,119487.56,114361.67,117416.17,6845,6813,117,149,10298.88,57.47,4.45,1.86,17002.46,4112.2,117416.17,70564.25,26656.55,19506.41,15679.95,24675.48,98524.76
2026-04-01,Central,In-Store,Beauty,Social,89587.75,5255,703,782,9996,703,8370,3937,38342.27,72350.77,51245.48,79665.29,1636,92261.11,89773.32,89587.75,8409,8579,387,217,7852.22,127.44,3.27,2.37,7614.28,2797.01,89587.75,75911.41,9744.48,1566.37,5808.92,22075.62,41019.36
2026-04-06,East,In-Store,Home,Paid Search,72196.72,5166,1217,1408,15446,1217,6510,3348,21426.59,45414.53,50770.13,42831.32,2671,74013.54,71374.61,72196.72,5457,5414,157,200,7691.86,59.32,4.7,4.55,10695.56,3568.22,72196.72,43521.18,29299.85,4381.73,6872.75,22109.99,53403.73
2026-04-07,Central,In-Store,Sports,Paid Search,138669.73,3774,1527,4612,30899,1527,13591,11080,61395.64,89945.16,77274.09,99740.84,9428,138897.65,133420.47,138669.73,5626,5572,345,399,5924.77,90.81,5.71,1.75,20623.26,3979.46,138669.73,99127.08,40739.31,1870.47,24754.23,30033.45,97286.26
2026-05-04,Central,In-Store,Electronics,Paid Search,150222.3,3423,1597,2478,44094,1597,39727,15571,52468.15,87425.13,97754.15,84050.48,5563,154626.4,149533.86,150222.3,3666,3876,283,73,3591.52,94.07,2.63,4.62,4270.69,940.82,150222.3,121152.1,17359.22,1738.0,11709.78,59340.63,56022.14
2026-05-07,East,In-Store,Apparel,Paid Search,32661.27,3849,770,1126,9700,770,7524,3343,16620.34,19423.05,16040.93,24948.53,1679,33083.61,32335.27,32661.27,5099,5153,318,264,10060.32,42.42,5.37,3.32,24620.1,4912.02,32661.27,30953.99,56567.73,4934.94,16989.79,30184.7,85977.02
2026-05-10,East,In-Store,Home,Direct,119261.47,2167,1060,3275,16518,1060,15310,6343,33558.51,83327.35,85702.96,111902.44,7453,119346.61,113051.91,119261.47,2954,3336,419,37,9241.41,112.51,7.33,3.29,16384.37,6949.89,119261.47,75817.47,50586.43,10218.87,19675.08,58247.87,114051.11
2026-05-16,Central,In-Store,Beauty,Paid Search,130883.64,2665,283,879,10479,283,4973,1959,63901.16,80882.25,66982.48,60246.62,1444,133972.06,126147.47,130883.64,5903,6012,371,262,11211.46,462.49,5.73,4.55,34116.94,6794.03,130883.64,87556.77,50054.01,3826.19,23306.63,27038.0,95260.82
2026-05-23,Central,In-Store,Beauty,Paid Search,90933.74,1984,702,2034,18636,702,13942,6938,38585.09,67126.07,52348.65,76761.92,4282,92527.75,90240.75,90933.74,5865,5929,94,30,9654.87,129.54,4.16,4.88,31051.94,7490.39,90933.74,81925.5,45316.97,18828.61,14407.62,37474.11,101581.78
2026-06-06,East,In-Store,Beauty,Direct,154288.91,5931,1316,1518,30214,1316,13795,10671,49950.67,106571.04,104338.24,101555.12,3500,156338.19,153405.23,154288.91,6635,6596,247,286,11292.59,117.24,3.7,1.64,35883.01,7615.18,154288.91,142021.2,52646.48,14958.76,5502.86,24729.22,103574.64
2026-06-10,Central,In-Store,Sports,Social,148808.64,3819,1946,2501,40982,1946,35166,5375,41156.52,90258.51,107652.12,113255.7,3043,152070.46,148888.92,148808.64,4755,4841,178,92,11753.25,76.47,5.72,1.87,26654.34,6311.56,148808.64,117964.9,24334.82,6328.66,7063.41,36626.43,71703.6
2026-06-17,Central,In-Store,Sports,Organic Search,29254.27,5276,1100,2526,48972,1100,25471,13108,15611.45,16841.38,13642.82,16195.2,5955,29394.15,29073.71,29254.27,2731,2614,48,165,10938.5,26.59,7.42,3.09,8856.79,2917.81,29254.27,23943.59,26871.8,13474.27,12494.27,63790.02,57698.9
2026-06-20,East,In-Store,Sports,Direct,176495.85,3993,2032,6124,56001,2032,48987,10405,71161.23,79883.58,105334.62,144318.33,10543,176633.82,170470.86,176495.85,7324,7509,303,118,14067.12,86.86,6.78,4.03,16458.56,3681.75,176495.85,144305.62,6828.68,8059.04,21327.12,9228.71,79510.34
2026-06-26,Central,In-Store,Electronics,Paid Search,83817.19,5174,1569,3901,60011,1569,41992,13697,45417.49,68799.28,38399.7,45533.24,4709,86205.58,81262.18,83817.19,4950,5048,298,200,5318.4,53.42,1.64,4.25,16120.19,3337.98,83817.19,53836.34,58321.9,7277.61,21118.76,49184.9,100378.24
2026-06-28,Central,In-Store,Beauty,Direct,62194.25,4423,2000,2619,26852,2000,20264,4419,22697.83,35924.53,39496.42,49032.13,4458,63994.18,60974.76,62194.25,5746,5951,447,242,7068.96,31.1,2.52,1.38,8669.29,2873.56,62194.25,39627.38,32668.4,5037.68,15291.63,37239.05,67707.35
2026-06-30,Central,In-Store,Electronics,Organic Search,135488.96,5440,1764,4980,27118,1764,25370,9811,60797.35,84499.07,74691.61,60568.23,7466,137492.1,127228.77,135488.96,3830,3879,263,214,3947.13,76.81,7.13,4.15,1437.19,506.64,135488.96,96428.39,8680.11,2244.03,13080.54,16766.1,42175.15
2026-07-15,East,In-Store,Electronics,Direct,20365.85,5905,180,220,2850,180,1899,1061,7375.12,15830.83,12990.73,12397.92,484,20967.84,20307.02,20365.85,4168,4194,361,335,6653.04,113.14,7.49,4.61,29544.01,7719.54,20365.85,14780.31,54543.99,15597.4,4573.68,51645.63,78434.45
2026-07-23,East,In-Store,Beauty,Direct,12924.8,5042,1179,2461,49727,1179,45879,6158,4154.86,8149.04,8769.94,10693.0,5046,12952.71,12806.44,12924.8,5003,5025,256,234,11030.27,10.96,6.82,3.38,12126.91,3739.19,12924.8,9364.52,17305.93,15707.66,6178.28,68389.8,42399.77
2026-07-28,Central,In-Store,Electronics,Email,64861.43,2302,1629,3871,40063,1629,31253,7265,30401.67,53890.96,34459.76,48241.79,9094,65063.53,60082.42,64861.43,6168,6302,295,161,3138.01,39.82,5.47,4.86,8520.74,3365.69,64861.43,61182.66,55104.19,4475.74,5597.39,31465.56,79649.86
2026-07-30,Central,In-Store,Sports,Direct,109333.97,5151,1686,3961,72633,1686,58008,15056,38409.28,67443.58,70924.69,84602.28,5503,111876.9,104572.74,109333.97,4198,4238,207,167,9616.51,64.85,3.02,4.0,23063.79,4517.08,109333.97,94893.14,12610.2,523.95,4610.99,48891.58,43125.82
2026-08-02,Central,In-Store,Electronics,Email,135941.66,1817,1665,2962,50672,1665,33508,17722,60759.67,116854.98,75181.99,83971.04,6206,136436.34,135693.25,135941.66,6882,6877,109,114,14908.37,81.65,7.06,1.82,30030.61,5812.46,135941.66,109296.14,47138.43,11018.53,24634.73,61040.85,107983.0
2026-08-04,East,In-Store,Apparel,Paid Search,82975.86,5796,924,2435,13211,924,9208,1893,29052.02,68876.96,53923.84,77201.36,6063,83774.3,81753.73,82975.86,4102,4414,355,43,4429.63,89.8,6.64,1.1,9273.09,3708.19,82975.86,53160.26,7241.5,18204.49,12679.82,36919.14,61286.22
2026-08-07,Central,In-Store,Sports,Organic Search,148135.91,4257,521,1409,23590,521,10674,4005,70464.18,132556.51,77671.73,69779.07,2432,148629.28,137501.81,148135.91,5093,5025,210,278,12314.7,284.33,5.89,2.77,14124.85,3832.66,148135.91,139941.11,59723.17,3568.71,18209.27,37906.93,102434.87
2026-08-13,East,In-Store,Beauty,Email,21383.0,3465,1897,5606,23891,1897,13522,8531,7834.49,13337.27,13548.51,16194.41,11647,21925.11,20315.68,21383.0,5593,5671,381,303,14308.64,11.27,3.5,3.18,8305.62,1624.81,21383.0,17359.2,56949.42,12881.91,5672.92,37575.9,80362.57
2026-08-18,East,In-Store,Apparel,Organic Search,174647.58,4112,273,541,3826,273,3003,867,86698.15,145091.5,87949.43,125196.16,1085,174901.32,164608.23,174647.58,7643,7638,53,58,4492.01,639.73,2.67,4.44,30290.9,6352.22,174647.58,134379.08,51063.37,1649.92,21314.6,21515.85,111586.74
2026-09-11,Central,In-Store,Sports,Social,54787.64,2217,2103,3692,46674,2103,43086,13196,18565.97,41646.64,36221.67,36530.81,7873,55933.06,54324.76,54787.64,8479,8470,253,262,8605.18,26.05,5.51,3.73,14765.51,3355.75,54787.64,35980.76,40612.54,19773.77,17565.18,24654.48,88910.73
2026-09-12,East,In-Store,Sports,Direct,45940.1,4502,1797,5561,60582,1797,45298,8788,19646.35,28396.15,26293.75,30652.77,9809,46981.69,46448.44,45940.1,7324,7330,177,171,4515.18,25.56,6.89,3.58,30555.54,6236.81,45940.1,43581.04,6689.19,2839.1,21401.34,26857.52,40125.46
2026-09-14,East,In-Store,Home,Paid Search,168974.13,3367,1032,1622,19108,1032,17330,3405,61614.54,69091.2,107359.59,124854.04,2496,171296.96,163081.4,168974.13,6919,6964,439,394,4054.83,163.73,7.19,2.93,25562.03,5604.47,168974.13,112251.67,23748.66,5629.88,9239.03,8871.11,76073.78
2026-09-18,East,In-Store,Sports,Email,10833.39,5467,360,940,14275,360,8450,4789,5380.01,8431.71,5453.38,7134.41,1614,10926.51,10697.43,10833.39,2741,3092,378,27,3595.95,30.09,4.14,3.98,26604.48,5617.91,10833.39,10133.96,13953.52,18083.97,13958.3,43481.03,48136.11
2026-09-21,Central,In-Store,Beauty,Organic Search,86463.06,5010,875,2718,18304,875,17239,7098,32885.56,39242.7,53577.5,68007.57,5732,88662.56,86859.86,86463.06,7072,7214,476,334,2047.48,98.81,6.17,2.23,5386.38,1158.2,86463.06,78259.77,14224.37,2264.24,13450.76,8792.5,50341.64
2026-10-13,Central,In-Store,Sports,Paid Search,123963.34,4208,2011,2755,75567,2011,53711,21385,67076.51,90709.05,56886.83,58979.35,3954,125107.41,124783.72,123963.34,2716,2819,395,292,10036.38,61.64,7.01,4.31,8293.19,1590.67,123963.34,116198.58,54830.46,11935.95,8198.18,48117.94,92658.39
2026-11-09,East,In-Store,Sports,Social,109902.39,4209,1206,2928,31518,1206,21975,6921,45832.39,54157.95,64070.0,69103.68,6809,112409.48,109765.71,109902.39,3220,3500,376,96,4025.84,91.13,1.56,3.96,3083.63,752.04,109902.39,85353.07,22334.92,7069.39,9506.77,68020.42,59642.18
2026-11-12,Central,In-Store,Sports,Social,72859.53,4105,464,1128,22882,464,19898,2868,33482.03,47167.52,39377.5,46611.9,2662,73177.13,68785.96,72859.53,7480,7337,65,208,13679.06,157.02,4.1,4.39,3787.56,1973.81,72859.53,64664.28,15494.6,19005.14,3541.47,40886.12,52024.78
2026-11-20,Central,In-Store,Apparel,Paid Search,75609.13,2343,2138,5346,29275,2138,15671,11303,21652.24,45130.17,53956.89,82271.07,8307,76630.19,73292.64,75609.13,4630,4592,84,122,2693.95,35.36,4.43,2.25,27965.34,5218.47,75609.13,51967.47,11744.21,13244.49,15325.57,11315.78,64995.59
2026-11-22,Central,In-Store,Home,Social,126866.68,3713,196,477,3700,196,1508,1032,67456.76,78958.33,59409.92,60567.29,831,127837.9,125206.94,126866.68,4273,4407,310,176,5208.82,647.28,1.63,2.29,2646.21,1730.27,126866.68,101190.72,59470.03,12664.51,7324.45,66672.23,97629.18
2026-11-27,Central,In-Store,Electronics,Direct,120934.71,2783,499,733,6576,499,3701,1674,56669.06,58831.77,64265.65,82036.42,1494,122578.6,121171.87,120934.71,2389,2558,182,13,8022.74,242.35,2.3,3.9,1373.58,729.56,120934.71,101442.21,48670.61,1810.01,22620.33,50533.09,97711.88
2026-11-28,East,In-Store,Home,Direct,94433.19,1778,208,308,4642,208,3420,842,32824.76,72350.49,61608.43,70309.64,503,96199.27,92408.87,94433.19,6930,6733,91,288,7062.16,454.01,6.71,3.72,11874.09,2782.55,94433.19,83543.57,44487.05,5887.16,11093.98,9449.38,82561.08
2026-12-01,East,In-Store,Home,Direct,121704.48,4808,1982,4704,25053,1982,10664,9134,46061.74,67034.04,75642.74,90110.67,6526,124580.5,119429.35,121704.48,6674,6951,471,194,14949.82,61.4,4.0,1.94,12830.03,3752.44,121704.48,111622.81,36309.83,3963.47,2828.58,53091.09,70135.08
2026-12-17,East,In-Store,Sports,Email,123707.49,4429,1306,2365,17546,1306,9043,6986,39746.7,52000.09,83960.79,109774.61,5182,123821.02,119346.69,123707.49,5134,5086,163,211,7063.04,94.72,2.33,4.14,32964.2,7108.31,123707.49,100707.64,55336.86,16100.16,4012.61,63307.24,108382.01
2026-12-20,Central,In-Store,Electronics,Social,135288.19,1818,1957,4904,24797,1957,11604,2512,55563.0,118491.41,79725.19,92277.06,10369,135615.02,133410.73,135288.19,8625,8515,143,253,12617.47,69.13,4.13,2.82,4392.49,927.79,135288.19,96596.38,41030.03,14066.26,3709.73,51706.47,86489.14
2025-01-07,Central,In-Store,Home,Social,50138.88,1896,1628,4079,49245,1628,23416,14510,26568.07,30873.06,23570.81,36040.91,6590,51635.4,51343.01,50138.88,7869,7956,125,38,2273.78,30.8,3.86,2.24,8644.17,1949.66,50138.88,40112.02,12626.86,8148.56,9532.77,48698.03,41120.46
2025-01-22,Central,In-Store,Beauty,Organic Search,38837.34,2262,2020,2670,26805,2020,21551,7474,16598.54,29341.89,22238.8,32318.55,5375,39881.52,36885.34,38837.34,7856,7949,241,148,11231.75,19.23,1.84,1.48,14627.44,6657.83,38837.34,24961.09,51161.02,17674.54,17653.49,26937.8,96184.62
2025-02-05,Central,In-Store,Sports,Organic Search,23549.22,3428,2183,6037,28064,2183,18206,3724,10244.23,10986.32,13304.99,17458.25,14282,24020.37,23409.35,23549.22,7611,7895,399,115,4798.13,10.79,3.31,1.66,17165.38,5527.11,23549.22,16044.1,15580.2,123.94,2857.53,22540.14,23799.15
2025-02-16,Central,In-Store,Apparel,Organic Search,162152.23,4113,1646,2995,21779,1646,13833,5046,85741.89,108481.18,76410.34,112311.67,6407,163597.07,162564.39,162152.23,2182,2232,125,75,14727.66,98.51,1.58,1.66,1826.86,1020.48,162152.23,139753.11,51080.44,16619.07,12166.77,49773.28,113559.78
2025-02-21,Central,In-Store,Beauty,Email,149576.35,3585,1191,2232,22114,1191,11192,4408,41082.9,112353.41,108493.45,157641.81,3924,150010.73,145152.38,149576.35,8550,8475,132,207,8655.69,125.59,7.33,3.07,10117.39,2157.97,149576.35,122255.98,40267.24,612.58,23109.63,45693.46,111281.99
2025-02-28,East,In-Store,Beauty,Paid Search,81011.37,5549,353,730,13120,353,11627,3925,25184.18,52686.25,55827.19,76640.01,1716,81419.52,78698.91,81011.37,6522,6674,438,286,9879.66,229.49,6.24,3.89,1342.71,671.64,81011.37,51306.2,38811.97,4744.44,11927.97,8338.76,78476.38
2025-04-29,East,In-Store,Electronics,Direct,173665.48,5354,303,724,4697,303,4119,1767,82355.15,97752.79,91310.33,101301.2,960,177830.79,164831.23,173665.48,6080,6497,473,56,12880.66,573.15,1.64,3.19,10295.61,4884.15,173665.48,152672.85,56058.82,2906.59,8620.26,49252.71,97976.03
2025-05-04,East,In-Store,Beauty,Email,75570.94,5433,2131,3791,71853,2131,61055,18266,27594.9,40619.35,47976.04,50786.39,8852,76380.86,72438.4,75570.94,7529,7448,184,265,10682.96,35.46,5.27,2.74,2652.03,549.71,75570.94,68755.33,11997.59,6395.0,19614.66,36447.84,53243.17
2025-05-15,East,In-Store,Electronics,Organic Search,22611.11,3308,405,647,19034,405,17185,3508,7158.75,19334.6,15452.36,13579.97,1204,23194.71,21512.57,22611.11,5133,5061,93,165,2673.16,55.83,7.18,3.19,22226.21,5209.26,22611.11,18995.95,58652.54,9807.2,5843.61,17862.88,78377.34
2025-05-29,Central,In-Store,Apparel,Social,58550.12,4443,2151,2716,85424,2151,64892,12878,15883.01,49715.37,42667.11,54406.89,4090,58959.86,55473.91,58550.12,4433,4568,168,33,13223.0,27.22,2.62,4.51,3716.75,743.02,58550.12,49754.12,36183.03,11343.74,20267.18,18429.69,84116.02
2025-06-10,East,In-Store,Electronics,Organic Search,94737.33,1561,737,1320,29137,737,17743,7745,40751.42,44113.35,53985.91,49524.96,2630,94957.69,88830.99,94737.33,7002,7200,403,205,8614.03,128.54,1.53,4.45,16107.02,7519.03,94737.33,72492.07,59364.26,12818.59,21346.98,22240.12,108387.32
2025-06-28,East,In-Store,Home,Direct,179914.63,4005,1723,3831,27345,1723,12831,3876,81208.06,154462.66,98706.57,97409.38,8954,180362.09,170999.78,179914.63,5619,5516,175,278,5628.36,104.42,4.93,4.02,6075.75,1730.61,179914.63,157587.25,29173.66,14162.29,22775.73,67759.88,95334.49
2025-07-01,Central,In-Store,Apparel,Paid Search,54011.46,3593,1243,3540,22734,1243,14240,7037,23365.72,42663.29,30645.74,29941.05,5805,54399.02,54356.34,54011.46,5320,5361,66,25,13164.47,43.45,7.5,3.44,20223.45,5140.81,54011.46,42551.05,17970.94,18873.95,11550.01,57034.67,57377.21
2025-07-03,Central,In-Store,Beauty,Direct,96724.2,3693,506,1338,7486,506,5893,1237,36497.62,82361.78,60226.58,80908.0,2601,97171.76,90291.46,96724.2,2299,2537,255,17,4859.43,191.15,2.35,4.21,5686.53,1130.08,96724.2,83716.35,9649.35,882.49,15160.38,42565.63,49964.62
2025-07-21,Central,In-Store,Sports,Email,161769.5,3182,306,656,4461,306,4045,986,74763.27,89618.99,87006.23,115287.76,1460,166603.08,162805.65,161769.5,7956,7863,186,279,3585.64,528.66,7.84,1.52,19888.37,3628.76,161769.5,113608.8,10033.69,163.19,5230.84,15673.46,50014.05
2025-07-28,East,In-Store,Apparel,Organic Search,75794.58,5862,683,1005,15288,683,12451,1915,35691.44,34013.12,40103.14,42920.6,1660,76047.32,75697.21,75794.58,5027,5238,393,182,7615.84,110.97,7.14,1.0,6948.51,1685.55,75794.58,47361.93,19294.09,7181.52,10031.1,32052.9,49382.89
2025-08-02,East,In-Store,Electronics,Paid Search,144856.77,4882,489,1384,14303,489,14196,3304,63842.93,116061.91,81013.84,74508.69,2196,147903.87,138862.22,144856.77,2241,2590,406,57,8067.45,296.23,5.43,2.23,12065.54,3971.08,144856.77,131748.55,57301.49,11244.31,7707.22,14744.44,98605.63
2025-08-07,East,In-Store,Beauty,Paid Search,25785.21,5852,1833,3944,27506,1833,25918,10431,8248.45,13139.57,17536.76,25182.37,8356,26515.4,25865.86,25785.21,7830,7846,316,300,12999.95,14.07,4.96,3.36,5850.66,2171.84,25785.21,19908.49,18855.22,16799.83,5429.85,21309.18,48639.61
2025-08-09,East,In-Store,Sports,Email,102644.85,2034,1377,1710,22297,1377,15878,3988,36877.51,68311.47,65767.34,93637.83,3519,103069.47,101073.97,102644.85,2467,2665,308,110,4899.39,74.54,2.2,1.16,7186.24,1542.91,102644.85,94171.64,18682.94,7760.92,14692.9,27756.1,69228.11
2025-08-23,East,In-Store,Electronics,Email,143547.2,2527,1225,3677,26251,1225,20646,8171,57908.45,121849.06,85638.75,135220.07,4721,147135.21,137035.89,143547.2,3875,3603,60,332,14270.65,117.18,6.06,2.99,3344.66,1174.34,143547.2,105489.4,27837.51,4742.74,7016.74,42204.05,80163.01
2025-08-24,Central,In-Store,Beauty,Paid Search,52768.14,1917,1909,5133,45864,1909,29807,4622,23544.09,37045.47,29224.05,28507.86,10101,53422.35,49743.69,52768.14,2642,2641,77,78,10799.74,27.64,6.37,2.37,15434.6,6222.37,52768.14,33898.41,58806.66,8533.68,16567.54,50325.11,92460.24
2025-09-11,East,In-Store,Home,Email,68620.44,1982,128,359,4686,128,3123,926,19103.95,35534.01,49516.49,61125.79,460,69202.6,63903.48,68620.44,5608,5683,258,183,7880.02,536.1,7.22,2.65,16042.45,5449.52,68620.44,51667.1,16409.01,1750.48,22148.61,62590.12,58645.84
2025-09-12,Central,In-Store,Home,Organic Search,109049.71,4608,1826,2442,36263,1826,34016,9279,48060.9,61665.61,60988.81,93060.18,3746,110584.64,110509.42,109049.71,3186,3128,235,293,11990.77,59.72,1.67,2.46,8496.95,2259.01,109049.71,87593.5,29821.72,12299.15,21050.19,10551.42,91089.11
2025-10-03,East,In-Store,Home,Email,14977.69,3340,1578,2531,56639,1578,50013,19721,7179.82,6301.25,7797.87,6502.37,4248,15292.34,14606.36,14977.69,5916,6106,436,246,13532.87,9.49,3.55,3.96,17848.99,4663.24,14977.69,12537.22,11620.97,4898.3,12057.86,8554.69,30527.84
2025-10-06,Central,In-Store,Electronics,Paid Search,121900.87,3262,259,657,8729,259,5525,958,62134.98,71336.61,59765.89,84748.48,960,125369.67,120861.45,121900.87,4423,4240,184,367,9627.22,470.66,6.45,1.11,17086.97,3404.32,121900.87,104313.38,52619.57,5815.81,18412.68,43276.53,102272.6
2025-10-10,East,In-Store,Beauty,Social,118340.98,3531,1625,3021,48439,1625,19527,8100,34759.62,76811.98,83581.36,127762.75,6165,119186.24,112740.01,118340.98,4882,4691,192,383,1613.2,72.83,6.05,4.36,6506.39,1667.54,118340.98,99786.05,17299.56,132.99,7799.72,41345.1,63561.1
2025-11-13,East,In-Store,Apparel,Email,28820.32,2885,1978,2792,31342,1978,19029,5646,15284.63,22872.14,13535.69,20998.21,5269,29404.4,27081.53,28820.32,8341,8596,297,42,13483.8,14.57,4.68,1.81,2290.87,1032.06,28820.32,20879.44,9454.86,6304.09,17701.7,13116.11,39760.11
2025-11-15,East,In-Store,Beauty,Paid Search,142783.51,4112,1531,3675,20817,1531,17935,4481,37659.93,98662.04,105123.58,130940.29,8093,146952.76,144765.98,142783.51,2166,2370,237,33,6085.83,93.26,4.44,4.43,11355.56,2457.87,142783.51,108421.89,20741.65,16938.9,13639.46,12825.09,90602.1
2025-11-19,Central,In-Store,Home,Paid Search,56604.63,3269,1820,5332,30491,1820,12457,3725,20839.4,38966.37,35765.23,41648.53,9816,57878.97,54082.9,56604.63,6723,6770,146,99,1515.42,31.1,5.74,1.7,22725.91,7358.66,56604.63,47310.01,10785.16,7796.67,3917.88,51817.97,34994.27
2025-12-13,Central,In-Store,Home,Email,176604.39,4167,216,652,9222,216,8143,1592,52530.34,99036.89,124074.05,191442.42,1265,177101.33,168767.87,176604.39,4527,4546,70,51,13483.77,817.61,7.83,2.35,15854.22,6566.58,176604.39,106880.79,25762.74,11955.85,4596.03,28107.87,99747.35
2025-12-15,Central,In-Store,Sports,Email,85443.92,2899,1117,2176,14368,1117,6295,2412,42629.73,73731.65,42814.19,37016.26,4575,88005.61,87812.32,85443.92,3930,3881,121,170,12032.96,76.49,6.89,3.12,2961.89,672.14,85443.92,74181.08,53862.42,9357.72,13094.2,55620.24,87419.22
2025-12-18,East,In-Store,Apparel,Paid Search,151234.87,5230,1640,3539,25366,1640,24285,6837,48206.61,128541.87,103028.26,126156.18,8823,154199.62,147935.12,151234.87,6477,6459,123,141,8167.9,92.22,2.87,3.66,15422.94,2977.55,151234.87,128647.6,5462.26,5079.67,22464.1,26120.06,70852.88
2025-12-27,Central,In-Store,Apparel,Paid Search,171849.41,3432,1272,2117,28781,1272,26506,5838,90995.82,150312.11,80853.59,123804.75,4043,176976.39,164266.67,171849.41,2381,2334,199,246,6599.36,135.1,3.63,3.88,1053.09,552.75,171849.41,113355.83,33124.3,13946.24,19262.52,60872.71,103474.48
2025-12-31,Central,In-Store,Sports,Direct,137020.84,2340,87,124,1108,87,979,393,47801.41,121319.95,89219.43,132773.43,255,137949.46,127308.94,137020.84,2990,3265,453,178,13728.74,1574.95,7.7,3.51,5503.35,2011.84,137020.84,118573.78,39373.62,1517.27,9686.21,30205.6,90409.13
2026-01-13,East,In-Store,Sports,Paid Search,53193.61,5242,1959,3365,30515,1959,25063,3926,22615.5,46867.66,30578.11,27625.25,6327,54017.43,51764.61,53193.61,2900,3080,371,191,10386.02,27.15,3.91,1.27,8350.72,2061.47,53193.61,41594.96,53336.95,11871.76,21523.93,46775.65,95020.21
2026-01-17,Central,In-Store,Home,Email,44562.58,4255,755,2172,19013,755,15523,7213,23086.78,36045.95,21475.8,30113.34,4014,44790.38,44235.7,44562.58,5124,5148,326,302,11580.5,59.02,5.34,1.11,9105.41,2261.86,44562.58,28761.73,23111.17,10027.06,5223.63,46131.27,47395.86
2026-01-18,East,In-Store,Sports,Organic Search,149830.45,2675,300,473,5277,300,3346,1580,48062.44,67163.58,101768.01,120747.25,1095,154323.74,148888.2,149830.45,4015,4032,202,185,14683.22,499.43,7.66,2.11,9580.44,5583.51,149830.45,107972.82,7645.73,63.43,16165.43,61968.52,60098.76
2026-01-20,East,In-Store,Home,Social,158916.97,2860,831,2543,26999,831,24463,9158,53246.93,121731.47,105670.04,163531.78,5476,163112.56,152060.71,158916.97,3150,3303,394,241,11949.86,191.24,4.69,1.75,7877.04,2951.85,158916.97,117715.42,43844.97,15716.97,10479.97,19391.24,119101.44
2026-01-23,East,In-Store,Home,Organic Search,40048.17,3018,1070,3419,16023,1070,14041,4982,21969.41,20142.52,18078.76,27609.61,4798,40540.59,38032.37,40048.17,3467,3484,112,95,6998.82,37.43,3.27,1.51,25786.49,7499.75,40048.17,30038.21,38153.32,2265.73,18664.35,30857.56,67366.28
2026-01-26,Central,In-Store,Electronics,Organic Search,150881.27,5613,614,1345,16199,614,9736,4132,42986.52,84466.77,107894.75,117576.23,2644,151246.28,140726.06,150881.27,8674,8844,219,49,8941.2,245.73,5.26,1.86,20317.93,3740.3,150881.27,116726.73,18242.62,2655.84,2808.4,67489.94,58979.73
2026-02-04,Central,In-Store,Home,Organic Search,165811.07,1808,1720,3051,23577,1720,21380,6476,53333.59,109984.97,112477.48,112310.52,7425,169160.67,156850.89,165811.07,5013,5269,388,132,8779.97,96.4,6.88,2.94,4602.22,2009.27,165811.07,138767.29,13866.83,17365.22,11829.1,65695.27,76754.31
2026-02-27,East,In-Store,Home,Social,13939.06,2640,1950,4411,51809,1950,21966,11171,6390.81,8105.99,7548.25,11374.26,5816,14216.82,14056.5,13939.06,4533,4204,60,389,13867.15,7.15,5.39,3.63,16795.5,3969.7,13939.06,8687.98,14471.56,5838.22,6330.28,51897.46,30052.34
2026-03-10,East,In-Store,Electronics,Paid Search,110454.26,5979,660,1161,9186,660,8513,2085,43959.75,86962.35,66494.51,104511.64,1941,112615.19,107417.46,110454.26,8895,9231,395,59,8960.76,167.35,5.74,2.53,32066.28,5862.62,110454.26,70618.4,5703.14,18200.19,4094.66,31077.8,59351.48
2026-03-11,East,In-Store,Home,Paid Search,142008.6,2513,1133,2645,37509,1133,16286,13006,72324.06,57391.5,69684.54,67228.75,3808,143440.03,138179.45,142008.6,3650,3716,330,264,6679.1,125.34,4.72,3.07,17329.04,3581.34,142008.6,103752.04,50164.06,5717.67,6886.3,53221.55,82936.65
2026-03-27,East,In-Store,Home,Direct,9323.06,2281,1932,4257,52739,1932,31657,20383,4744.52,4932.38,4578.54,5906.58,9685,9323.32,8833.46,9323.06,2379,2590,349,138,5431.29,4.83,2.78,4.2,5076.2,1960.56,9323.06,6639.9,49970.72,19017.7,13552.5,21294.37,84312.89
2026-04-18,East,In-Store,Electronics,Email,157135.14,1517,1297,1594,26783,1297,12586,9519,59146.97,73501.33,97988.17,148363.83,3329,159258.94,152866.07,157135.14,7144,7069,177,252,14538.35,121.15,1.5,2.9,13374.67,3451.96,157135.14,106854.55,39906.17,6812.87,21099.27,50979.85,112327.46
2026-04-28,East,In-Store,Apparel,Organic Search,168282.66,2426,944,3014,23822,944,15763,3394,86798.98,145006.79,81483.68,80103.84,6723,172633.69,164969.71,168282.66,5984,5779,124,329,2052.26,178.27,6.57,3.58,5378.61,990.24,168282.66,150191.02,32633.77,12295.83,12558.94,13956.09,81519.69
2026-05-01,East,In-Store,Beauty,Email,26451.72,5348,237,542,7805,237,6594,1822,13051.91,18128.64,13399.81,14020.91,682,26858.85,25109.75,26451.72,7345,7295,131,181,14607.43,111.61,4.86,2.56,29126.11,6306.57,26451.72,24319.11,54865.16,13770.02,10406.09,49854.39,83247.54
2026-05-06,Central,In-Store,Apparel,Direct,82214.89,5152,713,1914,13529,713,7586,2846,25630.0,41583.91,56584.89,62476.24,2473,84386.78,80633.96,82214.89,2147,2521,411,37,12896.74,115.31,1.51,2.89,31882.42,6537.8,82214.89,65612.15,36403.02,7179.03,18901.88,59365.71,81226.8
2026-05-10,East,In-Store,Electronics,Paid Search,105246.11,1788,1231,3522,18469,1231,11311,2237,42340.39,80676.93,62905.72,61559.36,8566,105716.51,102495.72,105246.11,6300,6528,347,119,14220.13,85.5,2.97,1.81,12329.01,2492.24,105246.11,89887.36,45615.29,2084.43,14329.57,12545.92,80497.1
2026-05-15,East,In-Store,Electronics,Email,34804.03,5145,1106,3085,25646,1106,24168,8331,16082.92,23213.79,18721.11,25163.14,7233,35113.31,34406.84,34804.03,2152,1901,80,331,5527.04,31.47,7.38,3.32,30244.04,5652.35,34804.03,21648.19,27596.21,15732.18,20490.25,56217.69,71367.58
2026-05-23,East,In-Store,Beauty,Email,112554.69,5199,2073,4217,61273,2073,28275,15443,39847.4,98130.5,72707.29,112395.77,10341,112621.59,105430.9,112554.69,6597,6484,252,365,3933.47,54.3,7.72,4.88,20889.71,7696.69,112554.69,81689.21,19083.15,17246.37,18280.13,46866.3,88328.38
2026-05-28,Central,In-Store,Beauty,Organic Search,135591.32,4597,1752,2510,29930,1752,22585,6968,48933.11,61635.7,86658.21,91483.38,4305,136729.23,128243.08,135591.32,6269,6119,54,204,8582.37,77.39,2.23,3.04,21427.66,6549.13,135591.32,85898.43,46815.25,1625.37,24863.82,26186.25,100749.45
2026-05-30,East,In-Store,Beauty,Organic Search,66481.26,5596,1096,1501,14444,1096,8094,2635,30785.01,37765.31,35696.25,52402.63,2076,67549.97,64214.0,66481.26,2339,2303,74,110,1944.59,60.66,1.58,1.53,12039.51,4111.55,66481.26,49242.13,34286.96,10308.9,15539.35,47371.31,75856.0
2026-06-16,East,In-Store,Sports,Social,102917.96,4186,1189,3372,23450,1189,19822,5151,45442.52,41186.98,57475.44,53709.52,8358,105514.22,97430.42,102917.96,7555,7583,333,305,14548.34,86.56,6.72,4.0,3770.35,2124.5,102917.96,66377.76,49364.81,16800.83,4796.44,37568.64,87074.94
2026-06-20,Central,In-Store,Electronics,Paid Search,45920.0,4130,2131,6333,66925,2131,42234,19116,19851.92,22816.82,26068.08,36244.11,10965,46465.36,43699.38,45920.0,4769,4857,231,143,2549.31,21.55,4.49,1.98,7781.62,3732.39,45920.0,27745.9,9972.91,13829.96,17844.96,15052.1,52521.06
2026-06-26,Central,In-Store,Beauty,Paid Search,76587.9,2635,1350,3168,25047,1350,16506,8220,26913.04,59518.0,49674.86,72384.63,4039,78640.86,75145.21,76587.9,3321,3202,59,178,7792.02,56.73,4.07,1.17,12379.14,2442.73,76587.9,55110.09,37524.72,15516.6,2079.93,34427.78,76836.64
2026-07-01,Central,In-Store,Sports,Organic Search,87585.69,5237,263,553,5672,263,3516,1263,39624.65,59213.39,47961.04,66299.37,848,88914.82,86126.08,87585.69,5509,5954,496,51,14205.6,333.03,6.5,3.81,20925.32,5401.48,87585.69,65580.43,5706.13,7414.52,9006.37,29678.59,42016.83
2026-07-04,Central,In-Store,Sports,Organic Search,36233.42,3001,1470,3466,34316,1470,33530,12573,13225.44,31591.46,23007.98,25523.73,7664,36559.3,34743.5,36233.42,6543,6467,259,335,4140.68,24.65,5.4,4.69,7116.28,1751.03,36233.42,33406.18,23229.96,10793.22,11758.25,22558.89,53438.55
2026-07-09,Central,In-Store,Home,Social,62565.28,3752,979,2306,12372,979,10452,3413,17175.48,49815.68,45389.8,50976.23,3463,63695.37,58748.45,62565.28,4475,4622,395,248,3613.52,63.91,4.29,4.85,11347.88,2533.39,62565.28,56590.06,5214.91,4312.94,15670.1,43282.71,40490.82
2026-07-11,East,In-Store,Home,Organic Search,56881.41,4105,836,1391,11741,836,7281,1302,26292.34,38204.66,30589.07,24500.6,2241,57741.67,57137.74,56881.41,4454,4459,228,223,11867.56,68.04,1.96,1.42,16107.87,3618.34,56881.41,51545.12,24803.9,13258.69,19422.86,14408.13,64835.63
2026-07-23,Central,In-Store,Electronics,Paid Search,166726.35,1697,585,1501,17197,585,13529,2191,57806.8,142394.02,108919.55,125290.11,2778,167089.85,163603.73,166726.35,3264,2991,112,385,5820.8,285.0,6.39,4.97,4425.25,2550.69,166726.35,102311.69,57365.24,11679.46,12256.33,45047.54,118888.06
2026-08-03,East,In-Store,Beauty,Social,164292.69,5200,1864,4875,28646,1864,15763,8721,87964.01,97086.89,76328.68,92013.29,11015,167985.04,156349.25,164292.69,3232,3101,182,313,4455.64,88.14,5.49,4.38,2808.48,1473.55,164292.69,109609.67,53835.87,4690.92,5775.64,47407.23,91906.42
2026-08-12,Central,In-Store,Electronics,Paid Search,134069.81,5221,1055,2113,21044,1055,19626,8097,57558.87,75266.99,76510.94,72101.34,2641,135186.09,130706.57,134069.81,3590,3407,175,358,7869.0,127.08,6.39,2.2,13937.24,4344.5,134069.81,118210.95,30772.32,2041.3,13259.28,35304.23,67703.3
2026-10-08,Central,In-Store,Electronics,Social,60198.74,2398,1095,2120,14719,1095,7356,3564,25014.8,43938.16,35183.94,52720.45,3268,61520.24,59421.25,60198.74,4151,4074,297,374,3274.83,54.98,5.83,3.46,20151.38,5709.72,60198.74,38355.61,21965.3,13588.9,19345.96,44485.52,70716.29
2026-10-09,Central,In-Store,Apparel,Paid Search,16482.07,1753,545,1168,24487,545,18941,3186,4658.58,14754.32,11823.49,14078.56,2793,16612.37,15934.44,16482.07,4629,4567,140,202,7070.12,30.24,4.13,4.59,8764.83,4430.39,16482.07,13719.01,30996.24,2391.52,22342.48,23810.01,59953.81
2026-11-01,Central,In-Store,Electronics,Email,118889.59,5266,909,2282,13876,909,13577,4158,39408.73,89018.24,79480.86,85247.19,4869,122259.45,114742.58,118889.59,8180,8164,337,353,1988.68,130.79,2.31,2.62,20232.3,4734.17,118889.59,91172.9,23538.77,13993.84,20644.22,69203.1,83750.99
2026-11-06,Central,In-Store,Electronics,Email,169620.43,5729,510,625,20212,510,9197,5034,55849.57,85715.42,113770.86,94236.79,791,170960.5,159580.91,169620.43,3273,3299,279,253,14010.77,332.59,7.33,2.26,24545.01,6150.35,169620.43,144331.27,24985.95,14506.26,22839.5,46390.55,90602.75
2026-11-12,East,In-Store,Beauty,Direct,39649.58,2667,1196,1564,37913,1196,25261,6108,13101.0,20413.67,26548.58,35853.2,3646,39691.1,37767.17,39649.58,7401,7763,495,133,2090.19,33.15,4.36,2.62,29979.88,7933.17,39649.58,24963.16,39214.59,9889.65,21735.23,64034.23,81595.43
2026-12-11,Central,In-Store,Beauty,Social,74516.33,5697,700,898,15687,700,13236,6125,37242.05,53409.7,37274.28,46402.45,1982,74943.84,73626.86,74516.33,5474,5552,91,13,9641.88,106.45,4.08,1.65,8743.01,4238.69,74516.33,50975.58,31731.28,509.15,18112.54,30048.86,64273.71
2026-12-16,East,In-Store,Sports,Paid Search,72117.55,4421,1309,2043,25292,1309,11014,5048,28961.38,29140.11,43156.17,58832.54,4370,72504.98,69061.76,72117.55,2773,2459,26,340,4405.01,55.09,3.8,2.31,15506.46,3237.26,72117.55,63342.36,37026.38,11355.97,8720.74,19984.65,74752.85
2026-12-19,East,In-Store,Sports,Direct,48117.12,4798,1716,2232,26878,1716,14917,4540,17821.61,31535.26,30295.51,47869.66,4978,48581.04,44844.16,48117.12,3613,3783,334,164,8273.81,28.04,5.33,4.61,30820.71,7845.92,48117.12,29274.77,5589.25,10486.97,18719.71,48803.03,49156.83
2026-12-21,East,In-Store,Sports,Direct,70060.07,4654,1383,3871,17810,1383,11503,5691,19099.7,49836.7,50960.37,54588.29,4762,70425.3,67457.72,70060.07,2494,2668,193,19,7540.73,50.66,7.28,3.98,1182.58,511.94,70060.07,56218.68,9947.75,2351.31,3954.5,27273.78,32630.05
2026-12-26,East,In-Store,Electronics,Paid Search,161976.57,4360,268,853,3385,268,2870,1268,62199.61,145712.7,99776.96,82166.45,1074,165904.42,163592.36,161976.57,2198,2175,50,73,8018.35,604.39,3.9,4.47,10963.44,3068.19,161976.57,122566.51,36919.57,16163.69,2832.81,63566.35,80566.01
2025-01-05,Central,In-Store,Sports,Social,81870.89,1734,1368,2085,29775,1368,24862,8313,37414.15,64051.2,44456.74,60405.93,3402,82552.2,81249.6,81870.89,2016,2027,182,171,3914.79,59.85,1.7,3.11,4223.83,884.21,81870.89,69930.18,32810.6,2723.11,23146.95,43642.78,76802.44
2025-01-08,Central,In-Store,Apparel,Direct,59678.47,1592,1232,3612,19199,1232,10498,4486,29470.33,48183.42,30208.14,25396.05,7466,61443.52,58503.53,59678.47,2165,2280,169,54,2502.04,48.44,3.61,4.16,16601.25,3030.52,59678.47,55491.62,35081.37,6030.45,10534.43,19132.21,59265.07
2025-01-19,East,In-Store,Electronics,Social,61481.56,2486,304,639,4028,304,3254,1397,26288.96,41972.19,35192.6,36484.75,1149,62664.65,58923.76,61481.56,5283,5275,205,213,2595.93,202.24,4.92,3.08,9219.56,4551.37,61481.56,49954.3,8103.08,4922.74,3552.66,63083.25,27523.9
2025-02-04,East,In-Store,Apparel,Direct,80412.65,4023,615,872,12514,615,11252,4100,36017.46,49892.52,44395.19,66334.94,2105,82471.36,78998.43,80412.65,2259,2230,129,158,7702.41,130.75,1.64,1.86,12658.09,4131.27,80412.65,52515.76,21307.73,548.42,11311.61,65943.83,53068.24
2025-02-18,Central,In-Store,Beauty,Paid Search,10499.54,5323,994,2337,28722,994,12937,8214,5212.48,4993.18,5287.06,7808.76,2883,10684.81,10596.44,10499.54,3419,3754,393,58,3032.5,10.56,4.51,3.78,10359.14,2847.57,10499.54,7966.37,16628.27,9006.87,18019.9,65965.3,45997.67
2025-02-22,East,In-Store,Sports,Paid Search,21759.21,4240,481,1490,11747,481,9060,2599,6853.0,19077.47,14906.21,20327.17,2099,22206.36,21969.01,21759.21,7521,7378,56,199,8355.22,45.24,6.13,3.54,8192.13,3784.46,21759.21,14869.85,29668.28,17084.53,20905.11,52984.39,73756.07
2025-03-04,Central,In-Store,Home,Organic Search,38983.41,1900,336,1016,11990,336,4908,3142,11704.91,30956.73,27278.5,30125.86,1345,39487.21,37961.23,38983.41,6215,6262,421,374,3886.32,116.02,7.71,1.5,4883.38,1706.16,38983.41,32934.48,5080.86,8137.18,7012.06,16472.81,29267.86
2025-03-11,Central,In-Store,Apparel,Email,45501.21,2626,1991,5634,24984,1991,14525,3591,18490.69,25195.97,27010.52,38468.06,11743,46673.71,45066.3,45501.21,3629,3482,107,254,3030.55,22.85,7.54,2.76,2866.57,1126.48,45501.21,36204.02,55719.33,4693.24,19576.59,29071.59,91529.58
2025-03-12,East,In-Store,Sports,Paid Search,113679.97,2766,955,2997,24641,955,20504,8140,49412.3,91909.92,64267.67,71686.8,7015,114258.25,112568.4,113679.97,3639,3728,307,218,1561.34,119.04,2.48,3.07,10224.29,1991.67,113679.97,86130.71,46718.98,9339.46,9376.47,34738.7,86940.95
2025-04-11,East,In-Store,Home,Social,72763.03,3352,539,750,20923,539,14457,2548,29123.2,59393.9,43639.83,62480.45,1598,74792.02,70027.62,72763.03,5186,5172,223,237,8100.46,135.0,3.33,1.33,7826.18,3022.85,72763.03,48423.37,41074.38,11795.87,10317.28,29699.41,81931.66
2025-04-15,Central,In-Store,Electronics,Paid Search,151904.59,5615,375,447,13752,375,12221,1452,75064.31,98095.04,76840.28,99520.02,1042,152673.49,142682.35,151904.59,7707,7605,284,386,8494.79,405.08,5.38,3.33,20543.4,6268.85,151904.59,134500.62,34573.37,15787.51,12770.28,66121.39,92987.17
2025-04-16,Central,In-Store,Home,Organic Search,51814.24,1746,436,864,5780,436,3747,1117,28346.9,45984.84,23467.34,29603.65,1870,52549.46,49522.34,51814.24,4136,3929,81,288,3411.62,118.84,3.79,2.75,8723.5,4509.82,51814.24,43585.51,54961.18,13650.91,22729.77,66722.77,100222.96
2025-05-14,Central,In-Store,Sports,Paid Search,108244.35,5409,2132,5823,34514,2132,33635,8301,40758.84,81746.84,67485.51,65793.89,8818,108458.54,101133.48,108244.35,5773,5653,280,400,5952.87,50.77,3.95,2.65,21119.11,6485.6,108244.35,89038.71,24927.07,1325.63,10159.43,25760.53,56150.3
2025-05-15,Central,In-Store,Apparel,Organic Search,150590.16,1734,1190,3738,17281,1190,13838,2246,60855.79,110251.17,89734.37,141700.02,5070,154424.13,153998.02,150590.16,8644,8467,115,292,8490.38,126.55,5.09,4.03,20065.8,7624.69,150590.16,126652.8,51477.07,19587.51,21255.62,43824.83,134830.21
2025-06-02,East,In-Store,Electronics,Organic Search,149744.03,1828,725,1639,11640,725,10018,3561,49530.72,89595.59,100213.31,99790.6,2428,151646.54,143189.25,149744.03,4988,5139,403,252,3414.6,206.54,7.4,2.02,7586.67,2787.33,149744.03,109290.09,16893.56,15816.97,10726.18,21108.97,73373.89
2025-06-20,East,In-Store,Electronics,Direct,41453.0,5715,1333,2152,21966,1333,14604,7397,13340.1,31168.14,28112.9,39641.99,3152,42454.21,42199.23,41453.0,4705,4738,390,357,6765.1,31.1,6.84,4.94,15295.14,3760.74,41453.0,34866.24,38135.12,10151.57,22808.85,53572.3,82988.14
2025-07-09,East,In-Store,Beauty,Social,142709.7,5320,628,1700,22690,628,9210,8904,58247.55,69121.87,84462.15,88754.67,2563,143683.6,135233.21,142709.7,8764,8783,278,259,13281.32,227.24,7.32,3.36,12287.76,4693.51,142709.7,116767.1,38705.17,10389.81,5635.75,32342.72,81357.13
2025-07-14,East,In-Store,Beauty,Social,85099.32,3844,1574,2064,29627,1574,15593,6171,28868.9,34195.57,56230.42,52073.02,4009,87083.59,82321.64,85099.32,6490,6690,349,149,3072.0,54.07,3.66,1.9,19340.25,3577.02,85099.32,54689.89,50789.63,4917.09,7921.87,48329.38,79250.5
2025-07-16,East,In-Store,Beauty,Paid Search,93100.06,3722,189,419,4940,189,4353,1770,42576.79,55482.99,50523.27,57592.61,958,94693.71,94348.16,93100.06,2030,2214,286,102,10342.5,492.59,5.47,3.46,9968.14,2214.88,93100.06,75802.16,48218.35,15350.06,8997.64,28162.17,89843.83
2025-07-23,East,In-Store,Apparel,Direct,81073.88,5251,2173,3963,41206,2173,22484,4446,22763.86,62583.41,58310.02,73602.76,6218,83472.99,81930.87,81073.88,2869,2880,315,304,7314.77,37.31,7.55,3.47,5106.86,2822.02,81073.88,75888.9,24324.11,5002.02,19073.11,63368.46,70480.07
2025-07-31,Central,In-Store,Apparel,Social,169853.45,4924,1518,2007,23798,1518,21993,7277,59466.57,69063.21,110386.88,144598.11,4857,174588.83,167689.5,169853.45,7180,7131,306,355,13694.14,111.89,6.0,1.81,11012.09,3148.38,169853.45,151919.0,50652.87,2407.15,4801.03,32190.9,101240.48
2025-08-22,East,In-Store,Apparel,Email,53664.91,2016,1875,2309,45217,1875,37506,9527,14615.08,43298.76,39049.83,32485.18,4134,53682.25,52463.21,53664.91,3437,3590,400,247,10586.29,28.62,6.43,3.51,14759.51,6894.46,53664.91,44223.41,11270.71,10622.92,10414.03,38222.83,42053.21
2025-08-25,East,In-Store,Beauty,Direct,37331.09,3165,714,1957,11385,714,5232,2983,15061.47,18936.67,22269.62,32980.41,3802,37402.85,34575.66,37331.09,5958,6074,374,258,12415.36,52.28,2.69,2.57,24059.98,5153.2,37331.09,35275.27,35946.9,4542.29,15044.75,47576.35,65428.06
2025-08-27,Central,In-Store,Apparel,Social,148053.29,5719,1177,2091,17110,1177,11057,2878,66108.37,95352.35,81944.92,68030.06,4032,150811.65,149502.39,148053.29,4986,5166,321,141,13355.2,125.79,4.65,1.06,3227.69,1937.21,148053.29,97201.64,13134.66,19743.24,8641.05,17466.65,61927.97
2025-08-28,Central,In-Store,Electronics,Organic Search,173048.29,5891,1186,2735,24126,1186,12723,2462,53008.95,82146.04,120039.34,131614.09,5752,174577.2,172010.99,173048.29,8313,8689,466,90,3779.88,145.91,7.75,1.6,4760.51,887.95,173048.29,163255.48,16355.14,699.95,6107.53,56928.29,62646.85
2025-08-30,East,In-Store,Beauty,Email,50386.94,2719,1138,1422,19230,1138,17728,7408,22814.31,42386.79,27572.63,41343.52,3505,50831.63,47099.2,50386.94,5699,5960,272,11,12617.49,44.28,6.24,1.82,3087.53,1382.92,50386.94,34130.83,39985.45,16759.86,24937.84,8913.85,94086.21
2025-09-20,East,In-Store,Home,Paid Search,73344.84,2193,986,2133,13402,986,5452,1431,20317.46,45867.5,53027.38,61018.08,5141,73363.77,67838.21,73344.84,2043,2181,292,154,3138.42,74.39,6.8,4.68,10860.81,3436.43,73344.84,53220.15,8739.79,10915.5,2184.46,47610.24,40145.17
2025-09-23,Central,In-Store,Apparel,Paid Search,70740.35,5502,91,233,1813,91,1449,584,38464.8,46350.12,32275.55,50592.19,350,71310.47,70892.42,70740.35,5798,5841,278,235,14599.89,777.37,4.88,3.73,10386.39,4976.8,70740.35,60939.75,10287.39,12824.72,24769.3,9246.51,63059.07
2025-10-12,Central,In-Store,Home,Organic Search,151598.37,2216,1656,3571,27681,1656,15023,8115,66410.89,65340.32,85187.48,69685.51,8596,155348.13,153585.89,151598.37,3282,3234,169,217,7224.7,91.54,3.81,2.11,13774.96,5980.59,151598.37,108563.49,12387.73,2704.41,8196.35,62179.43,44194.14
2025-11-02,East,In-Store,Sports,Direct,13459.87,3848,738,1919,33110,738,23264,10596,3557.87,11635.2,9902.0,14746.36,4553,13706.15,13553.71,13459.87,8810,8932,171,49,12876.75,18.24,6.35,3.65,5887.81,1227.28,13459.87,12758.97,18293.95,12297.38,11867.35,52388.96,46882.59
2025-11-14,East,In-Store,Apparel,Email,122522.78,2497,718,1635,12065,718,8069,1367,51211.7,51675.14,71311.08,102461.15,2405,123977.63,119760.17,122522.78,6747,6792,387,342,1862.38,170.64,5.04,2.92,25894.23,7119.79,122522.78,86786.16,42324.71,10289.77,6353.04,15396.07,89705.86
2025-11-17,Central,In-Store,Sports,Email,75078.52,2115,1196,2926,56856,1196,27408,15104,32218.1,63484.83,42860.42,39866.2,4634,75736.72,70273.56,75078.52,3012,3239,475,248,1714.63,62.77,6.53,2.82,24060.89,5824.69,75078.52,45081.25,33247.69,1868.91,3216.72,48792.98,50293.18
2025-11-18,Central,In-Store,Electronics,Email,124033.46,3458,1429,4445,19230,1429,8287,4979,34295.59,84325.66,89737.87,116770.9,6856,127714.27,126447.91,124033.46,6476,6937,474,13,5583.91,86.8,2.73,4.0,10706.0,3467.57,124033.46,94796.22,15999.5,8981.02,4807.95,50741.14,64819.74
2025-11-21,East,In-Store,Beauty,Paid Search,37072.93,5659,192,461,2697,192,1447,624,15822.44,24641.5,21250.49,24132.25,963,37870.25,35175.47,37072.93,7733,7749,161,145,11868.38,193.09,5.12,2.77,9829.32,3254.81,37072.93,33091.21,48192.07,10805.31,15213.1,48203.67,81450.15
2025-12-03,Central,In-Store,Beauty,Organic Search,86558.85,1793,1686,2637,32445,1686,27519,4451,25413.75,70973.62,61145.1,64322.59,5937,88161.7,87390.04,86558.85,3058,3157,344,245,10840.95,51.34,2.86,1.56,2152.44,896.81,86558.85,54516.48,47206.12,15191.85,7108.65,18059.94,88803.4
2025-12-05,Central,In-Store,Beauty,Email,105981.68,4929,97,148,2840,97,1246,999,53034.27,92384.11,52947.41,66931.44,278,106211.88,104411.06,105981.68,3566,3468,163,261,9841.27,1092.59,5.45,3.88,7111.89,2055.04,105981.68,66200.13,36599.69,12118.08,21503.23,69845.6,90300.43
2025-12-09,East,In-Store,Home,Social,78608.06,4170,388,504,8128,388,7069,1075,39435.69,32492.68,39172.37,53304.52,1255,79287.91,74529.58,78608.06,8896,8869,268,295,7590.81,202.6,3.8,3.87,13498.32,2995.21,78608.06,49912.76,5710.29,10424.66,6609.2,11383.36,38735.51
2025-12-13,East,In-Store,Sports,Social,57040.89,5257,849,1592,29836,849,24484,6928,16552.79,32876.64,40488.1,36949.42,3326,58485.29,57887.17,57040.89,2321,2505,444,260,12451.27,67.19,3.59,3.76,5476.14,1136.15,57040.89,48422.06,7079.21,10680.29,12324.94,46370.56,41169.27
2025-12-14,East,In-Store,Sports,Paid Search,69737.87,4388,274,672,5350,274,5061,1643,19730.06,49665.22,50007.81,64360.51,1533,70177.77,67868.74,69737.87,4828,5172,380,36,14700.76,254.52,7.11,3.12,8464.31,3303.82,69737.87,48232.99,37012.33,3866.33,19574.03,32900.51,79760.84
2025-12-21,East,In-Store,Beauty,Organic Search,86169.76,3022,370,974,6841,370,6560,1736,22152.29,43714.88,64017.47,56071.56,1186,86260.98,81909.95,86169.76,8128,8447,481,162,14812.35,232.89,3.23,2.15,5912.49,1276.46,86169.76,71326.44,7944.16,12651.44,24037.27,69828.02,61454.34
2025-12-25,Central,In-Store,Apparel,Social,48529.99,3407,1899,4719,26659,1899,20495,4209,15289.82,26385.98,33240.17,34107.81,10218,49588.2,47369.94,48529.99,3149,3055,187,281,11462.2,25.56,3.2,1.21,20629.67,5844.46,48529.99,33772.9,51480.25,17342.67,24996.6,49542.15,104051.86
2025-12-30,Central,In-Store,Apparel,Email,131523.92,3037,2079,4254,30006,2079,13249,4631,42962.32,63983.17,88561.6,123057.9,9507,132237.74,128547.37,131523.92,4052,3923,71,200,9056.75,63.26,1.96,4.41,13830.07,2539.63,131523.92,82554.63,41976.27,12401.63,19371.63,67611.37,110666.9
2026-01-02,East,In-Store,Apparel,Paid Search,127983.52,5760,1072,2546,17653,1072,10833,5289,39761.75,91361.51,88221.77,105083.06,6282,128728.01,122528.85,127983.52,4976,5170,428,234,10228.14,119.39,5.37,3.37,17495.46,4748.59,127983.52,107729.69,35397.8,11649.3,4166.67,58990.18,82738.69
2026-01-12,East,In-Store,Electronics,Organic Search,120506.53,3970,252,364,5018,252,2428,1082,60563.44,85124.06,59943.09,53749.16,680,122569.92,122319.6,120506.53,2252,2386,246,112,1916.89,478.2,5.3,4.55,16172.25,7381.91,120506.53,98174.28,26721.98,6661.62,10649.58,67400.2,60157.93
2026-01-21,Central,In-Store,Beauty,Direct,10953.24,3429,880,2428,39497,880,30433,7181,4064.88,9320.31,6888.36,7766.53,5282,10992.65,10199.11,10953.24,7451,7702,499,248,2330.32,12.45,4.83,4.43,2118.68,717.2,10953.24,7459.85,37895.97,8536.26,14231.41,25143.89,62993.6
2026-01-22,Central,In-Store,Beauty,Organic Search,95397.04,1621,1088,2353,26226,1088,21702,3190,29699.51,54713.01,65697.53,93318.31,4116,97559.46,93159.89,95397.04,3332,3267,35,100,7455.37,87.68,6.4,2.49,22343.09,4634.64,95397.04,85859.19,7423.44,7616.18,22858.26,24588.93,65893.37
2026-02-08,East,In-Store,Beauty,Social,104036.1,4968,2073,5822,28539,2073,24459,5975,38523.04,41869.12,65513.06,75686.05,7890,105565.98,99202.14,104036.1,8219,8012,51,258,8596.36,50.19,2.95,4.52,28384.13,6925.15,104036.1,89418.62,36248.43,18051.44,9815.65,44511.15,86821.33
2026-02-16,East,In-Store,Electronics,Direct,14675.52,2652,1127,1843,20457,1127,15386,5354,7384.43,7129.89,7291.09,8533.68,2868,15079.66,14316.43,14675.52,8571,8388,26,209,4014.44,13.02,7.06,1.56,6537.75,3378.67,14675.52,11466.41,9107.08,13724.6,13607.75,49336.08,38999.53
2026-03-21,Central,In-Store,Sports,Organic Search,59906.34,2691,837,1787,24716,837,23587,8976,15711.18,26529.77,44195.16,47226.32,2162,61204.48,56647.52,59906.34,2529,2768,403,164,6279.17,71.57,7.59,3.59,14909.09,4208.03,59906.34,44975.2,56208.71,8013.15,24883.67,66041.32,103273.43
2026-03-29,East,In-Store,Electronics,Paid Search,134729.46,5467,81,159,2030,81,1623,277,34666.06,68429.87,100063.4,126208.02,322,138170.48,134554.12,134729.46,7729,7885,480,324,3709.84,1663.33,4.38,3.53,9802.27,1968.05,134729.46,111381.92,52085.87,12378.15,15820.74,45475.42,118147.17
2026-04-01,East,In-Store,Sports,Direct,73931.6,4160,1544,3122,43172,1544,29932,9894,28380.78,59162.9,45550.82,43377.31,6219,75886.66,71259.42,73931.6,4594,4597,391,388,5431.02,47.88,6.49,2.72,15611.78,6366.42,73931.6,69452.89,36540.29,9897.84,12886.87,33821.26,72338.19
2026-04-02,East,In-Store,Sports,Email,33504.29,5270,1546,2832,37581,1546,18085,9110,16853.52,26525.38,16650.77,19728.73,4663,34232.05,31638.39,33504.29,6069,6035,157,191,2242.15,21.67,5.76,4.6,5150.55,2315.9,33504.29,24001.84,29756.75,10638.59,19367.7,59868.75,65681.66
2026-04-05,East,In-Store,Apparel,Paid Search,147531.1,5726,1763,5558,46646,1763,45445,12026,69144.58,83202.68,78386.52,69386.69,10296,148957.41,147991.31,147531.1,5066,4925,88,229,5432.05,83.68,4.78,3.89,12466.05,4375.49,147531.1,115242.73,10582.53,6036.86,22173.54,23320.56,59608.94
2026-04-18,Central,In-Store,Beauty,Organic Search,123028.14,4152,1091,1941,26299,1091,17012,7206,56165.49,70830.76,66862.65,66851.78,4070,123568.43,117886.3,123028.14,3584,3717,428,295,11712.95,112.77,3.71,1.22,3083.43,807.72,123028.14,74136.43,58029.25,13208.98,2394.17,24973.44,93687.93
2026-04-21,Central,In-Store,Apparel,Email,61670.9,5514,1720,4456,72908,1720,62472,11215,26136.06,53330.7,35534.84,39030.44,8676,63191.06,59755.51,61670.9,5638,5874,247,11,6591.77,35.86,2.3,3.77,13614.0,6303.73,61670.9,39434.77,46369.13,360.69,19941.28,32460.95,78380.23
2026-04-27,East,In-Store,Home,Social,37019.59,5379,1897,5144,47395,1897,31119,7496,15838.16,30829.91,21181.43,23489.47,7077,37920.5,36059.14,37019.59,8307,8327,238,218,14487.94,19.51,4.9,1.08,2441.93,1489.65,37019.59,33994.45,38143.02,11521.35,4027.59,55051.53,60738.8
2026-05-01,Central,In-Store,Beauty,Paid Search,33921.04,4612,1790,2532,34221,1790,27702,4162,12950.07,25258.43,20970.97,25936.28,3602,33924.98,31357.56,33921.04,5658,5769,331,220,12698.69,18.95,4.94,2.1,9586.5,4319.33,33921.04,23161.23,38564.83,543.51,10631.42,12460.47,57520.64
2026-05-03,East,In-Store,Home,Direct,99817.24,3383,541,1672,11568,541,4648,1881,47629.18,43155.85,52188.06,74290.65,3541,102608.91,99100.12,99817.24,8288,8094,200,394,5269.57,184.51,5.19,1.4,23789.2,4350.95,99817.24,85505.34,20106.42,16844.88,4373.35,67853.05,63611.85
2026-05-08,Central,In-Store,Sports,Paid Search,169349.43,3687,1466,3084,22059,1466,9072,3717,91629.94,71508.07,77719.49,100585.49,3983,170664.47,164711.04,169349.43,2706,2843,427,290,12468.02,115.52,6.55,2.81,2132.7,887.15,169349.43,138026.17,22085.31,6294.42,12274.19,45603.37,70829.57
2026-05-15,Central,In-Store,Electronics,Direct,34473.66,5560,1447,4000,46571,1447,31724,10339,14538.91,30637.06,19934.75,15967.55,6656,34807.05,32283.65,34473.66,5549,5782,294,61,2092.55,23.82,5.36,1.68,12483.35,3177.68,34473.66,25537.73,5978.84,16864.64,20754.0,36383.48,48387.74
2026-05-24,Central,In-Store,Beauty,Email,103046.78,3480,1339,1791,17174,1339,9756,1745,39139.4,41460.55,63907.38,98211.44,4045,104561.7,96262.52,103046.78,2361,2557,290,94,11722.53,76.96,3.58,1.22,21173.96,4726.57,103046.78,66146.78,32378.56,7173.2,5455.59,29812.75,74470.78
2026-05-26,Central,In-Store,Apparel,Email,118124.24,4651,1610,2806,22541,1610,18527,3656,37019.08,49826.65,81105.16,109897.44,4627,121623.71,119892.82,118124.24,3919,3801,102,220,10624.53,73.37,4.35,2.15,4758.0,2622.76,118124.24,108956.85,33835.5,12952.65,11391.14,30625.54,91148.52
2026-06-08,East,In-Store,Beauty,Paid Search,144966.73,3488,1842,4226,37587,1842,22365,13586,72265.63,65812.24,72701.1,71944.99,8241,145369.16,135712.85,144966.73,8774,9071,422,125,2473.66,78.7,7.23,3.49,12960.99,3837.36,144966.73,128737.08,59632.0,7285.67,14831.93,39516.12,103333.1
2026-06-12,Central,In-Store,Sports,Social,58348.46,4518,851,1276,11197,851,8121,3288,18405.03,44882.45,39943.43,50382.89,2033,59335.0,57941.99,58348.46,8880,8807,160,233,2199.4,68.56,1.98,1.06,17669.93,3713.24,58348.46,46328.14,41754.94,16171.5,17753.83,57497.88,90795.14
2026-06-14,Central,In-Store,Home,Social,135120.19,2153,2108,5921,51433,2108,47662,17537,42701.56,105738.33,92418.63,104976.82,7108,136623.02,132483.94,135120.19,8783,8805,337,315,8710.39,64.1,3.43,2.79,2490.62,864.01,135120.19,117903.33,21173.76,11229.47,11514.29,16229.55,75410.57
2026-06-18,Central,In-Store,Beauty,Social,122148.86,3136,303,967,5297,303,3577,949,53059.63,89956.8,69089.23,109724.3,2313,125298.41,116043.25,122148.86,4934,5210,354,78,8442.72,403.13,6.49,2.83,23024.05,7200.61,122148.86,76469.98,35109.65,12011.71,6533.41,39932.75,86572.06
2026-06-21,Central,In-Store,Apparel,Social,170296.46,5877,369,855,11577,369,8083,2536,78534.86,145435.55,91761.6,98308.27,2053,172197.91,162145.27,170296.46,7966,8134,229,61,8033.94,461.51,3.58,2.58,19220.44,3853.77,170296.46,132204.85,53052.07,5397.58,7925.49,46394.87,95867.62
2026-06-24,East,In-Store,Sports,Email,33362.84,4765,1472,4200,19969,1472,13768,2653,11193.84,24730.44,22169.0,19507.44,10406,33372.1,32526.06,33362.84,2713,2729,333,317,4812.06,22.66,4.21,4.73,30218.42,7369.18,33362.84,24922.64,49423.16,19223.25,21614.81,61328.87,96113.45
2026-06-26,East,In-Store,Apparel,Organic Search,33767.76,2041,951,3036,14080,951,7112,3863,11027.32,22976.35,22740.44,19216.83,3974,34641.41,32123.73,33767.76,2932,2811,222,343,14888.71,35.51,2.31,1.65,28344.22,5520.43,33767.76,27755.8,25798.91,7466.76,13382.9,55775.15,52413.62
2026-07-02,Central,In-Store,Beauty,Direct,79991.41,4975,1411,4512,18212,1411,7593,7154,27973.82,60356.24,52017.59,58555.83,7586,80290.22,75998.42,79991.41,8909,8966,120,63,13240.48,56.69,7.24,1.9,35425.07,7448.62,79991.41,75238.28,20428.95,6377.41,20701.09,21521.67,65074.2
2026-07-03,Central,In-Store,Electronics,Organic Search,93578.45,4323,988,2755,13084,988,8271,2482,48169.87,43579.48,45408.58,37978.45,5297,96189.46,92244.53,93578.45,8258,8215,86,129,6182.38,94.72,3.72,3.65,5503.62,1235.3,93578.45,79100.23,53799.93,14034.77,23148.91,16325.12,102377.15
2026-07-04,East,In-Store,Home,Organic Search,81847.35,5484,689,775,8674,689,8383,2916,32655.47,54051.28,49191.88,40777.82,1398,84068.65,82600.42,81847.35,4383,4429,254,208,6946.15,118.79,6.41,2.17,18054.94,3349.09,81847.35,77098.88,52349.03,15259.15,21753.05,9804.1,101594.58
2026-07-09,Central,In-Store,Home,Paid Search,133789.88,3680,1916,4515,38231,1916,17995,7673,69203.91,69253.68,64585.97,77381.07,5727,133914.67,128939.77,133789.88,8483,8526,322,279,5062.52,69.83,5.58,2.71,18983.44,6018.7,133789.88,123820.5,27136.96,6257.84,13602.46,67827.79,70211.58
2026-07-21,East,In-Store,Beauty,Direct,67539.99,3185,1496,2241,70806,1496,39581,17552,30997.89,46107.68,36542.1,47193.12,3362,68622.77,65840.71,67539.99,8114,7995,268,387,6390.59,45.15,6.98,4.04,12525.12,3896.5,67539.99,44800.83,28478.48,12183.13,11603.25,41191.73,66422.8
2026-07-23,Central,In-Store,Apparel,Paid Search,65246.45,2662,2174,3997,68577,2174,59717,8455,26483.01,26301.67,38763.44,35174.67,5103,65934.18,63818.51,65246.45,3526,3629,131,28,11175.39,30.01,6.07,4.93,11366.18,4720.36,65246.45,50462.87,14512.7,16871.07,12228.71,21718.22,54164.88
2026-07-29,East,In-Store,Electronics,Organic Search,160141.5,5471,1156,3009,52794,1156,29616,19897,60866.91,108700.08,99274.59,115361.89,4717,163496.14,163202.28,160141.5,7077,6744,23,356,7676.71,138.53,7.57,1.07,10854.93,3106.18,160141.5,116089.98,25836.88,12541.08,2454.27,64078.11,75440.8
2026-07-31,East,In-Store,Sports,Paid Search,103569.38,4094,1211,2220,55546,1211,23613,13925,48943.72,58979.99,54625.66,45693.08,5439,103685.54,96846.98,103569.38,7346,7148,199,397,11454.71,85.52,3.04,1.65,6568.38,3478.05,103569.38,76799.15,14519.6,223.7,9009.75,47557.36,37460.97
2026-08-22,Central,In-Store,Home,Direct,84689.53,5901,1483,4010,47129,1483,22610,6190,23307.43,69265.26,61382.1,49911.5,9099,86584.74,83027.82,84689.53,6848,6961,200,87,4158.12,57.11,6.3,1.67,17435.88,7129.05,84689.53,68160.07,14334.65,10193.69,23713.74,31851.28,63215.53
2026-08-26,Central,In-Store,Beauty,Direct,99700.5,4168,479,576,6004,479,5215,1951,46102.09,82610.56,53598.41,85403.51,1412,100318.75,95508.11,99700.5,2429,2354,158,233,8124.9,208.14,6.24,4.47,21971.3,7954.3,99700.5,62824.39,28327.44,8413.6,14719.35,9865.27,77081.44
2026-08-28,Central,In-Store,Home,Email,103945.98,4918,1985,6078,27405,1985,22793,3259,27546.4,73799.04,76399.58,70067.61,11298,105074.02,98863.49,103945.98,3897,4131,407,173,6866.52,52.37,4.09,2.2,6610.37,2667.13,103945.98,71071.51,14657.79,6130.32,7150.29,56464.88,48958.68
2026-09-01,East,In-Store,Sports,Organic Search,138907.67,3950,1445,4008,38303,1445,17119,5703,58923.92,59069.73,79983.75,93315.84,4985,141230.69,137363.34,138907.67,8277,8579,355,53,6109.64,96.13,4.75,2.66,8622.07,2764.92,138907.67,131799.99,30525.33,6461.68,24332.95,53312.36,89314.71
2026-09-05,East,In-Store,Beauty,Direct,48812.45,4706,953,1807,43605,953,20152,5362,16637.39,41563.78,32175.06,50821.86,3776,49589.73,49130.85,48812.45,3067,2947,134,254,6795.52,51.22,7.1,4.67,22915.88,5417.63,48812.45,38972.33,20945.84,2476.79,8461.66,52968.2,47130.85
2026-09-06,East,In-Store,Sports,Direct,126186.15,4240,2132,4313,31552,2132,25206,7537,45549.1,56630.26,80637.05,97868.79,9777,128400.22,124037.48,126186.15,5548,5650,478,376,8907.94,59.19,7.63,4.55,11529.6,6642.61,126186.15,95012.76,32520.37,5723.31,14749.38,30497.53,82353.7
2026-09-17,Central,In-Store,Home,Paid Search,149983.07,3857,417,1192,5598,417,3469,708,62744.5,78745.48,87238.57,81613.61,1786,153736.27,144549.61,149983.07,8338,8334,36,40,5788.11,359.67,3.82,3.76,21780.79,4877.84,149983.07,112918.4,33344.61,727.66,4782.92,52362.41,63339.27
2026-09-22,East,In-Store,Sports,Social,116008.51,2452,353,850,15401,353,10350,1755,49779.49,87903.38,66229.02,60421.55,1153,116255.67,110925.71,116008.51,7274,7324,215,165,2233.85,328.64,7.93,2.34,13404.41,3454.88,116008.51,101552.99,6186.97,6342.95,6877.51,26039.91,37533.9
2026-09-24,Central,In-Store,Beauty,Paid Search,50735.74,5043,364,861,5505,364,2382,1293,14278.47,45282.39,36457.27,30871.92,1585,51360.42,47418.08,50735.74,2676,2386,28,318,4606.67,139.38,2.96,2.67,22456.19,4376.24,50735.74,33468.24,38250.68,12998.22,7437.39,23042.01,67947.87
2026-10-04,Central,In-Store,Apparel,Direct,115171.17,3331,165,483,2921,165,2390,805,37737.82,83741.34,77433.35,83876.51,821,116731.26,109736.41,115171.17,3308,3317,52,43,10411.94,698.01,5.38,2.13,23623.31,4826.47,115171.17,88532.6,15078.85,14452.79,24567.24,22777.17,79261.83
2026-11-16,East,In-Store,Beauty,Email,11308.32,4799,2043,4123,52231,2043,44275,9482,4947.67,9576.8,6360.65,9018.52,7051,11494.91,11042.41,11308.32,6542,6735,383,190,6017.98,5.54,7.55,3.95,14654.75,6769.91,11308.32,7925.31,37629.6,15390.03,3735.2,69473.61,59460.39
2026-11-18,East,In-Store,Sports,Social,128936.77,5704,1918,5112,41446,1918,35675,4488,37070.97,65543.33,91865.8,127996.47,9830,131528.91,125171.61,128936.77,4156,4144,27,39,8579.0,67.22,7.9,1.78,3208.0,881.66,128936.77,98384.06,39055.07,14324.01,19457.68,32189.67,111235.7
2026-11-23,East,In-Store,Beauty,Paid Search,174967.22,4756,1853,3184,25676,1853,13053,6676,95977.52,87934.18,78989.7,76556.78,5686,178832.65,176074.41,174967.22,7313,7452,477,338,8597.77,94.42,5.38,4.14,6313.33,2947.89,174967.22,149905.92,27674.25,13285.75,7403.98,46059.44,71331.01
2026-12-03,Central,In-Store,Electronics,Direct,37829.7,2750,2114,6540,67369,2114,65969,6968,11015.33,16820.38,26814.37,26430.81,12269,38837.68,38155.4,37829.7,3859,4063,401,197,10345.61,17.89,2.61,4.67,11017.16,3301.27,37829.7,34607.26,59445.77,18626.16,22601.26,33293.31,108602.43
2026-12-10,East,In-Store,Beauty,Organic Search,57782.7,2786,1333,2432,34660,1333,26499,12933,17741.94,41850.72,40040.76,50828.88,5856,58005.06,56480.88,57782.7,5700,5833,315,182,13963.61,43.35,5.52,1.51,32674.78,6331.06,57782.7,54453.27,41430.08,10826.96,14531.74,59299.03,82037.44
2026-12-15,East,In-Store,Sports,Email,131355.97,5315,1347,3314,34682,1347,18040,11871,67499.61,67753.49,63856.36,81492.31,7560,133057.62,129566.49,131355.97,5504,5345,106,265,4136.61,97.52,2.28,2.61,1553.82,582.87,131355.97,119105.06,54642.15,7915.74,24332.78,37752.47,111338.36
2026-12-24,East,In-Store,Sports,Direct,41368.9,2920,1250,2675,17571,1250,13464,3435,17564.37,25271.15,23804.53,19364.25,4462,41464.72,39893.52,41368.9,3590,3362,50,278,3064.61,33.1,1.73,3.64,35480.2,7918.02,41368.9,31548.85,29845.52,9215.22,17399.38,34498.46,62269.39
2026-12-29,Central,In-Store,Beauty,Email,65847.92,2782,857,1987,28984,857,27459,6355,19347.92,26887.34,46500.0,40902.09,2622,66237.09,61947.26,65847.92,4806,4824,182,164,13792.38,76.84,2.6,1.88,11113.86,2765.35,65847.92,58462.37,41445.61,15147.66,19284.37,64918.52,88148.27
2026-12-30,East,In-Store,Electronics,Organic Search,49038.73,2584,1806,2994,22631,1806,11591,3721,12692.39,35945.72,36346.34,47404.4,4986,49378.41,48900.93,49038.73,7916,8211,308,13,3926.57,27.15,2.15,4.86,27020.66,6936.53,49038.73,34988.34,30246.15,14130.63,5314.47,17686.22,63912.57
2025-01-04,East,In-Store,Home,Email,113613.03,5077,1997,4297,90379,1997,40283,22087,31309.4,62329.7,82303.63,83067.22,6398,113989.34,106928.17,113613.03,3639,3586,269,322,2472.72,56.89,1.55,4.85,26801.23,6029.24,113613.03,84187.71,34759.64,6001.7,13858.16,54024.51,79539.67
2025-01-06,Central,In-Store,Apparel,Direct,128810.22,5601,1641,5046,79604,1641,78114,24122,69985.02,91754.08,58825.2,75904.89,7475,130407.54,125810.35,128810.22,4013,4217,428,224,1768.08,78.49,7.59,1.05,34776.76,7818.89,128810.22,122360.74,35690.83,10133.19,24767.81,65854.75,93363.3
2025-01-20,East,In-Store,Sports,Email,67130.48,5774,152,189,2417,152,1065,381,32675.29,46455.95,34455.19,54239.16,264,67354.64,66108.8,67130.48,7479,7570,173,82,14402.26,441.65,4.23,3.18,12009.44,2894.88,67130.48,63011.57,24337.36,5337.48,6365.22,35917.26,52311.81
2025-01-22,Central,In-Store,Sports,Social,82113.78,5077,1481,3297,33737,1481,31267,9231,34510.87,33446.46,47602.91,56071.25,7556,83202.13,80196.76,82113.78,3513,3256,96,353,2576.91,55.44,5.62,2.43,16892.8,6215.85,82113.78,71052.08,57643.69,15500.16,19064.19,33343.04,109029.42
2025-01-27,Central,In-Store,Sports,Direct,17928.33,2793,1553,1820,25248,1553,14348,8246,8947.13,11698.23,8981.2,10976.71,3629,17960.14,17880.15,17928.33,8225,8605,500,120,10264.85,11.54,5.86,3.02,18025.27,7134.78,17928.33,12039.67,24477.78,77.41,21088.9,62476.04,48937.1
2025-01-30,Central,In-Store,Beauty,Organic Search,44101.97,2052,1637,4181,29345,1637,23374,6760,24246.14,39540.97,19855.83,27462.56,9592,45075.57,42731.09,44101.97,7965,8288,394,71,7324.79,26.94,2.24,1.36,9022.17,1945.31,44101.97,31547.01,18312.18,4809.53,2607.55,33084.58,33968.03
2025-02-02,East,In-Store,Sports,Social,80147.56,2924,1174,3584,15512,1174,6505,4759,28745.2,44103.1,51402.36,49952.8,6515,80613.53,76956.32,80147.56,7630,7887,352,95,8637.26,68.27,3.06,1.98,17799.7,5244.8,80147.56,62698.75,47229.37,7556.04,9244.67,9077.88,79015.92
2025-02-03,East,In-Store,Sports,Paid Search,53964.0,5054,854,2502,11611,854,8647,2443,26919.7,25087.88,27044.3,35675.97,5446,54801.56,54642.31,53964.0,2832,2722,254,364,7580.02,63.19,3.16,3.55,7819.9,2811.4,53964.0,34109.06,22551.77,8635.17,10112.55,69045.4,52002.28
2025-02-09,Central,In-Store,Beauty,Social,86737.16,4850,1044,2531,43816,1044,20851,16361,46552.61,41674.12,40184.55,39270.83,3514,86994.51,82583.6,86737.16,3130,3029,61,162,8521.39,83.08,3.23,3.88,23715.93,7128.58,86737.16,60390.66,51344.55,5946.04,24995.39,18709.71,94067.23
2025-03-04,Central,In-Store,Electronics,Email,31320.02,3502,700,1847,12460,700,6847,1803,12307.69,15190.2,19012.33,29852.69,4494,31414.93,29435.78,31320.02,4327,4561,498,264,2091.7,44.74,3.31,3.5,20963.2,4633.17,31320.02,26393.04,13553.08,19266.94,8882.6,50469.76,50658.43
2025-03-09,East,In-Store,Apparel,Social,10374.4,5868,439,1167,10222,439,6257,3307,2954.48,8815.15,7419.92,9447.7,1637,10382.06,9903.28,10374.4,6821,7066,446,201,4906.93,23.63,5.82,2.98,2415.42,736.91,10374.4,6827.98,30023.06,15356.86,10032.87,25892.07,58247.1
2025-03-11,East,In-Store,Home,Direct,77965.71,4961,512,1360,9900,512,8562,1791,35335.02,59874.74,42630.69,45287.87,3367,78770.71,74154.03,77965.71,7417,7387,152,182,4639.92,152.28,5.86,2.84,34916.76,7346.55,77965.71,73901.64,6034.32,12765.39,4357.32,12844.41,36743.39
2025-03-14,Central,In-Store,Apparel,Organic Search,33446.81,1974,710,1858,31115,710,15130,6167,17417.88,28503.35,16028.93,20068.18,3616,33854.48,32810.57,33446.81,3049,3080,265,234,6143.47,47.11,1.51,3.75,10489.36,4985.82,33446.81,23930.31,37297.16,8726.6,3632.32,22372.71,55676.53
2025-03-18,Central,In-Store,Electronics,Social,8108.57,2571,2160,5906,38235,2160,29765,5516,2034.22,3557.05,6074.35,7350.94,8915,8256.93,8219.37,8108.57,8106,8104,295,297,10215.27,3.75,7.59,2.46,21597.69,5679.56,8108.57,6841.09,46406.2,8639.45,11804.02,51872.32,69054.95
2025-03-23,East,In-Store,Sports,Email,12541.54,3052,791,1729,20244,791,13692,5037,6010.07,6474.1,6531.47,8720.3,3730,12872.75,12695.35,12541.54,5880,6079,345,146,9942.22,15.86,3.93,4.65,4956.97,1298.08,12541.54,11130.73,59512.29,14852.75,24286.61,52934.47,101267.74
2025-04-02,East,In-Store,Sports,Social,57613.14,4528,1752,2513,34277,1752,18954,13586,15411.65,51155.05,42201.49,39854.41,5130,59023.47,57059.5,57613.14,6898,6532,34,400,14380.29,32.88,6.04,2.51,3899.2,2328.9,57613.14,53150.14,37734.07,4251.97,13640.76,49734.35,67583.12
2025-04-03,Central,In-Store,Apparel,Social,100434.84,2870,1758,2214,22631,1758,13574,7432,50078.74,85370.78,50356.1,53598.88,4953,101793.34,98700.41,100434.84,3790,3762,117,145,14240.79,57.13,3.69,4.41,14724.58,6761.91,100434.84,74295.32,33600.27,196.52,11263.21,48055.6,61139.66
2025-04-10,East,In-Store,Home,Paid Search,98294.77,3437,442,1077,9517,442,3852,2918,45820.32,58713.48,52474.45,68975.02,2512,99936.99,96199.34,98294.77,6296,6410,362,248,2239.02,222.39,4.75,1.34,4023.09,1476.74,98294.77,82756.33,5929.62,3961.13,20199.43,23086.28,50782.69
2025-05-03,Central,In-Store,Sports,Social,17897.87,5106,959,2089,42258,959,31142,8521,8358.43,9917.29,9539.44,13897.9,4410,17986.65,17070.73,17897.87,6908,6949,158,117,2185.21,18.66,3.9,4.42,31690.71,6135.19,17897.87,13310.96,37237.7,9883.22,6766.09,50597.43,58056.38
2025-05-06,East,In-Store,Home,Organic Search,14417.12,2307,2031,3271,26400,2031,14471,8298,5037.14,8697.52,9379.98,10408.67,5618,14455.66,14446.92,14417.12,4784,4834,356,306,10607.01,7.1,4.78,2.4,14346.82,5503.32,14417.12,12942.94,16119.66,8250.19,16531.82,11758.18,44024.27
2025-05-13,Central,In-Store,Beauty,Email,80488.94,2127,1531,2635,46029,1531,40356,13226,31230.95,60019.93,49257.99,51494.68,5227,81983.05,78996.19,80488.94,3397,3406,400,391,8781.35,52.57,7.16,1.91,26335.16,7337.8,80488.94,54800.08,42028.82,12375.77,15500.39,11786.31,85353.38
2025-05-20,Central,In-Store,Sports,Social,118675.23,5593,1070,3372,21107,1070,20807,8280,38407.51,102359.02,80267.72,119107.25,7908,118972.88,110235.42,118675.23,3795,3440,23,378,8463.66,110.91,2.7,2.57,13572.1,4028.07,118675.23,76739.94,45962.45,3661.36,11940.78,68218.54,97296.76
2025-05-25,East,In-Store,Electronics,Email,80877.19,2666,1363,4194,20780,1363,17040,6748,37235.25,44241.44,43641.94,65843.94,9512,81988.67,77717.01,80877.19,2934,3115,306,125,14095.82,59.34,5.53,3.58,4531.11,1322.3,80877.19,68515.54,19076.37,2871.36,16708.01,69778.05,58408.92
2025-05-26,Central,In-Store,Apparel,Organic Search,155512.46,2874,2122,6433,42207,2122,41657,10862,55237.45,62481.88,100275.01,105073.15,12438,159834.67,159741.0,155512.46,5679,5651,322,350,8166.31,73.29,4.95,1.3,6009.29,1249.76,155512.46,129237.7,7302.69,11884.78,18484.28,51728.31,69193.69
2025-06-07,East,In-Store,Home,Social,176088.95,4525,356,930,8298,356,5132,849,68192.0,95509.78,107896.95,93359.94,1373,176092.04,171905.89,176088.95,5498,5695,418,221,10681.44,494.63,7.26,2.92,4197.42,2787.21,176088.95,146549.84,19703.62,12507.74,10329.15,66927.22,70548.49
2025-06-16,Central,In-Store,Home,Organic Search,64091.41,3285,543,1244,6918,543,6360,1039,33201.44,43801.74,30889.97,28724.69,2008,64625.08,63417.8,64091.41,4328,4581,431,178,8019.19,118.03,5.49,1.07,12912.26,6608.66,64091.41,49816.68,48303.58,15025.07,14197.32,35805.98,86143.38
2025-06-24,East,In-Store,Electronics,Email,92638.54,5277,1322,2622,40043,1322,35501,13814,41736.41,57330.46,50902.13,74347.74,5722,94946.18,89321.69,92638.54,8908,8902,318,324,3725.77,70.07,3.84,3.48,23534.77,5807.62,92638.54,78663.77,22647.66,11909.8,15650.15,21857.27,72511.93
2025-07-10,Central,In-Store,Sports,Organic Search,101236.12,5568,522,946,23110,522,16356,9234,49009.48,41049.72,52226.64,62054.15,1201,103098.25,95770.76,101236.12,7335,7373,344,306,1910.88,193.94,2.46,2.78,1031.21,574.34,101236.12,84577.83,49166.3,7795.07,9859.58,37408.91,85437.19
2025-08-05,East,In-Store,Sports,Paid Search,16412.49,5904,1960,2175,25864,1960,24562,3259,7858.9,10039.65,8553.59,7289.6,3791,16521.3,15327.32,16412.49,5399,5533,254,120,8935.98,8.37,3.99,2.8,15707.59,5815.34,16412.49,13725.4,55599.31,10363.56,13330.08,46666.55,81479.83
2025-08-16,East,In-Store,Apparel,Paid Search,62132.49,4710,1958,4245,38824,1958,36003,8731,21893.55,41262.57,40238.94,40308.87,8229,63786.23,59661.96,62132.49,8087,8201,227,113,5159.92,31.73,1.72,3.28,8846.71,2383.11,62132.49,58985.8,43489.96,16666.09,11391.34,19118.89,83640.05
2025-08-17,East,In-Store,Beauty,Social,75214.18,2711,2077,3710,42841,2077,24015,13643,22826.55,59749.2,52387.63,71636.26,8823,76833.79,71992.44,75214.18,2173,2253,360,280,6290.65,36.21,4.19,1.08,16950.0,4150.57,75214.18,52354.0,26077.16,2867.6,10555.99,54311.84,60991.63
2025-08-18,East,In-Store,Beauty,Paid Search,52960.17,5190,733,879,9942,733,9003,3567,22951.59,29405.37,30008.58,31811.2,1773,53180.2,51419.37,52960.17,3058,3224,347,181,14517.08,72.25,5.08,1.43,15638.9,7254.66,52960.17,40285.53,41509.99,2276.66,16956.19,43663.16,70286.2
2025-08-22,Central,In-Store,Electronics,Paid Search,72437.45,3899,803,2558,35945,803,19529,12561,26374.31,54000.11,46063.14,63652.21,3905,73323.77,68653.8,72437.45,2968,2936,213,245,12233.85,90.21,4.05,1.3,24968.75,7565.13,72437.45,58525.99,58841.12,1660.69,21338.3,21619.28,100935.77
2025-08-25,Central,In-Store,Sports,Social,108697.2,3753,518,964,10968,518,8439,4380,46405.99,90198.62,62291.21,69214.18,1952,109961.16,103339.16,108697.2,7463,7848,451,66,14122.46,209.84,3.23,3.23,13889.89,7546.74,108697.2,90564.33,52514.31,16759.34,21106.07,15090.09,111143.97
2025-08-31,East,In-Store,Sports,Paid Search,122825.88,3890,1586,4472,30226,1586,15405,6219,41402.17,88182.25,81423.71,75374.07,7187,123967.63,116194.91,122825.88,3984,3864,193,313,6660.66,77.44,7.96,1.06,4062.45,2430.99,122825.88,110723.52,15617.46,6986.16,9871.59,15419.42,55087.43
2025-09-13,Central,In-Store,Sports,Social,134414.43,2333,1135,2715,34601,1135,27350,7631,42521.92,82716.19,91892.51,105358.04,6116,134795.16,132012.41,134414.43,2026,1787,48,287,14913.84,118.43,5.84,2.1,12164.15,3078.69,134414.43,82062.24,14707.9,8361.97,17171.5,15172.06,71848.78
2025-09-14,Central,In-Store,Beauty,Direct,176911.92,5870,1610,1953,29827,1610,26331,4159,51962.21,114736.32,124949.71,172346.43,3011,179197.27,171710.44,176911.92,6445,6188,63,320,7859.82,109.88,4.5,2.41,17222.76,4307.81,176911.92,137055.34,13520.52,12311.15,24525.79,28757.22,102061.39
2025-09-17,Central,In-Store,Home,Organic Search,45707.32,3349,2094,6274,87786,2094,53770,32781,13050.68,36152.83,32656.64,39126.04,10598,45952.81,42655.64,45707.32,7214,7549,485,150,13904.33,21.83,3.44,4.52,3112.46,2022.84,45707.32,28093.33,49409.34,3121.66,13731.79,37596.77,78000.6
2025-09-19,Central,In-Store,Home,Paid Search,89554.75,3740,649,1279,9473,649,4825,1307,27583.85,66719.1,61970.9,50612.67,2285,90052.41,86873.98,89554.75,3434,3660,473,247,5246.33,137.99,2.26,2.21,9020.63,1696.13,89554.75,71951.19,25588.37,6221.16,11642.28,8850.42,58635.61
2025-09-22,Central,In-Store,Sports,Direct,125207.5,5654,1004,2462,12793,1004,7515,4948,55844.53,67101.49,69362.97,91931.33,5629,126810.55,117768.91,125207.5,7510,7471,237,276,6644.86,124.71,7.44,2.8,26899.44,5780.09,125207.5,89645.57,6086.21,2346.07,22802.11,52942.69,58813.79
2025-10-01,Central,In-Store,Beauty,Organic Search,142800.09,2601,294,483,12510,294,12392,2452,61723.73,66542.15,81076.36,87484.07,933,144014.46,143882.21,142800.09,8483,8877,420,26,8491.36,485.71,4.41,3.24,5914.52,1586.58,142800.09,88645.11,39729.38,6910.85,22460.52,24474.74,95345.97
2025-10-02,Central,In-Store,Home,Direct,10163.11,2808,1940,2161,24840,1940,23091,4677,3376.94,5373.42,6786.17,9032.84,2656,10325.53,9776.37,10163.11,4317,4462,339,194,3223.34,5.24,3.73,4.04,3953.23,1632.12,10163.11,6334.11,42432.85,6738.98,3425.45,12564.43,55307.13
2025-10-15,Central,In-Store,Beauty,Direct,71182.45,3796,1555,2547,43206,1555,22222,5659,36898.66,42527.31,34283.79,52316.45,5584,71542.41,66274.68,71182.45,2586,2479,269,376,6363.01,45.78,3.07,3.85,12301.4,6657.3,71182.45,47997.38,41092.09,1653.82,15597.1,65037.02,74037.94
2025-10-17,East,In-Store,Beauty,Social,138601.26,3376,1655,5062,30267,1655,23996,11546,48178.48,112395.63,90422.78,113221.1,11542,142552.36,137333.96,138601.26,7494,7572,316,238,9409.7,83.75,4.61,2.93,5105.34,2561.88,138601.26,96087.92,58113.24,19819.39,17267.8,49839.38,129166.76
2025-10-19,East,In-Store,Sports,Organic Search,98922.3,3412,1264,3762,25182,1264,21455,2980,34364.82,48484.1,64557.48,52917.85,8724,100558.95,95052.15,98922.3,2881,3274,454,61,10453.04,78.26,3.69,4.42,9429.25,2614.96,98922.3,87820.74,33914.55,16313.94,9932.1,58092.51,76035.95
2025-11-09,Central,In-Store,Home,Paid Search,124695.68,3870,2077,5569,90700,2077,47282,33569,39252.75,102706.37,85442.93,100730.38,9139,125129.0,120773.95,124695.68,5279,5467,331,143,13759.72,60.04,5.2,3.86,39928.26,7982.62,124695.68,98475.28,34972.99,14542.19,18072.09,28480.3,97806.38
2025-12-02,Central,In-Store,Sports,Paid Search,114176.83,3193,1614,3841,21245,1614,14124,6018,35209.44,100371.76,78967.39,93566.89,4916,115158.74,108870.42,114176.83,8269,8008,135,396,6128.15,70.74,4.97,4.42,4155.22,2593.93,114176.83,79715.21,28704.49,1644.69,5560.7,57978.18,63979.95
2025-12-08,Central,In-Store,Sports,Paid Search,122309.65,1771,1102,2871,51812,1102,32036,6747,43464.09,75746.02,78845.56,68421.28,5687,123778.76,123618.49,122309.65,5045,5256,487,276,2194.06,110.99,1.73,3.77,11241.09,2760.53,122309.65,89931.3,15653.32,10149.48,22373.18,55004.21,68702.36
2025-12-15,East,In-Store,Sports,Email,128928.59,2870,814,1744,13162,814,12735,1332,34917.41,75597.75,94011.18,95747.62,3586,131157.25,124908.79,128928.59,5792,6111,459,140,10782.56,158.39,2.85,3.85,15213.94,4928.33,128928.59,98603.06,23633.94,9993.44,20919.26,49393.28,83270.93
2025-12-17,East,In-Store,Beauty,Paid Search,153616.98,2435,1659,3442,21038,1659,15733,4827,47321.71,88239.47,106295.27,103384.88,8351,155655.56,147425.64,153616.98,3827,3937,375,265,10392.11,92.6,3.27,1.73,7873.36,2519.03,153616.98,102657.66,47471.6,3185.92,2161.68,59864.27,83834.66
2025-12-19,Central,In-Store,Home,Email,30920.34,2327,801,2226,14725,801,12826,2211,13647.82,13555.98,17272.52,25922.21,4958,31031.02,30104.35,30920.34,5513,5463,91,141,14207.39,38.6,7.95,2.15,17132.63,3163.27,30920.34,29364.51,30243.78,9462.34,20492.25,45067.54,67975.03
2026-01-13,Central,In-Store,Electronics,Paid Search,81591.27,4777,1519,1766,53623,1519,25954,13747,23833.55,56516.38,57757.72,76999.47,3168,81671.73,81138.16,81591.27,5447,5295,204,356,12585.83,53.71,7.36,1.12,10003.58,3152.86,81591.27,65531.53,57358.41,18794.98,6872.82,56043.83,106126.05
2026-01-16,Central,In-Store,Apparel,Email,148720.0,4895,1427,1944,64112,1427,41026,6558,40818.52,122731.53,107901.48,119515.27,3182,151019.5,140175.72,148720.0,3301,3099,174,376,14235.05,104.22,3.91,2.66,18840.92,3920.94,148720.0,113295.93,48304.09,543.84,4926.74,66697.5,89629.25
2026-01-19,Central,In-Store,Beauty,Social,85188.33,4921,1430,4081,24418,1430,13065,8985,45095.37,39256.71,40092.96,61130.81,9324,86579.45,83222.55,85188.33,4436,4591,316,161,1663.58,59.57,7.5,1.48,9549.26,3064.92,85188.33,68510.75,31065.43,15139.61,4244.4,65530.58,68788.68
2026-01-28,East,In-Store,Home,Direct,155575.45,5803,2112,4753,26888,2112,18051,8666,51569.31,109117.31,104006.14,161555.07,7447,155621.78,148265.64,155575.45,7882,7940,291,233,4196.42,73.66,6.75,3.47,6891.77,2667.51,155575.45,126068.95,57264.82,1686.86,11435.05,11839.34,118853.25
2026-01-31,East,In-Store,Sports,Paid Search,27611.44,5170,372,844,10995,372,10509,1575,10392.97,12161.88,17218.47,17024.78,1834,28179.43,27944.21,27611.44,6967,7021,285,231,7926.83,74.22,6.54,1.94,14352.93,5893.88,27611.44,19805.73,58153.33,7191.5,4702.54,22043.27,75154.8
2026-02-24,East,In-Store,Electronics,Social,178242.51,2355,90,224,1309,90,606,166,53178.18,121411.03,125064.33,145985.47,278,179231.41,168656.7,178242.51,3108,2940,59,227,5663.86,1980.47,6.53,3.04,16286.95,5732.03,178242.51,128623.27,53836.26,13244.28,12936.19,59904.12,123812.37
2026-03-02,East,In-Store,Apparel,Direct,54264.04,2037,580,1806,9064,580,8370,1828,21330.62,44907.42,32933.42,48574.74,3468,55004.03,54516.31,54264.04,5853,5745,164,272,9289.07,93.56,3.24,1.79,20673.79,5281.87,54264.04,50739.62,32360.31,19765.57,17262.84,16079.79,83961.14
2026-03-08,East,In-Store,Apparel,Organic Search,54985.78,2641,1510,2739,37267,1510,18711,9905,24327.03,23622.28,30658.75,32877.69,4962,55435.42,52357.84,54985.78,6394,6453,235,176,12151.77,36.41,4.13,2.82,10755.09,3374.02,54985.78,49588.96,55368.48,1070.39,21388.15,46833.89,87690.33
2026-03-13,Central,In-Store,Home,Organic Search,175327.5,5057,444,995,8336,444,3885,2735,55320.04,71894.22,120007.46,139821.99,1928,178094.64,177869.13,175327.5,5277,5594,498,181,14583.18,394.88,2.12,4.57,22281.59,7370.37,175327.5,137413.49,40253.11,5794.5,20020.07,18744.31,108014.28
2026-03-23,East,In-Store,Electronics,Email,70027.12,5323,1911,3450,43647,1911,39203,15515,27686.7,55748.53,42340.42,62496.53,4654,70193.66,68002.31,70027.12,5151,5315,239,75,2924.74,36.64,7.04,1.61,32908.39,6042.29,70027.12,54867.78,29410.94,6717.43,10119.23,35235.52,64996.56
2026-04-13,Central,In-Store,Apparel,Email,131759.18,5587,234,698,9070,234,5565,1393,33958.1,65956.46,97801.08,118552.17,1649,134827.17,129409.98,131759.18,7113,7598,496,11,8507.5,563.07,2.16,4.5,6352.98,2985.22,131759.18,118530.8,13705.91,11146.75,3872.7,54757.67,64291.01
2026-04-18,Central,In-Store,Apparel,Paid Search,124407.84,5121,323,836,14233,323,10681,3422,43493.58,94070.97,80914.26,114562.02,1038,124871.75,123684.98,124407.84,4706,4810,350,246,12012.56,385.16,2.78,3.88,1255.93,609.68,124407.84,110128.49,31400.12,2683.72,5720.9,37789.58,74173.35
2026-04-19,Central,In-Store,Sports,Email,90014.98,5911,287,844,6725,287,6685,2417,43165.45,45429.44,46849.53,68032.4,1494,90311.67,90100.4,90014.98,3256,3363,300,193,2951.43,313.64,6.24,1.66,4046.99,807.48,90014.98,77691.76,36612.74,12638.02,14085.04,8327.29,83745.52
2026-04-25,Central,In-Store,Beauty,Direct,19589.84,3798,233,616,8357,233,3691,1364,9290.54,15058.66,10299.3,9361.91,1366,20060.6,19383.22,19589.84,7344,7013,32,363,11888.72,84.08,3.22,3.85,18131.16,4696.51,19589.84,13105.89,6598.42,11823.02,2998.47,14215.06,24228.48
2026-05-03,East,In-Store,Beauty,Paid Search,21110.84,3209,637,1926,9511,637,5630,2522,5640.31,16466.13,15470.53,23694.9,2577,21645.24,20019.18,21110.84,5724,5569,102,257,10359.29,33.14,3.23,2.02,12628.87,4637.49,21110.84,15283.53,10170.36,1433.09,23430.88,18604.75,42142.8
2026-05-04,East,In-Store,Apparel,Organic Search,29217.25,3752,1893,3589,63832,1893,59518,14929,8549.77,20264.7,20667.48,27055.39,7491,30049.27,28725.22,29217.25,4723,4911,329,141,4921.18,15.43,2.7,4.62,1915.87,944.56,29217.25,18002.78,50832.0,15815.53,9380.77,10116.89,84144.92
2026-05-06,Central,In-Store,Electronics,Organic Search,11030.64,5589,185,310,2750,185,1985,507,3442.5,4461.67,7588.14,9533.02,704,11235.36,10956.53,11030.64,4403,4435,158,126,4678.84,59.63,5.65,4.09,26264.83,6790.87,11030.64,9886.37,24018.07,15672.38,24279.93,63691.07,66830.29
2026-05-08,East,In-Store,Beauty,Social,125158.61,3143,1459,3189,48773,1459,39487,14038,47579.89,88610.21,77578.72,116470.23,5228,126378.1,117936.05,125158.61,2812,3038,346,120,4720.97,85.78,7.09,4.98,25507.81,6903.26,125158.61,102294.4,21842.25,17932.67,17571.88,40612.91,92287.87
2026-05-13,Central,In-Store,Home,Direct,130126.55,2241,565,1621,12849,565,12437,4717,68839.29,57562.13,61287.26,74996.48,2337,132972.45,125746.27,130126.55,4635,4854,298,79,9077.56,230.31,7.63,2.29,26984.03,5648.6,130126.55,102323.9,15665.76,12809.82,14565.81,42813.18,65540.33
2026-05-14,East,In-Store,Sports,Direct,127591.54,4851,2021,5816,30632,2021,14508,3844,47045.62,69116.11,80545.92,66962.49,7558,131045.36,124569.09,127591.54,5057,5014,355,398,13210.78,63.13,5.65,3.2,12555.8,2329.47,127591.54,85182.64,25026.76,13947.04,8584.61,37626.54,67647.16
2026-05-16,East,In-Store,Apparel,Social,122333.74,1818,905,1022,33739,905,18254,13339,33343.98,77215.97,88989.76,139150.71,1455,124317.13,119463.31,122333.74,6451,6224,69,296,9284.19,135.18,2.44,4.56,12859.79,5065.02,122333.74,93440.89,31207.5,2693.15,18574.29,36799.99,94220.15
2026-05-19,East,In-Store,Apparel,Organic Search,115006.22,3467,1131,1445,18684,1131,13152,3854,31033.31,58882.7,83972.91,85818.04,2495,118221.66,110289.86,115006.22,4206,4423,356,139,3223.82,101.69,2.43,3.89,7171.22,4307.13,115006.22,96177.85,23343.97,15122.04,16101.41,50337.92,80312.83
2026-05-24,Central,In-Store,Apparel,Paid Search,95193.99,5990,1030,2186,37423,1030,26556,9975,48506.48,58128.61,46687.51,64814.12,3955,96114.08,95739.94,95193.99,6991,6791,97,297,6302.42,92.42,7.4,1.77,6582.49,2028.21,95193.99,75807.32,10746.11,13904.84,12507.6,64653.79,56602.79
2026-05-29,Central,In-Store,Beauty,Organic Search,48357.99,1922,1476,2315,26084,1476,20813,6729,25730.72,27854.71,22627.27,34208.66,5326,49070.59,46976.13,48357.99,7669,7914,366,121,5798.51,32.76,7.41,1.89,2622.12,1727.1,48357.99,35350.86,56781.41,12643.09,10022.97,30731.96,89710.07
2026-06-04,East,In-Store,Beauty,Paid Search,140510.12,2305,534,1495,11534,534,7311,3331,74563.85,96814.26,65946.27,87363.74,3023,143038.78,141453.26,140510.12,7110,7020,252,342,3598.78,263.13,5.31,2.84,11956.72,4555.82,140510.12,93218.25,33665.62,19977.17,24778.56,10460.8,104630.47
2026-06-11,East,In-Store,Sports,Social,105770.73,3127,421,970,18251,421,10855,4706,58078.48,71639.62,47692.25,70873.98,1745,106372.17,105412.05,105770.73,6360,6456,353,257,11483.6,251.24,1.62,3.14,29034.93,6539.98,105770.73,84457.48,42010.5,13203.09,16195.81,24252.76,92671.59
2026-06-28,East,In-Store,Electronics,Organic Search,168420.2,3775,1101,3517,14412,1101,12084,4009,65601.3,105017.51,102818.9,125718.65,5546,172474.46,163233.87,168420.2,8970,8973,164,161,7357.15,152.97,4.62,3.98,14611.25,6147.17,168420.2,135616.41,26988.79,18033.08,2652.11,9878.12,85389.57
2026-06-29,East,In-Store,Electronics,Direct,110990.57,2812,1894,4196,43665,1894,31045,7951,44326.69,63399.5,66663.88,82808.23,7667,114246.86,107102.28,110990.57,8909,8705,77,281,2435.98,58.6,6.12,2.2,26726.82,6594.13,110990.57,99040.65,53458.93,13703.93,2673.29,59246.43,94678.62
2026-07-03,East,In-Store,Home,Organic Search,100175.18,4782,1283,3503,26199,1283,12324,5339,34443.52,72404.63,65731.66,81764.28,7004,100738.86,100075.48,100175.18,7939,7829,280,390,3030.29,78.08,6.07,3.75,14334.11,4196.97,100175.18,81238.97,52901.46,571.04,8923.78,23528.42,86925.56
2026-07-14,Central,In-Store,Home,Paid Search,90885.71,4559,242,490,3027,242,2765,1109,23596.32,44013.07,67289.39,74330.78,1033,92013.9,86910.52,90885.71,5118,5229,422,311,11149.83,375.56,2.39,4.34,19484.71,4207.27,90885.71,55220.97,17725.06,6977.24,20129.07,50979.11,67130.6
2026-07-28,Central,In-Store,Home,Paid Search,168305.88,3462,291,490,5436,291,5273,1262,92157.15,72882.87,76148.73,79238.22,1053,170991.41,162513.76,168305.88,4934,4856,41,119,5458.1,578.37,2.19,4.43,3698.89,2292.53,168305.88,103483.21,10279.98,7221.57,24789.41,25537.58,66062.43
2026-07-30,Central,In-Store,Electronics,Social,167296.38,1678,1433,2367,19659,1433,13760,2430,77346.01,128495.81,89950.37,137840.49,3374,169395.98,166905.09,167296.38,8983,8949,110,144,3078.59,116.75,7.46,1.02,15289.84,4447.57,167296.38,146492.2,35476.04,14437.4,8839.21,62836.07,100104.8
2026-08-04,East,In-Store,Sports,Email,170313.94,3672,535,1543,9758,535,4363,1667,59493.64,86282.49,110820.3,165294.75,3595,173903.17,167334.68,170313.94,4602,4944,383,41,13863.05,318.34,4.29,2.33,16718.78,7444.38,170313.94,144785.58,14638.43,18790.25,4245.88,47831.48,87262.98
2026-08-06,East,In-Store,Beauty,Social,103764.8,4337,2076,3483,29904,2076,26738,9815,45728.83,59855.69,58035.97,66405.94,5106,106668.9,105235.57,103764.8,7976,7968,174,182,7264.0,49.98,4.0,2.0,27533.29,6758.05,103764.8,76627.93,42537.36,268.76,22587.41,16418.85,85315.31
2026-08-08,Central,In-Store,Electronics,Organic Search,179665.25,3234,1004,3031,17998,1004,10836,1868,60256.07,149878.76,119409.18,146355.16,5959,181283.33,167511.0,179665.25,4711,4707,351,355,11678.92,178.95,3.49,4.59,9083.04,2411.47,179665.25,135285.77,33790.39,14981.32,14922.04,51970.41,107600.3
2026-08-26,Central,In-Store,Beauty,Email,151736.08,1744,261,561,4873,261,3784,580,57352.86,126713.89,94383.22,130565.18,1317,153809.27,143557.07,151736.08,3741,3954,323,110,7405.16,581.36,6.88,2.22,2814.89,1006.71,151736.08,134213.98,51824.38,14398.79,3136.42,25919.47,108529.14
2026-09-06,Central,In-Store,Electronics,Direct,84936.6,4506,460,1187,18116,460,8966,6902,39232.96,44766.14,45703.64,65465.76,1853,86998.66,82001.17,84936.6,3638,3765,192,65,9392.22,184.64,3.54,4.94,17348.34,7456.29,84936.6,53976.02,7128.24,1684.34,4385.98,43138.02,32838.29
2026-09-19,Central,In-Store,Apparel,Direct,67650.63,3277,2111,3976,35633,2111,20617,13954,20312.39,45263.89,47338.24,44568.76,5158,68616.69,63919.65,67650.63,8043,8045,301,299,10367.91,32.05,4.42,3.18,24684.66,4937.38,67650.63,47035.88,22049.98,18992.12,18819.22,53654.92,73231.95
2026-09-21,Central,In-Store,Home,Email,69545.93,5366,481,1213,6894,481,5377,2142,22010.44,37139.65,47535.49,71088.8,2313,70379.95,69717.12,69545.93,4059,4457,456,58,3051.08,144.59,3.89,4.4,19607.6,4276.92,69545.93,56160.55,12386.5,6134.01,2019.03,26954.37,41866.18
2026-10-17,East,In-Store,Electronics,Organic Search,159401.99,2573,135,302,2722,135,2319,956,62570.2,83190.91,96831.79,94337.02,619,159719.45,147501.04,159401.99,3912,3907,249,254,9614.08,1180.76,6.9,2.92,6745.15,2924.75,159401.99,130109.55,55199.92,8274.01,12664.49,60998.67,104439.53
2026-10-18,East,In-Store,Home,Paid Search,18121.03,4255,718,1024,9992,718,4484,2479,5226.0,12325.4,12895.03,20449.82,2021,18177.35,16941.17,18121.03,5280,5669,493,104,10628.46,25.24,2.73,4.72,1367.21,814.2,18121.03,12158.35,29827.06,18614.33,20467.35,30628.07,75043.69
2026-10-28,Central,In-Store,Sports,Organic Search,96102.94,3050,1211,2203,28279,1211,16189,3000,29251.04,44308.95,66851.9,58715.78,4076,97663.04,92960.31,96102.94,6157,6195,321,283,11866.67,79.36,6.02,3.4,33342.9,7742.2,96102.94,65756.46,57779.07,11112.23,8896.35,16805.32,95402.38
2026-11-10,East,In-Store,Sports,Social,94380.22,2939,1350,2698,22514,1350,12873,3212,33450.14,76635.34,60930.08,59582.51,4694,95471.82,94806.7,94380.22,6477,6778,325,24,7286.86,69.91,4.24,1.8,18186.63,6272.62,94380.22,79765.33,18653.81,18883.56,15874.27,32329.6,71286.39
2026-11-19,East,In-Store,Electronics,Social,172212.02,1564,581,1270,8444,581,5710,2747,48004.33,86910.74,124207.69,170408.42,2953,176433.61,165072.83,172212.02,8795,8825,269,239,12447.43,296.41,6.5,1.18,30409.88,7287.65,172212.02,149202.82,28200.95,14952.42,15963.54,41087.7,110239.44
2026-11-28,East,In-Store,Apparel,Direct,139050.94,2164,803,1147,23869,803,20399,2918,52552.57,122090.2,86498.37,131030.29,2401,141072.51,138183.9,139050.94,2816,3030,250,36,4166.43,173.16,2.85,2.43,2727.58,1117.09,139050.94,130448.05,10031.79,3288.39,2254.7,31243.42,54883.97
2026-12-03,East,In-Store,Home,Email,114062.24,2119,498,576,6722,498,3452,2362,52274.51,84936.55,61787.73,51293.34,882,114200.02,112167.92,114062.24,8345,8268,152,229,13541.34,229.04,5.78,1.16,9169.12,2254.19,114062.24,81232.83,6303.18,4497.46,2067.82,54914.65,28256.46
2026-12-08,Central,In-Store,Beauty,Social,63493.15,5735,1811,2029,81470,1811,78293,14740,29489.56,29808.54,34003.59,44294.32,3400,65310.33,60872.74,63493.15,4424,4638,394,180,12154.99,35.06,3.73,4.02,13241.0,6383.37,63493.15,54391.37,46202.87,3676.89,18841.06,52721.09,82009.12
2026-12-10,Central,In-Store,Sports,Social,51220.48,4799,1458,1831,38376,1458,22119,15190,26691.49,32838.45,24528.99,36052.07,4103,51320.46,50024.45,51220.48,4703,4971,299,31,4661.12,35.13,3.24,4.46,33543.52,6623.56,51220.48,42897.76,24721.74,7528.79,3717.11,33062.93,46783.26
2026-12-11,East,In-Store,Apparel,Email,94140.78,1900,260,814,8853,260,3896,1076,33128.28,60331.32,61012.5,86164.54,1330,95333.0,92921.48,94140.78,8725,8741,118,102,4941.96,362.08,5.12,4.77,14814.69,5746.76,94140.78,61688.25,27684.3,425.14,24997.06,47428.17,78955.86
2026-12-13,East,In-Store,Beauty,Paid Search,77062.94,4726,580,818,11641,580,6677,2814,41410.31,61721.84,35652.63,56627.69,1844,79199.42,76859.02,77062.94,8655,8539,70,186,7837.51,132.87,5.52,1.93,6272.63,1666.77,77062.94,55963.09,43543.95,19963.0,24871.5,13925.9,105366.76
2026-12-18,Central,In-Store,Sports,Paid Search,17236.3,3091,861,1519,13996,861,5933,5227,8140.84,7203.87,9095.46,9967.99,1844,17513.69,16901.65,17236.3,4724,4682,115,157,1963.31,20.02,4.26,2.09,33106.12,7580.31,17236.3,12038.16,16482.06,3369.94,5365.5,63875.31,28207.9
2026-12-21,Central,In-Store,Home,Paid Search,65505.92,5100,1219,2235,16686,1219,10861,4361,31389.66,30330.65,34116.26,30247.88,5533,66871.41,63863.69,65505.92,6226,6307,411,330,14775.38,53.74,6.81,1.77,30453.35,6517.67,65505.92,50632.95,23437.96,3799.05,23665.2,65677.22,59976.57
2026-12-26,Central,In-Store,Home,Social,63700.61,1972,471,1450,6088,471,2785,1994,24874.86,26062.8,38825.75,59643.62,2484,64875.71,62908.01,63700.61,5062,4859,91,294,8693.49,135.25,7.91,3.22,2696.48,906.84,63700.61,54740.73,25235.2,15318.82,4042.99,16353.58,62490.1
2025-01-03,Central,In-Store,Home,Social,40900.69,4120,586,986,11898,586,7886,4284,20213.86,34980.05,20686.83,32671.22,2252,40931.5,38635.46,40900.69,8104,7882,43,265,6217.7,69.8,6.13,3.71,16303.18,4524.48,40900.69,28717.61,16585.98,4451.1,9191.67,31594.73,40030.12
2025-01-12,East,In-Store,Beauty,Organic Search,167773.01,3196,923,2343,14974,923,8948,3490,90307.58,91923.5,77465.43,62925.73,4703,168227.56,166615.03,167773.01,6876,6862,193,207,2851.18,181.77,4.6,3.52,7102.09,3048.17,167773.01,113736.48,35903.1,4802.71,24005.28,14250.49,83588.81
2025-01-15,Central,In-Store,Sports,Organic Search,56690.13,5803,1775,4851,45372,1775,42608,9740,30957.04,27473.14,25733.09,27551.2,9009,56732.95,54038.59,56690.13,7278,7493,319,104,5495.44,31.94,6.4,2.71,29815.01,6540.77,56690.13,40364.67,12803.72,12243.67,19576.91,30119.02,52889.66
2025-02-03,Central,In-Store,Apparel,Social,178757.3,3215,2121,2950,81987,2121,65338,21685,47902.8,126016.77,130854.5,206193.91,5964,180893.92,173811.55,178757.3,8080,8184,325,221,3676.36,84.28,4.06,1.72,18607.56,3503.89,178757.3,149606.21,52843.9,17442.43,9174.84,42421.21,141319.34
2025-02-07,Central,In-Store,Electronics,Social,157401.12,5700,792,2008,21116,792,17435,7173,73026.98,132644.19,84374.14,111391.0,4414,158651.88,149141.24,157401.12,8402,8360,282,324,3719.72,198.74,3.6,4.74,27118.23,7892.39,157401.12,94825.37,41764.75,14169.69,9661.85,60650.94,99013.59
2025-02-12,Central,In-Store,Home,Email,24734.44,3579,1237,3864,28579,1237,27718,5400,12488.32,19014.35,12246.12,17497.65,4803,24895.38,24454.98,24734.44,6951,6775,155,331,2609.07,20.0,7.59,1.84,24189.04,4567.86,24734.44,21594.32,9767.34,7772.32,24028.51,65832.09,46817.46
2025-02-18,Central,In-Store,Apparel,Email,72795.83,3563,1453,2765,24049,1453,14287,7738,35241.67,29953.12,37554.16,39271.82,5265,74836.62,73077.98,72795.83,5247,5265,308,290,6142.23,50.1,4.0,1.59,22284.29,7327.27,72795.83,48223.41,24853.25,15703.97,16290.88,47311.69,68629.65
2025-02-22,Central,In-Store,Beauty,Social,117738.09,3080,475,680,9438,475,6428,2530,31697.22,61223.73,86040.87,130305.34,822,120483.99,118236.0,117738.09,5454,5501,160,113,13387.36,247.87,7.09,3.7,6440.27,3376.95,117738.09,94349.33,37180.77,10274.96,3430.75,60232.3,89978.08
2025-02-23,East,In-Store,Apparel,Organic Search,142554.17,1501,2073,5405,34758,2073,18713,4578,53212.22,100695.59,89341.95,99150.2,10311,144234.77,142006.78,142554.17,5441,5704,466,203,10458.89,68.77,2.89,1.16,13142.06,2629.71,142554.17,93827.22,28424.22,8567.47,2944.48,8459.75,69681.23
2025-03-02,Central,In-Store,Sports,Email,21751.55,3487,205,268,6527,205,2878,2559,11829.44,13887.75,9922.11,13649.67,640,21984.27,21813.07,21751.55,7820,7763,329,386,8049.05,106.11,7.32,2.4,8792.55,3582.43,21751.55,19021.38,35348.78,5757.8,22499.15,17972.73,67700.63
2025-03-08,East,In-Store,Sports,Organic Search,97384.54,1516,778,1344,24277,778,21915,7572,35080.98,60003.49,62303.56,74872.53,2102,97896.07,97888.59,97384.54,2243,2230,48,61,6791.23,125.17,5.49,2.77,7636.89,2319.61,97384.54,68500.51,48680.7,17422.62,22576.01,24819.26,111141.09
2025-03-11,Central,In-Store,Sports,Social,99338.41,4426,1508,2509,43375,1508,26445,16761,43034.87,86945.68,56303.54,66870.99,4148,100750.95,97898.41,99338.41,3771,3511,44,304,3116.61,65.87,5.87,3.08,6797.22,4437.79,99338.41,79596.16,30434.22,5844.6,12936.14,45868.49,69276.26
2025-03-14,Central,In-Store,Electronics,Paid Search,114572.47,3072,609,1903,10056,609,7917,3307,50411.9,51586.09,64160.57,94948.57,4470,117615.41,112745.57,114572.47,4321,4742,433,12,6121.78,188.13,4.33,2.84,12165.1,6424.2,114572.47,69662.91,40997.84,9378.17,9501.01,33486.97,88361.59
2025-03-25,East,In-Store,Electronics,Email,146103.5,5417,1891,5897,26872,1891,16324,6308,46208.25,129806.25,99895.25,109228.87,10010,149160.9,138530.2,146103.5,4237,4467,461,231,3228.19,77.26,6.38,3.47,24757.62,5350.64,146103.5,126547.16,35539.34,6172.32,20402.86,65669.65,94883.18
2025-03-26,East,In-Store,Electronics,Organic Search,14889.77,4683,2065,5558,65350,2065,52302,24124,5238.43,10440.23,9651.34,15247.39,12834,15033.58,14506.19,14889.77,7725,7646,297,376,13281.6,7.21,4.52,3.16,29759.46,7137.62,14889.77,13487.56,19360.83,1946.42,24933.92,21328.75,50815.39
2025-03-28,Central,In-Store,Electronics,Social,62830.87,5503,670,1946,13735,670,11690,4767,25581.65,30632.37,37249.22,35885.46,4510,64649.63,64380.13,62830.87,4814,4996,428,246,5031.01,93.78,5.1,2.06,4320.56,805.4,62830.87,55528.6,12004.61,8180.43,11112.76,50545.43,42063.44
2025-04-08,Central,In-Store,Beauty,Email,46807.04,3471,1536,3418,24952,1536,14302,4931,13765.28,22632.02,33041.76,28539.32,8459,47572.94,43808.61,46807.04,2860,3001,367,226,9945.01,30.47,6.92,2.78,4373.42,869.62,46807.04,42991.17,37614.26,8118.93,14436.61,20538.05,68731.6
2025-04-12,East,In-Store,Sports,Email,53092.61,4542,1576,4486,24529,1576,10486,7391,15180.06,34039.55,37912.55,33139.02,10010,53456.88,51874.06,53092.61,8077,8488,495,84,12353.89,33.69,2.64,1.03,1769.49,848.04,53092.61,36161.73,35093.67,15231.78,2455.27,56443.44,62722.43
2025-04-14,East,In-Store,Beauty,Email,52512.02,4191,1196,2171,19467,1196,11060,5791,19738.36,36892.28,32773.66,43286.33,4809,54046.23,52585.44,52512.02,6900,6966,162,96,7889.21,43.91,3.51,3.63,22796.21,5717.58,52512.02,32490.31,38614.52,1319.27,5479.76,39249.37,58399.45
2025-04-21,East,In-Store,Home,Social,110313.03,1681,364,759,5185,364,3247,846,34716.2,59726.54,75596.83,89243.03,1100,112843.0,104628.41,110313.03,7127,7301,184,10,12290.97,303.06,6.1,3.74,7659.89,4097.22,110313.03,101553.76,25008.94,1663.03,19047.13,30287.26,72492.01
2025-05-01,Central,In-Store,Beauty,Direct,70086.01,3020,1878,4719,25703,1878,19337,8978,35385.74,46779.81,34700.27,53060.81,8089,70414.32,68714.75,70086.01,3663,3891,340,112,2158.42,37.32,4.01,3.64,3848.89,1701.64,70086.01,52159.36,59574.82,1036.7,5517.68,27844.92,82047.44
2025-05-03,East,In-Store,Beauty,Paid Search,114987.4,2690,846,1840,16382,846,14300,4107,40504.4,55248.55,74483.0,59997.63,2629,115330.57,107708.61,114987.4,3526,3474,260,312,12829.94,135.92,4.78,2.32,16769.2,5262.67,114987.4,86260.99,50227.25,8211.64,22311.09,32068.66,98749.27
2025-05-09,East,In-Store,Apparel,Paid Search,47521.36,3544,364,1099,5798,364,5352,781,17073.37,28447.19,30447.99,26089.61,1834,47765.92,45601.0,47521.36,5841,6001,414,254,12081.48,130.55,6.86,2.9,4258.32,2047.05,47521.36,32939.85,39303.03,9156.7,2240.17,69876.95,58526.78
2025-05-10,Central,In-Store,Home,Email,89275.22,2928,1313,2577,23254,1313,10632,3742,28768.84,66351.67,60506.38,53184.37,5346,90792.62,87734.44,89275.22,4220,4317,306,209,6294.38,67.99,4.5,1.28,5872.84,1292.76,89275.22,75760.65,45714.16,8713.75,9761.16,21304.24,80144.38
2025-05-27,East,In-Store,Sports,Social,95154.82,2270,1527,2387,19197,1527,18005,2780,34765.47,82544.83,60389.35,48599.3,3031,96990.32,89963.79,95154.82,7984,7729,54,309,6796.21,62.31,4.17,1.24,13880.64,5692.56,95154.82,86764.75,55179.94,2280.31,22145.32,48743.96,94185.36
2025-05-28,East,In-Store,Electronics,Direct,48430.61,2070,1778,4889,45510,1778,33565,15242,20230.89,36062.38,28199.72,37513.99,8949,49340.26,48116.78,48430.61,7322,7351,138,109,4292.54,27.24,5.29,4.69,32953.74,6149.65,48430.61,35010.06,14669.47,7735.78,17129.42,10540.58,50788.87
2025-06-05,East,In-Store,Home,Social,71275.21,3538,281,763,10062,281,9752,3886,28217.2,54490.66,43058.01,38268.8,1465,72844.94,68987.31,71275.21,4723,4675,283,331,11041.66,253.65,5.39,1.73,7112.49,4184.04,71275.21,49847.31,21398.6,19775.3,2073.58,38991.77,54728.12
2025-06-14,East,In-Store,Sports,Social,166263.83,2523,1086,3270,46569,1086,42364,11078,85906.66,109328.12,80357.17,81474.36,6110,168071.95,161329.54,166263.83,4642,4524,120,238,5961.87,153.1,7.76,1.44,22848.84,4266.72,166263.83,108211.65,53928.0,14597.65,14808.41,65631.82,107776.37
2025-06-17,East,In-Store,Sports,Organic Search,27400.05,1681,636,1763,8831,636,3768,2819,14481.72,20907.21,12918.33,11418.87,3847,27924.86,27858.59,27400.05,5508,5631,459,336,2525.08,43.08,7.28,2.47,1378.2,756.32,27400.05,25270.08,14258.78,23.19,20053.2,26952.33,37760.83
2025-06-26,Central,In-Store,Beauty,Paid Search,170258.51,3498,1947,3071,84848,1947,51218,25524,49744.66,86755.88,120513.85,142381.56,7636,174357.62,166105.66,170258.51,6840,6956,476,360,11148.84,87.45,1.58,3.05,5533.68,3155.06,170258.51,112638.87,8214.78,15947.99,6421.62,19796.03,73298.86
2025-07-01,Central,In-Store,Electronics,Social,44364.6,5143,1391,2167,47166,1391,26037,6848,20146.89,24640.52,24217.71,25457.42,5157,44981.95,44669.35,44364.6,5132,5325,449,256,10996.72,31.89,6.76,2.78,20192.93,4806.11,44364.6,38393.31,7148.21,15424.02,14104.61,55513.25,44314.07
2025-07-05,Central,In-Store,Sports,Email,16356.51,2775,2077,4600,35869,2077,15819,7725,6994.87,7443.35,9361.64,13589.6,11374,16398.9,15233.62,16356.51,2312,2302,315,325,7335.87,7.88,1.75,1.01,4882.77,1695.31,16356.51,11337.94,56197.94,14085.05,14986.99,51036.1,89346.86
2025-07-20,East,In-Store,Sports,Email,161856.81,2695,528,1124,16605,528,9617,3266,77257.43,94047.84,84599.38,72331.53,1611,164546.93,160114.22,161856.81,6673,6661,188,200,10364.16,306.55,3.53,2.13,13490.84,7488.57,161856.81,115300.65,42113.7,13618.62,3374.82,54562.99,80806.6
2025-08-08,East,In-Store,Electronics,Email,40780.06,4015,237,560,5123,237,2819,1261,14326.32,23055.83,26453.74,21585.53,927,40821.1,40686.35,40780.06,5739,5641,275,373,7811.91,172.07,6.9,2.98,3809.72,1966.19,40780.06,30641.32,33546.48,16910.61,19330.91,41329.61,76263.66
2025-08-15,Central,In-Store,Home,Direct,40675.91,3703,1196,1500,25030,1196,23776,6809,21129.01,24177.29,19546.9,30161.04,3281,41105.01,40739.09,40675.91,3350,3797,478,31,6807.32,34.01,5.83,2.62,33016.91,7161.71,40675.91,35798.64,51512.4,9588.32,22317.11,19041.48,92466.14
2025-08-21,East,In-Store,Beauty,Social,136402.63,1796,1068,2256,18155,1068,8093,1963,48958.48,57271.21,87444.15,70479.4,3886,137527.17,133033.03,136402.63,5513,5699,449,263,14023.24,127.72,5.42,3.05,10953.92,2917.7,136402.63,104792.36,51034.51,18207.39,10855.37,38407.54,101241.09
2025-08-25,Central,In-Store,Beauty,Direct,72233.86,2269,1366,2370,25954,1366,18263,4002,33525.0,29218.49,38708.86,36496.91,4736,72860.92,70489.95,72233.86,2303,2256,28,75,11466.13,52.88,3.91,1.64,15797.36,5960.11,72233.86,47735.63,27282.38,10997.99,4383.91,9440.23,53613.35
2025-08-26,Central,In-Store,Beauty,Social,41220.33,3151,1543,3968,28698,1543,19081,7235,19166.73,22846.35,22053.6,17819.73,8937,42300.67,41896.92,41220.33,2521,2205,34,350,6655.61,26.71,4.77,1.66,30690.85,7407.51,41220.33,31277.17,58691.31,2806.7,5203.81,47604.05,72047.74
2025-09-09,Central,In-Store,Beauty,Email,28563.48,3228,1567,1904,37554,1567,36927,6937,13527.09,19929.98,15036.39,13603.44,4753,29330.05,27373.95,28563.48,6247,5955,60,352,3061.63,18.23,3.37,2.95,15893.67,4583.85,28563.48,25146.46,58641.83,8866.63,18358.31,67091.45,89947.8
2025-09-12,East,In-Store,Home,Organic Search,156443.04,2306,118,350,1623,118,1277,507,67002.19,100099.86,89440.85,113103.98,871,161104.18,154889.11,156443.04,7841,8079,276,38,12903.05,1325.79,6.11,2.82,8181.46,4414.96,156443.04,102777.48,27400.24,1635.83,15380.04,25319.13,78347.3
2025-09-20,Central,In-Store,Beauty,Direct,89398.83,3055,1576,3794,20090,1576,14878,4501,29985.26,37454.01,59413.57,76123.02,7405,90815.99,87423.62,89398.83,4035,3895,151,291,2889.81,56.73,7.99,4.59,39712.7,7420.08,89398.83,84258.0,54030.31,13881.67,7582.02,55415.87,98330.91
2025-09-30,East,In-Store,Sports,Organic Search,119659.19,5576,1025,2101,31190,1025,14193,8012,39389.97,57209.16,80269.22,112498.4,3832,121254.18,117650.81,119659.19,2553,2806,488,235,8310.56,116.74,4.71,3.5,3913.54,790.3,119659.19,87481.17,17292.98,11368.47,7017.3,9519.41,69428.27
2025-10-05,Central,In-Store,Beauty,Direct,164013.32,5861,1762,2380,36299,1762,33456,12484,83364.99,66782.67,80648.33,117318.08,3439,165047.65,157749.43,164013.32,7096,6964,80,212,5753.75,93.08,1.63,2.15,11640.07,4990.57,164013.32,126307.95,8107.01,12965.23,16487.2,50114.94,72754.86
2025-10-07,Central,In-Store,Home,Social,86453.56,3633,496,1501,9150,496,6241,2312,29429.47,44549.02,57024.09,63181.5,3120,86614.36,86087.38,86453.56,3881,4075,235,41,6283.51,174.3,3.75,3.73,34480.29,6643.54,86453.56,54042.14,20909.49,17680.69,19069.49,49262.61,76614.12
2025-10-12,Central,In-Store,Home,Email,53916.33,3070,1740,5332,35613,1740,30380,9610,15072.17,35996.95,38844.16,53365.01,10265,54482.57,53838.69,53916.33,6763,6535,77,305,11458.34,30.99,6.22,5.0,8231.76,3030.62,53916.33,35950.71,47575.72,18984.91,14845.15,66902.19,97415.28
2025-10-24,Central,In-Store,Apparel,Organic Search,108688.73,3115,1789,4647,22567,1789,13810,8788,28631.75,81236.32,80056.98,111581.4,9317,108955.48,106044.25,108688.73,3700,3470,74,304,4010.59,60.75,4.6,1.21,17380.47,5725.4,108688.73,70197.73,24200.6,6923.8,10010.79,39718.12,74609.61
2025-10-25,East,In-Store,Home,Social,124480.27,1768,2108,5834,34694,2108,31606,12142,56522.34,73943.91,67957.93,88972.89,12828,127822.38,119293.4,124480.27,6548,6685,476,339,10557.83,59.05,2.19,3.86,30689.54,6177.27,124480.27,102120.8,14913.45,18373.49,12339.1,56508.16,72317.91
2025-10-29,East,In-Store,Apparel,Social,58237.91,2237,1016,2524,35372,1016,29163,6719,16031.98,30194.45,42205.93,36845.45,4109,58573.66,55656.38,58237.91,5779,5465,77,391,2959.7,57.32,4.8,1.32,31337.73,7164.37,58237.91,48731.19,35461.31,14971.61,23576.43,53282.63,85062.99
2025-11-19,East,In-Store,Beauty,Organic Search,98546.88,3716,222,281,5251,222,3200,1072,34630.49,68002.18,63916.39,61033.4,343,98580.27,93741.23,98546.88,8510,8381,232,361,8814.33,443.9,1.7,3.01,19438.11,6543.71,98546.88,59834.47,29476.41,7041.35,9339.63,57146.72,64167.41
2025-11-24,East,In-Store,Beauty,Direct,148363.91,5602,1392,3167,21352,1392,18282,6449,77358.16,71365.43,71005.75,96044.99,7078,151780.65,144487.69,148363.91,8069,8217,225,77,13846.03,106.58,6.39,1.78,11756.41,4572.6,148363.91,127468.26,32714.12,13776.67,23256.55,58890.09,98560.84
2025-11-28,Central,In-Store,Beauty,Email,18201.68,4901,1398,3726,27122,1398,21834,10100,6832.97,8186.25,11368.71,10429.25,8643,18395.93,17232.38,18201.68,8995,9188,437,244,6263.53,13.02,3.62,1.79,13991.75,5464.14,18201.68,12169.61,41742.91,8664.04,13739.32,59614.01,67275.04
2025-12-02,East,In-Store,Electronics,Direct,28683.23,5091,1592,1794,31403,1592,30018,8953,9540.21,16861.32,19143.02,20249.77,2731,29022.92,28528.63,28683.23,5465,5351,277,391,14567.73,18.02,2.62,3.02,28252.56,5199.59,28683.23,20603.73,47944.11,3116.3,17131.49,67578.83,74266.83
2025-12-05,Central,In-Store,Sports,Paid Search,14696.14,4219,1103,1850,16480,1103,15013,4171,5163.63,10169.3,9532.51,13201.6,3145,15110.49,14514.06,14696.14,7849,7737,81,193,2409.74,13.32,1.66,4.43,13685.03,6793.34,14696.14,11920.07,35444.96,10555.18,21034.85,65907.72,70995.47
2025-12-06,East,In-Store,Beauty,Email,76130.48,3491,1967,5778,25302,1967,21900,3655,36601.75,35531.73,39528.73,59847.95,12950,77185.13,75232.11,76130.48,8530,8716,269,83,5801.36,38.7,4.02,2.21,10346.04,2147.31,76130.48,59879.27,55173.33,550.12,10375.37,26816.09,84053.21
2025-12-13,East,In-Store,Sports,Direct,135428.59,2504,1021,3258,45465,1021,21207,8273,72020.3,60056.81,63408.29,81987.36,6230,136452.08,128226.04,135428.59,3390,3330,302,362,8945.51,132.64,5.61,2.54,19102.0,5919.57,135428.59,122087.08,10376.35,14773.79,15434.34,63827.33,65180.69
2025-12-23,East,In-Store,Home,Organic Search,158019.25,4830,812,2008,29850,812,12060,7448,72730.62,126156.36,85288.63,71826.86,2622,158941.1,148646.04,158019.25,4744,4803,374,315,13336.24,194.6,1.88,4.17,21700.06,4770.66,158019.25,142205.68,35588.57,4460.66,14568.33,46640.5,76165.62
2025-12-26,Central,In-Store,Beauty,Paid Search,39345.12,2029,1539,4792,38190,1539,25720,7409,12255.0,29461.26,27090.12,26691.73,11067,40051.92,37553.9,39345.12,5333,5561,242,14,5361.38,25.57,3.78,4.05,18609.23,7142.42,39345.12,37247.52,40838.44,19901.87,22655.43,58236.73,91403.26
2025-12-28,East,In-Store,Sports,Organic Search,166441.38,5332,353,595,4536,353,3916,488,70116.68,136445.48,96324.7,111655.17,823,169483.25,164399.59,166441.38,4634,4387,30,277,13012.54,471.51,4.83,1.86,34414.7,7839.61,166441.38,136575.24,58961.52,5648.16,2434.85,54214.41,100541.08
2025-12-31,Central,In-Store,Beauty,Email,143890.02,2406,173,408,4571,173,3820,1503,57677.37,71203.78,86212.65,92478.34,565,144565.57,142765.09,143890.02,4063,4143,452,372,3671.65,831.73,6.99,4.28,8530.46,1741.67,143890.02,110018.39,22253.64,8986.57,14566.98,54436.02,73550.69
2026-01-05,East,In-Store,Apparel,Paid Search,111950.99,2415,1957,4703,46150,1957,39637,11176,41787.59,91078.17,70163.4,85183.16,11586,112113.62,104119.45,111950.99,5408,5194,46,260,9150.71,57.21,1.76,2.62,2071.83,1088.36,111950.99,70493.71,15310.89,3564.89,10359.82,13256.5,54790.55
2026-01-09,Central,In-Store,Electronics,Paid Search,179348.12,4476,1515,2666,40525,1515,24649,14651,82951.79,83487.11,96396.33,102545.56,5338,180520.54,169173.71,179348.12,8827,8769,210,268,2150.68,118.38,4.85,1.97,26634.49,6943.59,179348.12,127763.3,8120.12,8660.73,13585.15,62946.43,61129.67
2026-01-12,East,In-Store,Beauty,Social,177621.43,5608,1955,2282,43479,1955,24040,16395,61022.71,133915.27,116598.72,171805.58,4060,181730.25,173310.32,177621.43,4293,4303,34,24,14406.87,90.85,3.21,2.68,28124.21,5337.45,177621.43,118180.31,41276.07,3791.27,10835.47,17675.98,107444.48
2026-01-26,Central,In-Store,Apparel,Direct,104585.02,5698,1385,2615,24852,1385,18509,2856,56548.93,67725.22,48036.09,67322.55,4247,105877.5,105400.37,104585.02,5483,5405,188,266,6772.72,75.51,6.38,2.04,8681.33,2395.95,104585.02,78800.26,51028.99,217.2,22522.85,43516.79,93965.8
2026-02-04,East,In-Store,Home,Paid Search,92951.75,5158,348,653,4642,348,3939,1060,45983.52,68097.72,46968.23,60672.76,1035,94015.37,93303.76,92951.75,7835,8023,444,256,7298.17,267.1,3.52,2.33,10298.75,2677.8,92951.75,83006.96,41326.36,406.86,20386.59,13351.34,80321.64
2026-02-11,East,In-Store,Apparel,Paid Search,179258.5,5607,304,595,3994,304,2530,625,85724.26,130282.52,93534.24,112441.44,1246,182768.86,181328.38,179258.5,7880,7957,170,93,14224.11,589.67,5.26,4.56,18266.2,4561.89,179258.5,123425.43,36570.93,4275.47,11298.71,49314.87,85877.54
2026-02-12,East,In-Store,Apparel,Paid Search,106619.16,3702,1099,1832,28800,1099,28656,9111,46062.74,93526.31,60556.42,73265.76,4218,108534.26,100567.23,106619.16,7192,7062,221,351,10410.68,97.01,1.86,3.21,6522.29,1886.93,106619.16,83731.92,30365.57,10360.4,12052.21,33517.91,74757.91
2026-02-13,East,In-Store,Beauty,Social,69030.66,1660,1696,5360,46514,1696,37850,7281,27950.55,41587.21,41080.11,57495.71,10322,69195.35,68357.58,69030.66,4492,4573,191,110,13406.63,40.7,2.62,4.89,4498.46,1266.43,69030.66,47674.11,21841.25,5209.72,9898.47,55125.65,54198.15
2026-02-14,Central,In-Store,Electronics,Paid Search,103302.36,3781,2133,6719,31241,2133,14076,12167,56118.4,66236.71,47183.96,39113.6,8462,106154.32,102044.56,103302.36,8817,8914,231,134,11989.4,48.43,3.63,2.21,27962.04,7794.13,103302.36,89910.83,40565.56,2302.64,9941.16,30022.03,64543.44
2026-02-20,East,In-Store,Electronics,Email,52717.22,1577,1223,3017,44636,1223,24358,10270,22618.98,47191.36,30098.24,28042.03,4920,53867.11,52148.47,52717.22,8340,8264,169,245,11824.63,43.1,2.89,1.13,24446.55,4526.56,52717.22,48805.24,36799.04,10563.67,17882.58,18533.0,73657.9
2026-02-21,Central,In-Store,Apparel,Organic Search,19532.78,5325,1534,3202,24946,1534,10158,8647,10565.54,17212.03,8967.24,9800.59,6191,19858.56,18528.3,19532.78,4636,4269,25,392,13429.22,12.73,1.71,2.16,25351.07,4634.4,19532.78,18029.5,10730.72,17221.59,7978.49,42547.27,38870.98
2026-02-23,Central,In-Store,Apparel,Organic Search,60991.13,5331,458,738,6159,458,3261,2213,21623.11,48695.46,39368.02,60891.31,1257,62743.14,60463.59,60991.13,7889,7691,147,345,3720.52,133.17,7.88,2.18,5894.53,2713.84,60991.13,46861.61,14984.89,4551.78,24213.03,28508.75,62017.09
2026-03-07,Central,In-Store,Beauty,Direct,70301.09,4238,941,2263,13834,941,8332,2777,34917.14,56466.2,35383.95,29978.05,3225,72350.8,71405.55,70301.09,4137,4510,419,46,6518.83,74.71,7.51,4.75,2582.94,989.57,70301.09,56376.12,40725.17,18078.51,18167.7,58509.6,85964.79
2026-03-24,East,In-Store,Home,Direct,145618.33,3434,1375,3438,35529,1375,28985,12547,49366.34,75115.03,96251.99,125943.66,6231,149235.39,145640.64,145618.33,5852,5755,158,255,3268.64,105.9,6.37,1.29,18622.24,5578.75,145618.33,96612.52,40495.06,2871.87,18896.9,41999.78,100046.93
2026-04-07,Central,In-Store,Apparel,Organic Search,179332.65,4291,1895,2761,51854,1895,22221,15509,46493.83,83800.34,132838.82,191321.3,6749,184132.2,178712.61,179332.65,3120,3036,102,186,10678.8,94.63,6.25,1.6,7346.65,1999.95,179332.65,155115.39,10654.95,1427.32,11626.34,14023.21,81105.0
2026-05-04,East,In-Store,Apparel,Organic Search,61295.36,4469,1456,4323,19293,1456,13089,7438,20211.73,49435.43,41083.63,56468.65,10315,62860.45,61281.98,61295.36,4449,4519,120,50,10975.63,42.1,4.38,4.64,7450.68,2672.05,61295.36,47719.8,13137.78,1890.6,2385.66,42422.22,34354.64
2026-05-20,East,In-Store,Sports,Direct,21247.76,4544,153,222,4724,153,2940,1449,6412.73,12788.51,14835.03,18567.67,417,21535.3,20341.6,21247.76,2228,2418,212,22,13459.64,138.87,2.36,1.83,4845.16,2772.87,21247.76,17926.78,25317.31,11797.3,5963.09,48412.9,48648.0
2026-06-04,Central,In-Store,Sports,Social,160974.54,5721,1608,3388,41375,1608,20646,6408,69078.45,68880.28,91896.09,129029.97,7735,165735.73,156503.75,160974.54,8230,8469,395,156,14647.73,100.11,5.29,2.39,26406.82,6677.26,160974.54,151167.2,29201.53,13127.47,20510.01,13133.47,101548.0
2026-06-05,Central,In-Store,Electronics,Direct,161238.31,3768,853,1816,18512,853,14403,6573,51895.33,103177.76,109342.98,87952.31,2782,162532.03,160664.46,161238.31,4170,4332,323,161,12894.83,189.02,3.25,2.36,4444.43,1633.12,161238.31,118388.52,15690.16,19153.89,15195.74,58537.15,76425.48
2026-06-06,East,In-Store,Beauty,Direct,79710.7,2469,2004,5717,25685,2004,22596,7895,28470.1,36406.29,51240.6,43440.26,11790,81682.4,80268.71,79710.7,7040,6947,251,344,9720.23,39.78,2.66,1.32,36957.25,7025.18,79710.7,51314.18,54129.01,18033.52,24502.51,22614.96,109697.12
2026-06-09,Central,In-Store,Beauty,Paid Search,168412.04,4642,908,2462,41596,908,39531,14337,82406.57,97033.36,86005.47,128312.55,4300,172442.42,159348.25,168412.04,4096,3875,165,386,8856.97,185.48,2.01,4.89,16077.71,3069.92,168412.04,147263.92,37883.65,16595.52,10876.53,58334.74,103849.46
2026-06-16,Central,In-Store,Sports,Social,41929.07,3976,290,384,11968,290,7155,2177,10505.61,17698.33,31423.46,32159.58,769,42461.72,40620.64,41929.07,6277,6440,183,20,12431.17,144.58,7.28,1.25,2582.34,1042.73,41929.07,36926.64,15567.61,4730.1,4265.37,63509.0,34210.95
2026-06-21,Central,In-Store,Home,Social,125193.28,2924,310,746,6554,310,3762,770,50297.3,82577.51,74895.98,65061.3,1123,125829.43,118694.45,125193.28,4996,5346,455,105,8342.63,403.85,4.1,4.26,16297.48,4418.85,125193.28,105235.3,28244.78,10857.79,17889.44,58466.55,76510.4
2026-07-03,Central,In-Store,Apparel,Paid Search,57134.4,2114,392,715,13563,392,9360,5242,26386.44,41885.88,30747.96,42989.17,1017,58611.31,57073.26,57134.4,6816,6716,115,215,13972.69,145.75,2.78,1.16,15009.15,6148.5,57134.4,44416.07,21735.17,17043.1,4010.75,65536.6,55685.77
2026-08-06,Central,In-Store,Apparel,Organic Search,90689.05,3448,128,196,2756,128,1726,774,25411.62,73837.22,65277.43,84006.13,386,93181.47,91622.77,90689.05,6006,5821,52,237,13106.61,708.51,2.92,3.47,24079.35,7098.06,90689.05,56936.27,35476.51,16326.75,3639.41,69898.87,80644.51
2026-08-11,East,In-Store,Electronics,Email,164718.4,2612,1908,5218,29880,1908,24517,7945,49672.53,118978.37,115045.87,98243.16,6608,165475.86,153671.68,164718.4,7055,6870,84,269,10459.49,86.33,3.98,3.0,26156.39,7785.07,164718.4,153663.32,39411.41,478.87,10597.34,68406.58,79960.57
2026-08-12,East,In-Store,Beauty,Social,95624.65,2389,553,684,9003,553,4487,3414,39090.21,65712.96,56534.44,76544.04,1078,96082.45,89402.37,95624.65,3450,3516,305,239,9107.35,172.92,4.44,3.8,8105.67,2524.11,95624.65,77230.32,49364.79,6630.55,12986.9,65834.18,91945.45
2026-08-14,East,In-Store,Home,Paid Search,42472.88,4124,1727,5217,27243,1727,27099,2885,13070.55,29553.56,29402.33,27819.16,11662,42538.2,40078.13,42472.88,3111,3352,350,109,14821.8,24.59,4.27,3.44,13710.42,2963.97,42472.88,31778.27,18053.83,4368.79,14721.95,35096.36,45490.32
2026-08-25,Central,In-Store,Sports,Direct,115412.48,4419,252,797,3233,252,2267,966,37618.76,50491.11,77793.72,78659.63,1197,117186.82,108575.12,115412.48,6304,6767,490,27,5657.79,457.99,5.31,2.96,35471.54,6453.34,115412.48,105461.07,58937.29,12451.23,6237.11,50791.75,101223.52
2026-09-01,East,In-Store,Electronics,Direct,82553.25,4797,905,1412,16087,905,8777,5892,22863.45,48766.63,59689.8,54527.16,2007,84090.31,78394.98,82553.25,4691,4616,268,343,7800.37,91.22,5.31,3.87,26791.47,5274.3,82553.25,71699.48,25775.38,4941.51,21452.28,49052.02,68527.32
2026-09-02,Central,In-Store,Apparel,Email,168238.42,4872,93,143,1417,93,685,517,73349.34,94829.26,94889.08,132304.23,240,171819.59,160842.95,168238.42,3286,3131,26,181,4511.64,1809.02,7.47,3.42,10065.12,5039.66,168238.42,154370.25,26928.31,1130.49,13192.38,11883.99,80942.45
2026-09-04,East,In-Store,Apparel,Social,176860.78,2720,857,2463,34929,857,27441,4593,76720.86,117049.6,100139.92,157012.1,5454,179434.87,169369.16,176860.78,8710,8781,404,333,10906.77,206.37,2.45,3.79,21415.92,3936.37,176860.78,136921.47,29518.28,10379.09,9368.94,23867.99,96369.94
2026-09-07,East,In-Store,Electronics,Email,164754.45,4367,1574,4861,23714,1574,14159,3507,68634.22,79317.32,96120.23,84445.67,7573,166484.61,155035.66,164754.45,8600,8547,259,312,14558.35,104.67,5.31,4.42,12653.28,5525.51,164754.45,154819.72,56593.2,13922.35,16818.72,40213.15,112667.97
2026-09-16,East,In-Store,Home,Organic Search,62392.63,3553,327,516,7592,327,5881,2648,20528.61,34767.14,41864.02,63328.53,969,63610.69,61801.69,62392.63,6156,5975,125,306,14676.47,190.8,4.53,4.52,29502.2,6217.79,62392.63,50005.65,48471.9,4529.54,3067.5,15734.17,75067.5
2026-09-24,East,In-Store,Sports,Email,129920.21,2325,691,2080,26530,691,24732,9552,38479.77,72264.73,91440.44,115615.71,4777,131820.08,121470.39,129920.21,6384,6693,444,135,11256.12,188.02,3.89,1.14,27394.18,5356.08,129920.21,105824.3,14321.51,14420.99,7008.27,35041.6,70435.48
2026-10-21,Central,In-Store,Electronics,Paid Search,167305.53,5173,1000,1198,13257,1000,6882,2197,59977.39,97330.06,107328.14,94349.53,2072,172149.92,164345.23,167305.53,2960,3080,378,258,8591.13,167.31,1.99,3.65,37279.53,7913.63,167305.53,130295.15,26442.46,4361.69,4713.49,63823.96,63822.5
2026-10-30,East,In-Store,Beauty,Direct,179097.2,2613,485,1342,8759,485,6744,2453,84805.75,78558.46,94291.45,96372.98,3022,179683.16,168582.78,179097.2,8653,8446,138,345,8866.39,369.27,6.83,4.57,7666.58,4586.64,179097.2,156860.53,16290.41,11159.44,3048.65,31748.26,59410.39
2026-11-08,East,In-Store,Beauty,Social,79922.79,4446,1983,3606,33599,1983,22396,11638,36797.89,42110.12,43124.9,57056.58,4394,79946.81,75150.81,79922.79,4743,4486,43,300,10666.23,40.3,2.45,2.01,7732.43,1975.53,79922.79,59182.86,44546.77,12701.54,5572.19,54911.48,79937.47
2026-11-12,East,In-Store,Beauty,Paid Search,79496.27,2672,586,1203,8851,586,4935,3360,39721.55,60279.89,39774.72,55393.52,2908,80795.46,79608.69,79496.27,7541,7821,305,25,13998.5,135.66,7.11,3.0,3760.92,2317.78,79496.27,63584.72,10789.5,7538.39,16089.54,36803.02,51035.49
2026-11-22,Central,In-Store,Sports,Direct,21404.5,4238,1149,1575,33867,1149,30409,5086,7801.89,18626.88,13602.61,11200.38,3240,21791.1,21665.97,21404.5,6112,6233,383,262,9465.77,18.63,5.86,2.7,18193.06,4025.09,21404.5,17292.14,19240.98,16878.17,23786.66,67774.88,63265.92
2026-12-01,East,In-Store,Apparel,Direct,91712.44,2376,2113,3103,35303,2113,33234,4405,43659.11,82025.34,48053.33,76540.46,3741,91832.25,90474.51,91712.44,4246,4588,497,155,14478.45,43.4,5.97,1.76,19939.17,5615.47,91712.44,68832.93,34580.97,14900.53,6490.57,34431.3,78934.21
2026-12-05,Central,In-Store,Beauty,Email,98457.09,4009,410,779,16880,410,8920,3370,35579.61,82211.4,62877.48,52061.62,1392,100296.26,97885.97,98457.09,4934,5194,285,25,2280.3,240.14,3.82,4.41,12380.01,4944.6,98457.09,85404.19,10889.94,3295.97,7357.19,61462.43,37161.59
2025-01-04,Central,In-Store,Apparel,Organic Search,175798.51,4487,1011,2486,16012,1011,14473,3675,89328.33,153640.17,86470.18,134309.91,3852,175876.18,166216.52,175798.51,2867,3184,456,139,12907.32,173.89,7.7,2.96,19212.7,4000.32,175798.51,123097.03,46672.05,3188.91,20094.96,51856.66,110248.89
2025-01-16,East,In-Store,Beauty,Direct,127673.47,5841,1507,4118,20833,1507,12989,4670,47628.61,102815.83,80044.86,116288.12,8685,130412.7,130367.43,127673.47,6359,6291,300,368,13127.18,84.72,7.47,1.16,2812.32,1047.5,127673.47,90072.23,6123.87,16095.81,14467.81,20990.48,71573.93
2025-01-22,East,In-Store,Sports,Social,89652.14,2210,968,1519,18796,968,7686,4239,38663.66,48799.73,50988.48,78048.56,1865,91664.56,84578.34,89652.14,3579,3351,101,329,7074.82,92.62,7.36,4.05,22929.4,4529.23,89652.14,61745.04,58069.89,16378.03,5617.62,49045.11,103480.11
2025-02-21,East,In-Store,Sports,Email,35437.01,1881,935,2036,17344,935,14328,1903,16344.55,28267.96,19092.46,16711.22,5056,35487.39,35411.8,35437.01,7813,8209,429,33,11147.26,37.9,2.21,3.82,16627.57,3308.74,35437.01,21543.22,48203.39,11984.28,4031.94,56333.31,69232.98
2025-02-22,Central,In-Store,Sports,Paid Search,150101.72,5391,1366,4332,41154,1366,19437,9955,42927.91,117461.13,107173.81,141375.38,8344,150109.19,146831.4,150101.72,2091,1856,94,329,5278.55,109.88,2.13,4.39,8590.44,2558.36,150101.72,92667.94,37611.6,12062.96,5407.45,13012.44,97494.62
2025-02-23,East,In-Store,Home,Email,173872.08,5293,199,250,3200,199,1497,911,94003.55,88161.16,79868.53,127066.26,516,176086.96,170422.04,173872.08,7456,7826,466,96,3360.88,873.73,6.99,2.95,36408.8,6978.28,173872.08,126116.72,37831.53,6013.1,8150.87,44360.75,90115.38
2025-03-01,East,In-Store,Apparel,Organic Search,30976.14,2436,1230,1747,30657,1230,24683,6735,12561.21,14050.4,18414.93,27415.75,4324,31301.99,30613.92,30976.14,7542,7527,269,284,13812.78,25.18,3.77,2.63,16687.96,5038.59,30976.14,19979.64,35355.58,13126.86,4365.26,14048.22,61072.43
2025-03-06,East,In-Store,Sports,Email,76952.67,2748,2153,6071,39403,2153,29082,12938,21284.72,56669.23,55667.95,65903.78,11116,78548.18,78387.16,76952.67,5581,5908,498,171,9533.5,35.74,2.36,2.62,33618.63,6197.74,76952.67,57244.3,28783.91,4174.93,12992.22,30872.03,65722.19
2025-03-19,Central,In-Store,Apparel,Paid Search,166257.37,2031,2121,3213,28063,2121,25991,3185,48300.44,76508.26,117956.93,118568.51,7024,169469.2,163724.09,166257.37,4829,4817,32,44,13729.61,78.39,6.18,1.82,17032.65,4796.55,166257.37,118016.06,53251.2,16427.08,12075.06,51467.03,117323.89
2025-03-30,Central,In-Store,Beauty,Paid Search,45027.95,3684,560,785,26707,560,25679,7012,24497.89,30928.57,20530.06,19302.47,1553,45930.62,42802.93,45027.95,5378,5205,60,233,6980.31,80.41,3.54,3.87,36187.69,7360.79,45027.95,39415.13,39469.57,5594.84,14435.53,21898.27,65290.68
2025-04-02,East,In-Store,Home,Social,28100.33,5952,774,1821,34426,774,25016,8027,11892.33,12146.63,16208.0,22889.39,2899,28512.27,26310.2,28100.33,3291,3069,49,271,2735.35,36.31,1.58,4.91,18650.33,7417.97,28100.33,21547.22,58993.03,12550.58,7060.82,59807.5,85471.25
2025-04-12,East,In-Store,Home,Paid Search,169582.72,5325,766,2345,15413,766,8751,5667,86521.2,119252.35,83061.52,98653.31,3237,172585.29,164616.37,169582.72,6724,6480,155,399,6614.06,221.39,1.66,2.23,5446.76,2895.25,169582.72,106223.95,37017.96,15949.76,16626.55,14896.87,99190.26
2025-04-27,East,In-Store,Electronics,Direct,166662.31,2034,695,2014,10567,695,4638,3486,80558.83,80088.12,86103.48,70152.62,4230,168535.88,160829.07,166662.31,5011,4733,78,356,14009.78,239.8,2.86,3.5,18759.97,4556.25,166662.31,158261.08,33717.96,5567.29,16707.2,30493.77,77038.24
2025-05-16,Central,In-Store,Sports,Direct,32380.14,1554,1597,3546,49905,1597,39605,16193,10267.01,26789.27,22113.13,33082.92,7146,33319.86,32435.84,32380.14,7527,7632,481,376,11111.69,20.28,6.17,4.78,5199.52,3200.44,32380.14,21970.19,27577.48,2960.13,19216.34,8116.2,59678.83
2025-05-23,East,In-Store,Electronics,Social,21268.85,5541,256,603,10772,256,9778,2821,9672.0,9258.06,11596.85,18271.34,1034,21655.38,20780.85,21268.85,3798,3642,222,378,9707.85,83.08,1.77,1.17,10681.32,5519.01,21268.85,14993.08,33396.88,4486.73,22489.59,64162.13,65854.6
2025-05-27,East,In-Store,Beauty,Organic Search,63472.45,2731,516,1520,11895,516,5954,4466,19250.89,43440.09,44221.56,63025.82,2514,64942.18,60041.42,63472.45,5444,5346,210,308,4126.04,123.01,4.19,3.51,14904.78,2808.1,63472.45,55555.97,43221.0,15872.06,22973.34,23750.86,100974.15
2025-06-02,East,In-Store,Beauty,Direct,15295.07,4363,99,200,2237,99,1932,768,5756.53,7831.47,9538.54,14955.29,442,15537.95,15067.16,15295.07,4042,3935,162,269,8116.54,154.5,5.33,4.49,22145.64,6195.08,15295.07,14247.39,11417.96,14083.3,14858.65,41978.06,44846.5
2025-06-23,Central,In-Store,Electronics,Social,139772.99,2952,1510,2607,20716,1510,17669,4426,73015.43,75573.16,66757.56,96683.54,4060,140289.21,137836.71,139772.99,7042,7267,468,243,14600.46,92.56,7.96,3.52,14523.52,7592.25,139772.99,130536.59,33956.83,12084.82,17604.35,46859.26,92651.06
2025-06-25,East,In-Store,Electronics,Direct,51773.82,1786,1318,3857,37623,1318,16609,7779,23096.84,29321.58,28676.98,31451.56,8692,52119.23,51850.6,51773.82,2272,2530,361,103,2011.41,39.28,4.76,2.03,34758.17,7817.34,51773.82,37502.12,57602.35,4985.54,17079.15,23157.8,89102.51
2025-06-29,East,In-Store,Apparel,Paid Search,152795.8,5603,1039,2108,14489,1039,7963,1964,57431.92,65814.41,95363.88,121000.3,3126,156439.54,155014.59,152795.8,8418,8422,351,347,12308.37,147.06,5.11,2.4,27205.47,5296.09,152795.8,104139.22,55393.51,17200.28,21336.28,42250.46,130230.16
2025-06-30,East,In-Store,Sports,Paid Search,12793.61,5936,1952,3112,40437,1952,35746,6360,4890.42,8269.33,7903.19,11370.85,7409,12850.79,12716.4,12793.61,3984,4020,433,397,5674.35,6.55,2.12,3.62,3601.56,1626.58,12793.61,11522.18,46729.81,18582.14,22272.77,43844.99,90995.98
2025-07-02,East,In-Store,Electronics,Direct,110563.2,2756,898,2514,24873,898,13056,9065,49823.16,84818.38,60740.04,80465.51,3583,112057.22,103703.01,110563.2,2091,2229,299,161,8197.94,123.12,6.94,2.62,25205.43,4727.99,110563.2,87438.81,46603.91,16304.21,24650.05,45062.83,111697.82
2025-07-08,East,In-Store,Electronics,Paid Search,63212.09,4288,985,2747,18324,985,16932,4652,33427.97,31945.94,29784.12,33805.77,5304,64234.62,64136.35,63212.09,5929,6000,271,200,4281.58,64.17,3.2,2.81,16180.27,3755.97,63212.09,43622.1,27178.33,12980.59,10641.03,63133.25,60941.68
2025-07-16,East,In-Store,Electronics,Email,75540.18,1798,127,241,1942,127,1904,334,24773.53,66390.24,50766.65,65604.17,360,77765.77,73505.64,75540.18,8631,8785,243,89,13347.26,594.8,7.71,1.79,2709.34,776.22,75540.18,71478.39,11629.88,14238.95,14186.34,61509.85,59736.42
2025-07-28,Central,In-Store,Beauty,Paid Search,102838.28,2241,2073,4776,26411,2073,21429,3791,54168.26,78005.68,48670.02,69777.27,9195,104988.88,102156.22,102838.28,2961,3053,179,87,11097.56,49.61,4.73,5.0,18140.57,6776.71,102838.28,78686.97,45260.46,12014.11,15655.22,28014.77,93862.97
2025-08-02,East,In-Store,Beauty,Social,61734.51,4662,1581,2438,26274,1581,18897,2873,15526.58,28643.14,46207.93,48570.41,4560,62345.25,60543.34,61734.51,3918,3984,289,223,3331.68,39.05,5.47,3.83,22127.45,4153.14,61734.51,50371.06,17096.62,5855.44,20806.46,30427.14,58329.64
2025-08-03,East,In-Store,Home,Email,80052.88,4669,1498,4461,20492,1498,16775,3793,34553.41,71707.04,45499.47,68696.58,7646,80709.23,78755.53,80052.88,6390,6609,476,257,7898.67,53.44,3.93,1.04,19995.54,4940.51,80052.88,56925.07,19052.64,5003.34,21848.79,31424.16,66513.74
2025-08-13,East,In-Store,Beauty,Social,153787.46,5571,904,1381,13672,904,7407,1424,43640.93,131962.53,110146.53,122036.08,2078,157986.24,155498.64,153787.46,2341,2310,86,117,9331.34,170.12,7.68,3.8,18134.88,3952.64,153787.46,118362.74,6580.13,4110.88,23902.94,66963.96,71204.77
2025-08-16,East,In-Store,Beauty,Direct,27120.81,2981,444,578,5682,444,2563,769,8360.66,19796.73,18760.15,29752.65,698,27472.14,27367.48,27120.81,5595,5331,102,366,3349.79,61.08,6.41,4.63,5470.21,2977.64,27120.81,20103.05,37347.49,18310.75,17358.88,25373.98,81942.91
2025-08-21,East,In-Store,Apparel,Social,96708.33,3294,755,2392,9792,755,5853,1763,41580.64,68542.03,55127.69,82835.33,4522,98205.49,93103.48,96708.33,7890,7895,397,392,5121.72,128.09,1.65,3.6,11200.9,3399.42,96708.33,81588.12,24217.54,19534.54,18732.05,52834.94,87334.73
2025-08-24,Central,In-Store,Sports,Paid Search,169286.16,5812,1424,2021,35991,1424,22217,3869,83149.54,96956.39,86136.62,115527.57,2874,169991.61,165413.56,169286.16,7191,7190,189,190,12959.61,118.88,1.86,2.9,8133.72,4158.61,169286.16,121556.44,24383.25,7265.04,11453.46,24316.22,77760.02
2025-09-02,Central,In-Store,Electronics,Direct,148757.67,3758,2072,5412,28108,2072,21748,8089,50004.8,76216.63,98752.87,103276.29,11856,151298.31,146437.75,148757.67,5922,5897,33,58,13164.53,71.79,2.24,4.8,5990.41,1227.05,148757.67,128142.62,19637.73,16968.51,10223.77,50525.55,77812.9
2025-09-03,East,In-Store,Beauty,Paid Search,108630.47,3374,666,1214,9104,666,4744,2833,58202.36,75773.04,50428.11,58073.73,1737,109199.16,108906.65,108630.47,2227,2124,267,370,7448.46,163.11,1.81,1.47,3149.24,1279.66,108630.47,86244.13,31083.79,6599.54,16899.29,25446.31,72004.74
2025-09-07,Central,In-Store,Home,Organic Search,175683.83,4342,1374,2902,57304,1374,43090,14451,57990.32,125031.88,117693.51,119506.41,4430,179254.99,166164.79,175683.83,7009,6955,234,288,11235.13,127.86,3.78,2.25,1333.2,565.82,175683.83,137338.53,13886.03,15723.54,16436.06,37635.16,81897.55
2025-09-11,East,In-Store,Apparel,Direct,86479.1,3830,1922,5040,77407,1922,45592,13568,45947.96,72041.31,40531.14,36088.86,9456,86715.66,84683.89,86479.1,8559,8510,161,210,12850.33,44.99,2.42,4.44,1779.76,1001.95,86479.1,80698.39,56958.16,5482.64,13110.7,34231.98,86378.16
2025-09-19,East,In-Store,Home,Paid Search,106031.08,4868,1006,2170,13160,1006,6687,4306,57834.51,52262.81,48196.57,54357.13,3382,107223.07,106151.07,106031.08,8200,8052,80,228,2818.46,105.4,5.88,2.21,13235.71,2928.36,106031.08,68201.42,26122.92,3067.1,9123.97,67051.98,54621.13
2025-10-05,East,In-Store,Electronics,Social,146114.04,2288,975,2620,17448,975,7341,5485,75567.28,107222.14,70546.76,86551.53,6531,149610.09,143331.09,146114.04,8263,8436,190,17,10147.7,149.86,4.24,2.75,24421.72,5763.65,146114.04,130967.03,32006.01,1712.7,14170.87,15233.53,73855.04
2025-10-06,East,In-Store,Sports,Social,51909.04,5806,560,1413,7505,560,3446,1846,24031.31,43955.19,27877.73,25403.56,2815,52871.76,48941.5,51909.04,5349,5493,417,273,2683.95,92.69,3.31,1.1,38428.14,7326.91,51909.04,34159.46,21984.39,9562.15,15643.56,47566.47,54811.17
2025-10-22,East,In-Store,Sports,Paid Search,129103.03,2147,338,696,5292,338,3141,1679,48688.7,99501.77,80414.33,103040.77,1389,131566.91,124230.74,129103.03,3400,3315,85,170,9394.15,381.96,2.74,3.4,28696.55,7038.73,129103.03,97519.89,9672.92,7372.65,22134.51,44849.82,70092.31
2025-11-10,Central,In-Store,Apparel,Organic Search,125415.7,2273,1182,3554,28232,1182,15733,11224,59118.59,79924.16,66297.11,87701.99,6040,128704.02,121276.75,125415.7,7596,8020,443,19,9266.1,106.1,6.42,3.83,7275.63,4685.55,125415.7,114520.42,16743.89,12046.37,13519.25,36696.68,68620.11
2025-11-11,East,In-Store,Apparel,Social,128583.42,2667,234,510,5281,234,3575,1282,60016.03,99615.39,68567.39,60048.15,1215,129744.97,129650.61,128583.42,4688,4864,186,10,3796.7,549.5,3.08,1.54,39239.45,7790.41,128583.42,94936.84,36981.16,4850.39,2099.03,34303.38,61945.03
2025-12-03,Central,In-Store,Apparel,Organic Search,177158.21,5110,502,770,10862,502,7343,2612,91664.78,121027.93,85493.43,80440.92,1598,179178.89,165056.2,177158.21,6760,7076,451,135,3829.16,352.9,5.05,2.4,29416.44,6959.93,177158.21,140549.92,39417.89,8341.62,3723.51,37718.51,75615.3
2025-12-07,Central,In-Store,Beauty,Social,92091.91,5048,904,1391,38115,904,30961,15053,23969.49,54728.8,68122.42,61663.08,2154,92479.94,87417.38,92091.91,2668,2718,277,227,6909.97,101.87,4.69,4.7,3401.73,1202.05,92091.91,86285.6,39628.77,12183.02,11382.96,29892.42,81693.67
2025-12-13,Central,In-Store,Home,Social,178960.33,5582,175,447,6241,175,4144,2303,55969.78,101618.81,122990.55,159114.7,849,184214.02,180439.31,178960.33,2560,2716,475,319,13904.65,1022.63,1.92,4.07,12796.61,3856.5,178960.33,121505.8,6020.16,608.39,17754.07,16567.05,72117.03
2025-12-16,Central,In-Store,Electronics,Organic Search,148363.07,3572,2112,4809,90411,2112,59773,19044,62662.85,77384.83,85700.22,99682.96,6570,150538.54,148469.34,148363.07,5115,4783,24,356,5385.17,70.25,6.94,3.21,14780.78,5821.95,148363.07,133725.99,54434.88,14884.99,8032.73,24831.67,107257.49
2025-12-19,Central,In-Store,Beauty,Direct,20027.12,5141,904,1133,12459,904,11907,2409,6232.73,15559.13,13794.39,19897.99,2031,20261.91,19587.49,20027.12,8309,8500,434,243,2068.8,22.15,7.15,1.6,13413.63,2936.23,20027.12,16065.69,56547.84,8363.84,13642.14,35058.71,84523.22
2025-12-23,East,In-Store,Home,Direct,16664.63,5178,872,2310,12764,872,10725,4705,8944.27,8360.5,7720.36,11296.39,5543,16871.72,15808.27,16664.63,3385,3508,400,277,10935.92,19.11,2.61,3.18,28109.82,6519.57,16664.63,10628.16,39622.65,10826.46,11804.67,41933.63,65642.7
2025-12-27,Central,In-Store,Beauty,Email,157329.15,4628,1355,3964,19480,1355,11206,6201,82150.62,135824.47,75178.53,96055.48,7351,159454.17,154813.03,157329.15,3795,4044,274,25,14102.05,116.11,4.05,4.58,10616.05,2221.12,157329.15,142013.46,11313.26,16915.09,5844.61,63852.68,62889.6
2025-12-30,Central,In-Store,Electronics,Direct,157530.37,4276,1477,4637,23700,1477,15390,7488,64019.49,86541.89,93510.88,123477.37,5690,159356.94,147033.01,157530.37,5796,5704,160,252,7594.08,106.66,2.82,3.14,7055.73,1632.22,157530.37,117959.2,35604.16,7069.05,16338.97,29447.93,96055.39
2026-01-02,East,In-Store,Home,Organic Search,125993.92,5914,239,363,3429,239,1577,1166,68080.07,110205.77,57913.85,48366.11,680,126862.06,121200.88,125993.92,4772,4757,34,49,10795.5,527.17,4.4,4.14,7820.42,3093.15,125993.92,80620.03,8412.83,13063.63,10871.69,60239.58,46857.98
2026-01-07,Central,In-Store,Beauty,Social,105716.25,2549,1683,2290,26548,1683,15984,7416,49932.08,48162.05,55784.17,76962.54,2792,106956.83,103093.88,105716.25,2085,2548,489,26,10694.38,62.81,1.5,3.61,5308.81,1181.61,105716.25,88534.34,22821.89,16068.92,16620.45,50062.64,78600.02
2026-01-09,Central,In-Store,Apparel,Paid Search,133785.41,2638,875,2556,37590,875,20379,3850,44708.49,62626.05,89076.92,135413.44,3463,134778.11,124897.57,133785.41,6437,6452,41,26,9875.91,152.9,2.05,2.74,22365.06,4509.31,133785.41,102295.09,34407.02,9983.02,17982.02,42999.05,102996.09
2026-01-14,East,In-Store,Electronics,Paid Search,94115.84,2527,448,1158,7444,448,3145,2857,38387.51,49082.65,55728.33,50457.27,2852,94901.17,89653.46,94115.84,8148,7938,36,246,13414.32,210.08,1.8,1.21,9641.82,3709.73,94115.84,86064.2,29442.69,13989.32,2475.84,63863.55,61045.03
2026-01-16,East,In-Store,Apparel,Direct,162129.67,4967,1247,3568,42716,1247,25169,14896,51011.63,110395.77,111118.04,166253.87,5114,166364.25,155934.01,162129.67,8111,8436,473,148,14649.62,130.02,3.46,2.53,3313.77,1216.31,162129.67,114834.94,55202.26,16949.12,4123.52,47526.32,126151.06
2026-01-17,East,In-Store,Apparel,Paid Search,101232.54,4900,906,2309,13228,906,13124,2124,43633.97,48922.48,57598.57,49955.08,3783,102479.59,96612.68,101232.54,3328,3145,71,254,4193.74,111.74,2.5,4.53,6251.75,2077.73,101232.54,63283.88,50814.09,13011.83,7478.41,34345.8,86290.85
2026-01-21,Central,In-Store,Electronics,Paid Search,15470.32,4533,1809,3321,54735,1809,51589,12780,4365.03,9897.34,11105.29,11918.68,7303,15876.13,14951.79,15470.32,5751,5794,439,396,14893.62,8.55,4.82,2.52,14939.13,6548.92,15470.32,10104.33,58751.51,1230.88,16296.13,16663.51,79854.12
2026-02-17,Central,In-Store,Sports,Email,36026.69,3667,1807,5367,39075,1807,36583,11857,13373.25,17505.27,22653.44,29648.25,7269,36182.47,34250.13,36026.69,3550,3704,489,335,12844.43,19.94,6.89,1.27,1389.54,578.05,36026.69,22659.44,54739.77,15977.86,6026.78,58341.09,85638.89
2026-02-26,Central,In-Store,Beauty,Organic Search,154422.44,5580,1314,2698,20069,1314,12383,4872,49422.31,119156.24,105000.13,143411.68,5909,155318.73,149302.69,154422.44,5040,5405,416,51,3419.1,117.52,3.73,3.06,1871.12,608.77,154422.44,131988.7,24915.8,3697.37,16499.85,37023.57,88136.52
2026-03-01,Central,In-Store,Electronics,Email,80454.62,3012,2109,4268,60650,2109,33999,10887,38914.07,44632.48,41540.55,63552.58,5655,81832.11,80752.3,80454.62,3562,3937,493,118,2558.6,38.15,7.53,3.14,17126.12,4351.27,80454.62,61850.78,40294.99,12665.89,5319.4,10887.89,77346.05
2026-03-04,Central,In-Store,Electronics,Organic Search,56823.04,4896,1863,3066,51165,1863,30201,7367,30592.94,45572.52,26230.1,33339.39,5306,57429.94,56125.04,56823.04,4417,4366,116,167,2972.12,30.5,7.43,3.88,10490.57,4028.25,56823.04,51186.01,11498.05,8706.78,4100.76,34774.83,34307.41
2026-03-14,East,In-Store,Sports,Direct,101574.39,5170,864,2291,14704,864,14628,3396,49642.17,53786.24,51932.22,48571.84,3464,104204.04,102781.19,101574.39,7394,7550,315,159,3674.02,117.56,4.96,4.95,10296.42,4510.69,101574.39,93129.93,39203.21,10726.88,13305.23,25475.03,77806.87
2026-03-18,East,In-Store,Sports,Email,101961.94,2249,1632,3948,46781,1632,31562,14189,48231.17,87689.67,53730.77,78771.99,9402,102743.37,100280.29,101961.94,3304,3616,352,40,2058.36,62.48,6.04,2.25,8867.03,1991.58,101961.94,88757.56,9169.27,5246.21,23425.04,15509.87,61472.12
2026-04-07,Central,In-Store,Electronics,Paid Search,72148.78,2334,460,1140,17622,460,13660,6723,26984.58,38895.92,45164.2,52627.68,2584,72305.89,68850.35,72148.78,8341,8381,281,241,5718.76,156.85,6.75,1.59,15514.55,6276.43,72148.78,48183.23,26346.43,6619.32,11393.48,37828.22,60147.53
2026-04-10,Central,In-Store,Sports,Paid Search,149022.8,4136,2143,4391,39792,2143,16712,9133,51887.83,71029.46,97134.97,114222.82,7925,153236.59,148644.47,149022.8,7390,7734,455,111,7533.51,69.54,3.43,2.32,15995.77,7643.23,149022.8,111694.09,6266.45,15091.78,7132.84,62350.66,62757.92
2026-04-14,Central,In-Store,Home,Direct,147598.18,3678,382,598,18440,382,11527,4645,41881.29,80651.18,105716.89,93814.94,1370,149865.8,145616.81,147598.18,7423,7547,288,164,12532.76,386.38,2.3,4.84,22492.47,6309.23,147598.18,92095.61,23022.32,8994.5,22316.6,10716.2,82477.9
2026-04-18,East,In-Store,Beauty,Social,117166.35,3171,1899,4687,37483,1899,17531,11152,52581.06,104429.56,64585.29,91933.65,9943,119302.08,113565.45,117166.35,3178,3366,451,263,10264.84,61.7,2.71,4.5,23970.85,7915.21,117166.35,80275.09,40193.13,15451.81,14179.07,42703.97,97404.1
2026-04-21,East,In-Store,Home,Organic Search,55539.0,3551,485,789,7474,485,6710,1480,27252.52,37329.42,28286.48,26318.25,1245,56876.51,55456.09,55539.0,7312,7253,159,218,9991.74,114.51,5.94,2.47,15345.26,6462.32,55539.0,42877.54,44439.47,3464.86,17519.92,26351.74,73319.73
2026-05-05,East,In-Store,Home,Paid Search,140288.46,5263,1594,4106,30502,1594,20626,4172,61285.54,81321.3,79002.92,94533.0,7917,141100.55,140470.42,140288.46,3512,3763,468,217,4973.58,88.01,5.9,4.03,15851.85,7020.02,140288.46,104151.41,34566.36,18865.94,8980.86,68668.27,90773.06
2026-05-12,East,In-Store,Electronics,Social,18231.11,2557,811,1592,22009,811,10332,2772,6269.39,14631.6,11961.72,16075.92,3716,18693.7,18488.8,18231.11,3199,3189,148,158,11188.88,22.48,2.94,2.41,23789.25,4801.44,18231.11,16538.72,40731.53,13928.25,20878.8,48970.86,80361.36
2026-05-13,Central,In-Store,Beauty,Organic Search,90148.26,5454,626,940,11642,626,10776,2104,33414.24,69849.71,56734.02,45588.77,1414,92485.92,86457.84,90148.26,5683,5864,426,245,10639.04,144.01,7.02,2.07,7654.33,3033.52,90148.26,73942.65,30572.53,17769.33,21764.53,54902.15,83783.02
2026-05-15,East,In-Store,Apparel,Organic Search,28215.41,5861,987,2293,32716,987,31313,12474,12359.1,15869.92,15856.31,23902.38,3300,28706.91,28316.74,28215.41,4431,4570,169,30,10459.71,28.59,6.1,3.15,6089.73,2310.49,28215.41,21320.71,10021.32,16828.1,16867.08,68124.52,50887.21
2026-05-16,East,In-Store,Sports,Social,126096.59,1615,946,1393,39306,946,16235,7188,47135.28,54828.44,78961.31,96155.62,2644,127439.26,126640.23,126096.59,7539,7554,125,110,1616.15,133.29,7.74,3.89,8703.7,3552.3,126096.59,90347.19,13953.82,3838.81,6287.03,42378.74,52926.35
2026-05-17,East,In-Store,Home,Paid Search,57091.14,5765,1253,1568,36412,1253,23982,12010,30641.39,33407.07,26449.75,39845.24,3751,57476.32,54342.66,57091.14,8707,9030,422,99,6857.44,45.56,2.81,3.67,16418.48,4737.72,57091.14,49512.97,39778.94,11370.68,18300.53,31630.48,81403.72
2026-05-19,Central,In-Store,Sports,Direct,106194.22,2724,802,1577,10613,802,9738,1427,35788.52,78103.59,70405.7,97236.56,2268,107141.91,98983.69,106194.22,6593,6800,269,62,12859.8,132.41,4.13,1.91,28706.18,6593.71,106194.22,92600.98,7211.56,13125.84,20680.64,15538.3,70189.01
2026-05-28,Central,In-Store,Apparel,Organic Search,125146.62,3866,1013,2612,14491,1013,13257,4777,63193.2,92637.15,61953.42,88676.46,3998,128117.46,125867.84,125146.62,8279,8403,331,207,7859.11,123.54,4.35,1.91,32825.42,6215.33,125146.62,105695.53,5195.69,19885.03,19906.82,65462.88,71590.48
2026-06-04,East,In-Store,Beauty,Organic Search,149041.75,1882,1011,1239,15069,1011,6289,4867,79408.53,92637.3,69633.22,109590.72,2664,149144.26,140714.35,149041.75,2303,2309,38,32,8362.43,147.42,3.31,2.67,4434.51,2044.52,149041.75,108879.54,8780.31,14561.43,8185.07,25504.09,64404.03
2026-06-06,Central,In-Store,Beauty,Paid Search,60385.5,5962,1964,3481,28411,1964,18817,6622,20889.93,41516.64,39495.57,39246.56,4571,61653.93,60373.95,60385.5,2128,2060,31,99,3708.98,30.75,5.47,3.47,28205.57,7046.86,60385.5,49878.17,22658.87,17265.79,16455.03,67969.97,68153.66
2026-06-07,East,In-Store,Sports,Social,17092.32,2647,1528,4874,27577,1528,16473,9298,4469.35,9162.91,12622.97,17956.17,8042,17483.14,16612.78,17092.32,3253,3074,92,271,6777.75,11.19,7.71,3.66,10139.58,2287.02,17092.32,11575.23,20714.12,1733.38,23081.42,8083.07,50915.77
2026-06-08,Central,In-Store,Electronics,Organic Search,154765.88,4216,901,2752,12769,901,6934,2103,83959.69,125441.19,70806.19,103771.92,5946,158227.24,153441.24,154765.88,3513,3267,105,351,3806.7,171.77,2.59,3.38,8619.19,3495.54,154765.88,129309.39,14554.09,18326.45,16312.09,22980.51,80324.21
2026-06-15,East,In-Store,Beauty,Organic Search,65902.23,1845,183,565,2870,183,1906,1098,23929.69,42680.57,41972.54,50993.86,837,66751.1,62449.39,65902.23,6958,7113,207,52,6211.09,360.12,5.53,1.51,36714.31,7837.78,65902.23,45140.31,19648.51,6416.82,21671.12,18050.78,63034.61
2026-06-19,East,In-Store,Electronics,Paid Search,111648.41,2905,598,981,14637,598,7047,3500,46611.69,84103.05,65036.72,101871.78,1900,112941.56,108785.51,111648.41,3086,3508,469,47,11542.9,186.7,2.66,2.71,3229.38,1353.69,111648.41,101591.27,23000.27,10780.77,19370.58,35949.01,83713.15
2026-06-20,Central,In-Store,Home,Email,16349.85,3247,1198,1840,21863,1198,12643,4958,4374.54,11112.02,11975.31,13759.49,2524,16404.57,15311.23,16349.85,6939,6968,43,14,10979.01,13.65,7.84,4.03,9963.2,2811.74,16349.85,15002.62,47421.3,10517.82,22563.74,41913.97,84630.71
2026-06-23,Central,In-Store,Home,Email,101254.95,1674,1713,5069,33451,1713,24228,3837,47765.46,44480.48,53489.49,56899.66,11646,103962.24,100395.39,101254.95,4160,4371,457,246,13074.94,59.11,2.7,1.93,18066.39,3309.4,101254.95,61076.29,54997.61,5165.81,14494.22,33776.49,91727.54
2026-06-29,Central,In-Store,Beauty,Paid Search,116664.79,1918,883,1867,20408,883,9646,6269,44611.34,96877.59,72053.45,62371.43,4524,119251.11,110578.3,116664.79,2705,2646,26,85,10950.08,132.12,5.55,2.09,9195.36,2904.35,116664.79,100907.57,42792.14,13297.07,23837.67,28189.16,98638.31
2026-07-09,Central,In-Store,Beauty,Paid Search,87240.93,2766,644,1855,16731,644,13349,5279,43976.76,41373.65,43264.17,35762.49,3421,87582.94,86290.83,87240.93,5790,5888,189,91,1994.07,135.47,4.21,4.48,14997.23,6228.31,87240.93,54628.11,5509.48,16074.91,3926.38,25629.59,36239.52
2026-07-26,Central,In-Store,Beauty,Email,62060.15,2904,1948,2389,29563,1948,25071,4126,25578.58,50525.64,36481.57,48251.07,5170,62161.01,60429.5,62060.15,8375,8325,272,322,3890.39,31.86,5.74,4.78,8054.35,3084.56,62060.15,42880.53,13394.79,8280.44,21850.04,16412.58,58000.59
2026-07-27,East,In-Store,Apparel,Social,132890.13,3956,732,824,16483,732,12401,4848,60219.19,110087.23,72670.94,111258.02,1626,136871.85,131578.81,132890.13,4460,4832,413,41,2264.59,181.54,7.0,2.47,20738.25,5815.97,132890.13,86164.61,8329.58,9347.0,16636.07,56167.5,67690.06
2026-07-30,East,In-Store,Apparel,Social,134880.78,1555,1432,2243,41191,1432,24932,16035,35963.62,80974.08,98917.16,97862.92,5339,135485.16,130431.14,134880.78,8149,7945,140,344,5430.26,94.19,6.49,2.18,23550.32,4859.66,134880.78,107453.81,29224.6,5263.82,10011.35,27227.3,73858.65
2026-08-09,Central,In-Store,Apparel,Organic Search,8411.57,5661,482,1060,15329,482,10407,3348,4134.16,4980.96,4277.41,4433.94,1603,8615.56,8370.84,8411.57,5380,5308,185,257,6256.65,17.45,6.78,3.17,23387.62,5394.6,8411.57,5358.84,22797.88,3915.8,18623.65,28064.8,46667.51
2026-08-19,East,In-Store,Sports,Organic Search,62235.58,4624,971,2697,18055,971,15638,5746,21577.68,42477.89,40657.9,38468.76,6616,63163.07,59844.78,62235.58,3503,3538,53,18,10847.54,64.09,3.5,2.59,2291.42,1298.01,62235.58,58619.27,41702.37,5444.12,14043.65,51207.42,72730.77
2026-08-28,Central,In-Store,Home,Social,17678.61,3937,1983,2348,26428,1983,12753,5459,6512.73,9270.1,11165.88,16495.36,4946,17810.79,17546.38,17678.61,3066,2905,157,318,6931.54,8.92,2.05,4.96,31052.47,6245.93,17678.61,13416.5,12261.85,1890.66,3404.26,8602.39,22505.38
2026-08-30,Central,In-Store,Sports,Paid Search,40326.11,4399,1376,4263,19454,1376,8866,2504,20517.86,29529.63,19808.25,22981.21,9639,40559.3,37379.44,40326.11,2591,2991,423,23,3201.42,29.31,2.12,2.76,26633.69,7602.49,40326.11,27142.89,30451.63,15223.54,9750.96,55149.54,62320.49
2026-09-08,Central,In-Store,Home,Paid Search,140507.2,5060,722,929,9863,722,6854,2627,71821.59,58754.98,68685.61,88573.13,1284,142452.06,136452.86,140507.2,5015,5090,172,97,4241.4,194.61,3.23,3.85,4872.35,901.06,140507.2,87540.38,45960.33,15170.34,12682.7,62975.94,100385.31
2026-09-15,East,In-Store,Apparel,Organic Search,152844.76,2631,1959,6178,73864,1959,59509,8022,61625.79,64715.29,91218.97,139855.88,13831,153492.53,147666.32,152844.76,3184,3285,189,88,8864.26,78.02,4.92,2.81,6665.5,1255.32,152844.76,114335.55,11711.47,4677.05,5139.27,67625.41,63484.55
2026-09-24,Central,In-Store,Electronics,Paid Search,37879.95,2518,649,1740,29029,649,16313,9542,10797.13,32103.07,27082.82,22827.13,2459,38702.36,37765.98,37879.95,2062,2266,291,87,9824.08,58.37,6.09,4.2,5831.19,3294.61,37879.95,27852.97,21178.68,1155.91,12197.87,10595.48,41380.6
2026-09-28,East,In-Store,Beauty,Email,119672.97,1551,2118,3504,57383,2118,34193,10110,35504.53,73984.02,84168.44,125135.65,5844,120228.46,116213.58,119672.97,7087,7197,149,39,2132.85,56.5,4.63,4.9,5452.5,3337.92,119672.97,77419.5,14931.66,13499.55,20192.83,8883.44,86164.74
2026-10-14,Central,In-Store,Apparel,Organic Search,37806.41,2508,671,1536,8543,671,5298,2788,17834.38,20218.49,19972.03,23448.12,3502,38431.48,38341.95,37806.41,7263,7243,79,99,3585.22,56.34,4.27,1.41,16892.35,6809.68,37806.41,27232.78,21608.97,14461.6,5832.29,44678.82,48937.3
2026-10-17,East,In-Store,Electronics,Organic Search,34348.43,3682,818,931,37787,818,19468,4352,17722.26,15934.63,16626.17,21193.28,1383,35138.22,35125.31,34348.43,2727,2864,411,274,6275.78,41.99,3.58,1.46,34389.02,6923.85,34348.43,21074.38,5845.26,1085.92,20412.92,46110.71,33702.08
2026-10-24,East,In-Store,Beauty,Paid Search,22593.95,3063,502,651,14471,502,13888,2607,8192.14,14539.77,14401.81,18961.09,837,22648.46,21880.4,22593.95,3931,4365,454,20,14655.91,45.01,7.44,4.26,17658.15,4722.78,22593.95,15293.16,54469.44,14163.14,7458.08,28728.28,81778.99
2026-10-26,Central,In-Store,Home,Email,129240.12,3648,98,302,3500,98,2986,742,69523.62,95294.99,59716.5,61398.55,586,130843.45,129192.57,129240.12,5070,5069,378,379,14127.92,1318.78,6.46,4.25,29527.14,6765.83,129240.12,118803.39,9408.5,17195.19,12051.15,52101.08,57074.4
2026-10-29,East,In-Store,Home,Direct,41260.56,3695,1954,3592,42938,1954,36116,13943,21205.1,26611.04,20055.46,27538.34,6442,41636.72,39361.55,41260.56,4923,5021,477,379,2803.18,21.12,1.88,2.92,11142.68,5562.13,41260.56,29818.78,13243.13,356.2,3413.3,18426.47,25274.13
2026-11-11,East,In-Store,Sports,Paid Search,98673.26,2709,1507,2540,25111,1507,13178,8180,41874.07,88381.65,56799.19,46399.72,3647,101265.55,95133.27,98673.26,4251,4007,40,284,7934.23,65.48,5.19,2.65,26110.89,6358.13,98673.26,87183.17,42967.93,11841.47,9273.12,35817.18,78002.44
2026-11-17,Central,In-Store,Home,Social,136943.29,5664,1587,2753,68450,1587,40692,20433,70361.52,77390.21,66581.77,60664.35,6866,140158.44,135313.44,136943.29,3484,3386,26,124,13470.46,86.29,3.8,3.93,13344.98,2452.79,136943.29,109775.48,23621.68,19118.46,5663.35,66610.35,66602.79
2026-11-20,Central,In-Store,Home,Direct,144803.2,3654,354,1013,5210,354,2857,639,70020.85,115862.2,74782.35,66167.32,2200,145065.35,142668.93,144803.2,8443,8512,100,31,2559.25,409.05,4.14,1.56,27365.11,5549.71,144803.2,131090.43,59471.56,15714.51,15160.53,36006.69,110196.8
2026-11-30,East,In-Store,Apparel,Email,41786.88,5846,2094,6562,31079,2094,16761,4549,14665.77,22122.22,27121.11,23711.54,9487,42426.68,41625.98,41786.88,2419,2712,372,79,6460.54,19.96,1.92,4.27,10250.88,2892.8,41786.88,31532.74,29074.24,6023.76,14947.85,17955.02,57159.31
2026-12-01,Central,In-Store,Sports,Email,40603.94,3331,1702,2423,21303,1702,13399,4315,13449.22,16700.64,27154.72,32697.44,2937,41427.51,39318.96,40603.94,4064,4120,316,260,2935.86,23.86,7.21,4.66,5008.5,1320.64,40603.94,32603.95,25494.35,7434.33,12158.89,35696.7,54896.8
2026-12-02,Central,In-Store,Electronics,Direct,49464.8,2581,1734,4655,64074,1734,48438,24395,18140.93,21239.59,31323.87,41611.13,8488,50026.62,48489.0,49464.8,7000,6905,277,372,11625.83,28.53,4.89,3.6,7656.05,3139.25,49464.8,46548.23,36768.91,14142.93,13798.04,20640.12,77193.22
2026-12-03,Central,In-Store,Apparel,Paid Search,34706.64,1589,1841,2947,71662,1841,59644,9414,13686.43,30738.93,21020.21,23622.56,6449,34913.93,32508.79,34706.64,7387,7570,293,110,1892.43,18.85,3.02,1.81,2200.65,881.78,34706.64,24093.59,19576.46,8684.95,11420.43,14808.34,46768.61
2026-12-05,Central,In-Store,Beauty,Direct,19453.83,4672,1061,1235,14254,1061,7692,1930,4881.27,16630.14,14572.56,14913.74,1582,19889.18,18576.45,19453.83,3707,3946,269,30,4900.82,18.34,2.12,2.35,3020.88,1207.54,19453.83,16220.17,15301.39,6208.71,3713.51,34924.4,29697.73
2026-12-24,East,In-Store,Electronics,Direct,119981.83,4585,2173,6935,77527,2173,60961,24190,44501.66,87529.66,75480.17,105725.77,13162,121948.53,121138.76,119981.83,8557,8772,317,102,8425.75,55.21,5.29,4.36,22496.09,7808.14,119981.83,108641.6,55663.75,7207.15,2637.61,47979.85,97226.24
2026-12-25,Central,In-Store,Electronics,Direct,70074.79,3039,1880,4304,86048,1880,82237,9982,36355.78,32449.75,33719.01,53015.32,7851,71717.96,66398.57,70074.79,5673,5494,125,304,7025.48,37.27,7.21,3.53,4538.17,853.57,70074.79,60863.9,16194.33,13992.88,24191.94,23434.14,70283.75
2026-12-30,East,In-Store,Home,Social,25506.37,5590,1622,2230,52422,1622,39891,6742,6774.53,21361.13,18731.84,20044.71,5505,25709.37,24497.3,25506.37,2178,2412,291,57,12198.76,15.73,7.05,3.7,19430.63,4036.11,25506.37,23677.74,55962.19,19856.76,22294.68,37156.82,104127.04
2025-01-01,East,In-Store,Home,Social,43117.91,5420,299,430,9640,299,8456,1020,21343.29,34799.51,21774.62,21502.41,1042,43927.9,41193.28,43117.91,7361,7566,246,41,11952.72,144.21,6.44,3.4,17967.66,3301.91,43117.91,27415.29,39508.42,17490.1,4722.11,21560.02,68171.35
2025-01-05,Central,In-Store,Apparel,Direct,10566.2,3110,1506,1738,29252,1506,28472,4118,4101.41,8265.23,6464.79,7098.34,2126,10760.08,10087.51,10566.2,6653,6877,460,236,6995.44,7.02,1.8,2.45,30063.23,7215.95,10566.2,10013.34,52431.91,3767.95,14578.29,56257.72,72907.65
2025-01-09,East,In-Store,Home,Direct,101802.45,5629,1303,2838,37947,1303,22046,4507,47235.0,48776.28,54567.45,76563.2,6339,102195.76,99244.85,101802.45,2424,2482,104,46,7768.97,78.13,2.67,4.35,17706.3,4012.05,101802.45,65707.61,15697.23,18823.19,22753.37,30507.08,80242.75
2025-01-11,East,In-Store,Sports,Organic Search,78166.13,4346,570,1317,9518,570,4795,2758,22610.7,56531.22,55555.43,80385.89,1737,78232.54,73836.21,78166.13,3949,3909,262,302,9265.63,137.13,2.43,4.5,15082.46,6829.87,78166.13,57126.58,49751.84,1404.84,12358.42,62493.65,87630.87
2025-01-14,East,In-Store,Beauty,Direct,45823.83,5342,1866,4314,28754,1866,25869,4591,12856.03,30649.21,32967.8,44430.42,8098,47184.67,45211.39,45823.83,2709,2760,224,173,10619.53,24.56,2.61,1.79,15218.96,5521.89,45823.83,37192.46,58343.24,12048.84,2043.95,48349.79,85765.16
2025-01-19,Central,In-Store,Electronics,Email,155308.52,3937,991,1344,20090,991,12963,7521,44321.51,99108.79,110987.01,138666.88,2540,159642.8,150218.63,155308.52,7115,7330,276,61,3975.89,156.72,7.29,2.18,18489.34,5367.64,155308.52,111329.83,49271.93,16527.77,9072.47,24752.24,116472.23
2025-01-24,Central,In-Store,Sports,Organic Search,56829.7,4230,186,579,7249,186,5942,1006,14852.8,26457.03,41976.9,66803.44,1390,58142.86,57936.8,56829.7,6888,6919,157,126,11713.69,305.54,4.95,2.89,23163.93,5650.06,56829.7,42186.01,19309.03,13701.38,13789.31,28409.42,66840.75
2025-01-25,East,In-Store,Home,Paid Search,142687.04,3442,1158,1409,15003,1158,7515,3800,45331.06,90010.43,97355.98,103570.43,2914,144927.9,144059.49,142687.04,7596,7509,34,121,14198.03,123.22,2.21,1.63,26796.96,6265.9,142687.04,117397.75,35234.15,12440.94,12378.44,68688.16,91124.66
2025-01-28,Central,In-Store,Electronics,Organic Search,22252.93,5460,2194,5486,34120,2194,28810,7623,8262.54,16380.99,13990.39,18388.52,12708,22814.6,21887.51,22252.93,4601,4471,255,385,12879.92,10.14,5.37,3.42,3246.91,949.5,22252.93,18570.88,52542.87,15258.34,18759.52,12115.96,92077.29
2025-02-12,East,In-Store,Apparel,Email,82240.81,2657,1135,2478,16888,1135,14596,5089,37604.17,64225.79,44636.64,42102.7,5324,83113.44,80778.68,82240.81,6891,6653,82,320,9550.77,72.46,4.85,2.58,17877.09,4416.78,82240.81,59455.36,54712.47,11972.69,11899.73,25356.69,91215.7
2025-02-26,Central,In-Store,Sports,Organic Search,21841.68,5507,1213,3221,18662,1213,8686,7209,6820.83,12157.58,15020.85,23854.24,4906,21897.92,20793.71,21841.68,8087,8125,366,328,8110.56,18.01,5.72,4.29,19042.44,4797.99,21841.68,20018.07,46645.33,16574.71,9123.36,69540.85,79499.67
2025-03-01,Central,In-Store,Sports,Direct,69530.87,3813,279,340,8845,279,6991,2759,23986.9,37056.84,45543.97,66818.85,803,70335.96,68030.54,69530.87,6330,6808,497,19,14068.59,249.21,6.36,2.97,4733.47,2989.27,69530.87,60305.09,52850.61,18805.98,18476.27,39856.97,110178.51
2025-03-07,East,In-Store,Beauty,Direct,52455.15,3459,770,1502,15948,770,8502,5916,25013.36,25144.58,27441.79,42822.78,3127,53237.16,52566.99,52455.15,6418,6504,220,134,1642.55,68.12,6.87,1.33,20164.05,3718.34,52455.15,41342.04,25581.49,14649.64,7216.35,10393.99,60294.31
2025-03-16,East,In-Store,Home,Paid Search,156297.7,4364,696,914,10365,696,6601,2456,45745.36,138927.55,110552.34,131354.12,1747,159305.43,158379.95,156297.7,7109,7210,442,341,5841.45,224.57,4.58,1.91,16884.67,4703.59,156297.7,96817.84,53371.35,18009.68,24346.74,43779.01,135134.01
2025-03-27,Central,In-Store,Home,Direct,78908.82,2854,1435,3801,60456,1435,35686,12116,39781.72,63911.36,39127.1,43529.85,7970,79695.8,74904.91,78908.82,4271,4159,188,300,14534.1,54.99,7.59,4.17,11038.04,5866.74,78908.82,48764.91,27329.35,9807.52,18551.77,44661.22,68747.6
2025-04-04,Central,In-Store,Sports,Email,13524.72,3852,1038,3314,26420,1038,16903,4000,4514.08,9680.93,9010.64,11733.04,8155,13756.87,13109.29,13524.72,5027,5293,419,153,8597.9,13.03,6.48,2.1,9799.78,2987.75,13524.72,9782.96,52223.49,7522.55,22532.52,34996.54,85798.47
2025-04-09,Central,In-Store,Sports,Email,103670.89,2380,1597,4911,48243,1597,20082,18041,49303.12,58721.91,54367.77,79899.61,5939,104551.9,102941.26,103670.89,8459,8223,127,363,8528.38,64.92,2.63,1.56,4856.66,978.41,103670.89,64280.16,31351.73,11654.2,18939.84,11094.14,85915.65
2025-04-10,Central,In-Store,Sports,Social,13386.77,5859,684,754,8962,684,8173,3138,3921.88,9193.24,9464.89,10211.07,974,13548.0,13117.19,13386.77,2602,2886,404,120,13523.43,19.57,5.43,2.42,18200.54,7112.68,13386.77,8652.85,59174.0,7451.39,5726.36,39004.75,75415.07
2025-04-12,East,In-Store,Beauty,Paid Search,64431.56,4450,613,1535,7696,613,4538,2098,28313.25,50707.31,36118.31,37432.93,2193,64846.31,61665.78,64431.56,4890,4857,139,172,2108.57,105.11,3.38,4.51,11680.48,7105.29,64431.56,45851.55,58322.55,18044.75,21156.1,56009.92,108753.28
2025-04-19,East,In-Store,Apparel,Organic Search,150574.73,5894,1465,4356,27700,1465,24782,5103,47951.18,62158.82,102623.55,105370.6,5285,154143.34,149556.89,150574.73,4147,4030,234,351,9855.02,102.78,5.12,2.41,4330.13,1375.6,150574.73,92879.28,15084.58,8342.36,3525.18,8960.25,58563.3
2025-05-04,East,In-Store,Beauty,Paid Search,92786.7,4107,695,1365,12037,695,9978,3876,37513.69,61010.09,55273.01,63038.91,1808,95096.22,87925.52,92786.7,2946,2982,301,265,13613.78,133.51,3.25,2.46,10443.91,5589.02,92786.7,69535.65,52996.93,8315.73,7375.62,65237.81,87599.95
2025-05-08,Central,In-Store,Electronics,Social,15292.08,5512,1671,3055,81297,1671,70912,28072,6287.24,13059.6,9004.84,12125.61,6413,15383.92,14618.44,15292.08,2683,2677,386,392,2602.21,9.15,3.84,2.9,34088.12,6711.2,15292.08,13198.59,44441.27,8051.04,5042.36,56678.28,61172.35
2025-05-19,East,In-Store,Beauty,Email,56358.46,4726,500,1154,22821,500,13611,7620,29996.49,25615.53,26361.97,33931.19,1593,56403.22,55094.62,56358.46,6532,6431,192,293,13016.47,112.72,5.69,2.88,5761.09,2446.05,56358.46,43302.13,26956.54,5007.3,7102.87,49339.98,49246.07
2025-06-10,East,In-Store,Home,Email,93927.04,1916,97,176,1968,97,858,611,26736.47,83331.7,67190.57,64682.91,343,94046.56,89731.05,93927.04,3426,3619,484,291,10989.46,968.32,4.78,3.61,20618.73,5964.65,93927.04,77322.23,40564.32,15013.36,3070.03,55157.81,78052.58
2025-06-15,East,In-Store,Apparel,Organic Search,157944.71,4667,2085,5774,66350,2085,32436,14202,69258.59,112655.6,88686.12,96117.91,9778,159272.22,147181.48,157944.71,3069,2885,124,308,9544.46,75.75,4.21,3.0,10304.58,4713.71,157944.71,133193.08,14710.81,10080.59,16266.69,19592.64,69893.46
2025-06-17,East,In-Store,Beauty,Social,106148.79,3113,391,1035,10057,391,4256,2368,45723.37,45853.34,60425.42,56405.04,1766,107003.63,104399.69,106148.79,3942,3974,133,101,7771.36,271.48,5.32,1.58,29813.97,7280.27,106148.79,83791.27,29999.09,3949.37,5429.31,64061.78,56299.28
2025-06-22,East,In-Store,Home,Social,135200.74,1508,1859,2668,85781,1859,61903,22073,66138.75,95772.81,69061.99,64146.83,5341,137353.58,129517.88,135200.74,4367,4798,457,26,13832.47,72.73,3.15,4.56,6372.03,1681.74,135200.74,110232.26,30452.56,8536.92,18892.77,25729.1,77126.3
2025-06-29,Central,In-Store,Electronics,Direct,169563.78,1934,1484,2369,35341,1484,17056,7397,52703.4,89991.58,116860.38,138819.53,4968,174387.95,167380.11,169563.78,3028,3080,137,85,1783.88,114.26,2.76,3.36,9340.12,5951.14,169563.78,119704.94,31195.12,3989.17,17666.93,39122.99,94497.08
2025-07-08,Central,In-Store,Home,Social,160318.01,5774,741,1177,16995,741,13131,6513,45224.37,125421.46,115093.64,126698.26,2279,161585.1,159501.65,160318.01,2932,3069,200,63,14637.75,216.35,7.1,3.55,2332.24,1090.63,160318.01,149452.05,41249.28,196.29,10421.87,34744.22,89876.92
2025-07-17,Central,In-Store,Beauty,Direct,114070.78,3563,515,1095,7507,515,6021,1947,54613.59,53539.41,59457.19,50313.95,2203,115030.32,106325.05,114070.78,2349,2602,446,193,10347.28,221.5,5.5,2.81,30704.64,6526.78,114070.78,98729.07,12792.84,16108.06,16534.94,10968.39,60530.02
2025-07-19,Central,In-Store,Sports,Email,107182.06,1500,323,430,7169,323,4428,1726,52929.33,72402.04,54252.73,76020.72,1070,108083.82,101056.11,107182.06,4291,4386,442,347,4546.17,331.83,5.97,3.3,29938.88,5755.86,107182.06,66463.86,34442.96,3004.93,2960.17,63852.55,63214.28
2025-07-23,East,In-Store,Beauty,Paid Search,160437.65,4912,487,1148,16381,487,14301,2875,56234.62,112893.33,104203.03,162493.4,1933,165040.78,165000.47,160437.65,7498,7658,422,262,11682.28,329.44,4.25,3.96,10280.23,2867.13,160437.65,125258.86,52236.62,8098.8,13870.48,12122.07,122953.92
2025-08-05,East,In-Store,Sports,Organic Search,167315.82,3407,1153,3068,18925,1153,16507,3373,70102.32,76349.42,97213.5,106718.78,6891,171718.93,166438.91,167315.82,5612,5374,27,265,9871.83,145.11,7.88,1.62,9687.74,3077.04,167315.82,137695.6,20848.43,10537.25,6772.66,14361.62,70173.97
2025-08-07,Central,In-Store,Apparel,Paid Search,13194.88,4105,352,802,16955,352,11033,1850,6274.21,11207.59,6920.67,7625.67,1434,13296.71,13048.97,13194.88,5059,4981,158,236,9599.82,37.49,7.16,1.2,6987.49,1979.16,13194.88,12309.09,48325.08,14214.87,13186.67,60232.9,78014.32
2025-08-13,East,In-Store,Apparel,Direct,19995.52,3606,1480,3644,28631,1480,13791,7835,8151.79,9591.31,11843.73,18040.65,6035,20557.42,19734.7,19995.52,4269,4548,328,49,5447.79,13.51,3.41,1.6,16064.28,6255.5,19995.52,13131.52,19379.32,3742.03,3905.71,56890.96,32439.25
2025-08-17,East,In-Store,Sports,Direct,178260.7,2223,321,899,7922,321,6678,2381,76305.05,125415.22,101955.65,118267.84,1457,178937.83,169745.7,178260.7,8723,9131,422,14,13122.44,555.33,5.11,3.19,28778.05,7868.78,178260.7,131470.68,37307.11,6454.38,4583.74,31644.34,83825.58
2025-08-18,Central,In-Store,Electronics,Direct,53739.7,3705,504,1400,8791,504,8142,2443,14390.51,35809.91,39349.19,45138.05,3170,54327.09,51590.42,53739.7,7952,7749,79,282,6006.27,106.63,6.64,3.13,19553.55,7683.53,53739.7,39903.29,45797.57,17569.96,4991.89,62160.55,81900.83
2025-08-21,East,In-Store,Apparel,Social,86290.95,3121,980,2673,14009,980,13674,4614,43834.89,66906.24,42456.06,35243.48,5963,86624.5,81469.99,86290.95,2834,2944,353,243,13737.76,88.05,2.03,3.54,27663.12,6467.14,86290.95,71015.48,26716.66,6724.53,12119.24,22515.29,56133.47
2025-08-30,Central,In-Store,Apparel,Direct,44616.5,3794,981,1589,20165,981,19726,3419,24020.47,38287.85,20596.03,18045.15,2174,44699.78,41891.31,44616.5,3354,3683,481,152,9107.16,45.48,7.82,3.89,14961.67,4510.52,44616.5,37420.94,59815.69,9915.86,22414.38,64489.26,97559.48
2025-09-09,Central,In-Store,Apparel,Direct,28844.0,3071,929,2454,23313,929,22321,6681,13215.69,23799.06,15628.31,18294.67,4240,29569.38,28325.35,28844.0,3528,3603,400,325,5962.87,31.05,3.45,2.87,14060.69,3994.6,28844.0,19137.79,41569.39,4632.17,20505.31,38441.91,72195.27
2025-09-11,Central,In-Store,Home,Direct,140809.81,2597,1960,5076,62658,1960,57168,19692,47854.24,104415.82,92955.57,118877.19,10600,144875.79,138063.8,140809.81,7359,7092,60,327,3539.47,71.84,7.51,3.37,33532.23,6623.31,140809.81,105856.03,10163.11,9086.92,24943.63,69933.08,79856.82
2025-09-20,East,In-Store,Apparel,Direct,64950.94,3335,1979,2931,35575,1979,20515,10205,31840.21,26962.42,33110.73,42553.95,3775,66126.97,61107.71,64950.94,5894,5863,202,233,2071.52,32.82,7.92,2.41,15972.32,3681.95,64950.94,58913.12,54026.33,11027.49,8212.28,23220.08,86032.29
2025-09-28,East,In-Store,Electronics,Social,176326.84,3789,445,844,13597,445,9404,1809,56872.43,109788.7,119454.41,97424.62,1801,176539.44,165379.19,176326.84,7283,7505,470,248,10505.22,396.24,3.69,2.42,8658.01,4989.41,176326.84,153469.43,16056.96,2512.78,6961.37,33891.8,54758.5
2025-10-05,Central,In-Store,Electronics,Email,105131.61,2030,2120,4074,51130,2120,33474,14837,28160.1,74886.71,76971.51,65452.13,6249,105316.99,100777.16,105131.61,7580,7481,25,124,3531.54,49.59,6.22,1.14,31886.28,7125.14,105131.61,76473.01,47672.5,10193.55,14201.66,26524.79,91703.35
2025-10-08,East,In-Store,Apparel,Organic Search,17725.44,1732,1698,4143,40736,1698,39210,10132,4514.95,7925.47,13210.49,12392.82,7730,17865.51,17569.1,17725.44,7446,7212,148,382,4252.7,10.44,7.44,1.58,9715.1,5266.67,17725.44,14807.94,7355.33,12416.97,12091.79,10103.65,35581.94
2025-10-19,East,In-Store,Electronics,Direct,68359.5,4513,1960,5081,33832,1960,21162,5777,21969.86,31734.55,46389.64,51121.74,6355,69221.78,67475.43,68359.5,3678,3512,36,202,5273.28,34.88,3.95,2.3,14137.19,5455.36,68359.5,44359.52,35172.79,11849.29,6327.93,51532.31,68686.53
2025-10-22,East,In-Store,Apparel,Email,66938.58,3796,1472,3707,22662,1472,20975,3058,30816.24,34009.57,36122.34,31969.25,7433,68657.04,65380.51,66938.58,6056,6113,240,183,8738.65,45.47,3.76,3.77,23413.63,5074.76,66938.58,60215.79,47330.61,13090.0,12194.46,32854.43,82205.85
2025-10-23,East,In-Store,Beauty,Direct,155490.73,5494,1668,2092,39075,1668,24072,6259,58503.87,118740.57,96986.86,114106.28,4548,156356.92,154100.02,155490.73,6330,6363,219,186,5952.61,93.22,2.29,3.85,11048.98,2119.78,155490.73,108298.6,42327.06,5279.1,17223.1,19427.62,99061.14
2025-10-25,Central,In-Store,Apparel,Paid Search,50364.55,5729,1354,2461,47365,1354,30899,6461,25558.15,43833.88,24806.4,38208.04,5888,50634.92,48169.07,50364.55,5938,6081,328,185,14301.03,37.2,2.61,2.01,26782.08,5339.56,50364.55,40302.06,54344.85,8297.69,11892.13,58117.81,85997.08
2025-11-19,Central,In-Store,Electronics,Direct,30820.41,1532,1631,4852,62271,1631,44604,24714,8708.24,24531.45,22112.17,23981.48,10211,31005.31,28854.07,30820.41,6433,6391,156,198,14228.28,18.9,5.88,4.09,6570.91,2409.07,30820.41,24272.31,26527.51,12617.09,21003.46,39048.54,67342.5
2025-11-22,Central,In-Store,Sports,Email,25298.64,4486,2175,6309,27188,2175,27156,6665,12174.91,19499.73,13123.73,17937.42,15026,25813.42,24504.94,25298.64,2573,2761,219,31,10967.98,11.63,3.46,2.74,15899.74,3099.26,25298.64,23045.13,48470.98,8725.45,21790.23,33852.75,84367.89
2025-11-25,Central,In-Store,Apparel,Paid Search,50138.63,5700,1260,2964,42789,1260,27039,7492,24639.09,42506.75,25499.54,38289.48,4259,50393.52,46952.04,50138.63,4524,4294,78,308,13710.66,39.79,7.85,2.07,10958.31,2060.48,50138.63,30261.59,7448.41,4910.41,16164.9,57492.1,40010.56
2025-11-30,Central,In-Store,Apparel,Email,152969.49,5910,1570,4571,20586,1570,18144,6865,77405.44,112185.53,75564.05,118224.93,10973,153128.86,142333.82,152969.49,8526,8692,260,94,1882.87,97.43,5.71,1.45,12046.42,4458.99,152969.49,95239.51,15976.94,10084.46,5951.99,53945.44,67480.87
2025-12-02,East,In-Store,Electronics,Social,26987.92,2956,1562,2660,34433,1562,18471,10112,7382.46,17986.4,19605.46,18485.76,3885,27009.82,25450.94,26987.92,6080,5987,266,359,3027.04,17.28,7.32,1.32,11581.41,5878.62,26987.92,20401.5,52192.36,11682.31,18975.68,66055.01,88396.08
2025-12-07,Central,In-Store,Sports,Organic Search,76443.05,4898,1433,1877,21693,1433,11052,3303,25378.32,31770.82,51064.73,69326.04,4077,78258.5,75793.01,76443.05,4909,4998,239,150,13382.33,53.34,6.18,1.98,11390.28,3564.88,76443.05,71538.19,31254.08,12552.91,20754.35,43472.51,85359.15
2025-12-11,Central,In-Store,Electronics,Email,159335.66,4759,403,1008,11818,403,7577,2500,78858.19,78798.73,80477.47,121265.38,2477,162575.79,160962.56,159335.66,6696,6923,299,72,10396.22,395.37,3.31,2.64,20295.37,7684.08,159335.66,140485.62,5855.08,12045.62,2693.26,65494.03,56973.57
2025-12-14,East,In-Store,Electronics,Organic Search,84132.2,4775,1456,2245,21953,1456,13651,3937,32562.91,43993.43,51569.29,69393.45,4378,84413.29,82381.72,84132.2,6178,6253,328,253,4579.84,57.78,6.68,4.43,2839.49,1026.94,84132.2,63592.11,57359.78,17516.61,8679.01,34797.94,104373.43
2025-12-22,Central,In-Store,Home,Organic Search,56923.05,1540,725,2277,17822,725,9789,2383,24231.48,44375.21,32691.57,37406.93,5485,57879.29,54818.32,56923.05,6541,6339,66,268,14155.39,78.51,2.78,3.94,8683.75,2278.47,56923.05,45757.41,50434.17,10803.85,24225.72,13851.75,96685.82
2025-12-23,East,In-Store,Beauty,Organic Search,143539.69,5766,1466,4145,44169,1466,30985,4634,63669.7,107926.83,79869.99,109298.23,9786,146823.14,141703.04,143539.69,2598,2344,128,382,9227.34,97.91,5.08,2.99,11315.76,2978.0,143539.69,99820.41,56745.42,16963.26,23854.71,23004.62,130352.86
2025-12-25,East,In-Store,Electronics,Organic Search,62495.27,2460,1415,4159,22164,1415,22110,5146,33471.95,32630.96,29023.32,43399.32,7478,64326.31,62527.39,62495.27,4478,4508,145,115,7240.31,44.17,5.48,2.11,37428.6,7536.22,62495.27,38873.52,30457.17,15984.09,7479.96,59114.91,66941.02
2026-01-02,East,In-Store,Apparel,Direct,121757.21,2370,991,1152,37656,991,36995,14694,39761.79,51505.15,81995.42,95539.76,1389,125331.29,115345.3,121757.21,3747,3692,175,230,13388.43,122.86,1.87,1.1,8651.72,2265.39,121757.21,110116.42,42772.53,18548.2,4806.61,45914.42,94789.27
2026-01-26,East,In-Store,Home,Direct,63988.74,4850,1284,1741,35093,1284,15389,9046,17993.4,32465.8,45995.34,61416.76,4008,65838.87,60591.31,63988.74,4013,4206,454,261,10010.3,49.84,1.93,1.65,13968.26,2701.16,63988.74,40835.9,37344.12,8956.24,21837.25,33831.09,86562.64
2026-01-29,East,In-Store,Sports,Social,46416.17,2603,1695,3009,60597,1695,59958,21858,19722.02,30638.01,26694.15,24765.06,7364,47702.63,47198.57,46416.17,2244,2030,72,286,8324.59,27.38,4.36,3.36,4250.63,1482.7,46416.17,30166.76,14026.36,8355.6,20211.97,11247.0,50023.45
2026-01-31,Central,In-Store,Beauty,Social,15542.87,2074,1137,1392,23667,1137,9584,7127,5981.22,12598.09,9561.65,11110.11,2946,15560.24,15381.53,15542.87,4610,4640,125,95,11178.75,13.67,1.55,4.86,5166.34,2035.35,15542.87,12569.91,48035.23,19804.48,15609.79,41320.48,86782.53
2026-02-05,East,In-Store,Home,Email,158828.6,3372,1451,2766,66146,1451,58339,18823,62856.38,69388.15,95972.22,89987.53,6491,161397.05,150234.03,158828.6,7090,7284,490,296,5271.55,109.46,2.01,3.04,11928.16,3147.81,158828.6,146250.55,52223.46,3381.87,15267.77,34766.82,97869.36
2026-02-19,Central,In-Store,Apparel,Social,136435.47,3287,1947,2678,27485,1947,14108,9301,71775.18,119948.77,64660.29,82081.13,5544,138281.85,133259.29,136435.47,2506,2479,333,360,12158.36,70.07,2.45,1.63,14108.58,5332.82,136435.47,128334.41,47725.14,19944.94,3656.84,18851.08,95951.26
2026-02-20,Central,In-Store,Beauty,Organic Search,49554.24,1606,1021,1544,21790,1021,17637,3044,26111.47,20215.52,23442.77,34145.88,3434,49960.91,47787.77,49554.24,2572,2759,348,161,4119.04,48.54,5.84,1.3,31460.17,6133.09,49554.24,41693.99,39260.31,2099.33,21604.82,59061.47,73208.22
2026-02-22,East,In-Store,Sports,Paid Search,57514.68,5975,561,1623,11817,561,5029,1800,24768.07,29526.87,32746.61,29026.47,2791,57518.16,54574.7,57514.68,4171,4446,496,221,9369.12,102.52,3.72,3.56,14161.96,3911.42,57514.68,52035.46,45026.75,12791.76,6129.11,24931.48,72655.56
2026-02-24,East,In-Store,Electronics,Paid Search,170162.31,5183,2139,2830,31227,2139,27542,8893,43829.57,114470.63,126332.74,200588.34,5044,175148.34,173883.26,170162.31,8530,8973,494,51,11265.08,79.55,2.49,4.4,39403.09,7706.75,170162.31,118510.39,23694.83,3400.17,19530.31,31994.73,106801.81
2026-02-26,Central,In-Store,Beauty,Organic Search,22152.72,3269,1321,2076,27938,1321,21288,4098,11335.91,19911.42,10816.81,15951.24,4299,22277.67,21797.75,22152.72,6885,6748,200,337,14207.49,16.77,2.33,3.53,10780.83,2508.3,22152.72,19615.92,8836.77,1507.44,23038.3,58538.4,38167.88
2026-02-28,Central,In-Store,Sports,Organic Search,11463.89,2707,1124,1547,36273,1124,19629,12411,5426.29,10280.44,6037.6,8411.72,2977,11794.65,11194.83,11463.89,6772,6726,109,155,5429.52,10.2,5.29,2.73,18220.42,3564.01,11463.89,9566.42,6581.15,2008.55,19757.73,41161.92,30870.95
2026-03-07,Central,In-Store,Electronics,Organic Search,82164.27,4447,727,1797,12159,727,9317,4542,32953.62,49306.67,49210.65,45026.48,2366,84523.89,82682.12,82164.27,2503,2377,256,382,2691.43,113.02,3.56,2.6,14875.64,7504.21,82164.27,63555.93,19382.23,16801.39,9650.55,22644.3,59342.11
2026-03-10,Central,In-Store,Beauty,Direct,171277.16,4957,405,670,6368,405,5466,2348,46370.38,147302.24,124906.78,180334.17,969,173849.84,162729.92,171277.16,6469,6277,35,227,5031.0,422.91,2.94,4.19,11414.8,5136.2,171277.16,146014.73,17317.32,5380.28,11973.88,27652.27,88771.73
2026-03-15,Central,In-Store,Apparel,Social,47539.91,1732,1017,2051,14370,1017,11235,1982,22013.97,39607.12,25525.94,28433.85,4478,47670.84,44809.06,47539.91,7431,7699,403,135,13785.23,46.75,4.93,4.36,11516.56,3459.79,47539.91,43317.29,8028.62,10312.84,17783.35,19642.23,44654.96
2026-03-21,Central,In-Store,Electronics,Direct,107127.61,4837,1581,4641,36673,1581,27482,14576,54684.6,85169.38,52443.01,57009.01,8690,108062.06,102357.52,107127.61,3648,3980,500,168,12076.6,67.76,6.04,3.56,8078.81,1793.77,107127.61,87278.4,5275.18,19584.34,19224.99,46724.82,61187.21
2026-03-26,East,In-Store,Electronics,Social,59833.34,4496,689,1083,19309,689,12214,6966,27549.7,32996.68,32283.64,48203.3,1865,60153.26,59482.05,59833.34,4190,4084,93,199,5773.37,86.84,3.23,1.19,12427.88,5424.55,59833.34,52210.45,6843.96,2308.62,17149.13,61473.57,40762.7
2026-03-30,East,In-Store,Sports,Paid Search,98702.26,2140,664,1366,11399,664,7937,1618,25830.05,50331.62,72872.21,87337.9,1705,98790.83,96298.59,98702.26,3503,3454,319,368,5975.33,148.65,5.65,1.07,13819.68,3434.58,98702.26,76204.94,45831.52,13061.56,11189.54,31653.25,96283.99
2026-04-05,East,In-Store,Beauty,Email,32583.8,3066,1409,2457,19198,1409,14271,6306,14088.32,25730.38,18495.48,19994.07,5894,33238.28,31028.23,32583.8,4860,5092,282,50,5912.69,23.13,5.7,4.77,5807.58,2704.02,32583.8,26126.2,55924.9,13504.02,23441.95,10055.59,98869.09
2026-04-06,Central,In-Store,Electronics,Direct,125757.45,2671,783,1516,10893,783,9492,3736,65090.82,79786.37,60666.63,81494.62,2836,127604.37,120139.95,125757.45,7520,7281,58,297,4960.5,160.61,2.85,2.33,20590.63,6551.1,125757.45,110340.5,40271.31,16049.14,16813.37,33887.17,97582.21
2026-04-30,Central,In-Store,Sports,Email,76882.11,2044,282,628,4277,282,2589,1280,33414.8,33505.75,43467.31,51791.8,1113,77103.15,71331.11,76882.11,5662,5356,31,337,8455.55,272.63,2.57,2.06,2368.85,856.24,76882.11,47718.35,44442.81,18945.85,11331.41,55198.31,90257.61
2026-06-03,Central,In-Store,Electronics,Social,27720.45,2975,1468,3081,32785,1468,21662,5339,11843.31,19305.38,15877.14,17257.0,4643,28220.01,26771.76,27720.45,3924,4132,468,260,13272.12,18.88,6.41,2.99,10578.72,2826.23,27720.45,20025.99,10214.78,7567.89,15868.17,56585.08,38827.94
2026-06-17,East,In-Store,Beauty,Paid Search,19015.47,4399,739,1994,20365,739,10255,2765,8088.79,11160.06,10926.68,12719.67,3995,19431.69,18463.71,19015.47,2296,2490,472,278,3388.72,25.73,6.68,4.3,13555.29,3160.1,19015.47,16070.17,19905.19,11031.99,13342.42,10319.5,48095.5
2026-06-19,Central,In-Store,Apparel,Organic Search,21219.46,1830,1134,3053,40896,1134,34036,14128,5488.37,11105.66,15731.09,21509.36,7518,21576.69,20005.86,21219.46,3341,3655,467,153,8496.96,18.71,7.49,2.8,3278.61,1193.86,21219.46,19907.7,15750.49,5126.53,2692.13,36756.87,30021.96
2026-06-20,Central,In-Store,Sports,Paid Search,92254.65,3656,455,1042,5806,455,3736,1786,35917.28,64089.46,56337.37,57151.65,2418,93257.91,87966.48,92254.65,6571,6690,191,72,13614.4,202.76,5.77,2.92,21369.14,6674.24,92254.65,67025.45,37574.32,2563.82,21210.06,47820.91,78493.69
2026-06-23,Central,In-Store,Sports,Social,94934.26,2027,1979,3449,45422,1979,23064,5895,40704.87,40325.67,54229.39,45356.95,8142,96708.89,94593.29,94934.26,6130,6089,77,118,3913.97,47.97,2.45,3.6,26300.69,6792.78,94934.26,81023.42,49306.51,14087.4,23188.13,11254.2,100189.12
2026-06-27,Central,In-Store,Sports,Email,105990.7,5551,1899,5890,42528,1899,31418,16841,39196.35,74845.51,66794.35,101538.86,7370,107114.85,106242.04,105990.7,7601,7965,471,107,2655.02,55.81,7.81,2.97,11312.07,4997.24,105990.7,98235.47,9117.6,19595.24,20322.03,40266.22,79496.53
2026-07-01,Central,In-Store,Beauty,Paid Search,55411.37,4087,1867,3593,29399,1867,23310,8848,15196.67,45527.38,40214.7,35334.92,5636,57042.48,56567.36,55411.37,7508,7513,49,44,13664.44,29.68,7.61,4.96,6534.66,3114.7,55411.37,44412.44,18134.24,6629.61,7523.17,24816.95,42887.5
2026-07-18,Central,In-Store,Apparel,Paid Search,55021.29,5965,1924,2433,25783,1924,21722,7032,14969.36,49379.3,40051.93,44014.77,5710,55104.3,52021.67,55021.29,2636,2796,209,49,10391.4,28.6,5.43,1.0,17169.52,5937.45,55021.29,49350.04,6322.72,3564.63,7526.12,21058.11,30617.9
2026-07-19,Central,In-Store,Beauty,Paid Search,37555.07,3459,321,771,12668,321,6340,3768,12853.68,31400.05,24701.39,35520.25,1716,38090.46,36785.73,37555.07,2863,2807,213,269,11394.47,116.99,2.24,2.9,35166.22,7975.75,37555.07,34758.76,48571.19,6867.3,6619.4,66602.04,72713.97
2026-08-06,East,In-Store,Sports,Email,93145.04,5537,1281,3117,45766,1281,36899,18152,47579.56,40760.8,45565.48,58472.18,6115,95309.46,93010.29,93145.04,8496,8754,418,160,14473.35,72.71,6.38,4.45,2880.31,669.02,93145.04,76554.97,46065.8,1255.38,11448.38,15229.13,76311.21
2026-08-24,East,In-Store,Home,Paid Search,129010.03,4763,248,511,3679,248,3184,946,32594.55,104472.17,96415.48,108416.28,1024,129502.6,124280.4,129010.03,5231,5456,450,225,13993.37,520.2,6.75,2.25,6563.19,1207.7,129010.03,82767.38,59133.59,11462.8,5963.82,67473.71,109085.09
2026-08-28,East,In-Store,Beauty,Direct,117790.53,4035,1905,2102,80679,1905,32868,28650,46167.85,58701.61,71622.68,80897.82,4719,119486.97,117097.02,117790.53,7134,7014,133,253,10691.82,61.83,7.81,3.85,19574.13,7261.97,117790.53,84713.67,25098.45,4.62,20365.3,50924.48,69737.72
2026-09-08,Central,In-Store,Electronics,Direct,10861.76,5545,1240,2963,51312,1240,30019,5600,5021.6,9441.0,5840.16,5244.75,4229,11136.69,10351.37,10861.76,4373,4628,416,161,10972.81,8.76,7.52,1.24,19968.09,7123.15,10861.76,8411.25,36553.08,884.1,7402.66,35859.89,46413.26
2026-09-21,East,In-Store,Beauty,Email,133098.06,3468,866,1752,25229,866,17489,5968,37245.01,77767.24,95853.05,126468.8,3543,133436.6,127989.26,133098.06,8656,8752,245,149,1937.41,153.69,3.03,3.56,6592.26,1820.03,133098.06,84705.92,19718.24,12808.03,18500.25,58614.48,88967.16
2026-10-02,Central,In-Store,Apparel,Social,8180.62,5265,2013,3076,26470,2013,21506,7154,4135.0,4008.44,4045.62,4697.74,7153,8345.7,7697.62,8180.62,7398,7570,500,328,11940.37,4.06,7.84,4.9,3240.68,2123.08,8180.62,7603.54,34823.8,1776.94,24231.37,38520.87,62241.43
2026-10-07,Central,In-Store,Apparel,Direct,98041.35,3139,1658,3724,58497,1658,33837,22359,51813.19,86200.48,46228.16,66436.93,4923,99293.04,98323.32,98041.35,6956,7065,468,359,12927.61,59.13,4.09,4.96,11062.38,2724.81,98041.35,64747.3,35753.0,14829.55,13382.31,51003.52,83895.94
2026-10-22,Central,In-Store,Apparel,Paid Search,175243.12,3033,2082,5784,36543,2082,17922,11033,54736.07,106950.9,120507.05,119840.84,14423,178894.77,173065.93,175243.12,5504,5666,234,72,6754.55,84.17,5.49,2.64,9608.72,2104.17,175243.12,113390.66,59750.56,10193.73,13684.92,50202.95,119581.46
2026-10-27,Central,In-Store,Sports,Social,24232.49,2800,532,1261,7664,532,5069,2465,10252.32,18743.81,13980.17,19123.87,2315,24584.16,22906.32,24232.49,5394,5318,258,334,2919.59,45.55,1.54,1.9,29677.94,6038.8,24232.49,18748.17,47216.46,1023.51,21207.77,11891.38,75184.9
2026-10-31,Central,In-Store,Beauty,Direct,161387.62,3763,174,383,6923,174,6876,1645,81866.96,86747.91,79520.66,125738.55,914,165355.97,158115.57,161387.62,7646,7928,497,215,8421.09,927.52,5.46,2.08,4770.79,2480.16,161387.62,141223.94,37680.14,7982.31,5826.28,54198.46,89210.29
2026-11-01,East,In-Store,Sports,Email,30274.33,5101,582,997,8258,582,7893,1725,11992.73,21389.92,18281.6,14661.66,1336,31145.87,30839.97,30274.33,4942,5218,470,194,9030.2,52.02,6.59,1.39,17253.59,3696.56,30274.33,21196.88,12407.65,4544.65,15192.73,67893.26,36543.53
2026-11-02,Central,In-Store,Home,Social,168249.85,5959,1514,3705,48591,1514,26140,16556,68328.25,69942.98,99921.6,158263.04,6384,172687.86,167716.57,168249.85,8495,8696,407,206,11591.88,111.13,4.97,1.37,12950.42,7145.78,168249.85,122829.35,19827.48,19913.01,17754.0,27578.09,104973.4
2026-12-15,Central,In-Store,Electronics,Organic Search,71158.05,5948,2076,5279,36614,2076,33551,4784,18559.04,57286.62,52599.01,69415.58,12264,73231.1,70932.4,71158.05,6722,6488,156,390,11292.1,34.28,7.03,2.43,23295.55,5547.29,71158.05,59489.25,23849.77,16100.19,14960.66,20835.14,75735.29
2026-12-17,East,In-Store,Electronics,Social,58265.49,5644,365,908,4593,365,2613,579,18517.32,36084.33,39748.17,50214.24,1250,59157.43,58581.8,58265.49,5092,4852,101,341,4416.45,159.63,5.47,1.61,20740.83,4491.76,58265.49,35647.34,44093.35,7227.59,16640.24,56015.21,83025.45
2026-12-22,Central,In-Store,Home,Email,50202.97,3400,721,2243,9763,721,3970,1048,16963.42,27071.51,33239.55,33642.75,3124,50203.59,48490.64,50202.97,5093,4983,117,227,13254.76,69.63,6.36,1.9,37063.83,7296.48,50202.97,30172.01,40679.04,12885.4,20424.75,21386.95,84082.01
2026-12-25,East,In-Store,Apparel,Email,94338.97,2075,1319,3677,56474,1319,35031,6396,26798.91,76435.5,67540.06,73944.63,6267,94427.71,88733.87,94338.97,2833,2532,30,331,7779.26,71.52,5.1,3.61,11592.76,3722.16,94338.97,67908.23,49037.78,12987.12,2306.61,10214.53,86514.9
2025-01-07,East,In-Store,Home,Organic Search,166136.83,2531,369,532,11768,369,10924,2384,90040.4,103567.9,76096.43,79997.18,645,169631.77,164973.53,166136.83,2334,2241,297,390,3103.43,450.24,5.23,1.77,7612.42,1474.26,166136.83,147361.83,27736.14,15065.47,19872.08,44234.92,86672.84
2025-01-12,Central,In-Store,Beauty,Paid Search,162780.96,5735,1397,1681,67494,1397,42108,18381,74539.27,137872.8,88241.69,116697.54,2453,163405.25,159471.67,162780.96,4004,4194,257,67,11761.22,116.52,5.69,1.04,16676.86,3081.2,162780.96,136590.48,39729.49,19743.62,24307.24,57882.16,118789.61
2025-01-17,Central,In-Store,Apparel,Email,119484.13,3098,1795,2809,27300,1795,19829,8992,45995.07,49865.82,73489.06,88977.94,6210,122861.19,117658.2,119484.13,5447,5769,416,94,4272.51,66.56,4.01,1.79,2563.82,655.49,119484.13,105743.64,41815.96,773.38,24369.35,45231.64,93652.07
2025-02-14,Central,In-Store,Home,Paid Search,155192.65,3863,431,891,20776,431,12282,7118,47244.89,80944.71,107947.76,147680.47,1794,157384.55,148437.51,155192.65,6602,6515,193,280,12868.05,360.08,2.66,1.01,7600.59,1855.82,155192.65,143749.02,18589.47,3233.41,5990.42,31008.93,72117.44
2025-02-18,East,In-Store,Beauty,Direct,163927.03,2387,768,2315,16673,768,10734,3308,74990.2,118932.62,88936.83,86342.58,3642,165740.35,153273.05,163927.03,3929,4304,454,79,13704.08,213.45,2.25,4.05,34255.24,7744.17,163927.03,103219.24,11110.92,4899.21,23857.59,31898.57,65770.49
2025-02-26,Central,In-Store,Apparel,Social,10046.89,2273,213,439,2801,213,2546,787,4615.2,8821.01,5431.69,8671.9,600,10171.31,9931.84,10046.89,4260,4548,438,150,5659.15,47.17,5.36,2.71,16437.93,5831.18,10046.89,7789.9,50326.61,6598.2,22372.4,56265.87,81898.78
2025-02-27,Central,In-Store,Apparel,Social,24133.81,4878,880,1554,20609,880,14130,5462,8608.99,19419.58,15524.82,17525.38,2937,24449.45,23381.27,24133.81,8461,8825,433,69,9604.24,27.42,1.76,1.22,20287.93,6878.24,24133.81,20095.72,27797.54,9016.6,4924.42,69633.58,46996.17
2025-03-08,Central,In-Store,Home,Paid Search,68863.0,1722,1336,2002,18191,1336,13998,3194,18928.26,33914.73,49934.74,75235.73,3370,70717.7,68542.25,68863.0,6836,6651,102,287,14804.49,51.54,4.61,3.05,3516.07,766.21,68863.0,62025.13,53847.32,5396.68,19699.61,25788.89,101514.33
2025-03-23,East,In-Store,Apparel,Email,63586.68,5207,992,1295,39486,992,25163,12062,18974.23,44549.95,44612.45,65104.95,1842,64992.87,63137.05,63586.68,4463,4378,162,247,8532.14,64.1,7.07,4.61,9478.02,1905.78,63586.68,47051.11,51527.41,7074.14,12066.98,64561.48,90200.01
2025-03-26,Central,In-Store,Electronics,Paid Search,114063.43,1644,177,487,3882,177,3649,1321,59789.78,52943.72,54273.65,67311.59,1142,114310.68,107171.49,114063.43,5980,6279,410,111,9207.57,644.43,4.39,2.05,4691.42,2892.53,114063.43,90331.2,51617.56,19930.65,13530.19,51350.36,105271.88
2025-04-16,Central,In-Store,Apparel,Organic Search,62305.02,3824,1678,2314,22556,1678,13800,7535,23266.48,48620.79,39038.54,44236.24,3077,62739.05,60212.28,62305.02,2930,2885,114,159,11208.23,37.13,5.45,2.72,2564.75,1459.09,62305.02,37826.41,28459.77,18047.71,11855.63,55556.99,71633.98
2025-05-01,East,In-Store,Apparel,Organic Search,19741.34,1950,1915,4866,38566,1915,18678,5889,8970.53,13849.54,10770.81,11252.91,6182,20218.32,19470.51,19741.34,2738,2840,181,79,2749.48,10.31,6.6,2.39,9032.34,5089.05,19741.34,13530.5,47737.61,9112.19,11980.55,14994.51,72206.22
2025-05-20,Central,In-Store,Home,Paid Search,70922.14,2197,304,641,8955,304,3932,3427,29560.35,54785.19,41361.79,44090.53,772,72482.34,72379.82,70922.14,7622,7701,129,50,13185.55,233.3,2.9,1.92,33506.35,6711.8,70922.14,51976.2,19182.1,8512.84,18780.14,50254.23,59702.24
2025-05-24,Central,In-Store,Sports,Organic Search,23315.81,3234,207,544,3550,207,2678,1338,6005.53,19744.95,17310.28,15237.91,934,23699.17,22725.7,23315.81,6947,7032,479,394,8555.31,112.64,5.22,2.12,6655.27,3295.35,23315.81,21088.71,41690.94,11412.73,8105.45,49571.27,65780.49
2025-06-04,Central,In-Store,Home,Direct,48453.29,1608,1340,2908,22089,1340,13288,3679,24683.55,32028.33,23769.74,32315.98,4010,49807.33,47889.77,48453.29,6476,6587,362,251,8701.53,36.16,5.16,4.61,30404.02,5791.32,48453.29,41471.24,33602.15,1134.9,4759.04,26316.38,49190.88
2025-06-05,Central,In-Store,Home,Email,145435.22,3535,588,1772,21731,588,11364,7847,42032.75,101463.83,103402.47,116826.08,2734,146294.05,139077.09,145435.22,3450,3372,101,179,8002.7,247.34,4.04,3.56,38298.17,7276.19,145435.22,119767.43,22537.4,7167.47,11645.33,57039.6,76398.02
2025-06-09,Central,In-Store,Home,Email,93828.6,1685,215,422,3418,215,3215,1147,39125.65,72194.14,54702.95,79657.01,987,95860.16,90844.99,93828.6,7926,7902,213,237,4274.69,436.41,4.0,4.4,24151.16,5401.79,93828.6,63208.24,39169.09,12150.19,15604.83,24189.81,90821.21
2025-06-13,Central,In-Store,Beauty,Email,39265.91,4419,1842,4169,25602,1842,14958,2711,9983.74,17244.64,29282.17,34224.77,5575,39856.61,37669.56,39265.91,3629,3901,462,190,8204.77,21.32,4.51,2.16,7863.39,4134.68,39265.91,24156.4,34029.09,7911.53,14391.0,43580.01,66599.05
2025-06-19,East,In-Store,Home,Social,51905.87,3881,288,517,7839,288,7551,1142,18151.34,46528.19,33754.53,42018.89,854,52514.73,50392.96,51905.87,4471,4459,97,109,1764.84,180.23,6.43,3.62,872.09,574.36,51905.87,48827.53,55116.65,14471.85,15346.58,17198.31,97540.75
2025-06-21,Central,In-Store,Electronics,Social,175521.29,4264,1258,1452,24928,1258,24818,2611,78362.55,152825.84,97158.74,89248.0,2033,177206.01,176866.42,175521.29,8784,8680,85,189,4356.2,139.52,4.17,1.97,31746.68,6626.42,175521.29,112053.24,43571.48,1701.33,7315.79,58477.56,79363.0
2025-07-10,East,In-Store,Home,Direct,70701.97,3026,1281,3598,20879,1281,18814,8251,37762.23,34322.59,32939.74,43524.0,7676,72677.42,70287.44,70701.97,2717,2662,282,337,10929.0,55.19,6.68,1.17,5472.72,2542.38,70701.97,57307.95,7764.57,11505.75,21170.82,27960.93,53498.34
2025-07-14,East,In-Store,Home,Direct,179811.21,5551,1558,4777,29089,1558,20278,3730,87369.8,155311.59,92441.41,88709.62,11571,183356.64,179094.3,179811.21,7001,6692,52,361,11510.9,115.41,7.08,2.02,4319.03,1543.46,179811.21,123319.98,27904.33,12582.25,11203.82,34275.11,78303.29
2025-07-15,East,In-Store,Electronics,Social,178496.16,3319,413,988,7660,413,6532,1037,87065.23,102667.72,91430.93,139628.52,1343,182922.49,173856.51,178496.16,2484,2674,235,45,6018.6,432.19,6.11,3.74,6946.82,1277.04,178496.16,166632.61,22819.69,13206.5,8915.26,57422.11,86830.01
2025-07-20,Central,In-Store,Home,Paid Search,153388.79,5786,1163,1313,24467,1163,23384,7933,62294.06,83051.48,91094.73,75870.4,1929,156491.2,151921.99,153388.79,6840,6661,153,332,7065.68,131.89,2.11,1.32,9504.29,4416.24,153388.79,133284.53,25711.18,16126.5,11037.91,24056.28,75636.71
2025-08-05,East,In-Store,Beauty,Email,55972.56,4910,1395,2327,44254,1395,37078,11594,17761.75,25284.35,38210.81,50324.24,3584,56559.73,53914.65,55972.56,6958,6994,210,174,12777.52,40.12,6.78,1.78,5585.98,2701.95,55972.56,38252.68,37638.91,10208.56,22191.64,11055.81,85136.38
2025-08-08,Central,In-Store,Electronics,Social,27622.93,2371,1823,4271,56838,1823,25306,17410,8066.33,17554.34,19556.6,25838.17,10263,27946.25,27613.32,27622.93,8488,8913,451,26,14864.35,15.15,5.1,1.78,13758.54,3278.0,27622.93,22177.95,28756.98,14080.39,24245.47,59849.89,74834.29
2025-08-21,Central,In-Store,Sports,Paid Search,164658.96,2702,2176,6952,66502,2176,42623,15011,46132.3,102314.99,118526.66,144363.91,12636,165377.3,165358.97,164658.96,5205,5140,124,189,14091.48,75.67,3.79,4.02,19095.97,7311.08,164658.96,108505.62,38670.15,9636.15,22851.36,48581.31,114466.83
2025-09-10,Central,In-Store,Electronics,Email,104766.84,4118,1547,2170,32957,1547,20400,4974,47923.88,89918.33,56842.96,58044.43,4691,105441.8,97047.78,104766.84,7590,7406,21,205,14516.16,67.72,7.14,1.93,14349.87,4662.27,104766.84,81841.56,23824.16,10954.2,19104.05,45269.65,71295.74
2025-09-20,Central,In-Store,Home,Direct,94906.56,1754,1212,3083,20326,1212,15591,5688,24069.07,66287.03,70837.49,103701.28,4833,95732.47,88780.09,94906.56,7146,6982,125,289,14292.74,78.31,5.27,3.7,2397.14,1060.17,94906.56,88908.78,33882.62,19109.37,5119.78,38706.78,89222.15
2025-09-22,East,In-Store,Home,Direct,173643.19,4038,841,1161,16785,841,12816,2376,87853.42,145519.28,85789.77,98930.16,1802,175199.45,163027.52,173643.19,3474,3477,87,84,13124.39,206.47,7.0,3.02,5046.08,1432.03,173643.19,133836.69,53246.1,8547.6,7398.23,42359.43,98870.98
2025-10-01,Central,In-Store,Home,Paid Search,168102.61,2611,2033,4748,40715,2033,32406,14941,71129.31,123379.88,96973.3,146954.48,8796,172898.26,169244.57,168102.61,2262,2098,39,203,9327.06,82.69,3.56,4.75,21926.59,4886.49,168102.61,119999.21,30949.58,12163.99,7361.47,10848.23,94561.38
2025-10-15,East,In-Store,Beauty,Paid Search,103923.14,2641,2005,4390,26443,2005,17289,5382,40763.94,55688.35,63159.2,98610.14,10652,104715.16,96856.69,103923.14,4822,4773,59,108,4107.64,51.83,6.56,3.3,20794.7,6260.44,103923.14,81486.21,31006.97,10176.59,8006.65,57865.65,78773.25
2025-11-06,Central,In-Store,Electronics,Social,179554.26,3231,1007,2283,29426,1007,16646,7424,48744.45,128972.62,130809.81,171419.22,4222,180397.6,168062.23,179554.26,7821,7570,142,393,2533.52,178.31,7.79,4.44,28541.09,5396.74,179554.26,124643.6,23569.21,13494.7,13621.14,26884.99,102110.82
2025-11-16,East,In-Store,Electronics,Social,19186.68,3392,1910,4810,70686,1910,57206,20842,5892.26,15875.74,13294.42,12647.76,10592,19549.05,18178.62,19186.68,6016,5861,21,176,2217.59,10.05,4.43,1.26,5474.61,1415.66,19186.68,16819.53,38941.2,880.82,17626.85,14214.7,61243.2
2025-11-23,Central,In-Store,Electronics,Direct,79927.72,3895,2028,4520,38934,2028,29436,13246,34456.78,35603.64,45470.94,65004.03,10834,82096.75,78513.02,79927.72,2556,2484,45,117,12358.2,39.41,7.11,4.02,18758.22,7815.86,79927.72,63538.07,16218.96,2808.84,14864.67,11909.52,53393.68
2025-12-05,East,In-Store,Sports,Social,49067.2,5865,369,407,12264,369,7970,4059,12740.43,42174.65,36326.77,54233.35,707,49816.75,47672.3,49067.2,4703,4650,308,361,2254.23,132.97,4.01,2.55,16776.63,7096.57,49067.2,33569.54,36832.67,9974.41,22000.0,36741.14,85077.09
2025-12-20,Central,In-Store,Apparel,Direct,126285.06,2204,1797,5350,32138,1797,30238,9590,42088.07,98856.63,84196.99,83776.63,8124,128963.09,123083.84,126285.06,5582,5679,186,89,11536.09,70.28,2.82,4.38,5145.44,1845.39,126285.06,104699.56,48164.79,4792.86,24275.7,36202.51,102366.34
2025-12-28,Central,In-Store,Electronics,Organic Search,34847.66,4830,385,983,11964,385,11717,3660,11410.86,15956.26,23436.8,20933.21,1945,35629.05,35105.73,34847.66,6969,7286,482,165,14349.24,90.51,6.19,2.6,21487.74,5517.04,34847.66,30424.42,54706.61,3558.75,11123.11,42836.84,75668.43
2025-12-31,Central,In-Store,Home,Organic Search,147863.2,2339,1159,3179,14893,1159,11587,5199,75028.14,117291.68,72835.06,61981.95,5451,149647.81,142378.24,147863.2,6758,6843,326,241,5900.32,127.58,1.59,3.64,8070.76,5278.33,147863.2,89986.85,9566.79,12363.73,20310.33,60736.0,60835.44
2026-01-15,East,In-Store,Sports,Organic Search,102923.35,3989,1373,1877,20353,1373,15294,6396,45737.29,89205.62,57186.06,87660.91,2928,105305.03,101031.13,102923.35,6953,7082,311,182,14577.3,74.96,2.78,4.57,15079.5,6278.48,102923.35,63819.41,35866.8,13889.72,23714.18,59596.74,99768.97
2026-01-17,East,In-Store,Electronics,Paid Search,23959.4,3574,731,1506,31210,731,23326,6431,9447.02,16794.36,14512.38,11749.66,3164,24132.47,23160.01,23959.4,2534,2475,84,143,2824.96,32.78,6.88,1.33,25766.2,5260.51,23959.4,17266.58,30391.74,12512.52,9103.32,9785.25,55532.48
2026-02-12,East,In-Store,Electronics,Social,89240.04,4628,1253,1945,17760,1253,9565,2585,31334.78,76229.96,57905.26,89346.75,3491,90478.18,83599.9,89240.04,4271,4400,458,329,6135.64,71.22,4.0,1.03,29764.94,7007.88,89240.04,62779.83,25580.3,11731.46,8557.4,42750.31,72673.18
2026-02-20,East,In-Store,Apparel,Organic Search,104502.89,4115,1725,2309,28807,1725,16967,8892,38506.6,76978.1,65996.29,94938.5,3651,105188.02,98861.55,104502.89,3452,3734,479,197,13352.05,60.58,2.97,3.95,8192.49,1613.73,104502.89,87567.27,51255.88,4821.45,14128.97,35033.26,98687.85
2026-02-26,Central,In-Store,Sports,Direct,132344.46,5159,302,884,5367,302,4535,803,65326.62,84152.04,67017.84,86307.09,1462,133639.46,132523.33,132344.46,5394,5745,412,61,5122.01,438.23,5.97,4.67,7494.02,4363.83,132344.46,112577.6,5362.24,8192.19,9634.2,54823.05,49080.76
2026-03-07,Central,In-Store,Sports,Social,90176.1,5066,205,578,6428,205,3299,1819,46878.92,73276.22,43297.18,65110.18,869,90198.01,85810.51,90176.1,3810,3681,164,293,3736.84,439.88,1.51,4.35,6848.36,4128.05,90176.1,82377.36,46035.46,1704.97,4966.41,64499.26,72239.89
2026-03-12,East,In-Store,Beauty,Organic Search,13728.25,1917,1354,3202,28799,1354,26935,7347,4603.53,6839.06,9124.72,12040.34,7749,13821.17,13703.4,13728.25,8821,9100,454,175,2225.79,10.14,2.97,1.75,10235.09,4844.11,13728.25,8346.84,55948.86,3611.54,10573.9,31116.63,73746.4
2026-03-21,East,In-Store,Beauty,Paid Search,116649.91,5361,317,891,5530,317,2960,2154,48468.44,60406.04,68181.47,86241.53,2169,118669.82,111441.23,116649.91,6366,6375,382,373,7843.34,367.98,7.77,3.05,18488.27,3534.77,116649.91,80062.39,24415.22,9572.06,20094.33,23575.73,79954.07
2026-04-02,Central,In-Store,Home,Email,53228.69,2442,1739,4619,56365,1739,42306,8411,27109.73,30019.71,26118.96,24001.87,8047,54782.74,51021.2,53228.69,2384,2104,45,325,8218.49,30.61,4.11,3.31,5867.96,1995.56,53228.69,36246.08,20106.04,13302.95,10463.71,32741.43,51073.26
2026-04-09,East,In-Store,Electronics,Paid Search,41499.38,5058,328,487,6474,328,4378,1442,14366.37,33445.74,27133.01,32803.3,678,41982.2,41080.66,41499.38,8571,8660,443,354,7607.79,126.52,5.92,4.59,8342.15,2133.03,41499.38,34964.5,33147.5,15649.07,23340.1,47963.02,81977.66
2026-05-11,Central,In-Store,Beauty,Paid Search,104055.16,4405,2087,2331,101944,2087,67256,12913,37996.55,74466.22,66058.61,105382.68,5813,105540.45,101422.05,104055.16,2005,2040,212,177,5810.84,49.86,2.1,4.77,39216.96,7955.0,104055.16,74137.48,9725.83,7120.09,10936.08,48550.82,59396.8
2026-05-17,Central,In-Store,Beauty,Paid Search,73269.83,4956,1741,2981,22594,1741,16924,5892,19872.79,43539.15,53397.04,68266.86,6809,74406.36,71187.51,73269.83,8024,8064,343,303,12666.85,42.08,1.99,2.84,15800.94,4027.18,73269.83,48905.07,42511.46,8383.99,4323.91,24305.61,75699.42
2026-05-19,Central,In-Store,Apparel,Direct,110749.25,1557,1338,4104,21699,1338,20737,6116,55598.14,87803.93,55151.11,60558.05,7102,111283.43,108570.92,110749.25,3454,3874,448,28,14902.53,82.77,2.26,1.05,22856.26,7031.4,110749.25,98166.01,47740.14,3717.88,6377.62,26033.75,76003.05
2026-05-25,Central,In-Store,Beauty,Organic Search,116214.65,5841,1049,1569,49957,1049,29189,13138,31106.64,75519.82,85108.01,118466.67,3341,118911.69,110918.85,116214.65,5936,5807,90,219,7289.31,110.79,7.81,1.41,14640.7,6400.92,116214.65,98105.0,7159.63,18578.99,7151.49,43160.63,68430.11
2026-06-03,East,In-Store,Apparel,Social,54675.08,3093,731,1758,27075,731,26535,6914,23548.51,27930.78,31126.57,31174.96,2129,55078.16,52816.94,54675.08,3922,3935,334,321,2649.4,74.79,1.96,4.24,16015.12,5372.91,54675.08,47191.11,28214.01,19306.16,15809.1,39661.77,72681.76
2026-06-08,East,In-Store,Electronics,Social,56772.62,1962,1518,4223,60333,1518,26572,12329,28907.46,46335.28,27865.16,39447.47,7554,57523.59,52994.66,56772.62,4343,4267,43,119,7907.54,37.4,3.14,2.41,5824.57,2416.0,56772.62,34296.45,17392.1,6011.23,19386.24,41443.38,54623.81
2026-06-17,Central,In-Store,Home,Social,90432.15,5427,144,394,2330,144,1869,434,23164.48,41174.81,67267.67,61653.6,825,92861.2,88123.46,90432.15,3385,3500,347,232,12796.11,628.0,6.61,1.7,5990.86,1121.85,90432.15,69517.08,47659.14,19068.5,5873.14,19161.55,91096.86
2026-07-04,Central,In-Store,Home,Email,85505.87,2518,1983,2403,45671,1983,28113,13155,30430.39,62977.39,55075.48,86105.56,5744,86465.71,79851.19,85505.87,4411,4285,22,148,8785.58,43.12,3.11,1.58,24103.59,5021.5,85505.87,57152.62,40600.63,18593.39,14941.28,39933.75,99966.97
2026-07-11,East,In-Store,Sports,Social,144763.68,4756,994,1476,14142,994,12412,5073,57483.51,75329.47,87280.17,131951.48,3111,146947.75,143443.68,144763.68,3983,3973,315,325,12661.32,145.64,2.93,1.19,3675.16,1685.56,144763.68,111812.86,17873.83,19696.6,23311.0,20055.27,100466.87
2026-07-14,East,In-Store,Electronics,Direct,172967.63,4847,2012,4411,41448,2012,31639,10356,86940.14,142828.2,86027.49,92894.03,7290,176698.31,173588.21,172967.63,5079,5143,373,309,6464.39,85.97,7.8,1.61,9682.36,1783.36,172967.63,108455.58,21584.26,5685.8,11919.52,68688.07,67057.79
2026-07-16,Central,In-Store,Home,Email,84667.3,3365,1343,1670,35734,1343,23445,4523,26744.17,46067.38,57923.13,76568.23,3418,85002.16,79196.94,84667.3,6871,7106,256,21,12133.81,63.04,2.04,1.65,3223.28,1536.31,84667.3,55820.71,32252.07,13534.0,16287.31,27675.53,85043.85
2026-07-29,East,In-Store,Electronics,Direct,54164.63,4965,1637,4557,22072,1637,21896,8099,24841.72,32025.11,29322.91,31177.11,10414,55279.31,54996.0,54164.63,4311,4306,207,212,9703.62,33.09,4.83,3.27,3776.42,2152.88,54164.63,37910.62,15681.18,714.0,22771.53,40886.07,48519.84
2026-08-01,Central,In-Store,Home,Organic Search,57337.54,4911,1385,3613,32381,1385,22115,7448,27309.13,50872.99,30028.41,24614.57,6368,57843.12,54073.32,57337.54,2399,2463,372,308,13880.71,41.4,1.7,2.67,1040.9,667.26,57337.54,40245.9,22111.27,13629.88,17851.51,50941.15,60977.03
2026-08-13,Central,In-Store,Beauty,Organic Search,107262.44,2711,1201,1677,15546,1201,9253,5835,45937.12,56147.6,61325.32,55599.14,2099,109551.31,106849.47,107262.44,8095,8308,251,38,4877.08,89.31,4.81,2.93,19654.9,6004.78,107262.44,99906.22,40616.09,16643.42,3485.96,69570.4,77425.21
2026-08-16,Central,In-Store,Sports,Organic Search,170607.93,1614,1546,3541,45515,1546,35726,5893,52273.48,146787.69,118334.45,171358.39,4467,171664.52,170071.1,170607.93,2156,2413,330,73,9163.0,110.35,7.76,3.41,4335.55,1269.38,170607.93,133588.52,5844.1,9288.5,16757.11,53647.51,83297.23
2026-08-17,Central,In-Store,Apparel,Organic Search,118953.63,3219,153,288,4105,153,3271,1050,45178.41,48106.03,73775.22,114899.64,537,121898.37,120104.63,118953.63,5133,5079,83,137,9782.32,777.47,2.61,4.07,4623.73,989.7,118953.63,78055.46,22067.42,6579.82,20153.79,15359.29,83270.92
2026-08-18,East,In-Store,Apparel,Organic Search,19853.43,2815,840,1420,31371,840,13899,10196,8846.26,9088.16,11007.17,10582.02,2033,20323.32,19475.33,19853.43,6348,6512,309,145,10120.66,23.64,4.83,2.49,6307.89,2958.6,19853.43,17160.96,34164.28,347.73,18488.8,46080.03,56175.42
2026-09-20,Central,In-Store,Electronics,Social,179095.2,4897,1038,2540,20614,1038,8335,5835,66844.46,82675.82,112250.74,171513.03,3249,181846.1,167469.03,179095.2,8854,9030,306,130,7005.08,172.54,4.33,3.03,20026.76,6844.12,179095.2,161878.98,10379.58,13775.58,9073.83,49074.56,84682.9
2026-10-10,East,In-Store,Electronics,Organic Search,47402.77,2351,552,1408,22763,552,20202,3724,20314.08,20158.4,27088.69,38851.09,2511,47774.57,46444.99,47402.77,4045,3986,37,96,7669.14,85.87,5.51,3.23,20517.8,5492.63,47402.77,37274.61,24455.55,2584.76,3289.62,55823.98,41985.26
2026-10-23,Central,In-Store,Electronics,Organic Search,167635.76,2834,1275,3318,22555,1275,9741,4481,48402.05,67469.88,119233.71,182461.18,5335,171219.41,158554.49,167635.76,8835,8828,152,159,9258.27,131.48,7.9,3.61,5651.03,1734.59,167635.76,111275.56,28781.03,3065.41,23319.46,18812.95,109904.25
2026-10-30,Central,In-Store,Sports,Organic Search,66421.65,2012,1650,2295,31387,1650,29220,3378,34575.1,59479.03,31846.55,29628.05,5518,66972.35,61764.09,66421.65,4306,4373,215,148,3138.47,40.26,3.68,2.93,13177.03,4457.86,66421.65,41109.87,6621.22,18554.12,20959.26,37215.45,55023.01
2026-11-01,Central,In-Store,Sports,Direct,141024.88,4261,1597,1891,34403,1597,16404,8095,71310.44,73041.59,69714.44,80257.42,3312,142065.14,131651.6,141024.88,6967,6749,24,242,4640.68,88.31,3.36,3.58,31282.74,5950.42,141024.88,85046.42,9667.54,18816.6,21036.76,24714.77,73598.13
2026-11-06,Central,In-Store,Home,Organic Search,47583.3,5563,1270,3928,55495,1270,53881,6294,16822.94,32038.67,30760.36,26534.14,6977,48589.03,46699.89,47583.3,2843,3140,432,135,13423.62,37.47,5.98,4.84,11159.3,3620.71,47583.3,34937.94,53560.97,10182.55,5678.3,43098.29,77382.06
2026-11-08,Central,In-Store,Sports,Organic Search,139790.33,2976,1376,3906,26019,1376,21963,3512,63640.19,71196.84,76150.14,73823.7,4756,143825.7,139543.27,139790.33,5301,5314,98,85,6058.88,101.59,5.8,2.52,25769.33,4824.25,139790.33,102492.9,46718.89,9310.76,20894.24,46873.86,99071.0
2026-11-13,Central,In-Store,Electronics,Organic Search,19178.0,4940,1846,5685,23635,1846,9602,5713,6787.95,14535.52,12390.05,13057.88,11506,19259.34,18668.95,19178.0,6321,6682,478,117,11406.93,10.39,7.4,3.17,31566.0,6693.57,19178.0,14672.93,57316.17,7746.54,7534.31,38529.86,76514.38
2026-12-01,East,In-Store,Apparel,Email,59747.88,3667,1611,3160,30404,1611,21168,5551,21171.51,48899.15,38576.37,53682.65,4811,59885.82,55679.12,59747.88,6561,6492,250,319,2214.82,37.09,7.47,3.59,11284.93,5137.16,59747.88,35876.84,34277.12,14071.73,6908.47,46586.73,71362.12
2026-12-10,Central,In-Store,Home,Organic Search,117966.1,5635,398,707,6736,398,4491,1123,31157.1,91598.2,86809.0,133481.78,1553,120865.65,118890.16,117966.1,3507,3581,195,121,5444.47,296.4,2.39,2.49,17936.46,5592.89,117966.1,94140.68,53723.29,13367.57,24390.31,55465.22,131525.7
2026-12-14,East,In-Store,Electronics,Social,155367.89,1680,1262,2034,27801,1262,27448,10571,65470.26,90470.13,89897.63,120178.71,3099,158151.17,147412.93,155367.89,4060,4296,322,86,11223.15,123.11,7.02,2.76,7568.13,4868.71,155367.89,116046.83,10757.01,4018.07,9963.79,49510.28,60792.48
2026-12-16,Central,In-Store,Electronics,Social,60912.24,2901,1200,1504,17462,1200,13419,6649,29430.06,31063.35,31482.18,42132.05,2890,61834.28,61033.97,60912.24,6205,6173,196,228,6814.12,50.76,2.32,2.0,7630.47,2162.96,60912.24,36854.48,18549.33,9901.77,13277.06,54053.6,54367.78
2026-12-18,East,In-Store,Apparel,Paid Search,156027.31,1773,1070,2997,16038,1070,9552,6348,46221.86,65921.3,109805.45,161135.72,6527,157991.17,147813.54,156027.31,6190,5887,54,357,13725.82,145.82,3.46,4.13,6933.6,1371.16,156027.31,105522.76,27605.66,15172.69,12379.78,54065.47,103498.85
2026-12-25,East,In-Store,Sports,Social,72294.43,1726,183,244,9137,183,7053,2114,22035.72,36312.09,50258.71,50058.42,563,72998.4,69655.52,72294.43,3080,2939,109,250,14154.67,395.05,7.06,4.48,27648.3,6208.54,72294.43,67760.22,58147.48,11094.63,18379.81,46497.6,102639.45
2026-12-30,East,In-Store,Sports,Paid Search,70626.76,5361,671,1022,22254,671,21020,8395,33775.5,62152.72,36851.26,56906.18,2386,71375.36,67288.04,70626.76,7384,7371,272,285,10444.0,105.26,3.82,1.34,11420.23,5329.21,70626.76,44337.04,16800.29,15186.42,7456.29,20220.87,56514.85
2025-01-01,Central,In-Store,Beauty,Email,160716.07,4827,1552,2970,27717,1552,14375,6213,76068.84,139826.59,84647.23,78791.71,5798,161339.19,151803.85,160716.07,4497,4398,175,274,14440.49,103.55,6.58,3.05,11491.61,6639.56,160716.07,138066.86,36222.32,3564.61,4518.15,37193.4,67942.59
2025-01-24,Central,In-Store,Beauty,Organic Search,132365.42,4001,637,1349,15897,637,12386,5522,42758.05,54705.14,89607.37,128784.79,2224,133893.33,125314.62,132365.42,2296,2224,129,201,7016.44,207.8,7.35,2.81,1662.52,621.41,132365.42,122196.72,28111.91,272.41,3315.43,66266.85,70335.19
2025-02-02,East,In-Store,Beauty,Direct,63673.86,4042,2062,5445,55216,2062,42359,15126,21240.19,53499.24,42433.67,36860.47,9528,64549.48,64227.81,63673.86,3902,3704,88,286,4655.7,30.88,4.64,4.5,2356.37,921.51,63673.86,50752.76,45129.55,12731.32,7788.42,23749.5,76707.43
2025-02-05,Central,In-Store,Electronics,Direct,114794.59,3975,1575,4649,20892,1575,20531,8291,60943.57,77299.55,53851.02,63064.82,5607,117031.69,115509.35,114794.59,8879,8985,457,351,4182.32,72.89,1.78,4.98,3440.64,1750.3,114794.59,81156.75,47562.83,5001.18,12276.44,33630.07,83759.9
2025-02-23,East,In-Store,Beauty,Organic Search,98988.51,2005,1998,3775,25679,1998,18105,6754,34947.78,85171.37,64040.73,54892.98,7341,100287.21,99873.18,98988.51,7886,7623,59,322,7994.01,49.54,6.65,1.94,21913.53,7851.97,98988.51,87903.79,19227.64,10045.38,17271.14,42063.1,63012.05
2025-02-25,East,In-Store,Home,Email,43725.68,3386,1602,4866,25992,1602,24427,3071,11632.66,24040.33,32093.02,47492.81,8441,44635.76,43457.88,43725.68,6210,6042,65,233,5594.84,27.29,2.7,2.51,2606.8,838.83,43725.68,38510.68,10552.88,16296.16,3485.54,64030.17,44582.42
2025-02-28,East,In-Store,Sports,Direct,17328.6,1564,839,2619,11506,839,5413,1335,9325.92,8541.79,8002.68,7979.57,3947,17724.02,16718.65,17328.6,5588,5712,286,162,1640.98,20.65,6.16,4.04,4424.22,1465.08,17328.6,15488.24,30910.36,19521.89,3836.49,53631.97,56662.61
2025-03-05,East,In-Store,Beauty,Direct,48865.9,3316,1809,5004,53190,1809,26525,15688,19641.95,43786.31,29223.95,32105.96,10178,49046.22,45492.6,48865.9,8395,8056,40,379,2171.01,27.01,2.85,1.65,29399.75,6093.83,48865.9,38100.61,31852.51,17852.32,5220.42,20312.77,64557.04
2025-03-10,Central,In-Store,Apparel,Social,122498.63,3448,1007,2753,25268,1007,19347,9782,67254.46,83003.55,55244.17,45944.18,4101,123648.19,113908.41,122498.63,5510,5272,84,322,7739.78,121.65,3.84,1.91,20995.37,4294.59,122498.63,75683.68,16475.73,18082.57,19365.57,33553.7,67707.12
2025-03-25,East,In-Store,Home,Social,133330.02,3354,1875,3310,27451,1875,14271,6268,48051.18,71203.08,85278.84,78974.18,5104,134541.14,126336.48,133330.02,5977,6089,467,355,1554.45,71.11,3.24,3.57,13499.04,6175.6,133330.02,103927.11,21496.69,8701.03,22917.41,64703.85,76807.38
2025-03-29,East,In-Store,Sports,Social,126891.68,4917,1671,5207,22211,1671,12417,4817,68142.84,102378.08,58748.84,77240.49,6728,127447.52,120837.27,126891.68,2500,2566,349,283,6662.39,75.94,3.65,2.91,29437.83,7692.79,126891.68,94063.6,31615.61,17352.17,17550.68,51433.81,89690.61
2025-03-30,East,In-Store,Beauty,Organic Search,29756.88,3869,2151,5386,31764,2151,29973,11172,9145.43,21780.91,20611.45,18198.66,9474,30115.41,28928.18,29756.88,5842,6130,430,142,3648.84,13.83,2.32,4.54,31057.11,6890.17,29756.88,18072.14,52691.65,3420.52,14855.83,22202.56,76427.6
2025-04-07,Central,In-Store,Apparel,Social,28001.59,4223,1234,1538,22731,1234,9930,5409,11177.84,23334.53,16823.75,19946.14,2158,28457.62,27563.52,28001.59,6125,6416,362,71,12590.77,22.69,4.38,4.12,8718.71,2755.39,28001.59,20148.78,20231.66,5871.57,21189.53,9873.8,53276.6
2025-04-23,East,In-Store,Beauty,Social,92303.31,3582,1391,3711,39374,1391,31442,5110,36840.26,43940.85,55463.05,47502.07,7177,94630.2,91347.05,92303.31,7592,7655,170,107,13589.33,66.36,2.9,3.63,8983.75,3009.62,92303.31,82551.24,13783.23,17099.54,13260.18,61217.58,58393.57
2025-04-24,East,In-Store,Beauty,Paid Search,101420.52,4664,1894,3528,27825,1894,17663,8346,27842.87,64108.81,73577.65,66737.28,5510,102061.44,97615.59,101420.52,3990,4354,475,111,6424.89,53.55,2.19,2.83,13830.96,2709.42,101420.52,90757.49,56067.0,698.3,24796.07,68276.69,101582.55
2025-04-26,Central,In-Store,Home,Paid Search,176485.71,2576,714,1323,25592,714,22605,7147,72460.48,89837.97,104025.23,119368.8,2711,178342.59,171770.42,176485.71,6737,6395,24,366,3710.19,247.18,2.97,4.35,16145.23,4463.72,176485.71,148022.1,6404.45,5919.55,6847.9,26664.84,54982.54
2025-04-27,Central,In-Store,Electronics,Direct,169131.27,2799,1604,4892,41641,1604,23473,13819,46691.6,100900.72,122439.67,129887.99,8937,171597.18,161782.98,169131.27,2135,2225,190,100,5335.88,105.44,3.0,2.92,30788.68,6343.85,169131.27,126175.24,19844.15,11250.54,13510.42,40706.05,83571.51
2025-05-08,East,In-Store,Home,Email,114402.57,5226,1418,1982,55109,1418,44256,16036,56583.1,60363.06,57819.47,70375.54,4893,115639.65,112448.42,114402.57,3944,4218,319,45,10605.56,80.68,5.73,4.65,14873.82,4686.04,114402.57,105610.58,31045.55,15308.18,8803.03,52277.71,76269.42
2025-05-12,East,In-Store,Beauty,Direct,37787.15,2851,529,933,7157,529,6034,974,16287.62,26637.91,21499.53,17974.76,2230,38863.2,38741.63,37787.15,8523,8457,34,100,13383.01,71.43,2.04,1.22,24184.46,5455.96,37787.15,25515.34,9031.36,2104.69,20412.74,34040.47,36941.22
2025-05-15,Central,In-Store,Sports,Social,134366.36,5377,480,1335,13011,480,7168,4651,57431.67,110367.9,76934.69,84220.71,2611,136086.8,126225.73,134366.36,8451,8303,159,307,14055.07,279.93,2.17,3.64,7049.91,4032.15,134366.36,84991.46,8575.95,3457.95,3324.23,57406.08,40624.34
2025-05-17,Central,In-Store,Sports,Social,163619.43,3521,81,199,2159,81,997,630,72007.22,132178.78,91612.21,74701.68,448,165529.02,157226.62,163619.43,4230,4253,122,99,4252.87,2019.99,1.81,2.04,19110.48,6927.19,163619.43,124936.81,56008.2,6811.9,2029.72,44217.08,87260.32
2025-05-21,Central,In-Store,Apparel,Paid Search,31290.41,4668,2076,3664,26753,2076,22647,3580,8232.41,24375.64,23058.0,24756.05,7120,31590.15,29905.62,31290.41,3869,4163,495,201,2590.87,15.07,1.55,1.41,23799.43,5384.08,31290.41,28114.84,5866.32,604.07,5574.68,21875.88,19471.88
2025-05-28,Central,In-Store,Apparel,Social,141193.34,3047,1827,3040,30275,1827,15128,4494,42018.12,73377.17,99175.22,134379.26,5158,141796.9,141041.31,141193.34,6249,6067,34,216,10766.44,77.28,7.96,2.67,18724.07,7149.1,141193.34,105072.4,6397.48,11847.37,19635.71,68277.85,78194.34
2025-05-31,East,In-Store,Electronics,Organic Search,10114.44,1836,1119,1948,49753,1119,36854,16073,3528.14,8861.23,6586.3,8801.11,2670,10376.78,10290.46,10114.44,2990,2896,210,304,5434.61,9.04,6.17,3.22,17020.44,5743.7,10114.44,7459.14,37177.69,9990.93,5802.63,41077.94,55611.58
2025-06-20,East,In-Store,Apparel,Organic Search,165608.79,3663,379,1070,12553,379,11867,4936,75314.77,71762.25,90294.02,74925.76,1392,168569.78,165352.17,165608.79,5738,5756,362,344,9856.04,436.96,2.39,4.26,9996.93,3735.37,165608.79,127800.81,13112.44,7298.6,16555.83,69071.98,59444.6
2025-06-28,East,In-Store,Apparel,Social,93539.82,2192,1751,2317,56263,1751,22759,11147,43669.98,50707.76,49869.84,52405.47,3756,95084.66,89943.12,93539.82,8935,9106,456,285,3822.01,53.42,6.91,2.65,21435.09,3936.27,93539.82,81513.48,10403.46,12650.8,23253.77,50485.03,62029.67
2025-07-04,Central,In-Store,Apparel,Social,40785.63,1531,619,1053,7961,619,6068,2216,11725.49,33363.09,29060.14,38845.49,2618,41450.5,40174.3,40785.63,2396,2831,479,44,4759.24,65.89,5.64,3.03,1257.6,833.39,40785.63,26429.69,27014.93,9884.11,6460.26,66358.1,55012.95
2025-07-13,Central,In-Store,Sports,Paid Search,44393.88,3213,728,2092,16750,728,10006,5900,16845.04,39198.43,27548.84,38973.47,4368,45257.35,44895.62,44393.88,4598,4356,95,337,6736.75,60.98,6.6,2.7,29626.73,6673.71,44393.88,30353.92,30835.74,18909.07,24379.25,33852.4,85816.1
2025-07-19,Central,In-Store,Electronics,Social,19564.96,2257,1933,3960,27499,1933,19619,8077,9445.29,15082.91,10119.67,8406.45,5507,19905.02,19047.9,19564.96,6671,7056,495,110,14282.63,10.12,1.6,3.94,18433.01,4190.37,19564.96,11852.81,31352.89,9372.22,4480.69,23143.58,47727.74
2025-07-20,East,In-Store,Sports,Organic Search,68828.22,5756,1040,2376,18621,1040,7677,5525,25996.29,57060.71,42831.93,36266.68,5553,69410.16,69366.87,68828.22,2678,2854,229,53,4155.04,66.18,3.72,2.76,15243.98,5939.36,68828.22,64674.17,39592.12,13716.27,19733.71,29730.82,83922.1
2025-07-25,Central,In-Store,Electronics,Email,109691.99,5338,948,1262,32690,948,18539,10069,39384.67,91772.25,70307.32,108137.6,1951,109721.08,106279.41,109691.99,2812,3187,416,41,2136.4,115.71,3.45,1.6,15549.32,3999.84,109691.99,93155.96,11285.97,571.0,15043.07,65791.6,59341.32
2025-07-31,East,In-Store,Apparel,Paid Search,11813.98,2378,1837,4844,33057,1837,25032,9246,5440.32,4874.72,6373.66,9991.93,9144,11909.03,11539.06,11813.98,3091,3151,316,256,8727.28,6.43,6.35,3.68,1819.14,534.96,11813.98,9369.02,10821.1,8181.58,22273.88,69394.26,44274.14
2025-08-02,Central,In-Store,Apparel,Direct,117187.96,3565,1300,1811,16759,1300,7088,2760,49221.24,52834.31,67966.72,94777.31,4465,120198.86,113841.93,117187.96,3789,4103,362,48,2715.83,90.14,3.99,2.43,13309.32,5069.76,117187.96,79098.65,31676.71,9402.56,11295.39,11062.07,80807.85
2025-08-05,Central,In-Store,Apparel,Organic Search,63877.72,1678,702,997,17726,702,12931,6752,30393.62,35190.68,33484.1,48686.48,2301,65585.16,64770.78,63877.72,6528,6275,33,286,9376.91,90.99,4.39,2.55,21863.48,6982.87,63877.72,52122.2,51947.15,2738.84,16425.67,34591.65,85717.6
2025-08-31,East,In-Store,Apparel,Paid Search,76879.76,1597,1957,5376,55795,1957,34278,15136,24032.57,36203.12,52847.19,57592.31,13273,77251.01,71265.86,76879.76,7829,7895,123,57,4699.7,39.28,4.63,3.75,5063.11,2724.13,76879.76,64428.44,21622.91,888.2,8842.86,43669.39,48631.66
2025-09-24,East,In-Store,Sports,Direct,160754.68,5721,1217,3177,25324,1217,16822,8666,55218.31,66542.48,105536.37,101274.81,5205,163941.49,156955.24,160754.68,6221,6376,467,312,11538.41,132.09,7.52,4.69,14983.59,4208.3,160754.68,147820.76,45528.12,9639.93,18628.51,67162.76,104179.0
2025-09-29,Central,In-Store,Beauty,Email,122353.16,5773,1058,3108,13944,1058,9846,1707,32497.31,96554.65,89855.85,106224.15,5040,124041.41,120979.32,122353.16,2919,3109,442,252,14163.95,115.65,3.34,2.37,32410.69,5961.42,122353.16,96853.57,32261.24,12746.94,23044.31,10722.18,99919.74
2025-10-14,Central,In-Store,Electronics,Social,91366.86,2372,1155,2067,15454,1155,10147,2965,34246.66,58653.55,57120.2,70397.69,4682,93835.3,86835.69,91366.86,6200,6199,365,366,14549.77,79.11,6.48,4.98,8003.93,3665.2,91366.86,86778.63,46907.03,15637.64,20009.13,55368.27,103673.11
2025-10-24,Central,In-Store,Beauty,Organic Search,76352.41,4952,1574,2594,42609,1574,24523,8123,41941.82,32340.61,34410.59,43704.5,5270,78549.14,73003.48,76352.41,8342,8138,69,273,6430.82,48.51,2.82,3.04,18699.76,4299.73,76352.41,55720.94,35234.58,11263.05,22533.08,32533.78,82142.06
2025-10-25,Central,In-Store,Beauty,Paid Search,156805.67,4930,1580,3227,24700,1580,11251,2726,66249.82,69362.19,90555.85,117242.61,7397,160573.19,153491.63,156805.67,3717,4024,398,91,14306.86,99.24,5.51,3.83,25005.25,6180.79,156805.67,130196.11,22536.15,8046.54,8376.36,67382.21,74131.83
2025-10-30,Central,In-Store,Beauty,Social,56144.32,5490,602,1530,26647,602,18514,9733,24755.93,44701.38,31388.39,40976.46,1917,56982.41,56693.67,56144.32,6218,6150,218,286,13156.07,93.26,7.47,1.26,12838.24,2401.1,56144.32,34089.86,31936.12,10933.3,10497.1,58704.61,65659.46
2025-11-03,Central,In-Store,Electronics,Organic Search,92322.55,3652,648,868,9352,648,9204,1890,35936.96,82917.32,56385.59,47943.97,1131,94224.91,92791.61,92322.55,5431,5402,36,65,1926.81,142.47,5.19,2.23,8752.07,3943.73,92322.55,81462.65,31382.77,14206.86,3408.41,36885.0,63381.23
2025-11-14,Central,In-Store,Electronics,Social,149282.84,1646,268,521,11009,268,10299,2442,67641.05,103351.99,81641.79,130104.72,774,151746.63,143912.41,149282.84,8520,8526,84,78,10864.6,557.03,2.6,3.14,16581.48,3359.84,149282.84,135372.36,42564.48,12027.52,12994.47,65845.46,106617.89
2025-11-19,East,In-Store,Home,Social,156145.93,4504,2062,4898,34708,2062,28343,10642,78886.43,125300.5,77259.5,114224.58,9726,156905.14,156275.16,156145.93,8326,8548,258,36,7238.43,75.73,2.41,1.91,26669.5,7192.21,156145.93,130910.21,30489.6,15112.04,17160.04,51601.8,97029.05
2025-11-23,Central,In-Store,Beauty,Social,69443.26,2151,1127,2554,22830,1127,13479,6957,32871.46,54354.78,36571.8,38232.29,6269,71266.61,67997.85,69443.26,3819,4282,478,15,5262.56,61.62,2.25,1.25,7398.85,2805.24,69443.26,61791.3,20364.15,6485.62,8359.21,55232.66,46678.67
2025-11-30,Central,In-Store,Home,Organic Search,145943.16,3044,1610,3606,20691,1610,17588,2943,48848.43,95524.09,97094.73,83573.33,7916,148985.18,144785.5,145943.16,7037,6943,73,167,7665.07,90.65,7.77,2.41,5616.75,3544.23,145943.16,95510.61,43847.75,17224.09,22118.87,63654.74,108262.71
2025-12-04,East,In-Store,Electronics,Paid Search,23226.44,4407,247,284,8926,247,7324,2825,7361.99,15182.67,15864.45,22771.5,573,23556.18,21881.57,23226.44,7123,7175,105,53,1846.49,94.03,2.5,3.8,1433.51,513.82,23226.44,15684.52,57716.75,17678.55,24421.14,27662.95,106647.89
2025-12-11,East,In-Store,Electronics,Paid Search,16290.91,5513,1926,3457,36664,1926,18845,10811,5204.63,14300.75,11086.28,10783.13,5829,16770.18,16439.26,16290.91,2756,2870,301,187,5374.27,8.46,6.32,2.29,14123.82,6507.71,16290.91,12628.78,13964.05,14855.68,2816.76,14821.91,34871.43
2025-12-15,East,In-Store,Beauty,Organic Search,171179.58,3788,532,588,15405,532,11406,4887,55422.2,139635.62,115757.38,92609.78,1177,172793.16,168481.79,171179.58,3721,3811,453,363,10128.52,321.77,3.23,4.67,14058.29,5066.74,171179.58,148874.65,36754.33,16852.18,21827.09,43422.51,103216.53
2025-12-18,Central,In-Store,Home,Paid Search,51446.81,3286,494,545,12376,494,10903,2814,16579.74,27483.65,34867.07,38377.71,1149,52754.29,49592.52,51446.81,8692,8622,214,284,5261.59,104.14,2.23,2.84,4576.65,1344.58,51446.81,35408.35,45360.45,11588.18,24549.28,32173.35,93011.22
2025-12-22,Central,In-Store,Apparel,Email,27994.19,2460,2163,3347,42217,2163,20718,13918,8930.0,15572.63,19064.19,25361.04,4746,28133.57,27664.26,27994.19,5247,5287,430,390,4056.27,12.94,4.61,2.39,5171.66,1113.74,27994.19,16928.91,15901.25,480.1,9135.2,56129.79,33124.86
2025-12-23,Central,In-Store,Home,Paid Search,109880.71,4430,770,2262,10730,770,6339,1355,47839.79,95987.76,62040.92,51793.43,5123,110597.22,110259.15,109880.71,8074,8085,93,82,14582.61,142.7,3.25,2.82,16492.64,7714.73,109880.71,85168.52,58138.39,17097.19,24823.87,65373.96,115597.48
2025-12-30,East,In-Store,Electronics,Organic Search,178471.4,2707,2149,6425,48413,2149,43689,16692,59851.42,149886.45,118619.98,176828.18,9513,181529.03,179715.58,178471.4,6053,6355,449,147,6434.78,83.05,2.4,2.17,10417.15,5915.4,178471.4,135545.52,5076.4,19499.86,18766.01,40720.83,96390.72
2026-01-10,East,In-Store,Electronics,Email,101201.59,3316,1172,2502,23196,1172,19889,6515,34925.54,75707.66,66276.05,74722.03,4836,102869.5,96774.39,101201.59,5353,5122,113,344,4376.62,86.35,5.44,3.12,3904.07,1535.03,101201.59,68560.85,35201.34,11661.01,8911.5,55970.64,78190.46
2026-01-20,Central,In-Store,Home,Organic Search,16266.07,4662,1189,3487,15031,1189,6715,2740,5617.58,11327.89,10648.49,12735.92,8529,16440.79,15877.65,16266.07,6549,6451,278,376,2446.85,13.68,7.59,3.78,10462.22,2397.58,16266.07,11583.89,32931.58,12984.33,12412.63,29825.9,62149.32
2026-01-21,East,In-Store,Sports,Social,33551.85,3542,570,981,21012,570,19920,2798,14842.65,24893.23,18709.2,19756.69,1430,34557.36,31913.05,33551.85,4931,5214,424,141,10215.56,58.86,5.22,2.91,15893.65,3187.36,33551.85,27518.69,19165.99,8153.94,12024.91,24299.03,45271.85
2026-01-28,East,In-Store,Home,Organic Search,56470.82,2237,252,398,3155,252,1882,566,29480.24,48971.12,26990.58,37664.67,546,56577.42,56503.53,56470.82,5754,5824,122,52,8895.86,224.09,5.65,2.14,4819.1,1880.24,56470.82,40254.01,22199.63,6572.26,14692.94,18865.76,54764.23
2026-02-12,East,In-Store,Beauty,Direct,108957.98,2210,1747,2494,55915,1747,26233,13657,59849.83,73590.17,49108.15,75597.64,4806,109757.23,107263.15,108957.98,4397,4324,91,164,2478.53,62.37,6.33,1.98,7041.97,2003.92,108957.98,68117.91,25396.45,17234.34,20034.87,33748.57,85344.95
2026-02-16,Central,In-Store,Beauty,Organic Search,14110.64,1996,2115,4737,84286,2115,61323,26736,5880.47,6334.88,8230.17,8712.0,11758,14404.48,13449.54,14110.64,5230,5106,203,327,11012.1,6.67,7.65,4.09,5900.96,1664.72,14110.64,11421.24,17117.95,10407.57,8816.19,22795.69,38955.31
2026-02-19,East,In-Store,Sports,Direct,139149.93,3553,1617,3145,33425,1617,24047,4023,41578.91,67542.47,97571.02,136240.47,7652,142128.27,138850.0,139149.93,4548,4292,112,368,2146.58,86.05,7.6,3.0,8599.26,1566.09,139149.93,129955.47,28695.36,17180.41,7174.69,40560.68,93922.6
2026-03-03,Central,In-Store,Sports,Email,84471.22,4682,593,1476,11439,593,9580,2479,46253.68,42350.9,38217.54,33531.23,3270,85728.53,78897.25,84471.22,2860,2578,56,338,12092.37,142.45,4.0,2.06,12272.79,7618.81,84471.22,78074.01,26294.08,16956.68,20928.21,20728.35,74238.34
2026-03-07,Central,In-Store,Apparel,Social,64654.78,2080,1280,1497,19026,1280,14769,4323,27287.66,52460.88,37367.12,53457.92,3604,65402.55,60931.09,64654.78,6769,7169,482,82,3501.07,50.51,3.86,3.23,26005.33,7110.7,64654.78,52855.09,42037.5,12641.01,7377.74,14973.17,78093.63
2026-03-12,Central,In-Store,Apparel,Organic Search,108039.09,1999,1321,3721,18948,1321,7953,4322,41177.95,62035.5,66861.14,85710.68,5086,109501.16,106726.33,108039.09,4417,4359,165,223,1841.83,81.79,1.88,4.72,3420.92,2230.86,108039.09,98045.72,33436.08,6379.99,17720.98,47390.96,83250.25
2026-03-14,Central,In-Store,Home,Organic Search,118396.04,5479,757,2269,10806,757,8946,2235,52907.2,99998.12,65488.84,72068.83,3733,119979.38,114203.91,118396.04,3767,3695,223,295,9229.63,156.4,4.45,3.75,3588.78,2351.72,118396.04,104562.08,19302.35,4610.83,6258.12,23219.1,51791.95
2026-03-24,East,In-Store,Electronics,Email,164377.84,2900,917,1122,14860,917,8384,2134,47094.57,71958.11,117283.27,178516.26,2526,165961.43,159535.26,164377.84,5156,5430,424,150,2773.69,179.26,1.66,2.29,11964.05,4035.7,164377.84,139658.39,29909.67,9511.24,18083.12,30442.21,111058.91
2026-03-27,Central,In-Store,Apparel,Organic Search,120876.42,4516,248,637,9859,248,5061,3173,40265.51,76358.01,80610.91,111030.37,1281,123365.94,116637.04,120876.42,3925,3709,88,304,2559.69,487.4,2.41,3.48,3077.77,1384.97,120876.42,80366.56,49476.5,13667.52,17086.03,37964.36,113539.16
2026-03-31,Central,In-Store,Electronics,Direct,160794.18,5726,1663,3485,82799,1663,62002,8800,69258.27,120016.22,91535.91,115329.61,7059,165098.36,151979.24,160794.18,3022,3147,382,257,3878.67,96.69,3.18,2.19,5896.79,1928.82,160794.18,120877.06,25802.95,19061.45,3398.0,13863.73,82861.28
2026-04-07,Central,In-Store,Beauty,Social,141620.28,4608,1652,2773,35567,1652,17485,6402,54613.89,77021.81,87006.39,107375.14,4799,145745.72,144431.07,141620.28,2343,2525,433,251,6688.37,85.73,7.49,4.14,5518.4,3319.12,141620.28,96751.53,35623.33,13735.39,12605.83,33630.34,94177.09
2026-04-25,East,In-Store,Electronics,Email,152199.97,5018,435,527,5909,435,3753,1475,75622.33,88618.48,76577.64,81103.17,938,155295.96,151990.84,152199.97,5403,5467,224,160,7224.9,349.88,2.64,4.23,16240.48,6774.55,152199.97,133886.83,58263.39,17532.45,10412.68,18473.7,110539.47
2026-04-28,Central,In-Store,Home,Organic Search,30395.46,2527,1264,3677,24867,1264,17860,5363,13634.37,23191.86,16761.09,23205.21,6640,30818.08,29680.15,30395.46,3596,3701,225,120,3551.1,24.05,2.15,3.34,8638.25,4561.3,30395.46,21920.39,15269.8,6872.46,16262.2,53819.39,45366.02
2026-05-08,East,In-Store,Beauty,Direct,168883.33,1932,109,132,1912,109,1015,474,57576.21,127965.21,111307.12,109722.68,229,172113.25,166677.91,168883.33,4925,5270,371,26,3384.72,1549.39,7.06,3.69,1232.56,634.61,168883.33,158869.5,42294.93,8776.37,9104.65,64965.83,93092.75
2026-05-24,Central,In-Store,Sports,Paid Search,86681.21,3292,1083,1457,32244,1083,29019,10656,24337.34,51517.29,62343.87,68881.16,2613,87995.05,83487.85,86681.21,2045,2120,312,237,9465.21,80.04,5.21,4.35,8337.97,3308.76,86681.21,67060.84,44022.36,15748.76,7967.97,26295.98,88403.44
2026-05-25,Central,In-Store,Home,Direct,17512.33,5828,1891,4116,26293,1891,12627,4432,9484.95,8940.52,8027.38,7346.86,8159,17918.16,17038.67,17512.33,6193,6409,343,127,3141.87,9.26,6.51,3.47,12479.49,4709.17,17512.33,11581.48,39268.04,17371.92,11414.52,33731.82,70258.54
2026-05-31,Central,In-Store,Sports,Social,71238.16,2163,1513,4075,42350,1513,34332,5685,37856.82,31684.94,33381.34,33301.0,8412,73300.51,72840.38,71238.16,2947,3073,474,348,8808.9,47.08,2.62,1.11,23786.94,4931.47,71238.16,57688.56,44671.87,5358.94,18345.5,42896.82,78366.61
2026-06-16,Central,In-Store,Apparel,Social,41404.87,5949,1039,2783,13175,1039,7228,2219,10661.74,30069.38,30743.13,25804.08,6425,42353.57,40897.18,41404.87,8640,8592,347,395,6688.54,39.85,2.89,2.49,9959.39,3953.87,41404.87,33660.92,28301.47,18359.37,11959.65,18675.32,66361.71
2026-06-22,East,In-Store,Sports,Organic Search,88723.41,2362,1410,1871,53255,1410,46797,10088,39838.76,51927.38,48884.65,61959.55,2310,90783.53,84651.26,88723.41,8606,8700,285,191,12385.67,62.92,5.86,4.44,4967.69,915.39,88723.41,72876.42,55074.87,3976.88,11632.02,60381.35,89271.64
2026-06-26,East,In-Store,Electronics,Paid Search,136112.93,5279,1906,4865,25022,1906,10715,5344,44819.9,100157.87,91293.03,120879.79,10831,136441.44,130842.4,136112.93,7993,8192,390,191,9630.75,71.41,2.49,2.81,11835.75,2600.62,136112.93,117643.81,59649.5,2828.02,24005.5,35071.19,122746.96
2026-07-05,East,In-Store,Sports,Email,133456.62,5539,1348,4170,27654,1348,24789,8354,35425.26,118196.37,98031.36,109353.79,5901,136111.54,125646.14,133456.62,6184,5959,108,333,2862.95,99.0,2.21,4.22,4398.2,990.86,133456.62,82288.24,44412.74,3376.25,16099.4,35902.33,96694.53
2026-07-08,Central,In-Store,Sports,Paid Search,158899.7,3134,1473,2079,69153,1473,39885,27302,48078.08,141957.45,110821.62,173003.21,4921,159225.35,152911.19,158899.7,5670,5767,121,24,1755.66,107.87,6.36,3.32,11206.13,5341.82,158899.7,141653.51,31521.97,4360.18,13539.51,45811.58,101322.62
2026-07-27,Central,In-Store,Apparel,Email,49967.33,3286,1398,1610,57201,1398,32880,20857,25084.62,28676.1,24882.71,23491.74,2911,51025.3,48183.49,49967.33,5852,5810,340,382,8988.6,35.74,7.75,3.65,10039.2,3122.0,49967.33,30599.97,58841.32,6284.3,14162.15,37694.76,86335.29
2026-07-30,East,In-Store,Apparel,Paid Search,47632.77,1666,701,1568,9243,701,7762,3625,12879.29,27932.44,34753.48,33629.61,2082,48906.13,48733.64,47632.77,2484,2619,147,12,14302.88,67.95,2.87,4.09,14479.18,2654.92,47632.77,34784.58,35481.82,19939.55,22445.19,32641.85,87955.44
2026-08-08,Central,In-Store,Sports,Organic Search,15040.45,2640,1149,1333,17110,1149,11088,2587,4102.29,10370.79,10938.16,12996.05,2984,15223.75,14433.14,15040.45,7823,7510,85,398,12422.5,13.09,2.53,4.39,18844.47,6582.74,15040.45,12446.86,40606.83,13508.72,12180.32,10035.49,70194.68
2026-08-24,Central,In-Store,Electronics,Email,129474.13,5439,1995,2266,72366,1995,58063,12573,52800.23,54013.2,76673.9,82831.21,5188,130730.01,124114.88,129474.13,4068,4381,461,148,4550.58,64.9,2.76,4.01,12220.31,6402.52,129474.13,92732.6,52702.12,17117.42,9086.85,32543.92,103755.75
2026-08-25,Central,In-Store,Apparel,Organic Search,75607.57,2310,947,2987,20382,947,11268,2123,28175.53,46425.12,47432.04,53088.4,3605,76939.38,71903.02,75607.57,6484,6603,395,276,13028.12,79.84,4.03,2.8,7287.83,2474.86,75607.57,46864.1,54179.07,3603.33,4357.15,20701.77,78066.07
2026-08-27,East,In-Store,Home,Paid Search,111103.95,4754,1207,2077,15860,1207,8629,3106,56635.28,65180.21,54468.67,53757.15,4078,113469.26,109845.64,111103.95,2839,2800,48,87,6918.3,92.05,2.47,3.65,26526.17,6647.66,111103.95,101792.32,43494.01,17077.34,23361.21,67792.97,100059.71
2026-09-03,Central,In-Store,Electronics,Social,10054.6,1726,1824,3027,52716,1824,52640,15126,3894.98,4378.02,6159.62,9015.35,5642,10114.83,9364.48,10054.6,8648,8607,185,226,10045.87,5.51,4.57,1.16,15355.92,5647.56,10054.6,9506.29,35969.0,1536.0,4313.26,60615.54,44522.87
2026-09-08,East,In-Store,Beauty,Paid Search,136790.64,4590,420,712,8626,420,5810,1034,60757.94,74095.93,76032.7,91339.82,1429,137055.44,127107.87,136790.64,6962,6930,249,281,5763.98,325.69,3.51,3.06,19993.75,5401.98,136790.64,119719.73,55875.46,8554.48,19836.62,57189.23,111668.51
2026-09-27,Central,In-Store,Electronics,Social,164264.67,1544,2170,4596,28997,2170,20682,11033,72956.72,114245.16,91307.95,96158.98,10068,168342.01,166796.6,164264.67,7765,7837,88,16,6396.92,75.7,2.22,3.48,5172.99,1552.79,164264.67,149881.22,30268.27,2637.81,5015.29,32372.59,66769.06
2026-10-03,East,In-Store,Sports,Social,95341.95,3061,1884,3476,24907,1884,21083,6754,44242.91,58860.83,51099.04,41558.98,6052,97027.05,90456.38,95341.95,8915,9066,332,181,4392.55,50.61,5.69,4.54,21779.59,5871.8,95341.95,68125.85,6381.51,7700.29,2769.16,58338.51,29318.65
2026-10-04,Central,In-Store,Sports,Social,159145.92,5539,1910,5614,57362,1910,49830,12003,63091.22,141998.47,96054.7,99248.49,8396,163745.31,160775.35,159145.92,5156,5299,293,150,7311.07,83.32,1.76,1.12,6512.36,3593.72,159145.92,113059.26,33715.27,18607.17,4281.46,44054.39,86378.45
2026-10-19,Central,In-Store,Apparel,Direct,34737.32,5752,233,674,3944,233,2678,682,17622.18,16644.75,17115.14,23530.05,1069,35455.54,34106.31,34737.32,8460,8561,125,24,10941.87,149.09,4.97,1.28,31839.34,6227.36,34737.32,28036.96,28745.82,15191.14,6660.44,13800.5,57656.42
2026-10-20,Central,In-Store,Beauty,Organic Search,105587.53,4435,1948,3239,95357,1948,74299,17677,50061.14,94779.42,55526.39,46629.87,4088,107714.83,107507.61,105587.53,2700,3157,478,21,3128.07,54.2,7.05,2.54,24383.04,5168.3,105587.53,90223.19,38171.8,19444.43,11370.07,44912.18,82975.26
2026-10-25,Central,In-Store,Sports,Social,124160.25,4620,1082,3355,42167,1082,34662,8254,47550.25,92288.74,76610.0,121923.74,5400,126687.92,124152.02,124160.25,6054,6237,359,176,12208.54,114.75,2.72,1.07,25221.45,4841.19,124160.25,110119.56,48780.3,7648.6,9543.46,57948.35,102549.48
2026-10-28,Central,In-Store,Sports,Email,119865.01,5193,282,318,6670,282,6011,2513,60460.39,52396.92,59404.62,62099.64,607,120204.23,112550.54,119865.01,8870,8864,227,233,5604.67,425.05,2.63,2.41,2647.38,776.49,119865.01,99236.2,5918.63,16941.28,17755.86,22641.58,59245.66
2026-10-30,Central,In-Store,Electronics,Direct,130766.68,1708,784,2212,37135,784,24438,13396,43447.72,62505.27,87318.96,97933.37,5033,132129.29,126194.08,130766.68,7781,8000,237,18,10516.47,166.79,7.77,4.73,2699.84,807.68,130766.68,90482.92,59272.15,9325.54,16193.59,13751.68,114171.29
2026-11-06,East,In-Store,Apparel,Social,72494.25,2262,1997,4625,95326,1997,87172,26262,25530.26,50840.2,46963.99,69468.82,10881,72552.22,69344.55,72494.25,6654,7054,433,33,3087.38,36.3,2.89,4.44,5403.54,1353.9,72494.25,44704.7,48139.78,10715.03,6218.35,60394.28,85913.81
2026-11-13,Central,In-Store,Home,Direct,51176.46,1845,751,1420,12527,751,5867,4719,15279.07,26499.81,35897.39,32855.12,2242,51480.72,47554.84,51176.46,3653,3833,228,48,10463.89,68.14,5.89,4.36,7606.74,1894.86,51176.46,47138.19,34010.92,18454.19,21755.96,58370.39,84077.61
2026-11-15,East,In-Store,Beauty,Email,26944.04,2582,567,931,12656,567,7492,4415,7922.57,21221.53,19021.47,23267.23,1295,27545.46,26892.0,26944.04,3665,3726,441,380,8061.57,47.52,1.52,2.34,11092.22,3773.75,26944.04,19802.45,45614.7,9313.78,20415.1,41722.84,82323.75
2026-11-17,East,In-Store,Apparel,Organic Search,58953.02,4457,1391,1561,56365,1391,23109,12342,17500.38,26224.53,41452.64,46092.24,2263,60262.0,57927.5,58953.02,6872,7190,385,67,7563.61,42.38,7.15,4.69,8564.14,4540.18,58953.02,37164.42,55968.8,19631.96,21921.75,12263.05,111350.18
2026-12-25,Central,In-Store,Apparel,Direct,84081.47,4589,2168,5539,51472,2168,47189,19079,36699.26,74261.62,47382.21,64016.97,10066,84388.71,78355.99,84081.47,3604,3873,388,119,4005.38,38.78,3.38,2.12,5981.46,3491.49,84081.47,68739.66,23546.53,6344.98,15791.34,22624.83,64887.94
2026-12-29,East,In-Store,Electronics,Email,174880.04,4190,802,1313,11494,802,5325,3144,95710.66,125725.16,79169.38,92082.77,1971,177496.97,174810.01,174880.04,2109,2137,232,204,7007.33,218.05,6.21,3.91,25258.37,5917.19,174880.04,127854.28,47414.81,5429.81,19869.8,60594.51,100339.25
2026-12-30,East,In-Store,Home,Paid Search,79730.05,2706,332,765,5927,332,5376,2112,38869.31,55490.81,40860.74,45252.16,1393,80587.19,75291.16,79730.05,8895,8821,114,188,8509.86,240.15,5.6,4.94,13318.19,5690.23,79730.05,75323.67,55100.3,4749.68,9339.8,11952.06,82765.43
2025-01-11,Central,In-Store,Apparel,Organic Search,77361.97,4387,179,283,4256,179,2397,1403,36113.64,51044.88,41248.33,36277.92,500,79079.91,77201.68,77361.97,2187,2385,426,228,14609.16,432.19,1.74,3.52,17335.36,5250.72,77361.97,69465.7,48382.97,1147.68,17518.03,62538.53,77932.06
2025-01-15,Central,In-Store,Electronics,Direct,126130.21,2639,1146,1635,57246,1146,34101,16580,58137.53,60041.17,67992.68,93892.74,2554,127815.08,118494.32,126130.21,8348,8401,202,149,3461.39,110.06,6.42,2.84,32348.84,6401.24,126130.21,82403.88,49930.56,10841.39,10291.91,59404.5,99231.68
2025-01-20,Central,In-Store,Apparel,Social,139505.62,1950,546,1523,13248,546,8029,2037,47109.7,65857.18,92395.92,128527.19,3670,142199.11,139597.56,139505.62,5480,5503,44,21,7248.7,255.5,3.7,4.47,8533.98,2350.08,139505.62,94094.03,22335.14,12754.4,10711.04,58998.83,84358.74
2025-01-26,Central,In-Store,Beauty,Paid Search,55797.6,5091,2099,6439,40591,2099,21483,12388,18417.15,42577.89,37380.45,47056.34,11868,57132.68,55978.69,55797.6,7849,8209,384,24,11634.66,26.58,4.65,3.99,2658.74,860.82,55797.6,42266.89,45294.49,11354.59,4766.67,34227.11,75532.65
2025-02-15,Central,In-Store,Beauty,Organic Search,168360.87,2485,2180,6446,33685,2180,30295,9203,76729.0,73615.4,91631.87,112126.13,10336,169740.06,167319.95,168360.87,7315,7418,236,133,8498.46,77.23,6.06,4.91,33826.06,7289.35,168360.87,139887.92,45937.53,8558.82,15667.45,34573.88,103801.64
2025-02-17,East,In-Store,Electronics,Social,124728.09,3723,2010,5468,25903,2010,20946,9522,39980.62,85878.68,84747.47,82038.49,8399,125795.0,117007.25,124728.09,3769,3658,268,379,14811.63,62.05,4.49,4.17,8947.29,4649.19,124728.09,91579.98,36989.7,16683.38,15397.67,23318.41,93682.3
2025-02-23,Central,In-Store,Apparel,Email,31739.33,4080,171,337,4661,171,4205,1269,9490.02,14086.28,22249.31,33145.6,487,32538.33,32269.92,31739.33,3271,3319,324,276,10794.19,185.61,4.4,3.77,9650.57,1768.9,31739.33,27196.49,57172.52,16786.9,6004.35,41256.25,89907.45
2025-02-25,Central,In-Store,Home,Paid Search,31610.04,2198,646,2048,26461,646,14732,6171,12353.74,28416.61,19256.3,19637.9,3892,31620.65,30488.41,31610.04,4664,4704,73,33,10629.69,48.93,4.29,4.05,6278.03,1548.57,31610.04,24819.18,37620.37,885.32,14231.6,50881.15,58628.66
2025-03-12,East,In-Store,Electronics,Social,132785.77,3599,1226,1591,29202,1226,15400,3990,57487.92,81271.6,75297.85,107831.17,2576,133261.25,125730.93,132785.77,8327,8472,253,108,9958.59,108.31,4.57,2.13,21318.39,4288.83,132785.77,123019.84,37115.33,15402.21,22487.73,34966.63,107354.62
2025-03-18,East,In-Store,Sports,Direct,97854.72,5187,496,1127,7563,496,4440,2539,37466.48,56925.41,60388.24,75374.79,1787,100719.08,98730.08,97854.72,2424,2414,361,371,5915.47,197.29,1.54,4.01,13378.32,7445.25,97854.72,84427.44,51140.24,17572.41,17977.25,12561.18,109302.34
2025-03-19,East,In-Store,Sports,Direct,54751.8,2866,1649,3260,23297,1649,10149,8642,14528.81,25689.17,40222.99,55749.15,5849,55692.41,52737.53,54751.8,6042,6422,460,80,8708.18,33.2,6.22,4.31,33944.93,7162.89,54751.8,34616.22,36681.97,4217.47,17637.41,13833.63,75261.6
2025-03-22,East,In-Store,Sports,Organic Search,39919.78,3203,1722,3991,40110,1722,36919,11778,21430.46,32587.14,18489.32,29316.83,8639,39968.84,36888.6,39919.78,2836,2804,283,315,6836.2,23.18,5.8,3.07,4367.31,2510.89,39919.78,33624.01,43631.06,4147.63,5442.34,38831.5,62016.08
2025-03-29,East,In-Store,Electronics,Paid Search,26361.06,5770,1244,1514,21656,1244,16007,3316,13638.72,12687.61,12722.34,10984.14,2349,26476.84,26008.21,26361.06,4370,4553,468,285,5330.99,21.19,6.6,4.76,16762.37,7738.64,26361.06,21586.83,38917.93,3621.15,17974.16,63752.05,63808.48
2025-04-07,Central,In-Store,Apparel,Social,138147.24,5996,247,392,3819,247,1711,1504,38241.22,87045.5,99906.02,93161.19,733,138930.62,134843.38,138147.24,8130,7872,119,377,5120.98,559.3,3.31,2.42,22607.35,4795.97,138147.24,107079.85,33959.56,7025.34,19507.13,54547.12,88440.39
2025-04-09,East,In-Store,Home,Email,26849.23,5165,1981,3138,40264,1981,21114,6702,12402.97,22868.0,14446.26,21450.12,5187,27460.52,25867.43,26849.23,6876,7033,395,238,13159.47,13.55,6.5,1.07,20704.81,3773.99,26849.23,24918.14,6025.5,18520.87,9916.34,28783.33,40897.75
2025-04-25,Central,In-Store,Sports,Paid Search,157581.72,1891,1202,1802,20535,1202,11883,3935,78096.0,67186.1,79485.72,101767.84,2512,157792.22,149434.62,157581.72,3074,3126,86,34,14540.72,131.1,7.11,4.26,14900.6,7105.83,157581.72,128810.33,40566.92,4662.04,19881.45,67982.5,95640.76
2025-05-07,Central,In-Store,Sports,Paid Search,143662.48,2435,1440,3988,19018,1440,13223,2694,39844.68,96659.45,103817.8,116076.7,9049,147874.7,138954.21,143662.48,8726,8658,278,346,13863.06,99.77,4.26,1.62,30880.06,6308.62,143662.48,105084.84,5117.76,16784.85,14334.59,57518.98,71060.21
2025-05-21,East,In-Store,Beauty,Social,159355.29,4481,1352,3455,45961,1352,35652,17688,65661.99,106581.76,93693.3,148265.03,5526,163165.19,154521.3,159355.29,4794,4565,124,353,6372.04,117.87,6.64,4.54,15073.32,2938.18,159355.29,140280.3,55838.0,5668.3,7896.66,22897.97,113882.47
2025-05-25,Central,In-Store,Apparel,Organic Search,85203.95,5856,600,1654,11686,600,11287,2182,21395.13,67008.18,63808.82,80883.96,3881,86168.33,85538.39,85203.95,5437,5253,41,225,11798.09,142.01,7.45,2.82,33734.35,6341.96,85203.95,52332.82,55033.62,13727.04,20169.69,67503.37,113195.54
2025-06-05,East,In-Store,Apparel,Email,115043.24,1891,1527,3040,33783,1527,19894,6302,29238.44,90353.66,85804.8,133990.77,5012,117204.48,110272.93,115043.24,7177,7506,385,56,9654.58,75.34,4.71,2.36,4629.76,1059.34,115043.24,86138.3,21375.05,12411.59,6035.96,34676.12,80019.83
2025-06-27,East,In-Store,Home,Social,125774.3,5335,898,2612,15599,898,13966,4005,60639.72,78568.32,65134.58,98157.01,3564,126162.68,125844.83,125774.3,2832,2691,132,273,13866.13,140.06,4.2,3.3,15978.56,5406.3,125774.3,91038.86,55623.0,13970.96,21692.0,10929.38,120733.06
2025-06-30,Central,In-Store,Electronics,Organic Search,178915.93,1500,1606,3633,42442,1606,31871,11396,94418.32,156426.31,84497.61,83115.03,7817,181071.32,177251.02,178915.93,8191,8256,135,70,5245.5,111.4,5.05,3.06,32457.49,6857.3,178915.93,134648.21,47028.15,10853.9,10816.8,38960.78,93633.36
2025-07-19,East,In-Store,Home,Paid Search,147121.5,4369,1835,5686,33518,1835,28481,10164,71246.64,96349.41,75874.86,120471.05,7814,150786.28,148459.07,147121.5,5497,5327,74,244,3036.58,80.18,3.5,4.19,23523.8,6101.64,147121.5,110293.29,54345.55,3722.78,24332.75,25152.95,118542.4
2025-08-07,Central,In-Store,Sports,Email,166253.91,4784,1187,2790,17739,1187,15370,3964,76758.56,112087.62,89495.35,80520.35,6360,167414.47,165309.01,166253.91,5867,6264,442,45,9832.21,140.06,6.37,3.5,41623.63,7876.35,166253.91,122786.48,30017.78,326.35,21220.09,65024.17,75720.32
2025-08-08,Central,In-Store,Apparel,Email,88158.4,2635,2030,3246,58696,2030,27034,12410,30994.65,42223.24,57163.75,67101.04,5453,89833.85,87099.96,88158.4,2603,2823,491,271,5372.83,43.43,4.74,2.54,12808.76,4462.73,88158.4,66934.16,48393.4,5511.32,13766.03,45038.62,87801.06
2025-08-14,East,In-Store,Home,Organic Search,132247.41,5264,1167,1719,17154,1167,16841,5759,55255.31,76549.86,76992.1,72134.55,2907,133955.35,127053.17,132247.41,2080,2069,372,383,2532.65,113.32,2.84,4.56,25170.73,6736.8,132247.41,85609.81,24137.81,17322.86,16136.33,49109.92,79237.37
2025-08-29,East,In-Store,Home,Direct,91767.69,3023,563,1615,16966,563,16009,5633,46077.12,58831.88,45690.57,48180.85,2530,92717.98,86983.92,91767.69,7757,7903,408,262,13571.52,163.0,2.65,2.66,15297.87,3872.75,91767.69,61164.33,7263.4,2930.0,9722.46,28442.49,34370.11
2025-08-31,Central,In-Store,Sports,Email,97194.75,5655,787,1100,24065,787,12884,6916,30580.65,41988.15,66614.1,89513.57,1730,98600.48,93560.46,97194.75,6150,5811,58,397,5902.53,123.5,5.33,1.45,9382.18,1841.52,97194.75,69579.11,57601.86,13804.41,4152.69,40548.16,102413.03
2025-09-03,Central,In-Store,Home,Social,29871.24,3494,1064,3110,13559,1064,10123,3955,7579.35,22707.94,22291.89,34748.01,7721,30204.49,30059.8,29871.24,6799,6643,100,256,12149.39,28.07,6.19,3.53,7530.1,4351.89,29871.24,23296.61,40194.14,18292.24,12775.24,50838.1,81686.02
2025-09-04,East,In-Store,Apparel,Social,21093.75,2213,1993,6351,65016,1993,55852,15818,6093.2,10293.22,15000.55,14991.43,8603,21172.95,19960.55,21093.75,7685,7663,322,344,3191.45,10.58,5.98,2.34,19838.47,3768.28,21093.75,14319.03,48122.35,4375.94,20797.71,35048.21,77793.43
2025-09-11,East,In-Store,Electronics,Email,129477.53,2750,171,523,4971,171,4846,1190,61382.15,95543.78,68095.38,89580.13,923,133251.9,128904.01,129477.53,6642,6741,297,198,5224.13,757.18,4.27,1.77,26008.09,6446.18,129477.53,98065.97,38189.84,9407.09,23278.2,18115.68,97749.17
2025-09-15,East,In-Store,Beauty,Direct,166906.66,4035,1209,3810,21100,1209,17995,4933,77853.78,73744.86,89052.88,128109.09,8831,169840.19,163650.58,166906.66,4042,4448,446,40,2774.97,138.05,5.59,2.7,7842.06,2721.64,166906.66,138710.16,36312.27,10447.09,19907.26,44360.37,105099.35
2025-09-17,East,In-Store,Home,Paid Search,29524.95,1776,1025,1217,16458,1025,12479,4849,13612.93,22862.36,15912.02,24950.46,2472,29608.86,27711.38,29524.95,3490,3702,326,114,6414.65,28.8,7.31,4.12,25277.63,5325.59,29524.95,22003.81,58000.17,12276.82,18392.16,42544.83,96154.29
2025-09-24,Central,In-Store,Electronics,Social,134760.0,4011,799,967,13396,799,12823,2419,71100.73,91589.46,63659.27,87251.68,1221,137425.74,136458.38,134760.0,7242,7583,474,133,8563.65,168.66,5.47,1.49,5976.88,3182.87,134760.0,83643.71,39473.03,644.71,19869.98,19116.89,86163.22
2025-10-02,East,In-Store,Electronics,Social,78146.24,2958,1146,2821,42933,1146,34493,6519,36856.46,66744.62,41289.78,44850.97,5257,78809.38,73199.03,78146.24,8205,8140,140,205,1510.31,68.19,1.54,4.61,34834.85,6427.35,78146.24,48603.75,22318.65,15789.04,6957.66,56685.27,58520.64
2025-10-08,Central,In-Store,Apparel,Email,66757.87,3594,1740,4268,78348,1740,69329,11109,29371.67,35505.57,37386.2,32630.11,7561,66803.33,65427.3,66757.87,8671,8518,140,293,10968.44,38.37,7.71,1.01,28417.32,5786.07,66757.87,45444.51,56138.78,3076.85,5613.6,61792.2,74618.26
