Week Start,Region,Product category,Supplier,Units Ordered,Units Received,Backorder Units,On Hand Units,Supplier Fill Rate,Lead Time Days,Stockout Days,Inbound Freight Cost,Purchase Price Per Unit,Lead Time Unit Days,Days In Period
2024-12-31,Central,Apparel,Kestrel Logistics,18943,18723,220,55103,0.9884,10.96,0.05,36358.9,18.7199,205171.06,7
2024-12-31,Central,Apparel,Northwind Foods,16413,15727,686,48933,0.9582,11.71,1.7,29719.25,18.7199,184098.54,7
2024-12-31,Central,Beauty,Kestrel Logistics,11545,11294,251,36406,0.9783,11.41,0.34,20670.5,25.4113,128916.92,7
2024-12-31,Central,Beauty,Northwind Foods,12513,11995,518,37959,0.9586,10.21,0.71,23219.45,25.4113,122460.26,7
2024-12-31,Central,Electronics,Kestrel Logistics,5205,5004,201,12908,0.9614,9.84,0.64,9470.95,31.2916,49250.61,7
2024-12-31,Central,Electronics,Northwind Foods,7273,6896,377,23485,0.9482,12.39,0.28,11659.12,31.2916,85427.72,7
2024-12-31,Central,Home,Kestrel Logistics,9500,9110,390,26100,0.9589,12.22,0.87,17877.56,18.4972,111281.32,7
2024-12-31,Central,Home,Northwind Foods,9995,9474,521,29202,0.9479,10.99,0.58,16087.58,18.4972,104149.96,7
2024-12-31,Central,Sports,Kestrel Logistics,3511,3279,232,10890,0.9339,10.92,0.9,6258.74,18.391,35804.72,7
2024-12-31,Central,Sports,Northwind Foods,5126,5024,102,14888,0.9801,8.29,0.06,8953.87,18.391,41646.94,7
2024-12-31,East,Apparel,Kestrel Logistics,7455,7226,229,25431,0.9693,10.81,0.02,13039.22,16.9944,78132.12,7
2024-12-31,East,Apparel,Northwind Foods,14365,13975,390,46976,0.9729,10.4,0.4,25005.53,16.9944,145325.91,7
2024-12-31,East,Beauty,Kestrel Logistics,4955,4653,302,13769,0.9391,11.19,0.34,8916.25,20.878,52079.51,7
2024-12-31,East,Beauty,Northwind Foods,5111,4877,234,15402,0.9542,10.3,0.17,8661.11,20.878,50221.98,7
2024-12-31,East,Electronics,Kestrel Logistics,4167,3981,186,9378,0.9554,10.55,0.24,7647.86,36.0828,41985.65,7
2024-12-31,East,Electronics,Northwind Foods,11314,10933,381,31772,0.9663,13.69,0.17,19597.68,36.0828,149706.42,7
2024-12-31,East,Home,Kestrel Logistics,9280,8959,321,25806,0.9654,13.79,2.44,16382.37,15.9506,123568.31,7
2024-12-31,East,Home,Northwind Foods,12433,12050,383,42146,0.9692,11.41,0.14,21629.09,15.9506,137471.16,7
2024-12-31,East,Sports,Kestrel Logistics,11960,11490,470,37368,0.9607,13.54,0.3,21419.99,12.6656,155580.87,7
2024-12-31,East,Sports,Northwind Foods,5946,5909,37,18837,0.9938,10.23,0.53,10951.09,12.6656,60448.94,7
2024-12-31,North,Apparel,Kestrel Logistics,18854,18255,599,48504,0.9682,13.49,0.88,34960.19,17.4346,246344.92,7
2024-12-31,North,Apparel,Northwind Foods,15111,14304,807,36296,0.9466,11.01,0.07,25239.57,17.4346,157450.6,7
2024-12-31,North,Beauty,Kestrel Logistics,13175,13036,139,40514,0.9894,11.43,0.09,24772.45,27.9095,149000.85,7
2024-12-31,North,Beauty,Northwind Foods,9999,9689,310,34634,0.969,12.05,0.47,17681.47,27.9095,116755.18,7
2024-12-31,North,Electronics,Kestrel Logistics,4523,4394,129,12976,0.9715,10.13,0.25,8367.26,10.2258,44495.15,7
2024-12-31,North,Electronics,Northwind Foods,5226,5122,104,14261,0.9801,10.91,0.09,9468.01,10.2258,55871.38,7
2024-12-31,North,Home,Kestrel Logistics,9793,9241,552,30930,0.9436,12.26,0.52,16420.91,32.6146,113260.52,7
2024-12-31,North,Home,Northwind Foods,5767,5717,50,19458,0.9913,11.11,0.31,10358.92,32.6146,63493.62,7
2024-12-31,North,Sports,Kestrel Logistics,8409,7974,435,28762,0.9483,10.56,0.56,14387.72,19.3976,84179.35,7
2024-12-31,North,Sports,Northwind Foods,10954,10444,510,25645,0.9534,10.98,0.26,19733.77,19.3976,114692.29,7
2024-12-31,South,Apparel,Kestrel Logistics,15848,14901,947,43859,0.9402,12.39,0.27,27660.1,15.3654,184615.45,7
2024-12-31,South,Apparel,Northwind Foods,6492,6219,273,20889,0.9579,10.65,0.17,12344.33,15.3654,66225.54,7
2024-12-31,South,Beauty,Kestrel Logistics,3224,3098,126,10507,0.9609,10.07,0.59,5563.53,27.2015,31184.43,7
2024-12-31,South,Beauty,Northwind Foods,4902,4786,116,12240,0.9763,12.72,0.9,8245.99,27.2015,60855.07,7
2024-12-31,South,Electronics,Kestrel Logistics,3292,3117,175,7663,0.9468,11.53,0.39,6075.8,32.7748,35942.45,7
2024-12-31,South,Electronics,Northwind Foods,8422,7904,518,25111,0.9385,10.06,0.28,13891.79,32.7748,79545.67,7
2024-12-31,South,Home,Kestrel Logistics,7799,7644,155,31808,0.9801,12.6,0.04,14098.24,18.53,96347.93,7
2024-12-31,South,Home,Northwind Foods,4908,4764,144,13881,0.9707,13.14,0.27,9154.28,18.53,62592.03,7
2024-12-31,South,Sports,Kestrel Logistics,15001,14986,15,40828,0.999,10.63,0.09,27602.56,15.3013,159305.58,7
2024-12-31,South,Sports,Northwind Foods,9690,9680,10,29099,0.999,9.25,1.18,18167.73,15.3013,89514.9,7
2024-12-31,West,Apparel,Kestrel Logistics,4101,3884,217,14208,0.9471,10.63,2.12,7372.16,20.2231,41269.37,7
2024-12-31,West,Apparel,Northwind Foods,5625,5470,155,14361,0.9724,9.7,0.18,10554.84,20.2231,53043.44,7
2024-12-31,West,Beauty,Kestrel Logistics,3225,3128,97,11019,0.9699,9.01,0.25,5731.29,31.3904,28178.15,7
2024-12-31,West,Beauty,Northwind Foods,2388,2213,175,7336,0.9267,13.25,0.07,4237.34,31.3904,29313.78,7
2024-12-31,West,Electronics,Kestrel Logistics,7394,7080,314,24538,0.9575,9.84,0.46,13533.55,26.2874,69667.37,7
2024-12-31,West,Electronics,Northwind Foods,6934,6590,344,20377,0.9504,8.73,0.96,11806.52,26.2874,57554.35,7
2024-12-31,West,Home,Kestrel Logistics,5607,5397,210,16517,0.9625,11.87,0.22,10536.6,20.2679,64057.3,7
2024-12-31,West,Home,Northwind Foods,10574,10087,487,27083,0.9539,11.4,0.88,20108.42,20.2679,115014.34,7
2024-12-31,West,Sports,Kestrel Logistics,4574,4427,147,15554,0.9679,12.65,0.28,8256.3,28.5946,55983.66,7
2024-12-31,West,Sports,Northwind Foods,2067,2034,33,6319,0.984,11.61,0.82,4060.48,28.5946,23619.68,7
2025-01-07,Central,Apparel,Kestrel Logistics,18921,17906,1015,49558,0.9464,12.66,0.17,31666.59,23.2848,226755.7,7
2025-01-07,Central,Apparel,Northwind Foods,15633,15041,592,46904,0.9621,8.53,0.19,26476.31,23.2848,128325.0,7
2025-01-07,Central,Beauty,Kestrel Logistics,14678,14036,642,33368,0.9563,12.02,0.55,23549.18,23.5958,168770.16,7
2025-01-07,Central,Beauty,Northwind Foods,15948,14909,1039,45082,0.9349,10.56,0.55,29484.19,23.5958,157484.76,7
2025-01-07,Central,Electronics,Kestrel Logistics,8243,8217,26,27188,0.9968,11.01,0.44,14602.79,24.829,90444.02,7
2025-01-07,Central,Electronics,Northwind Foods,11746,11324,422,24210,0.9641,9.15,0.28,22525.59,24.829,103582.94,7
2025-01-07,Central,Home,Kestrel Logistics,10494,10312,182,29935,0.9827,12.62,0.23,19009.86,11.2825,130117.35,7
2025-01-07,Central,Home,Northwind Foods,11086,10724,362,30679,0.9673,11.33,0.07,21747.35,11.2825,121511.27,7
2025-01-07,Central,Sports,Kestrel Logistics,4906,4630,276,16292,0.9437,11.04,0.07,9586.96,23.0853,51129.34,7
2025-01-07,Central,Sports,Northwind Foods,7419,7093,326,23468,0.9561,8.78,0.07,13596.13,23.0853,62281.1,7
2025-01-07,East,Apparel,Kestrel Logistics,5070,4826,244,17934,0.9519,11.71,0.3,8773.23,27.6571,56501.33,7
2025-01-07,East,Apparel,Northwind Foods,9850,9334,516,29855,0.9476,9.48,0.4,16982.85,27.6571,88492.58,7
2025-01-07,East,Beauty,Kestrel Logistics,12083,11481,602,35732,0.9502,12.8,0.21,20175.96,22.6244,146980.2,7
2025-01-07,East,Beauty,Northwind Foods,12046,12034,12,38349,0.999,12.09,0.17,21489.44,22.6244,145468.23,7
2025-01-07,East,Electronics,Kestrel Logistics,5557,5272,285,13299,0.9487,12.3,0.57,9482.63,23.0132,64835.67,7
2025-01-07,East,Electronics,Northwind Foods,14771,14477,294,44724,0.9801,10.25,0.44,26340.77,23.0132,148403.13,7
2025-01-07,East,Home,Kestrel Logistics,9018,8765,253,18334,0.9719,8.7,0.11,16044.6,19.0709,76250.72,7
2025-01-07,East,Home,Northwind Foods,12009,11790,219,39556,0.9818,12.91,0.48,20448.0,19.0709,152153.04,7
2025-01-07,East,Sports,Kestrel Logistics,13726,13236,490,39821,0.9643,12.34,0.21,23389.72,27.084,163357.6,7
2025-01-07,East,Sports,Northwind Foods,7074,6806,268,18936,0.9621,11.86,1.07,12874.27,27.084,80700.67,7
2025-01-07,North,Apparel,Kestrel Logistics,19259,18740,519,53076,0.9731,9.3,0.2,37107.11,16.4508,174374.14,7
2025-01-07,North,Apparel,Northwind Foods,15405,14684,721,39745,0.9532,10.64,0.04,26944.75,16.4508,156205.21,7
2025-01-07,North,Beauty,Kestrel Logistics,6657,6277,380,21405,0.9429,9.32,0.05,12734.02,14.13,58505.96,7
2025-01-07,North,Beauty,Northwind Foods,4876,4665,211,17182,0.9567,12.32,0.01,8017.7,14.13,57473.44,7
2025-01-07,North,Electronics,Kestrel Logistics,10245,9918,327,28024,0.9681,10.94,0.15,18532.61,24.8964,108540.87,7
2025-01-07,North,Electronics,Northwind Foods,12274,11562,712,31741,0.942,10.75,0.19,20668.84,24.8964,124295.06,7
2025-01-07,North,Home,Kestrel Logistics,7179,6948,231,22663,0.9678,10.12,0.45,13872.04,21.4442,70332.63,7
2025-01-07,North,Home,Northwind Foods,4327,4299,28,10858,0.9935,12.0,0.18,8461.82,21.4442,51595.54,7
2025-01-07,North,Sports,Kestrel Logistics,7016,6807,209,15449,0.9702,11.14,0.32,12155.66,26.12,75819.64,7
2025-01-07,North,Sports,Northwind Foods,9259,8915,344,25918,0.9628,10.04,0.7,16880.18,26.12,89520.71,7
2025-01-07,South,Apparel,Kestrel Logistics,9638,9339,299,29540,0.969,14.2,0.16,16780.52,35.6248,132636.49,7
2025-01-07,South,Apparel,Northwind Foods,3943,3898,45,11840,0.9886,12.41,0.73,6929.05,35.6248,48370.07,7
2025-01-07,South,Beauty,Kestrel Logistics,9982,9831,151,29225,0.9849,11.44,0.33,17838.93,23.9494,112481.18,7
2025-01-07,South,Beauty,Northwind Foods,15861,15189,672,51001,0.9576,8.89,0.82,30754.02,23.9494,135023.02,7
2025-01-07,South,Electronics,Kestrel Logistics,2986,2964,22,11079,0.9926,12.43,0.16,5197.23,27.9601,36831.66,7
2025-01-07,South,Electronics,Northwind Foods,7729,7518,211,21513,0.9727,9.48,0.65,14133.36,27.9601,71262.0,7
2025-01-07,South,Home,Kestrel Logistics,14651,13815,836,45137,0.9429,10.06,1.55,25591.48,13.8652,138916.63,7
2025-01-07,South,Home,Northwind Foods,8893,8611,282,25854,0.9683,9.69,0.31,15009.3,13.8652,83406.47,7
2025-01-07,South,Sports,Kestrel Logistics,14389,14313,76,46607,0.9947,10.89,0.69,26145.8,25.2302,155916.11,7
2025-01-07,South,Sports,Northwind Foods,9832,9246,586,25885,0.9404,10.18,0.31,16827.36,25.2302,94078.24,7
2025-01-07,West,Apparel,Kestrel Logistics,10008,9625,383,27223,0.9617,11.68,0.52,17740.82,17.8299,112392.88,7
2025-01-07,West,Apparel,Northwind Foods,13610,13556,54,33339,0.996,11.45,0.77,23223.95,17.8299,155249.77,7
2025-01-07,West,Beauty,Kestrel Logistics,16229,16088,141,44649,0.9913,9.14,0.16,28493.36,24.9568,147014.6,7
2025-01-07,West,Beauty,Northwind Foods,11882,11384,498,29043,0.9581,10.99,0.61,22691.81,24.9568,125132.08,7
2025-01-07,West,Electronics,Kestrel Logistics,5466,5187,279,14381,0.949,10.93,0.07,7933.76,15.2582,56672.42,7
2025-01-07,West,Electronics,Northwind Foods,5108,4827,281,16723,0.945,12.02,0.1,9330.65,15.2582,58015.23,7
2025-01-07,West,Home,Kestrel Logistics,8934,8558,376,30497,0.9579,10.01,0.3,14320.01,14.2859,85658.44,7
2025-01-07,West,Home,Northwind Foods,16377,15993,384,52246,0.9766,12.63,0.43,28400.1,14.2859,201934.47,7
2025-01-07,West,Sports,Kestrel Logistics,12865,12377,488,41700,0.9621,10.95,0.06,23903.54,22.8647,135557.4,7
2025-01-07,West,Sports,Northwind Foods,5893,5686,207,17000,0.9649,8.76,0.4,11169.29,22.8647,49791.25,7
2025-01-14,Central,Apparel,Kestrel Logistics,13496,13366,130,40676,0.9904,11.23,0.68,25084.75,21.866,150037.61,7
2025-01-14,Central,Apparel,Northwind Foods,11560,11226,334,35892,0.9711,12.81,0.13,19694.04,21.866,143853.71,7
2025-01-14,Central,Beauty,Kestrel Logistics,5602,5471,131,20152,0.9766,9.78,0.33,10808.18,34.9934,53514.66,7
2025-01-14,Central,Beauty,Northwind Foods,6011,5810,201,19049,0.9666,10.72,0.35,11394.33,34.9934,62285.89,7
2025-01-14,Central,Electronics,Kestrel Logistics,6250,6026,224,15931,0.9642,9.56,0.11,9916.87,36.0093,57599.86,7
2025-01-14,Central,Electronics,Northwind Foods,8949,8306,643,22952,0.9281,13.46,0.22,15054.33,36.0093,111806.01,7
2025-01-14,Central,Home,Kestrel Logistics,2898,2733,165,9208,0.9431,11.8,0.31,5249.73,36.214,32244.06,7
2025-01-14,Central,Home,Northwind Foods,2993,2843,150,7454,0.9499,9.98,0.97,5023.25,36.214,28385.79,7
2025-01-14,Central,Sports,Kestrel Logistics,7743,7425,318,20794,0.9589,12.78,1.04,13698.94,29.9446,94924.37,7
2025-01-14,Central,Sports,Northwind Foods,11985,11376,609,38900,0.9492,8.4,0.25,23254.22,29.9446,95576.27,7
2025-01-14,East,Apparel,Kestrel Logistics,7005,6593,412,18127,0.9412,12.26,0.17,13660.31,24.3412,80823.08,7
2025-01-14,East,Apparel,Northwind Foods,12993,12752,241,28139,0.9815,11.87,0.13,22875.42,24.3412,151415.59,7
2025-01-14,East,Beauty,Kestrel Logistics,10608,10144,464,30181,0.9563,10.77,0.17,17614.36,24.1578,109295.79,7
2025-01-14,East,Beauty,Northwind Foods,11012,10633,379,34063,0.9656,11.78,0.65,20070.11,24.1578,125271.24,7
2025-01-14,East,Electronics,Kestrel Logistics,4688,4609,79,12931,0.9831,10.8,0.01,8952.95,25.4539,49795.15,7
2025-01-14,East,Electronics,Northwind Foods,13198,12658,540,38822,0.9591,9.51,0.3,23278.08,25.4539,120397.73,7
2025-01-14,East,Home,Kestrel Logistics,6902,6827,75,21351,0.9891,11.68,0.6,13131.59,23.2723,79743.58,7
2025-01-14,East,Home,Northwind Foods,9423,9184,239,31011,0.9746,9.63,0.99,16930.62,23.2723,88484.8,7
2025-01-14,East,Sports,Kestrel Logistics,9872,9403,469,28765,0.9525,13.07,0.09,16148.14,30.7485,122874.0,7
2025-01-14,East,Sports,Northwind Foods,5025,4835,190,15558,0.9622,12.13,0.8,8226.93,30.7485,58646.09,7
2025-01-14,North,Apparel,Kestrel Logistics,15463,14989,474,47520,0.9693,12.29,0.27,27338.39,21.7704,184280.84,7
2025-01-14,North,Apparel,Northwind Foods,12222,11745,477,37523,0.961,11.52,1.18,20929.89,21.7704,135307.98,7
2025-01-14,North,Beauty,Kestrel Logistics,12570,11885,685,37302,0.9455,10.33,0.42,22687.28,20.3791,122776.95,7
2025-01-14,North,Beauty,Northwind Foods,9123,8833,290,23454,0.9682,10.58,0.86,16613.9,20.3791,93488.45,7
2025-01-14,North,Electronics,Kestrel Logistics,13933,13503,430,46302,0.9691,10.46,0.45,24058.07,13.7099,141227.04,7
2025-01-14,North,Electronics,Northwind Foods,16285,15742,543,51854,0.9667,11.66,0.63,32713.69,13.7099,183601.16,7
2025-01-14,North,Home,Kestrel Logistics,15005,14987,18,39588,0.9988,9.51,0.03,26740.77,20.7052,142591.28,7
2025-01-14,North,Home,Northwind Foods,9280,9271,9,29246,0.999,11.38,0.17,16882.08,20.7052,105474.87,7
2025-01-14,North,Sports,Kestrel Logistics,5733,5503,230,15620,0.9599,11.89,0.69,10757.76,24.9389,65428.32,7
2025-01-14,North,Sports,Northwind Foods,7589,7207,382,19449,0.9497,9.77,0.92,14052.52,24.9389,70381.55,7
2025-01-14,South,Apparel,Kestrel Logistics,15649,14935,714,44127,0.9544,9.62,0.04,30483.55,28.5333,143675.92,7
2025-01-14,South,Apparel,Northwind Foods,6641,6234,407,19141,0.9387,12.24,0.92,11274.76,28.5333,76312.68,7
2025-01-14,South,Beauty,Kestrel Logistics,12727,12558,169,32405,0.9867,10.25,0.03,24428.67,16.5633,128771.87,7
2025-01-14,South,Beauty,Northwind Foods,19987,19401,586,50105,0.9707,11.94,0.18,34619.67,16.5633,231625.82,7
2025-01-14,South,Electronics,Kestrel Logistics,6291,5997,294,11043,0.9533,12.98,0.79,10339.15,21.2149,77863.38,7
2025-01-14,South,Electronics,Northwind Foods,15979,15210,769,33775,0.9519,11.02,0.14,30184.9,21.2149,167661.46,7
2025-01-14,South,Home,Kestrel Logistics,8062,7756,306,29952,0.962,12.11,0.55,12393.57,36.5017,93957.9,7
2025-01-14,South,Home,Northwind Foods,5218,4834,384,14265,0.9264,12.13,0.62,9201.19,36.5017,58638.75,7
2025-01-14,South,Sports,Kestrel Logistics,18173,17364,809,45783,0.9555,10.01,0.05,30354.03,25.3189,173892.97,7
2025-01-14,South,Sports,Northwind Foods,11859,11217,642,41137,0.9459,13.67,0.18,21606.63,25.3189,153362.26,7
2025-01-14,West,Apparel,Kestrel Logistics,2953,2845,108,6987,0.9634,9.99,0.07,5461.93,20.7274,28418.79,7
2025-01-14,West,Apparel,Northwind Foods,4221,4007,214,12244,0.9493,9.62,0.22,7623.28,20.7274,38546.44,7
2025-01-14,West,Beauty,Kestrel Logistics,8801,8261,540,21109,0.9386,7.7,1.21,15963.1,20.4686,63639.68,7
2025-01-14,West,Beauty,Northwind Foods,6263,5846,417,14689,0.9334,10.64,0.7,11420.82,20.4686,62223.06,7
2025-01-14,West,Electronics,Kestrel Logistics,10090,9503,587,27865,0.9418,10.24,0.04,17246.1,22.2868,97287.92,7
2025-01-14,West,Electronics,Northwind Foods,8853,8844,9,25791,0.999,10.71,0.42,16407.13,22.2868,94715.71,7
2025-01-14,West,Home,Kestrel Logistics,8515,8499,16,27591,0.9981,11.49,0.33,14845.8,23.9635,97682.3,7
2025-01-14,West,Home,Northwind Foods,16803,15883,920,49140,0.9452,12.1,0.95,29274.26,23.9635,192140.84,7
2025-01-14,West,Sports,Kestrel Logistics,12536,11833,703,35658,0.9439,11.83,0.5,21572.87,21.0309,139936.41,7
2025-01-14,West,Sports,Northwind Foods,5441,5436,5,15628,0.9991,10.16,0.29,9950.16,21.0309,55224.46,7
2025-01-21,Central,Apparel,Kestrel Logistics,6644,6452,192,16134,0.9711,9.92,0.18,10897.04,36.3609,64029.88,7
2025-01-21,Central,Apparel,Northwind Foods,5655,5420,235,14058,0.9584,12.01,0.06,9631.83,36.3609,65108.12,7
2025-01-21,Central,Beauty,Kestrel Logistics,15637,14812,825,48008,0.9472,7.88,0.38,23086.2,24.3615,116785.09,7
2025-01-21,Central,Beauty,Northwind Foods,15794,15733,61,38439,0.9961,10.31,0.26,27247.72,24.3615,162203.55,7
2025-01-21,Central,Electronics,Kestrel Logistics,8424,8247,177,19009,0.979,9.96,0.5,15531.96,21.2732,82144.59,7
2025-01-21,Central,Electronics,Northwind Foods,11832,11366,466,32671,0.9606,9.47,0.42,20703.41,21.2732,107670.98,7
2025-01-21,Central,Home,Kestrel Logistics,6925,6636,289,16830,0.9583,9.68,0.02,12421.9,28.4641,64213.02,7
2025-01-21,Central,Home,Northwind Foods,7094,6901,193,20541,0.9728,11.1,0.14,11054.45,28.4641,76627.55,7
2025-01-21,Central,Sports,Kestrel Logistics,10413,9791,622,27268,0.9403,9.28,0.26,17047.6,13.8029,90904.9,7
2025-01-21,Central,Sports,Northwind Foods,15584,15001,583,54254,0.9626,10.28,0.22,27581.91,13.8029,154227.79,7
2025-01-21,East,Apparel,Kestrel Logistics,8070,7749,321,26381,0.9602,11.6,0.13,15088.85,25.8533,89857.41,7
2025-01-21,East,Apparel,Northwind Foods,15600,14987,613,48755,0.9607,11.24,0.02,27128.17,25.8533,168447.28,7
2025-01-21,East,Beauty,Kestrel Logistics,5050,4823,227,14605,0.955,11.02,0.16,8957.73,29.6819,53136.46,7
2025-01-21,East,Beauty,Northwind Foods,5217,5056,161,13375,0.9691,11.56,0.35,8897.99,29.6819,58464.1,7
2025-01-21,East,Electronics,Kestrel Logistics,9249,9094,155,27672,0.9832,10.13,0.15,16132.26,25.1431,92141.0,7
2025-01-21,East,Electronics,Northwind Foods,25653,24973,680,80053,0.9735,8.84,0.33,47000.69,25.1431,220823.7,7
2025-01-21,East,Home,Kestrel Logistics,10171,9879,292,24758,0.9713,10.44,0.08,18645.18,25.7633,103091.18,7
2025-01-21,East,Home,Northwind Foods,13731,13289,442,41649,0.9678,10.43,0.54,25824.05,25.7633,138601.22,7
2025-01-21,East,Sports,Kestrel Logistics,6148,5933,215,16728,0.965,13.0,0.3,12273.0,21.7136,77103.83,7
2025-01-21,East,Sports,Northwind Foods,3159,3051,108,9781,0.9658,11.1,0.29,5573.26,21.7136,33881.27,7
2025-01-21,North,Apparel,Kestrel Logistics,5640,5475,165,18296,0.9707,9.62,0.2,9274.81,31.627,52655.68,7
2025-01-21,North,Apparel,Northwind Foods,4506,4290,216,13427,0.9521,12.14,0.67,8338.32,31.627,52067.45,7
2025-01-21,North,Beauty,Kestrel Logistics,12723,12710,13,39776,0.999,11.9,1.16,26413.47,21.7572,151203.54,7
2025-01-21,North,Beauty,Northwind Foods,9806,9446,360,30685,0.9633,11.95,1.2,17135.07,21.7572,112877.47,7
2025-01-21,North,Electronics,Kestrel Logistics,3789,3683,106,11991,0.972,12.19,0.28,6836.15,63.0216,44889.92,7
2025-01-21,North,Electronics,Northwind Foods,4323,4294,29,13906,0.9933,9.87,0.09,7553.78,63.0216,42388.24,7
2025-01-21,North,Home,Kestrel Logistics,15885,15011,874,44843,0.945,9.03,0.47,28676.11,25.57,135490.26,7
2025-01-21,North,Home,Northwind Foods,9763,9287,476,33020,0.9512,10.78,0.05,18238.43,25.57,100071.82,7
2025-01-21,North,Sports,Kestrel Logistics,2935,2846,89,9523,0.9697,11.3,0.33,5459.27,38.7642,32170.46,7
2025-01-21,North,Sports,Northwind Foods,3778,3727,51,11408,0.9865,11.64,0.16,7169.53,38.7642,43372.16,7
2025-01-21,South,Apparel,Kestrel Logistics,12833,11981,852,30001,0.9336,10.95,2.37,21286.77,28.5354,131162.78,7
2025-01-21,South,Apparel,Northwind Foods,5135,5000,135,14089,0.9737,10.68,0.22,9261.74,28.5354,53406.26,7
2025-01-21,South,Beauty,Kestrel Logistics,7644,7439,205,21748,0.9732,11.85,0.22,13485.0,15.8273,88183.27,7
2025-01-21,South,Beauty,Northwind Foods,11708,11494,214,36588,0.9817,9.99,0.25,21726.14,15.8273,114862.76,7
2025-01-21,South,Electronics,Kestrel Logistics,6632,6344,288,20211,0.9566,11.23,0.81,12606.34,14.6207,71262.33,7
2025-01-21,South,Electronics,Northwind Foods,17025,16089,936,41051,0.945,10.94,0.71,29048.29,14.6207,176000.29,7
2025-01-21,South,Home,Kestrel Logistics,17390,16798,592,40226,0.966,9.38,0.83,33727.31,23.8355,157625.38,7
2025-01-21,South,Home,Northwind Foods,10798,10471,327,36979,0.9697,11.5,0.38,19002.33,23.8355,120416.49,7
2025-01-21,South,Sports,Kestrel Logistics,8096,7798,298,16046,0.9632,7.91,0.2,14311.5,46.8993,61651.59,7
2025-01-21,South,Sports,Northwind Foods,5249,5038,211,17027,0.9598,9.75,2.06,9439.96,46.8993,49110.44,7
2025-01-21,West,Apparel,Kestrel Logistics,12007,11620,387,42804,0.9678,9.3,0.43,23775.53,26.0069,108099.77,7
2025-01-21,West,Apparel,Northwind Foods,17041,16367,674,46668,0.9604,11.79,0.06,27527.26,26.0069,192977.39,7
2025-01-21,West,Beauty,Kestrel Logistics,13040,11981,1059,36343,0.9188,11.52,1.12,19648.28,19.8254,138013.73,7
2025-01-21,West,Beauty,Northwind Foods,8551,8478,73,24400,0.9915,11.19,0.76,15679.62,19.8254,94831.5,7
2025-01-21,West,Electronics,Kestrel Logistics,7868,7618,250,17997,0.9682,9.31,0.3,14057.93,27.3078,70956.92,7
2025-01-21,West,Electronics,Northwind Foods,7380,7090,290,23279,0.9607,11.84,0.51,13764.28,27.3078,83968.95,7
2025-01-21,West,Home,Kestrel Logistics,6795,6512,283,19691,0.9584,13.34,0.92,12608.11,19.482,86859.61,7
2025-01-21,West,Home,Northwind Foods,12542,12170,372,36836,0.9703,10.91,0.11,21466.08,19.482,132759.78,7
2025-01-21,West,Sports,Kestrel Logistics,5767,5599,168,14227,0.9709,12.38,0.02,9988.31,48.5306,69328.23,7
2025-01-21,West,Sports,Northwind Foods,2756,2572,184,9495,0.9332,13.4,0.4,4151.83,48.5306,34464.9,7
2025-01-28,Central,Apparel,Kestrel Logistics,13179,12354,825,32802,0.9374,9.59,0.06,23828.73,22.4832,118510.08,7
2025-01-28,Central,Apparel,Northwind Foods,10417,10376,41,29658,0.9961,11.47,1.55,18908.24,22.4832,119038.56,7
2025-01-28,Central,Beauty,Kestrel Logistics,16913,16221,692,55456,0.9591,10.78,0.36,29641.59,17.233,174842.43,7
2025-01-28,Central,Beauty,Northwind Foods,17571,17229,342,45067,0.9805,12.01,0.77,35443.9,17.233,206852.58,7
2025-01-28,Central,Electronics,Kestrel Logistics,10676,10100,576,28216,0.946,10.11,0.26,21252.68,16.1387,102151.59,7
2025-01-28,Central,Electronics,Northwind Foods,14440,13919,521,41895,0.9639,11.78,0.02,26342.33,16.1387,164031.79,7
2025-01-28,Central,Home,Kestrel Logistics,8431,8333,98,23256,0.9884,11.23,0.03,15776.94,26.2838,93577.98,7
2025-01-28,Central,Home,Northwind Foods,9037,8666,371,24331,0.9589,10.76,0.2,16035.9,26.2838,93227.91,7
2025-01-28,Central,Sports,Kestrel Logistics,5607,5586,21,14135,0.9963,11.69,0.68,11346.41,14.3364,65307.11,7
2025-01-28,Central,Sports,Northwind Foods,8773,8558,215,24168,0.9755,11.34,0.46,14852.79,14.3364,97088.71,7
2025-01-28,East,Apparel,Kestrel Logistics,3282,3193,89,9153,0.9729,9.12,0.2,5986.37,34.5039,29118.25,7
2025-01-28,East,Apparel,Northwind Foods,6261,6175,86,17932,0.9863,10.19,0.28,11016.51,34.5039,62917.86,7
2025-01-28,East,Beauty,Kestrel Logistics,12343,12009,334,36719,0.9729,14.48,0.17,22311.45,14.8059,173949.83,7
2025-01-28,East,Beauty,Northwind Foods,12635,12589,46,34224,0.9964,13.27,0.5,23569.4,14.8059,167115.19,7
2025-01-28,East,Electronics,Kestrel Logistics,3778,3626,152,10128,0.9598,9.15,0.29,6789.04,19.9493,33164.89,7
2025-01-28,East,Electronics,Northwind Foods,10160,9956,204,30755,0.9799,11.63,0.19,18018.63,19.9493,115752.33,7
2025-01-28,East,Home,Kestrel Logistics,9435,8986,449,34163,0.9524,11.71,0.01,18520.02,22.5484,105250.9,7
2025-01-28,East,Home,Northwind Foods,12510,12087,423,35614,0.9662,9.92,0.03,24325.75,22.5484,119873.15,7
2025-01-28,East,Sports,Kestrel Logistics,7215,6809,406,17761,0.9437,9.3,0.46,12313.56,12.6379,63337.0,7
2025-01-28,East,Sports,Northwind Foods,3562,3501,61,13260,0.9829,12.88,0.07,6420.13,12.6379,45084.34,7
2025-01-28,North,Apparel,Kestrel Logistics,18388,17681,707,46086,0.9616,11.27,0.07,37103.0,25.0458,199340.98,7
2025-01-28,North,Apparel,Northwind Foods,14150,13854,296,36856,0.9791,10.83,0.18,24593.47,25.0458,149982.49,7
2025-01-28,North,Beauty,Kestrel Logistics,18319,17925,394,51122,0.9785,10.52,0.2,35010.06,21.2298,188552.33,7
2025-01-28,North,Beauty,Northwind Foods,13510,13322,188,45196,0.9861,12.21,1.36,24804.46,21.2298,162667.08,7
2025-01-28,North,Electronics,Kestrel Logistics,12247,11979,268,44822,0.9781,11.87,0.91,24608.19,28.4978,142186.86,7
2025-01-28,North,Electronics,Northwind Foods,13995,13964,31,43135,0.9978,8.81,0.29,26733.26,28.4978,123032.05,7
2025-01-28,North,Home,Kestrel Logistics,12327,11881,446,38760,0.9638,10.88,0.49,20763.19,21.2691,129317.22,7
2025-01-28,North,Home,Northwind Foods,7847,7350,497,22021,0.9367,12.57,0.34,13429.09,21.2691,92424.15,7
2025-01-28,North,Sports,Kestrel Logistics,14413,13774,639,38313,0.9557,10.34,0.31,26632.8,20.8323,142364.1,7
2025-01-28,North,Sports,Northwind Foods,19113,18041,1072,57610,0.9439,11.57,0.1,36478.89,20.8323,208686.31,7
2025-01-28,South,Apparel,Kestrel Logistics,9799,9568,231,25684,0.9764,12.44,0.44,19059.51,26.8449,118997.18,7
2025-01-28,South,Apparel,Northwind Foods,4024,3993,31,13550,0.9923,9.82,1.22,7555.58,26.8449,39194.96,7
2025-01-28,South,Beauty,Kestrel Logistics,2697,2553,144,7102,0.9466,11.69,0.22,5093.79,43.984,29835.68,7
2025-01-28,South,Beauty,Northwind Foods,4142,3945,197,13798,0.9524,11.54,0.38,7485.57,43.984,45535.14,7
2025-01-28,South,Electronics,Kestrel Logistics,3640,3433,207,8911,0.9431,9.52,0.83,6637.47,47.8507,32693.22,7
2025-01-28,South,Electronics,Northwind Foods,9016,8706,310,24572,0.9656,13.1,0.05,16304.68,47.8507,114074.38,7
2025-01-28,South,Home,Kestrel Logistics,16401,15919,482,45234,0.9706,11.22,0.12,28971.17,11.6996,178628.8,7
2025-01-28,South,Home,Northwind Foods,10412,9922,490,26360,0.9529,10.23,0.27,18838.81,11.6996,101473.91,7
2025-01-28,South,Sports,Kestrel Logistics,8991,8775,216,25565,0.976,12.1,0.06,15914.87,18.8244,106145.83,7
2025-01-28,South,Sports,Northwind Foods,5750,5668,82,11885,0.9857,10.21,0.4,10378.12,18.8244,57870.06,7
2025-01-28,West,Apparel,Kestrel Logistics,5510,5347,163,17610,0.9704,9.61,0.13,9666.51,10.774,51387.1,7
2025-01-28,West,Apparel,Northwind Foods,8154,7532,622,21175,0.9237,10.74,0.83,14119.17,10.774,80875.91,7
2025-01-28,West,Beauty,Kestrel Logistics,7460,7254,206,19855,0.9724,11.24,0.43,13689.57,19.0452,81523.89,7
2025-01-28,West,Beauty,Northwind Foods,5312,5133,179,16205,0.9663,11.09,0.32,9703.02,19.0452,56935.65,7
2025-01-28,West,Electronics,Kestrel Logistics,11574,10739,835,31281,0.9279,11.55,0.68,20088.19,16.7882,124039.72,7
2025-01-28,West,Electronics,Northwind Foods,10053,9994,59,28280,0.9941,12.31,0.38,18678.55,16.7882,123011.7,7
2025-01-28,West,Home,Kestrel Logistics,9988,9745,243,26259,0.9757,11.45,0.3,17774.07,20.3719,111564.74,7
2025-01-28,West,Home,Northwind Foods,19082,18211,871,64684,0.9544,11.65,0.15,32736.65,20.3719,212078.11,7
2025-01-28,West,Sports,Kestrel Logistics,20677,20503,174,52914,0.9916,10.0,1.12,37703.21,17.0548,204974.5,7
2025-01-28,West,Sports,Northwind Foods,10057,9419,638,25739,0.9366,10.74,0.52,15969.62,17.0548,101126.98,7
2025-02-04,Central,Apparel,Kestrel Logistics,12741,12489,252,38891,0.9802,10.53,0.75,23220.0,20.4722,131554.45,7
2025-02-04,Central,Apparel,Northwind Foods,10797,10491,306,25698,0.9717,11.4,0.64,18451.7,20.4722,119643.28,7
2025-02-04,Central,Beauty,Kestrel Logistics,12432,12179,253,42340,0.9796,12.88,0.44,20220.95,14.744,156854.01,7
2025-02-04,Central,Beauty,Northwind Foods,13549,12936,613,39783,0.9548,13.37,0.2,23076.66,14.744,172899.36,7
2025-02-04,Central,Electronics,Kestrel Logistics,13091,12688,403,49361,0.9692,11.53,0.28,23201.19,17.5034,146290.78,7
2025-02-04,Central,Electronics,Northwind Foods,17767,17487,280,59225,0.9842,11.89,0.99,35994.38,17.5034,207850.04,7
2025-02-04,Central,Home,Kestrel Logistics,14527,14089,438,40904,0.9698,9.23,0.02,25377.86,18.5685,130103.84,7
2025-02-04,Central,Home,Northwind Foods,15117,14652,465,43554,0.9692,10.88,0.44,29067.41,18.5685,159367.71,7
2025-02-04,Central,Sports,Kestrel Logistics,14310,13771,539,44876,0.9623,11.14,0.37,24009.3,23.7642,153435.93,7
2025-02-04,Central,Sports,Northwind Foods,22223,21100,1123,53110,0.9495,10.7,0.57,42349.3,23.7642,225714.27,7
2025-02-04,East,Apparel,Kestrel Logistics,3067,2981,86,9664,0.972,11.66,0.21,5213.66,36.1378,34750.56,7
2025-02-04,East,Apparel,Northwind Foods,5991,5765,226,17549,0.9623,11.32,0.53,10759.12,36.1378,65266.94,7
2025-02-04,East,Beauty,Kestrel Logistics,9619,9099,520,28485,0.9459,10.03,0.59,16623.36,12.9582,91271.93,7
2025-02-04,East,Beauty,Northwind Foods,9702,9537,165,24576,0.983,12.29,0.01,19937.75,12.9582,117208.42,7
2025-02-04,East,Electronics,Kestrel Logistics,6255,6203,52,18929,0.9917,13.03,0.03,11734.08,31.8029,80832.53,7
2025-02-04,East,Electronics,Northwind Foods,17694,17035,659,52403,0.9628,10.04,0.12,32820.17,31.8029,171094.33,7
2025-02-04,East,Home,Kestrel Logistics,3261,3099,162,10666,0.9503,10.45,1.25,5881.56,29.1344,32393.6,7
2025-02-04,East,Home,Northwind Foods,4380,4168,212,11446,0.9516,12.08,0.35,7700.96,29.1344,50346.83,7
2025-02-04,East,Sports,Kestrel Logistics,18747,18376,371,47549,0.9802,10.86,0.13,35131.4,23.2263,199493.54,7
2025-02-04,East,Sports,Northwind Foods,9755,9449,306,35543,0.9686,10.85,0.1,18668.61,23.2263,102520.75,7
2025-02-04,North,Apparel,Kestrel Logistics,12476,12338,138,23826,0.9889,11.66,0.23,23417.99,20.3969,143882.75,7
2025-02-04,North,Apparel,Northwind Foods,10017,9668,349,31591,0.9652,11.04,0.62,18031.08,20.3969,106775.36,7
2025-02-04,North,Beauty,Kestrel Logistics,10204,10001,203,23056,0.9801,11.27,0.22,18116.26,32.7028,112667.86,7
2025-02-04,North,Beauty,Northwind Foods,7580,7432,148,24142,0.9805,14.55,0.59,15065.71,32.7028,108128.09,7
2025-02-04,North,Electronics,Kestrel Logistics,10191,10181,10,25578,0.999,8.64,0.11,17802.23,17.3007,87952.97,7
2025-02-04,North,Electronics,Northwind Foods,12174,11869,305,33293,0.9749,11.93,0.18,19922.3,17.3007,141569.13,7
2025-02-04,North,Home,Kestrel Logistics,13646,12676,970,41977,0.9289,12.72,0.11,22417.27,15.1882,161243.04,7
2025-02-04,North,Home,Northwind Foods,8158,7842,316,22898,0.9613,10.32,0.41,13766.27,15.1882,80938.38,7
2025-02-04,North,Sports,Kestrel Logistics,6079,5816,263,16671,0.9567,4.86,0.82,10746.9,18.8698,28238.07,7
2025-02-04,North,Sports,Northwind Foods,7665,7618,47,17599,0.9939,11.56,0.17,13496.51,18.8698,88088.77,7
2025-02-04,South,Apparel,Kestrel Logistics,9346,9239,107,33143,0.9886,13.69,0.46,17294.41,30.7331,126439.69,7
2025-02-04,South,Apparel,Northwind Foods,3988,3856,132,10833,0.9669,11.94,1.71,7221.85,30.7331,46054.65,7
2025-02-04,South,Beauty,Kestrel Logistics,5695,5367,328,13754,0.9424,13.13,0.19,10422.37,27.7063,70453.38,7
2025-02-04,South,Beauty,Northwind Foods,8857,8292,565,26206,0.9362,8.21,0.85,14780.07,27.7063,68041.91,7
2025-02-04,South,Electronics,Kestrel Logistics,4655,4426,229,15836,0.9508,12.31,0.36,8835.5,20.7508,54498.22,7
2025-02-04,South,Electronics,Northwind Foods,11989,11224,765,31707,0.9362,7.12,0.22,21319.28,20.7508,79906.6,7
2025-02-04,South,Home,Kestrel Logistics,8343,8130,213,21617,0.9745,7.71,0.18,14777.64,17.1543,62682.63,7
2025-02-04,South,Home,Northwind Foods,5209,5068,141,16549,0.9729,10.99,0.13,9772.75,17.1543,55686.64,7
2025-02-04,South,Sports,Kestrel Logistics,9908,9309,599,27114,0.9395,12.61,0.3,17457.23,21.3156,117397.43,7
2025-02-04,South,Sports,Northwind Foods,6199,6013,186,17443,0.97,11.62,0.57,11850.17,21.3156,69898.68,7
2025-02-04,West,Apparel,Kestrel Logistics,15555,15026,529,35533,0.966,11.82,0.24,28799.43,22.0939,177588.67,7
2025-02-04,West,Apparel,Northwind Foods,22919,21164,1755,59263,0.9234,11.51,0.25,40715.58,22.0939,243585.83,7
2025-02-04,West,Beauty,Kestrel Logistics,21218,20651,567,72609,0.9733,8.39,0.35,38401.62,14.3545,173345.62,7
2025-02-04,West,Beauty,Northwind Foods,15278,14614,664,40164,0.9565,10.42,0.08,26867.85,14.3545,152331.27,7
2025-02-04,West,Electronics,Kestrel Logistics,14440,13971,469,41377,0.9675,13.45,0.02,24744.07,21.8127,187905.14,7
2025-02-04,West,Electronics,Northwind Foods,13300,13003,297,37168,0.9777,11.97,0.13,23897.54,21.8127,155627.83,7
2025-02-04,West,Home,Kestrel Logistics,6150,5960,190,22790,0.9691,8.22,0.24,10643.5,20.4027,48973.16,7
2025-02-04,West,Home,Northwind Foods,11382,11139,243,33998,0.9787,12.58,0.06,18397.35,20.4027,140144.36,7
2025-02-04,West,Sports,Kestrel Logistics,5625,5357,268,18248,0.9524,9.82,0.67,10448.38,31.8244,52582.41,7
2025-02-04,West,Sports,Northwind Foods,2525,2461,64,7391,0.9747,8.88,0.53,4598.19,31.8244,21851.58,7
2025-02-11,Central,Apparel,Kestrel Logistics,11822,11450,372,33247,0.9685,11.06,0.48,20886.35,22.7249,126658.36,7
2025-02-11,Central,Apparel,Northwind Foods,10000,9618,382,26717,0.9618,8.77,0.04,18501.46,22.7249,84348.27,7
2025-02-11,Central,Beauty,Kestrel Logistics,15973,15301,672,41503,0.9579,9.0,0.7,28052.27,20.2787,137672.97,7
2025-02-11,Central,Beauty,Northwind Foods,16587,16251,336,48829,0.9797,11.55,1.31,29041.9,20.2787,187711.76,7
2025-02-11,Central,Electronics,Kestrel Logistics,7155,6870,285,22876,0.9602,11.84,0.36,11365.3,31.9507,81351.42,7
2025-02-11,Central,Electronics,Northwind Foods,9717,9468,249,27688,0.9744,12.09,0.34,16661.9,31.9507,114448.99,7
2025-02-11,Central,Home,Kestrel Logistics,11878,11640,238,34920,0.98,10.76,0.16,23014.18,22.9752,125228.58,7
2025-02-11,Central,Home,Northwind Foods,12572,12105,467,32716,0.9629,10.23,0.33,20664.13,22.9752,123865.35,7
2025-02-11,Central,Sports,Kestrel Logistics,1738,1637,101,4410,0.9419,10.53,0.09,3142.61,57.4702,17245.52,7
2025-02-11,Central,Sports,Northwind Foods,2700,2509,191,8187,0.9293,8.27,0.73,5072.69,57.4702,20750.13,7
2025-02-11,East,Apparel,Kestrel Logistics,6938,6404,534,19385,0.923,11.24,0.79,11022.24,34.3262,71956.92,7
2025-02-11,East,Apparel,Northwind Foods,13200,12386,814,42197,0.9383,11.01,0.35,22847.47,34.3262,136374.06,7
2025-02-11,East,Beauty,Kestrel Logistics,5564,5444,120,12271,0.9784,11.34,0.03,10379.5,29.0403,61745.51,7
2025-02-11,East,Beauty,Northwind Foods,5990,5707,283,16771,0.9528,11.53,0.34,10472.89,29.0403,65804.15,7
2025-02-11,East,Electronics,Kestrel Logistics,6946,6728,218,21113,0.9686,11.4,0.26,12875.47,11.6934,76703.73,7
2025-02-11,East,Electronics,Northwind Foods,19245,18473,772,52855,0.9599,10.63,1.03,35593.11,11.6934,196366.49,7
2025-02-11,East,Home,Kestrel Logistics,14772,14608,164,46905,0.9889,10.87,1.41,29650.19,18.1531,158734.95,7
2025-02-11,East,Home,Northwind Foods,19955,19648,307,71681,0.9846,12.4,0.05,38547.12,18.1531,243691.09,7
2025-02-11,East,Sports,Kestrel Logistics,8821,8727,94,22262,0.9893,10.74,0.11,18409.53,25.494,93722.4,7
2025-02-11,East,Sports,Northwind Foods,4657,4488,169,15341,0.9637,11.44,0.22,8134.66,25.494,51363.51,7
2025-02-11,North,Apparel,Kestrel Logistics,13014,12362,652,42691,0.9499,11.73,0.06,21979.71,29.7225,145031.37,7
2025-02-11,North,Apparel,Northwind Foods,10020,9686,334,28602,0.9667,10.09,0.37,16109.33,29.7225,97775.69,7
2025-02-11,North,Beauty,Kestrel Logistics,15846,14869,977,49938,0.9383,11.54,0.93,28262.77,25.2935,171597.27,7
2025-02-11,North,Beauty,Northwind Foods,11580,11051,529,29509,0.9543,10.22,0.16,20648.79,25.2935,112970.88,7
2025-02-11,North,Electronics,Kestrel Logistics,6619,6345,274,19682,0.9586,10.57,0.46,11447.28,14.7477,67095.15,7
2025-02-11,North,Electronics,Northwind Foods,7794,7397,397,24206,0.9491,11.04,0.22,13560.17,14.7477,81659.61,7
2025-02-11,North,Home,Kestrel Logistics,5199,5178,21,13637,0.996,10.29,0.22,9318.97,11.7617,53274.53,7
2025-02-11,North,Home,Northwind Foods,3271,3204,67,9221,0.9795,10.54,0.97,6580.18,11.7617,33772.08,7
2025-02-11,North,Sports,Kestrel Logistics,5695,5536,159,17907,0.9721,11.54,0.54,11107.44,27.4493,63863.59,7
2025-02-11,North,Sports,Northwind Foods,7713,7251,462,26535,0.9401,8.7,0.1,12730.64,27.4493,63053.81,7
2025-02-11,South,Apparel,Kestrel Logistics,24944,24284,660,69128,0.9735,12.19,0.09,47384.43,27.9771,296010.75,7
2025-02-11,South,Apparel,Northwind Foods,10712,10136,576,31690,0.9462,11.32,0.05,19547.75,27.9771,114781.74,7
2025-02-11,South,Beauty,Kestrel Logistics,7185,6697,488,20501,0.9321,13.65,0.31,11537.06,32.4485,91437.74,7
2025-02-11,South,Beauty,Northwind Foods,10748,10346,402,31184,0.9626,10.26,0.91,19327.55,32.4485,106108.17,7
2025-02-11,South,Electronics,Kestrel Logistics,7935,7571,364,24778,0.9541,9.77,0.1,12946.29,18.0066,74005.36,7
2025-02-11,South,Electronics,Northwind Foods,19562,19204,358,60464,0.9817,10.47,0.56,35677.72,18.0066,201034.57,7
2025-02-11,South,Home,Kestrel Logistics,13650,12909,741,31695,0.9457,8.57,0.45,24661.87,33.3573,110662.51,7
2025-02-11,South,Home,Northwind Foods,8423,8047,376,21802,0.9554,9.61,0.44,15067.31,33.3573,77322.34,7
2025-02-11,South,Sports,Kestrel Logistics,9032,8785,247,20654,0.9727,12.92,0.52,16177.17,11.7794,113497.76,7
2025-02-11,South,Sports,Northwind Foods,5953,5675,278,17203,0.9533,13.15,1.4,11063.28,11.7794,74601.73,7
2025-02-11,West,Apparel,Kestrel Logistics,11808,11465,343,32227,0.971,9.75,0.34,20251.71,24.7006,111731.88,7
2025-02-11,West,Apparel,Northwind Foods,16794,16149,645,46506,0.9616,11.84,0.67,30993.13,24.7006,191221.01,7
2025-02-11,West,Beauty,Kestrel Logistics,7758,7671,87,28662,0.9888,10.51,0.24,14670.01,28.9647,80603.75,7
2025-02-11,West,Beauty,Northwind Foods,5588,5429,159,17279,0.9715,13.54,0.4,10529.08,28.9647,73485.72,7
2025-02-11,West,Electronics,Kestrel Logistics,14689,13784,905,52995,0.9384,13.01,0.17,26176.62,23.7462,179359.65,7
2025-02-11,West,Electronics,Northwind Foods,13379,12828,551,29219,0.9588,10.62,0.23,22782.22,23.7462,136276.51,7
2025-02-11,West,Home,Kestrel Logistics,5568,5340,228,16710,0.9591,14.08,0.13,9917.85,36.6185,75195.45,7
2025-02-11,West,Home,Northwind Foods,10141,9981,160,29079,0.9842,11.92,0.23,19470.93,36.6185,118998.22,7
2025-02-11,West,Sports,Kestrel Logistics,6574,6389,185,21533,0.9719,10.44,0.08,11924.7,48.8148,66727.72,7
2025-02-11,West,Sports,Northwind Foods,2980,2935,45,7263,0.9849,11.35,0.61,5206.45,48.8148,33307.0,7
2025-02-18,Central,Apparel,Kestrel Logistics,8464,8221,243,24475,0.9713,8.41,0.56,14577.67,30.5274,69173.18,7
2025-02-18,Central,Apparel,Northwind Foods,7174,6906,268,20824,0.9626,10.14,1.25,13129.01,30.5274,70050.83,7
2025-02-18,Central,Beauty,Kestrel Logistics,12879,12866,13,38951,0.999,12.6,0.09,24422.89,24.1307,162142.87,7
2025-02-18,Central,Beauty,Northwind Foods,13680,13666,14,31164,0.999,10.61,0.76,24008.33,24.1307,144995.79,7
2025-02-18,Central,Electronics,Kestrel Logistics,11908,11526,382,33566,0.9679,11.03,0.33,23615.07,33.4056,127113.7,7
2025-02-18,Central,Electronics,Northwind Foods,16440,15885,555,52646,0.9662,11.84,0.16,30597.0,33.4056,188052.47,7
2025-02-18,Central,Home,Kestrel Logistics,8192,7781,411,26617,0.9498,11.32,0.57,13524.62,23.4181,88062.42,7
2025-02-18,Central,Home,Northwind Foods,8219,8091,128,27802,0.9844,9.61,0.29,15466.59,23.4181,77730.98,7
2025-02-18,Central,Sports,Kestrel Logistics,8785,8473,312,30439,0.9645,11.6,1.31,16501.9,19.9547,98312.28,7
2025-02-18,Central,Sports,Northwind Foods,13370,12982,388,35855,0.971,12.42,0.3,26466.14,19.9547,161209.69,7
2025-02-18,East,Apparel,Kestrel Logistics,4606,4376,230,13209,0.9501,9.88,0.06,7678.56,15.3994,43253.52,7
2025-02-18,East,Apparel,Northwind Foods,8720,8464,256,25534,0.9706,11.23,0.09,14088.43,15.3994,95079.75,7
2025-02-18,East,Beauty,Kestrel Logistics,16365,15182,1183,45937,0.9277,6.62,0.23,29263.67,22.1113,100433.99,7
2025-02-18,East,Beauty,Northwind Foods,16995,15914,1081,48327,0.9364,12.21,0.15,28717.3,22.1113,194374.46,7
2025-02-18,East,Electronics,Kestrel Logistics,2885,2760,125,8090,0.9567,14.6,0.43,5075.59,25.0208,40291.72,7
2025-02-18,East,Electronics,Northwind Foods,8022,7580,442,15335,0.9449,11.54,0.83,12354.65,25.0208,87442.76,7
2025-02-18,East,Home,Kestrel Logistics,9213,9204,9,33172,0.999,10.66,0.18,14614.52,22.9956,98133.81,7
2025-02-18,East,Home,Northwind Foods,12901,12381,520,30871,0.9597,8.89,0.25,23799.34,22.9956,110045.76,7
2025-02-18,East,Sports,Kestrel Logistics,10156,9625,531,31921,0.9477,10.35,0.23,18578.1,18.2075,99641.7,7
2025-02-18,East,Sports,Northwind Foods,5026,4950,76,17766,0.9849,10.99,0.26,9499.42,18.2075,54395.18,7
2025-02-18,North,Apparel,Kestrel Logistics,12124,11611,513,30486,0.9577,11.66,0.72,20241.7,17.4708,135400.88,7
2025-02-18,North,Apparel,Northwind Foods,9367,9098,269,26488,0.9713,12.45,1.15,16118.79,17.4708,113278.51,7
2025-02-18,North,Beauty,Kestrel Logistics,19033,18430,603,68588,0.9683,12.12,0.29,29540.17,25.5742,223301.23,7
2025-02-18,North,Beauty,Northwind Foods,14269,13697,572,37746,0.9599,11.21,0.16,24246.95,25.5742,153587.48,7
2025-02-18,North,Electronics,Kestrel Logistics,7478,7171,307,15239,0.9589,15.45,0.01,13412.01,31.9469,110804.93,7
2025-02-18,North,Electronics,Northwind Foods,8564,8360,204,22931,0.9762,11.02,0.21,15213.76,31.9469,92156.05,7
2025-02-18,North,Home,Kestrel Logistics,11269,10643,626,37861,0.9444,11.27,0.17,20646.51,34.8311,119982.74,7
2025-02-18,North,Home,Northwind Foods,6691,6585,106,22275,0.9842,11.21,0.17,11439.54,34.8311,73830.27,7
2025-02-18,North,Sports,Kestrel Logistics,4154,4150,4,14051,0.999,10.24,0.16,7777.31,27.9687,42492.55,7
2025-02-18,North,Sports,Northwind Foods,5631,5435,196,19654,0.9652,8.61,0.13,10106.31,27.9687,46770.05,7
2025-02-18,South,Apparel,Kestrel Logistics,10326,10231,95,30894,0.9908,9.13,0.46,19630.54,20.2612,93412.72,7
2025-02-18,South,Apparel,Northwind Foods,4407,4270,137,14716,0.9689,12.61,0.21,7740.72,20.2612,53829.02,7
2025-02-18,South,Beauty,Kestrel Logistics,6998,6826,172,20549,0.9754,11.05,0.93,12370.79,38.6942,75394.82,7
2025-02-18,South,Beauty,Northwind Foods,10911,10547,364,23507,0.9666,7.98,0.14,20771.02,38.6942,84158.94,7
2025-02-18,South,Electronics,Kestrel Logistics,5442,5235,207,15442,0.962,11.06,0.8,10058.59,18.8561,57895.61,7
2025-02-18,South,Electronics,Northwind Foods,13772,13276,496,42893,0.964,12.92,0.09,25495.17,18.8561,171513.21,7
2025-02-18,South,Home,Kestrel Logistics,9400,9144,256,24158,0.9728,8.4,0.06,18334.89,40.3113,76792.38,7
2025-02-18,South,Home,Northwind Foods,5993,5699,294,16714,0.9509,10.53,0.39,10763.43,40.3113,60007.2,7
2025-02-18,South,Sports,Kestrel Logistics,16746,16361,385,60253,0.977,11.93,1.19,29629.88,22.8409,195117.77,7
2025-02-18,South,Sports,Northwind Foods,11128,10568,560,27772,0.9497,11.63,0.21,18840.63,22.8409,122939.19,7
2025-02-18,West,Apparel,Kestrel Logistics,4987,4845,142,14530,0.9715,12.59,0.47,9288.18,22.1066,60990.53,7
2025-02-18,West,Apparel,Northwind Foods,6932,6825,107,25226,0.9846,8.51,1.22,12135.75,22.1066,58050.55,7
2025-02-18,West,Beauty,Kestrel Logistics,14004,13628,376,35919,0.9732,12.59,0.45,24334.75,18.9386,171511.68,7
2025-02-18,West,Beauty,Northwind Foods,10046,9643,403,29937,0.9599,12.07,0.4,17596.5,18.9386,116410.04,7
2025-02-18,West,Electronics,Kestrel Logistics,2921,2868,53,10478,0.9819,11.92,0.2,5785.84,41.2906,34172.67,7
2025-02-18,West,Electronics,Northwind Foods,2782,2669,113,8644,0.9594,11.82,0.2,5348.25,41.2906,31539.4,7
2025-02-18,West,Home,Kestrel Logistics,7202,6906,296,21908,0.9589,12.22,1.32,11902.59,12.9238,84362.74,7
2025-02-18,West,Home,Northwind Foods,13848,12907,941,31390,0.932,11.73,0.24,23485.52,12.9238,151386.32,7
2025-02-18,West,Sports,Kestrel Logistics,13339,12513,826,39991,0.9381,8.9,0.69,23693.9,18.7065,111347.14,7
2025-02-18,West,Sports,Northwind Foods,6186,5748,438,18395,0.9292,8.45,0.43,11624.61,18.7065,48592.09,7
2025-02-25,Central,Apparel,Kestrel Logistics,8637,8474,163,31830,0.9811,10.82,1.17,15759.2,11.7897,91673.87,7
2025-02-25,Central,Apparel,Northwind Foods,7192,7117,75,25694,0.9896,9.97,0.4,13443.42,11.7897,70953.56,7
2025-02-25,Central,Beauty,Kestrel Logistics,5712,5358,354,17414,0.938,11.45,0.03,9707.47,29.0299,61373.5,7
2025-02-25,Central,Beauty,Northwind Foods,5979,5692,287,16582,0.952,11.54,0.13,10108.82,29.0299,65704.99,7
2025-02-25,Central,Electronics,Kestrel Logistics,5900,5636,264,15585,0.9553,12.61,0.18,10193.27,29.1093,71058.09,7
2025-02-25,Central,Electronics,Northwind Foods,8520,7767,753,23544,0.9116,12.56,0.0,14855.86,29.1093,97584.19,7
2025-02-25,Central,Home,Kestrel Logistics,7872,7658,214,24884,0.9728,11.33,0.08,14176.77,25.8459,86795.82,7
2025-02-25,Central,Home,Northwind Foods,7972,7964,8,24693,0.999,9.78,0.18,15052.37,25.8459,77877.25,7
2025-02-25,Central,Sports,Kestrel Logistics,13762,13396,366,35804,0.9734,10.74,0.44,26791.39,24.636,143825.54,7
2025-02-25,Central,Sports,Northwind Foods,21495,20526,969,63232,0.9549,9.81,0.23,35966.44,24.636,201422.37,7
2025-02-25,East,Apparel,Kestrel Logistics,5080,4875,205,13799,0.9596,6.23,0.09,9167.85,17.099,30360.54,7
2025-02-25,East,Apparel,Northwind Foods,10063,9428,635,26661,0.9369,11.45,0.4,17959.85,17.099,107955.39,7
2025-02-25,East,Beauty,Kestrel Logistics,10127,9757,370,30407,0.9635,11.79,1.07,16432.32,23.6375,115064.03,7
2025-02-25,East,Beauty,Northwind Foods,10579,10228,351,27484,0.9668,14.38,0.49,19446.9,23.6375,147035.09,7
2025-02-25,East,Electronics,Kestrel Logistics,7019,6817,202,22931,0.9712,13.7,0.12,11648.38,14.1898,93381.43,7
2025-02-25,East,Electronics,Northwind Foods,19115,18718,397,59061,0.9792,10.17,0.34,33774.4,14.1898,190287.48,7
2025-02-25,East,Home,Kestrel Logistics,8235,7845,390,21852,0.9526,11.19,0.47,14749.75,18.0746,87750.46,7
2025-02-25,East,Home,Northwind Foods,10800,10552,248,28295,0.977,10.51,0.04,19642.9,18.0746,110939.47,7
2025-02-25,East,Sports,Kestrel Logistics,10724,10663,61,31338,0.9943,13.31,0.76,20889.02,23.0619,141954.26,7
2025-02-25,East,Sports,Northwind Foods,5588,5483,105,19615,0.9812,10.32,0.4,10215.23,23.0619,56573.8,7
2025-02-25,North,Apparel,Kestrel Logistics,19055,18084,971,53076,0.949,11.21,0.55,32118.44,16.9641,202708.58,7
2025-02-25,North,Apparel,Northwind Foods,14954,14169,785,42666,0.9475,10.85,0.45,24250.17,16.9641,153776.46,7
2025-02-25,North,Beauty,Kestrel Logistics,10538,10133,405,34809,0.9616,11.82,0.91,18993.44,15.137,119763.91,7
2025-02-25,North,Beauty,Northwind Foods,7614,7531,83,25762,0.9891,12.69,0.83,14220.99,15.137,95532.96,7
2025-02-25,North,Electronics,Kestrel Logistics,10744,10282,462,30947,0.957,12.55,0.29,20159.7,14.2936,129085.86,7
2025-02-25,North,Electronics,Northwind Foods,12104,11986,118,40914,0.9903,10.92,1.01,20715.68,14.2936,130934.02,7
2025-02-25,North,Home,Kestrel Logistics,15068,14576,492,54151,0.9673,11.44,0.91,27539.41,25.3743,166813.2,7
2025-02-25,North,Home,Northwind Foods,9097,9017,80,24129,0.9912,14.55,2.04,17968.61,25.3743,131232.3,7
2025-02-25,North,Sports,Kestrel Logistics,9510,9445,65,26733,0.9932,11.24,0.19,17612.8,14.7903,106151.2,7
2025-02-25,North,Sports,Northwind Foods,12757,12370,387,41044,0.9697,11.16,0.74,21157.78,14.7903,138092.05,7
2025-02-25,South,Apparel,Kestrel Logistics,8136,7713,423,21605,0.948,10.16,0.07,14075.1,14.4001,78372.74,7
2025-02-25,South,Apparel,Northwind Foods,3358,3219,139,11359,0.9586,12.83,0.48,6056.49,14.4001,41314.58,7
2025-02-25,South,Beauty,Kestrel Logistics,10515,10233,282,36318,0.9732,8.85,0.6,18821.31,26.489,90537.28,7
2025-02-25,South,Beauty,Northwind Foods,16521,15809,712,55711,0.9569,10.61,0.9,31216.77,26.489,167739.11,7
2025-02-25,South,Electronics,Kestrel Logistics,4191,4092,99,13160,0.9764,10.28,0.61,7866.62,16.0689,42045.63,7
2025-02-25,South,Electronics,Northwind Foods,11077,10377,700,27579,0.9368,9.34,0.05,21217.54,16.0689,96948.0,7
2025-02-25,South,Home,Kestrel Logistics,8361,8241,120,32727,0.9856,13.48,0.56,15947.48,32.4715,111061.62,7
2025-02-25,South,Home,Northwind Foods,5377,5137,240,16903,0.9554,10.92,0.02,9634.64,32.4715,56104.71,7
2025-02-25,South,Sports,Kestrel Logistics,4109,3907,202,13800,0.9508,9.72,0.01,7552.87,29.0745,37988.11,7
2025-02-25,South,Sports,Northwind Foods,2738,2524,214,6876,0.9218,11.75,0.02,5026.82,29.0745,29657.98,7
2025-02-25,West,Apparel,Kestrel Logistics,9486,9013,473,22883,0.9501,12.92,0.38,16123.87,31.5781,116489.85,7
2025-02-25,West,Apparel,Northwind Foods,13582,12694,888,38164,0.9346,9.98,0.03,23394.85,31.5781,126696.62,7
2025-02-25,West,Beauty,Kestrel Logistics,17206,16548,658,49659,0.9618,11.04,0.97,26877.82,15.604,182680.15,7
2025-02-25,West,Beauty,Northwind Foods,12079,11710,369,34608,0.9695,12.58,0.75,20448.06,15.604,147279.65,7
2025-02-25,West,Electronics,Kestrel Logistics,6296,6058,238,18876,0.9622,12.57,0.4,10990.06,31.0006,76178.78,7
2025-02-25,West,Electronics,Northwind Foods,5870,5638,232,14697,0.9605,10.38,0.35,10521.17,31.0006,58525.05,7
2025-02-25,West,Home,Kestrel Logistics,6668,6314,354,19501,0.9469,11.55,0.1,12281.8,24.0063,72919.39,7
2025-02-25,West,Home,Northwind Foods,12182,11800,382,39598,0.9686,9.61,0.17,21465.3,24.0063,113390.24,7
2025-02-25,West,Sports,Kestrel Logistics,14720,14380,340,42347,0.9769,11.29,0.27,29123.77,18.0118,162314.22,7
2025-02-25,West,Sports,Northwind Foods,6757,6606,151,18489,0.9777,14.18,0.38,12152.62,18.0118,93684.46,7
2025-03-04,Central,Apparel,Kestrel Logistics,15049,14673,376,45203,0.975,11.57,0.1,25827.22,19.3776,169832.88,7
2025-03-04,Central,Apparel,Northwind Foods,12680,12324,356,36951,0.9719,9.91,0.41,22146.08,19.3776,122181.94,7
2025-03-04,Central,Beauty,Kestrel Logistics,16078,16062,16,49808,0.999,9.05,0.46,30788.52,10.8276,145332.8,7
2025-03-04,Central,Beauty,Northwind Foods,17582,17060,522,58213,0.9703,10.34,0.23,29576.39,10.8276,176434.31,7
2025-03-04,Central,Electronics,Kestrel Logistics,10761,10325,436,28818,0.9595,12.56,0.06,18533.57,13.1013,129733.3,7
2025-03-04,Central,Electronics,Northwind Foods,14769,14229,540,35274,0.9634,11.98,0.35,27839.22,13.1013,170484.06,7
2025-03-04,Central,Home,Kestrel Logistics,17098,16182,916,55303,0.9464,10.47,0.86,32227.27,16.7741,169455.8,7
2025-03-04,Central,Home,Northwind Foods,17687,16828,859,51522,0.9514,10.56,0.98,29475.62,16.7741,177783.29,7
2025-03-04,Central,Sports,Kestrel Logistics,8430,8000,430,29273,0.949,10.79,0.78,15547.56,18.2221,86320.72,7
2025-03-04,Central,Sports,Northwind Foods,13003,12257,746,42680,0.9426,9.65,0.24,21031.02,18.2221,118326.73,7
2025-03-04,East,Apparel,Kestrel Logistics,10194,9899,295,32504,0.9711,9.58,0.48,18676.75,22.5762,94877.5,7
2025-03-04,East,Apparel,Northwind Foods,19866,19145,721,58364,0.9637,10.21,0.0,34407.09,22.5762,195521.84,7
2025-03-04,East,Beauty,Kestrel Logistics,7036,6693,343,21148,0.9513,11.65,0.75,12676.9,14.7474,77994.13,7
2025-03-04,East,Beauty,Northwind Foods,7263,7015,248,17255,0.9659,13.65,0.1,13676.55,14.7474,95747.99,7
2025-03-04,East,Electronics,Kestrel Logistics,9371,9168,203,27291,0.9783,12.24,0.24,18144.75,16.2278,112186.61,7
2025-03-04,East,Electronics,Northwind Foods,25658,25176,482,65473,0.9812,11.8,0.03,45888.01,16.2278,297110.87,7
2025-03-04,East,Home,Kestrel Logistics,2194,2091,103,6509,0.9531,10.42,0.5,4580.61,28.8347,21791.66,7
2025-03-04,East,Home,Northwind Foods,2923,2812,111,11601,0.962,12.08,0.04,5277.4,28.8347,33967.42,7
2025-03-04,East,Sports,Kestrel Logistics,12312,11923,389,37575,0.9684,10.62,1.12,20160.68,13.6894,126662.29,7
2025-03-04,East,Sports,Northwind Foods,6289,6131,158,16426,0.9749,11.38,0.06,10375.33,13.6894,69780.43,7
2025-03-04,North,Apparel,Kestrel Logistics,7697,7418,279,19607,0.9638,11.48,0.54,13701.51,30.6638,85146.53,7
2025-03-04,North,Apparel,Northwind Foods,6191,5813,378,16323,0.9389,11.61,0.86,11288.67,30.6638,67511.3,7
2025-03-04,North,Beauty,Kestrel Logistics,11103,10535,568,35779,0.9488,9.14,0.33,18419.39,24.4988,96279.17,7
2025-03-04,North,Beauty,Northwind Foods,8075,7830,245,29607,0.9697,10.46,0.49,15059.57,24.4988,81935.28,7
2025-03-04,North,Electronics,Kestrel Logistics,13928,13076,852,37325,0.9388,10.71,0.75,24743.74,29.421,140096.56,7
2025-03-04,North,Electronics,Northwind Foods,15741,15244,497,47688,0.9684,11.2,0.03,28277.73,29.421,170804.93,7
2025-03-04,North,Home,Kestrel Logistics,16432,16226,206,57974,0.9875,11.71,1.17,30366.05,21.9617,190018.25,7
2025-03-04,North,Home,Northwind Foods,10149,10038,111,28955,0.9891,8.35,1.58,18065.46,21.9617,83852.22,7
2025-03-04,North,Sports,Kestrel Logistics,5428,5274,154,9783,0.9716,14.54,1.1,9949.51,32.9427,76682.37,7
2025-03-04,North,Sports,Northwind Foods,7191,6907,284,21508,0.9605,12.35,0.09,11908.07,32.9427,85311.67,7
2025-03-04,South,Apparel,Kestrel Logistics,14296,13498,798,41412,0.9442,10.25,0.28,23426.1,18.8219,138297.85,7
2025-03-04,South,Apparel,Northwind Foods,6113,5634,479,21968,0.9216,10.45,1.17,11176.19,18.8219,58888.39,7
2025-03-04,South,Beauty,Kestrel Logistics,13885,13131,754,44693,0.9457,11.29,0.26,25737.65,19.3173,148276.55,7
2025-03-04,South,Beauty,Northwind Foods,21139,20287,852,63448,0.9597,9.45,0.48,35095.28,19.3173,191647.45,7
2025-03-04,South,Electronics,Kestrel Logistics,8536,8527,9,27947,0.9989,9.86,0.15,16437.97,13.1819,84111.91,7
2025-03-04,South,Electronics,Northwind Foods,22118,21628,490,68623,0.9778,11.28,1.02,37379.75,13.1819,244034.03,7
2025-03-04,South,Home,Kestrel Logistics,16165,15356,809,39054,0.95,8.23,0.61,27815.11,22.1971,126377.85,7
2025-03-04,South,Home,Northwind Foods,10141,9571,570,27207,0.9438,10.76,0.01,17755.35,22.1971,102937.04,7
2025-03-04,South,Sports,Kestrel Logistics,7908,7861,47,27763,0.9941,9.92,0.16,15217.75,15.8032,77989.37,7
2025-03-04,South,Sports,Northwind Foods,5239,5078,161,15763,0.9693,12.3,0.74,10083.15,15.8032,62443.8,7
2025-03-04,West,Apparel,Kestrel Logistics,780,756,24,2064,0.9692,9.0,0.01,1248.06,2.5903,6805.99,7
2025-03-04,West,Apparel,Northwind Foods,1130,1066,64,2942,0.9434,10.95,0.07,1999.68,2.5903,11674.28,7
2025-03-04,West,Beauty,Kestrel Logistics,11156,10434,722,29530,0.9353,10.61,0.45,18269.36,19.3121,110689.84,7
2025-03-04,West,Beauty,Northwind Foods,7400,7384,16,25501,0.9978,10.18,0.32,14146.88,19.3121,75203.86,7
2025-03-04,West,Electronics,Kestrel Logistics,15814,15140,674,43322,0.9574,11.67,0.48,28019.27,21.1418,176708.41,7
2025-03-04,West,Electronics,Northwind Foods,14960,14091,869,40124,0.9419,10.98,0.79,25779.8,21.1418,154778.26,7
2025-03-04,West,Home,Kestrel Logistics,1030,1009,21,2437,0.9796,12.03,0.39,1843.01,57.0826,12134.03,7
2025-03-04,West,Home,Northwind Foods,1975,1887,88,5615,0.9554,13.01,0.17,3822.12,57.0826,24558.75,7
2025-03-04,West,Sports,Kestrel Logistics,20534,19159,1375,59116,0.933,13.02,0.44,38048.66,21.7362,249537.27,7
2025-03-04,West,Sports,Northwind Foods,9079,8801,278,24640,0.9694,12.35,0.83,15123.58,21.7362,108666.21,7
2025-03-11,Central,Apparel,Kestrel Logistics,13358,12752,606,43741,0.9546,10.95,0.07,24491.18,18.2688,139616.67,7
2025-03-11,Central,Apparel,Northwind Foods,10994,10711,283,33021,0.9743,11.8,0.73,20534.38,18.2688,126364.0,7
2025-03-11,Central,Beauty,Kestrel Logistics,12673,12086,587,43048,0.9537,12.5,0.48,24285.57,20.8472,151101.75,7
2025-03-11,Central,Beauty,Northwind Foods,12995,12838,157,47285,0.9879,12.41,0.59,25517.82,20.8472,159354.97,7
2025-03-11,Central,Electronics,Kestrel Logistics,9174,8942,232,26332,0.9747,8.96,0.84,15392.16,33.8533,80151.81,7
2025-03-11,Central,Electronics,Northwind Foods,12923,12323,600,41155,0.9536,11.91,0.22,21781.08,33.8533,146742.19,7
2025-03-11,Central,Home,Kestrel Logistics,12811,12466,345,37481,0.9731,10.62,0.02,22759.45,23.6731,132329.14,7
2025-03-11,Central,Home,Northwind Foods,13246,12964,282,35892,0.9787,9.82,1.6,24993.66,23.6731,127331.83,7
2025-03-11,Central,Sports,Kestrel Logistics,13721,13374,347,44205,0.9747,10.97,0.29,23354.29,23.7881,146714.32,7
2025-03-11,Central,Sports,Northwind Foods,21923,20491,1432,65930,0.9347,12.09,0.23,37582.76,23.7881,247766.3,7
2025-03-11,East,Apparel,Kestrel Logistics,3631,3519,112,10399,0.9692,12.84,0.15,6641.05,15.6841,45188.64,7
2025-03-11,East,Apparel,Northwind Foods,7191,6805,386,21990,0.9463,12.59,0.32,12956.79,15.6841,85685.95,7
2025-03-11,East,Beauty,Kestrel Logistics,8969,8727,242,30268,0.973,12.69,0.25,15024.21,28.0328,110726.05,7
2025-03-11,East,Beauty,Northwind Foods,9738,9148,590,30118,0.9394,12.68,0.03,16792.22,28.0328,115986.02,7
2025-03-11,East,Electronics,Kestrel Logistics,4687,4415,272,13193,0.942,11.68,0.22,8272.18,16.9699,51548.17,7
2025-03-11,East,Electronics,Northwind Foods,12755,12123,632,40332,0.9505,9.55,0.3,23783.46,16.9699,115752.93,7
2025-03-11,East,Home,Kestrel Logistics,10815,10484,331,28113,0.9694,8.69,0.4,17355.96,28.7561,91119.66,7
2025-03-11,East,Home,Northwind Foods,14422,14103,319,37941,0.9779,10.15,0.3,27548.81,28.7561,143137.83,7
2025-03-11,East,Sports,Kestrel Logistics,16546,16399,147,50763,0.9911,12.85,0.15,29250.68,26.4454,210803.11,7
2025-03-11,East,Sports,Northwind Foods,8840,8433,407,23165,0.954,10.6,0.26,15645.38,26.4454,89369.06,7
2025-03-11,North,Apparel,Kestrel Logistics,14172,13684,488,33862,0.9656,13.82,0.43,26509.29,17.4821,189180.38,7
2025-03-11,North,Apparel,Northwind Foods,11204,10723,481,34239,0.9571,11.65,0.31,19873.4,17.4821,124869.75,7
2025-03-11,North,Beauty,Kestrel Logistics,10493,10009,484,30931,0.9539,14.43,1.69,18533.43,25.2828,144399.08,7
2025-03-11,North,Beauty,Northwind Foods,7670,7439,231,20924,0.9699,11.25,0.34,14016.71,25.2828,83674.78,7
2025-03-11,North,Electronics,Kestrel Logistics,6856,6550,306,20706,0.9554,11.03,0.32,11172.48,42.1188,72256.14,7
2025-03-11,North,Electronics,Northwind Foods,7843,7635,208,20354,0.9735,11.25,0.46,14133.78,42.1188,85882.52,7
2025-03-11,North,Home,Kestrel Logistics,5190,5136,54,14028,0.9896,12.55,0.13,10034.3,34.03,64481.39,7
2025-03-11,North,Home,Northwind Foods,3318,3177,141,9168,0.9575,9.21,0.12,5611.03,34.03,29256.53,7
2025-03-11,North,Sports,Kestrel Logistics,13821,12737,1084,40067,0.9216,10.09,0.23,24907.06,21.2057,128568.98,7
2025-03-11,North,Sports,Northwind Foods,17630,16683,947,50379,0.9463,10.3,0.23,30083.42,21.2057,171785.27,7
2025-03-11,South,Apparel,Kestrel Logistics,8757,8748,9,25456,0.999,12.62,0.48,16895.24,37.9546,110412.98,7
2025-03-11,South,Apparel,Northwind Foods,3673,3651,22,9802,0.994,12.79,0.22,7033.43,37.9546,46709.88,7
2025-03-11,South,Beauty,Kestrel Logistics,9306,8656,650,23518,0.9302,10.49,0.62,15664.5,24.7423,90826.82,7
2025-03-11,South,Beauty,Northwind Foods,13965,13374,591,42445,0.9577,12.58,0.82,25153.75,24.7423,168310.08,7
2025-03-11,South,Electronics,Kestrel Logistics,3254,3123,131,7587,0.9597,10.92,0.11,5962.54,23.5498,34091.3,7
2025-03-11,South,Electronics,Northwind Foods,8256,7921,335,18886,0.9594,10.93,0.55,14543.1,23.5498,86565.71,7
2025-03-11,South,Home,Kestrel Logistics,10816,10221,595,25658,0.945,13.17,0.12,20084.77,16.2575,134661.58,7
2025-03-11,South,Home,Northwind Foods,6625,6370,255,18121,0.9615,12.1,0.93,10532.04,16.2575,77048.5,7
2025-03-11,South,Sports,Kestrel Logistics,11307,11018,289,39868,0.9744,13.76,0.52,20295.36,24.5952,151661.09,7
2025-03-11,South,Sports,Northwind Foods,7296,7117,179,20432,0.9755,11.52,0.42,12837.21,24.5952,81955.14,7
2025-03-11,West,Apparel,Kestrel Logistics,1418,1386,32,4013,0.9774,10.67,1.45,2558.99,9.1707,14790.4,7
2025-03-11,West,Apparel,Northwind Foods,2082,1953,129,4859,0.938,12.26,0.95,3599.02,9.1707,23936.11,7
2025-03-11,West,Beauty,Kestrel Logistics,6372,6169,203,19442,0.9681,13.39,0.39,11499.23,41.1919,82592.52,7
2025-03-11,West,Beauty,Northwind Foods,4370,4366,4,16556,0.9991,12.16,0.21,7546.58,41.1919,53091.42,7
2025-03-11,West,Electronics,Kestrel Logistics,5190,4995,195,14694,0.9624,12.66,1.55,8296.14,23.8913,63244.93,7
2025-03-11,West,Electronics,Northwind Foods,4847,4648,199,13309,0.9589,13.8,0.88,8854.34,23.8913,64131.27,7
2025-03-11,West,Home,Kestrel Logistics,3921,3662,259,13293,0.9339,10.7,0.11,7078.16,35.2407,39171.06,7
2025-03-11,West,Home,Northwind Foods,7012,6844,168,21623,0.976,11.04,0.24,11837.91,35.2407,75530.0,7
2025-03-11,West,Sports,Kestrel Logistics,26449,25337,1112,68881,0.958,13.34,0.14,47573.6,16.8741,338085.89,7
2025-03-11,West,Sports,Northwind Foods,12024,11639,385,32622,0.968,11.81,0.05,22296.32,16.8741,137415.82,7
2025-03-18,Central,Apparel,Kestrel Logistics,9006,8663,343,26321,0.9619,11.64,0.77,16599.99,23.9069,100805.65,7
2025-03-18,Central,Apparel,Northwind Foods,7289,7276,13,18102,0.9982,11.61,0.73,13001.49,23.9069,84454.55,7
2025-03-18,Central,Beauty,Kestrel Logistics,13057,12341,716,34897,0.9452,10.54,0.23,22674.08,18.1212,130085.89,7
2025-03-18,Central,Beauty,Northwind Foods,13175,13109,66,32483,0.995,11.07,0.46,22793.03,18.1212,145142.28,7
2025-03-18,Central,Electronics,Kestrel Logistics,13986,13577,409,46148,0.9708,11.19,0.34,24914.0,13.0256,151921.15,7
2025-03-18,Central,Electronics,Northwind Foods,19180,18711,469,49818,0.9755,10.77,0.48,32354.11,13.0256,201573.82,7
2025-03-18,Central,Home,Kestrel Logistics,12831,12423,408,39101,0.9682,10.66,0.44,23851.07,16.2366,132483.85,7
2025-03-18,Central,Home,Northwind Foods,13609,12920,689,36320,0.9494,13.41,0.24,22670.58,16.2366,173196.99,7
2025-03-18,Central,Sports,Kestrel Logistics,4774,4579,195,13961,0.9592,9.79,0.44,8229.48,44.6318,44821.41,7
2025-03-18,Central,Sports,Northwind Foods,7110,7016,94,16868,0.9868,11.07,0.22,13260.73,44.6318,77692.78,7
2025-03-18,East,Apparel,Kestrel Logistics,2746,2649,97,7528,0.9647,12.91,0.63,4666.32,35.1805,34207.47,7
2025-03-18,East,Apparel,Northwind Foods,5482,5123,359,13080,0.9345,12.0,0.51,9994.22,35.1805,61492.82,7
2025-03-18,East,Beauty,Kestrel Logistics,8431,8084,347,27051,0.9588,11.28,0.94,14495.66,29.8432,91225.6,7
2025-03-18,East,Beauty,Northwind Foods,8931,8473,458,32378,0.9487,13.27,0.03,15647.4,29.8432,112473.12,7
2025-03-18,East,Electronics,Kestrel Logistics,5368,5015,353,21004,0.9342,10.79,1.46,9576.23,14.7151,54086.92,7
2025-03-18,East,Electronics,Northwind Foods,14293,13772,521,40659,0.9635,11.8,0.3,26423.91,14.7151,162566.01,7
2025-03-18,East,Home,Kestrel Logistics,8271,8053,218,27644,0.9736,11.44,0.12,14959.87,26.8097,92122.71,7
2025-03-18,East,Home,Northwind Foods,11574,10832,742,28814,0.9359,11.74,0.74,21343.71,26.8097,127159.3,7
2025-03-18,East,Sports,Kestrel Logistics,12021,11045,976,32134,0.9188,11.19,0.88,19993.05,20.2066,123625.09,7
2025-03-18,East,Sports,Northwind Foods,5944,5680,264,13806,0.9556,11.08,0.56,8953.03,20.2066,62943.32,7
2025-03-18,North,Apparel,Kestrel Logistics,15941,15461,480,47860,0.9699,10.59,0.11,28138.06,28.4775,163703.95,7
2025-03-18,North,Apparel,Northwind Foods,12372,12114,258,30278,0.9791,11.63,0.26,24164.84,28.4775,140918.42,7
2025-03-18,North,Beauty,Kestrel Logistics,14781,13913,868,40149,0.9413,13.39,0.05,26317.32,24.9809,186299.34,7
2025-03-18,North,Beauty,Northwind Foods,10860,10340,520,31235,0.9521,10.66,0.08,17294.97,24.9809,110229.62,7
2025-03-18,North,Electronics,Kestrel Logistics,11565,11233,332,31333,0.9713,9.31,0.09,20025.45,19.5892,104622.88,7
2025-03-18,North,Electronics,Northwind Foods,13363,13096,267,44600,0.98,14.79,0.3,24862.44,19.5892,193752.25,7
2025-03-18,North,Home,Kestrel Logistics,3577,3479,98,11497,0.9726,9.66,1.49,6163.48,20.2956,33607.09,7
2025-03-18,North,Home,Northwind Foods,2155,2153,2,6720,0.9991,9.24,0.16,3933.91,20.2956,19886.7,7
2025-03-18,North,Sports,Kestrel Logistics,11369,10937,432,29771,0.962,12.25,0.11,20290.71,18.5686,134023.01,7
2025-03-18,North,Sports,Northwind Foods,14738,14325,413,35083,0.972,10.86,0.51,27193.69,18.5686,155503.55,7
2025-03-18,South,Apparel,Kestrel Logistics,12157,11868,289,38382,0.9762,11.24,0.44,21945.32,21.5956,133406.33,7
2025-03-18,South,Apparel,Northwind Foods,5057,4954,103,14961,0.9796,11.83,2.07,8630.69,21.5956,58594.69,7
2025-03-18,South,Beauty,Kestrel Logistics,5908,5646,262,16485,0.9557,10.03,1.21,11208.15,26.2712,56635.47,7
2025-03-18,South,Beauty,Northwind Foods,8834,8724,110,30777,0.9875,11.74,1.93,15547.87,26.2712,102424.21,7
2025-03-18,South,Electronics,Kestrel Logistics,6018,5755,263,15400,0.9563,10.97,0.3,10581.66,24.8181,63143.1,7
2025-03-18,South,Electronics,Northwind Foods,15250,14597,653,42075,0.9572,10.66,0.45,28211.14,24.8181,155578.16,7
2025-03-18,South,Home,Kestrel Logistics,8817,8746,71,25273,0.9919,9.37,0.42,17000.25,38.8778,81986.45,7
2025-03-18,South,Home,Northwind Foods,5568,5452,116,17024,0.9792,8.78,0.72,10127.08,38.8778,47879.99,7
2025-03-18,South,Sports,Kestrel Logistics,17468,16723,745,49586,0.9574,12.07,0.18,32110.69,26.8908,201842.45,7
2025-03-18,South,Sports,Northwind Foods,11290,10802,488,31307,0.9568,9.43,0.2,19810.23,26.8908,101860.78,7
2025-03-18,West,Apparel,Kestrel Logistics,8399,8068,331,22515,0.9606,11.86,0.11,14559.46,20.9566,95650.06,7
2025-03-18,West,Apparel,Northwind Foods,11708,11364,344,36420,0.9706,11.34,0.83,22576.38,20.9566,128907.5,7
2025-03-18,West,Beauty,Kestrel Logistics,12034,11125,909,35159,0.9245,8.92,0.35,21975.75,27.6298,99268.45,7
2025-03-18,West,Beauty,Northwind Foods,8015,7872,143,21358,0.9822,8.42,0.82,15761.86,27.6298,66317.53,7
2025-03-18,West,Electronics,Kestrel Logistics,12340,11734,606,32571,0.9509,7.11,0.88,21226.08,19.8209,83427.13,7
2025-03-18,West,Electronics,Northwind Foods,11494,10921,573,20490,0.9501,11.93,0.03,20454.94,19.8209,130271.17,7
2025-03-18,West,Home,Kestrel Logistics,8190,7761,429,26752,0.9476,8.45,0.14,14182.32,17.1097,65559.93,7
2025-03-18,West,Home,Northwind Foods,15710,14504,1206,37310,0.9232,12.71,0.12,27149.17,17.1097,184410.83,7
2025-03-18,West,Sports,Kestrel Logistics,8979,8632,347,24098,0.9614,9.76,0.32,16394.2,38.1962,84213.63,7
2025-03-18,West,Sports,Northwind Foods,4180,3965,215,11246,0.9486,12.18,0.27,7044.49,38.1962,48296.41,7
2025-03-25,Central,Apparel,Kestrel Logistics,4036,3877,159,10774,0.9606,15.49,0.84,7051.04,28.492,60060.26,7
2025-03-25,Central,Apparel,Northwind Foods,3306,3257,49,9712,0.9852,12.47,0.45,5717.09,28.492,40609.79,7
2025-03-25,Central,Beauty,Kestrel Logistics,4849,4674,175,14191,0.9639,11.97,0.18,8056.64,12.3617,55964.27,7
2025-03-25,Central,Beauty,Northwind Foods,5246,4965,281,14152,0.9464,7.82,0.81,9035.81,12.3617,38814.14,7
2025-03-25,Central,Electronics,Kestrel Logistics,5059,4793,266,13615,0.9474,11.6,0.76,8765.82,45.3959,55586.7,7
2025-03-25,Central,Electronics,Northwind Foods,6713,6605,108,18780,0.9839,8.47,0.18,12621.55,45.3959,55934.92,7
2025-03-25,Central,Home,Kestrel Logistics,10485,10223,262,26288,0.975,11.18,0.35,18681.2,21.0916,114310.47,7
2025-03-25,Central,Home,Northwind Foods,11207,10631,576,27904,0.9486,10.71,0.09,20944.59,21.0916,113863.53,7
2025-03-25,Central,Sports,Kestrel Logistics,8141,7951,190,24758,0.9767,12.09,0.21,14044.01,12.4922,96149.52,7
2025-03-25,Central,Sports,Northwind Foods,12676,12182,494,36820,0.961,9.72,1.14,22078.53,12.4922,118453.37,7
2025-03-25,East,Apparel,Kestrel Logistics,3800,3715,85,12194,0.9776,12.74,0.12,6888.1,38.8134,47322.76,7
2025-03-25,East,Apparel,Northwind Foods,7449,7186,263,17746,0.9647,8.97,0.04,13320.04,38.8134,64474.94,7
2025-03-25,East,Beauty,Kestrel Logistics,3100,2991,109,10056,0.9648,9.04,0.1,5551.89,22.4991,27027.37,7
2025-03-25,East,Beauty,Northwind Foods,3314,3136,178,10298,0.9463,10.43,0.13,6016.77,22.4991,32699.23,7
2025-03-25,East,Electronics,Kestrel Logistics,7125,6720,405,21750,0.9432,10.91,1.9,12715.58,24.3386,73286.44,7
2025-03-25,East,Electronics,Northwind Foods,19198,18453,745,57414,0.9612,13.23,0.26,37712.16,24.3386,244186.92,7
2025-03-25,East,Home,Kestrel Logistics,11297,11041,256,31886,0.9773,12.71,0.28,19331.56,24.7588,140329.99,7
2025-03-25,East,Home,Northwind Foods,15853,14852,1001,56610,0.9369,13.67,0.55,26120.47,24.7588,203037.09,7
2025-03-25,East,Sports,Kestrel Logistics,20022,18953,1069,46060,0.9466,10.88,0.15,33277.77,17.3359,206227.86,7
2025-03-25,East,Sports,Northwind Foods,10167,9747,420,25455,0.9587,9.88,0.31,18514.12,17.3359,96325.66,7
2025-03-25,North,Apparel,Kestrel Logistics,13993,13787,206,50419,0.9853,13.14,1.1,26648.16,23.7937,181117.4,7
2025-03-25,North,Apparel,Northwind Foods,11215,10803,412,39454,0.9633,11.17,0.31,20579.96,23.7937,120663.6,7
2025-03-25,North,Beauty,Kestrel Logistics,6956,6525,431,17812,0.938,11.25,0.81,11546.64,28.5126,73385.43,7
2025-03-25,North,Beauty,Northwind Foods,5248,4849,399,12882,0.924,11.61,0.36,9383.18,28.5126,56309.13,7
2025-03-25,North,Electronics,Kestrel Logistics,10801,10707,94,36990,0.9913,10.93,1.83,20127.44,19.4059,117019.16,7
2025-03-25,North,Electronics,Northwind Foods,13160,12481,679,35941,0.9484,10.72,0.72,24153.68,19.4059,133798.42,7
2025-03-25,North,Home,Kestrel Logistics,10465,10243,222,23247,0.9788,11.01,1.73,18798.52,19.1846,112726.14,7
2025-03-25,North,Home,Northwind Foods,6532,6337,195,15981,0.9701,12.83,0.71,11367.13,19.1846,81281.08,7
2025-03-25,North,Sports,Kestrel Logistics,11427,10797,630,33644,0.9449,10.21,0.46,19302.46,16.9226,110234.02,7
2025-03-25,North,Sports,Northwind Foods,14972,14141,831,53808,0.9445,10.45,0.86,26777.3,16.9226,147731.08,7
2025-03-25,South,Apparel,Kestrel Logistics,20281,19592,689,57283,0.966,9.04,0.87,38865.01,11.664,177054.19,7
2025-03-25,South,Apparel,Northwind Foods,8403,8177,226,25911,0.9731,10.22,0.81,15355.77,11.664,83607.61,7
2025-03-25,South,Beauty,Kestrel Logistics,12392,11916,476,29046,0.9616,13.1,0.2,22134.97,20.36,156073.25,7
2025-03-25,South,Beauty,Northwind Foods,18885,18411,474,58418,0.9749,9.95,0.89,35702.15,20.36,183179.78,7
2025-03-25,South,Electronics,Kestrel Logistics,9446,9142,304,27783,0.9678,11.99,0.22,16457.7,24.0321,109577.62,7
2025-03-25,South,Electronics,Northwind Foods,23903,23186,717,62316,0.97,10.71,0.54,43396.27,24.0321,248339.71,7
2025-03-25,South,Home,Kestrel Logistics,12883,12619,264,36439,0.9795,11.8,0.15,21550.85,25.3811,148849.13,7
2025-03-25,South,Home,Northwind Foods,8034,7865,169,16961,0.979,7.53,0.18,14179.29,25.3811,59221.41,7
2025-03-25,South,Sports,Kestrel Logistics,22727,21012,1715,60674,0.9245,10.33,0.51,40198.71,19.515,216969.58,7
2025-03-25,South,Sports,Northwind Foods,14505,13574,931,38886,0.9358,10.77,0.03,25427.19,19.515,146247.72,7
2025-03-25,West,Apparel,Kestrel Logistics,10014,9878,136,25980,0.9864,10.31,0.21,17472.68,19.0061,101801.13,7
2025-03-25,West,Apparel,Northwind Foods,14154,13914,240,38894,0.983,11.25,0.17,25649.72,19.0061,156579.03,7
2025-03-25,West,Beauty,Kestrel Logistics,17427,16234,1193,49575,0.9315,12.29,0.59,32047.75,23.9597,199534.48,7
2025-03-25,West,Beauty,Northwind Foods,12135,11487,648,26687,0.9466,8.03,0.28,21321.21,23.9597,92201.27,7
2025-03-25,West,Electronics,Kestrel Logistics,10618,10424,194,25947,0.9817,10.56,0.42,19255.98,14.3337,110082.45,7
2025-03-25,West,Electronics,Northwind Foods,10034,9701,333,28022,0.9668,11.34,0.44,18752.65,14.3337,110011.52,7
2025-03-25,West,Home,Kestrel Logistics,5510,5368,142,15516,0.9742,8.94,0.82,11270.82,28.6802,48001.73,7
2025-03-25,West,Home,Northwind Foods,10058,10031,27,30326,0.9973,9.65,0.01,20457.09,28.6802,96772.47,7
2025-03-25,West,Sports,Kestrel Logistics,6434,6105,329,13424,0.9489,13.26,0.41,11155.4,33.11,80945.08,7
2025-03-25,West,Sports,Northwind Foods,2927,2805,122,7935,0.9583,11.31,1.39,5064.67,33.11,31734.23,7
2025-04-01,Central,Apparel,Kestrel Logistics,5439,5219,220,13267,0.9596,9.06,0.19,9214.4,37.2159,47305.71,7
2025-04-01,Central,Apparel,Northwind Foods,4542,4384,158,14264,0.9652,11.28,0.09,8391.56,37.2159,49470.95,7
2025-04-01,Central,Beauty,Kestrel Logistics,7380,7373,7,19906,0.9991,10.93,1.26,13709.25,26.1287,80552.38,7
2025-04-01,Central,Beauty,Northwind Foods,8273,7832,441,23680,0.9467,11.32,0.09,15104.36,26.1287,88620.36,7
2025-04-01,Central,Electronics,Kestrel Logistics,5400,5321,79,18240,0.9854,11.85,0.43,9560.62,17.8681,63050.8,7
2025-04-01,Central,Electronics,Northwind Foods,7354,7333,21,20940,0.9971,12.21,0.21,13818.13,17.8681,89533.44,7
2025-04-01,Central,Home,Kestrel Logistics,10628,10420,208,35634,0.9804,11.76,0.57,17363.31,10.1536,122573.99,7
2025-04-01,Central,Home,Northwind Foods,11426,10837,589,34651,0.9485,6.82,0.27,19258.84,10.1536,73906.7,7
2025-04-01,Central,Sports,Kestrel Logistics,4693,4566,127,14370,0.9729,9.01,0.41,8844.72,31.7345,41137.74,7
2025-04-01,Central,Sports,Northwind Foods,7163,6995,168,21843,0.9765,9.6,0.12,13901.46,31.7345,67117.93,7
2025-04-01,East,Apparel,Kestrel Logistics,6535,6381,154,18390,0.9764,11.58,0.92,12010.45,14.2126,73862.37,7
2025-04-01,East,Apparel,Northwind Foods,12498,12342,156,28861,0.9875,10.74,0.21,23601.43,14.2126,132505.41,7
2025-04-01,East,Beauty,Kestrel Logistics,13184,12874,310,44473,0.9765,11.99,0.24,22922.45,20.4272,154313.0,7
2025-04-01,East,Beauty,Northwind Foods,13795,13496,299,39361,0.9783,8.7,0.01,22091.05,20.4272,117455.3,7
2025-04-01,East,Electronics,Kestrel Logistics,5538,5166,372,16006,0.9328,11.07,0.76,9040.37,15.1712,57165.75,7
2025-04-01,East,Electronics,Northwind Foods,14607,14185,422,39888,0.9711,12.07,0.85,25906.24,15.1712,171194.15,7
2025-04-01,East,Home,Kestrel Logistics,9580,9149,431,31381,0.955,9.63,0.69,16098.52,25.1459,88094.54,7
2025-04-01,East,Home,Northwind Foods,12732,12306,426,37950,0.9665,9.79,0.04,20838.36,25.1459,120418.23,7
2025-04-01,East,Sports,Kestrel Logistics,11467,11413,54,37748,0.9953,8.88,0.16,21166.2,25.1537,101396.38,7
2025-04-01,East,Sports,Northwind Foods,6231,5869,362,17315,0.9419,12.44,0.11,10884.33,25.1537,72988.67,7
2025-04-01,North,Apparel,Kestrel Logistics,19746,19538,208,46901,0.9895,10.77,0.23,39874.01,15.9503,210399.27,7
2025-04-01,North,Apparel,Northwind Foods,15369,15309,60,36233,0.9961,12.49,0.81,29606.78,15.9503,191213.37,7
2025-04-01,North,Beauty,Kestrel Logistics,17309,17124,185,56371,0.9893,8.61,0.07,31401.33,10.4728,147414.99,7
2025-04-01,North,Beauty,Northwind Foods,13126,12727,399,27387,0.9696,10.87,0.03,24352.26,10.4728,138289.44,7
2025-04-01,North,Electronics,Kestrel Logistics,5722,5543,179,18475,0.9687,11.86,0.23,9443.45,29.7056,65734.55,7
2025-04-01,North,Electronics,Northwind Foods,6695,6462,233,21003,0.9652,10.79,0.35,13030.82,29.7056,69754.68,7
2025-04-01,North,Home,Kestrel Logistics,16898,16427,471,45843,0.9721,11.7,0.56,29042.58,27.0402,192164.53,7
2025-04-01,North,Home,Northwind Foods,10751,10163,588,27932,0.9453,9.13,0.22,16847.28,27.0402,92778.29,7
2025-04-01,North,Sports,Kestrel Logistics,8587,8085,502,28590,0.9415,10.1,0.24,15083.31,32.7344,81648.33,7
2025-04-01,North,Sports,Northwind Foods,10962,10590,372,31294,0.9661,11.12,0.47,20387.1,32.7344,117809.7,7
2025-04-01,South,Apparel,Kestrel Logistics,8545,8234,311,27130,0.9636,7.92,0.56,14679.11,20.5673,65187.26,7
2025-04-01,South,Apparel,Northwind Foods,3564,3436,128,12470,0.9641,12.2,0.77,5997.98,20.5673,41907.32,7
2025-04-01,South,Beauty,Kestrel Logistics,8219,8064,155,28192,0.9811,13.27,0.19,13992.33,19.689,106986.78,7
2025-04-01,South,Beauty,Northwind Foods,12491,12458,33,38906,0.9974,11.49,0.44,21616.66,19.689,143084.53,7
2025-04-01,South,Electronics,Kestrel Logistics,5163,5005,158,14288,0.9694,11.55,0.22,9192.84,27.3075,57786.38,7
2025-04-01,South,Electronics,Northwind Foods,13154,12696,458,36882,0.9652,13.02,0.88,25309.13,27.3075,165250.13,7
2025-04-01,South,Home,Kestrel Logistics,24122,23190,932,61140,0.9614,10.11,1.28,40992.35,11.5054,234448.03,7
2025-04-01,South,Home,Northwind Foods,14967,14455,512,42672,0.9658,10.58,0.24,29107.84,11.5054,152899.89,7
2025-04-01,South,Sports,Kestrel Logistics,11114,10695,419,27646,0.9623,11.76,0.11,20010.4,18.4751,125787.43,7
2025-04-01,South,Sports,Northwind Foods,7307,6909,398,20278,0.9455,10.58,0.12,13095.52,18.4751,73068.92,7
2025-04-01,West,Apparel,Kestrel Logistics,11210,10565,645,33829,0.9425,12.06,0.08,19794.01,23.4062,127418.06,7
2025-04-01,West,Apparel,Northwind Foods,15637,14880,757,50305,0.9516,9.87,0.25,28738.79,23.4062,146863.5,7
2025-04-01,West,Beauty,Kestrel Logistics,20358,19789,569,47391,0.9721,10.91,1.25,37624.1,24.0362,215964.55,7
2025-04-01,West,Beauty,Northwind Foods,14374,14003,371,49444,0.9742,13.99,0.09,27181.51,24.0362,195851.91,7
2025-04-01,West,Electronics,Kestrel Logistics,4264,4105,159,9917,0.9627,9.12,0.46,7872.47,21.7865,37426.75,7
2025-04-01,West,Electronics,Northwind Foods,4095,3820,275,14158,0.9328,9.12,0.25,6681.4,21.7865,34830.18,7
2025-04-01,West,Home,Kestrel Logistics,7215,7100,115,19663,0.9841,10.92,0.1,12624.89,25.2545,77506.12,7
2025-04-01,West,Home,Northwind Foods,13500,13269,231,33901,0.9829,12.09,0.05,24421.11,25.2545,160384.95,7
2025-04-01,West,Sports,Kestrel Logistics,8584,8290,294,25565,0.9658,10.25,0.09,16043.17,42.5711,84996.64,7
2025-04-01,West,Sports,Northwind Foods,3872,3808,64,13274,0.9835,12.23,1.4,7289.25,42.5711,46562.56,7
2025-04-08,Central,Apparel,Kestrel Logistics,14553,13760,793,37229,0.9455,10.78,0.0,25009.8,23.5833,148310.52,7
2025-04-08,Central,Apparel,Northwind Foods,12169,11558,611,33627,0.9498,12.16,0.47,20865.31,23.5833,140578.49,7
2025-04-08,Central,Beauty,Kestrel Logistics,14092,13695,397,46846,0.9718,10.44,0.24,23049.54,15.1608,142956.66,7
2025-04-08,Central,Beauty,Northwind Foods,14977,14546,431,36204,0.9712,9.97,0.04,25043.72,15.1608,145088.99,7
2025-04-08,Central,Electronics,Kestrel Logistics,5451,5368,83,18801,0.9848,13.79,0.33,10324.09,27.2698,73998.43,7
2025-04-08,Central,Electronics,Northwind Foods,7486,7397,89,24385,0.9881,9.32,0.75,13518.66,27.2698,68970.54,7
2025-04-08,Central,Home,Kestrel Logistics,6586,6208,378,12532,0.9426,11.9,0.61,12304.7,26.891,73889.6,7
2025-04-08,Central,Home,Northwind Foods,6708,6457,251,20323,0.9626,10.87,0.27,11603.05,26.891,70155.73,7
2025-04-08,Central,Sports,Kestrel Logistics,6001,5814,187,18446,0.9688,9.53,0.31,10647.8,23.4954,55391.73,7
2025-04-08,Central,Sports,Northwind Foods,9286,8908,378,22606,0.9593,10.25,0.41,16310.82,23.4954,91292.6,7
2025-04-08,East,Apparel,Kestrel Logistics,3526,3366,160,9399,0.9546,12.54,0.26,6532.72,48.8193,42215.26,7
2025-04-08,East,Apparel,Northwind Foods,6772,6510,262,18636,0.9613,10.67,0.19,11869.42,48.8193,69478.41,7
2025-04-08,East,Beauty,Kestrel Logistics,7042,6732,310,22565,0.956,9.78,0.32,12373.9,31.6304,65847.41,7
2025-04-08,East,Beauty,Northwind Foods,7278,7056,222,18277,0.9695,10.27,0.19,12427.74,31.6304,72472.0,7
2025-04-08,East,Electronics,Kestrel Logistics,4537,4404,133,14032,0.9707,11.7,0.06,7918.63,17.9413,51520.77,7
2025-04-08,East,Electronics,Northwind Foods,12681,12094,587,38331,0.9537,11.22,0.49,21761.56,17.9413,135666.26,7
2025-04-08,East,Home,Kestrel Logistics,14077,13646,431,41832,0.9694,11.5,0.59,25102.06,20.2321,156864.19,7
2025-04-08,East,Home,Northwind Foods,19164,18355,809,50745,0.9578,13.3,0.14,34016.44,20.2321,244121.27,7
2025-04-08,East,Sports,Kestrel Logistics,11282,10656,626,31454,0.9445,12.01,1.11,19702.98,6.2737,127946.44,7
2025-04-08,East,Sports,Northwind Foods,5650,5480,170,13717,0.9699,11.9,0.66,10671.09,6.2737,65220.71,7
2025-04-08,North,Apparel,Kestrel Logistics,10079,9987,92,24144,0.9909,9.65,0.13,18635.54,21.4445,96387.88,7
2025-04-08,North,Apparel,Northwind Foods,8182,7825,357,16128,0.9564,9.39,0.34,14877.97,21.4445,73443.72,7
2025-04-08,North,Beauty,Kestrel Logistics,11492,10652,840,41353,0.9269,9.13,0.33,19408.26,15.7697,97305.98,7
2025-04-08,North,Beauty,Northwind Foods,8385,7916,469,22800,0.9441,9.48,0.15,15672.47,15.7697,75063.83,7
2025-04-08,North,Electronics,Kestrel Logistics,10397,10039,358,25480,0.9656,11.41,1.04,19264.0,22.6012,114505.54,7
2025-04-08,North,Electronics,Northwind Foods,12565,11704,861,27284,0.9315,12.11,0.1,21328.08,22.6012,141778.09,7
2025-04-08,North,Home,Kestrel Logistics,10369,9984,385,36514,0.9629,7.37,0.92,18930.67,15.2112,73584.05,7
2025-04-08,North,Home,Northwind Foods,6397,6177,220,19028,0.9656,11.11,0.18,11246.89,15.2112,68634.47,7
2025-04-08,North,Sports,Kestrel Logistics,16043,14710,1333,47966,0.9169,9.75,0.26,25881.46,18.0091,143393.36,7
2025-04-08,North,Sports,Northwind Foods,19524,19267,257,59248,0.9868,13.88,0.08,39810.58,18.0091,267381.02,7
2025-04-08,South,Apparel,Kestrel Logistics,3523,3499,24,9833,0.9932,8.97,0.04,6313.84,68.0459,31389.75,7
2025-04-08,South,Apparel,Northwind Foods,1502,1460,42,4197,0.972,13.87,0.22,2907.85,68.0459,20253.91,7
2025-04-08,South,Beauty,Kestrel Logistics,9391,8998,393,24794,0.9582,7.92,0.41,17217.31,26.7891,71228.27,7
2025-04-08,South,Beauty,Northwind Foods,14716,13902,814,42130,0.9447,9.86,0.24,27438.87,26.7891,137110.4,7
2025-04-08,South,Electronics,Kestrel Logistics,2049,1944,105,4672,0.9488,9.46,0.53,3569.25,64.8586,18386.82,7
2025-04-08,South,Electronics,Northwind Foods,5183,4931,252,16120,0.9514,11.51,0.01,9396.17,64.8586,56740.89,7
2025-04-08,South,Home,Kestrel Logistics,22718,22507,211,67850,0.9907,9.08,0.31,40134.8,16.6548,204329.35,7
2025-04-08,South,Home,Northwind Foods,14627,14029,598,46725,0.9591,9.5,0.44,25628.58,16.6548,133244.63,7
2025-04-08,South,Sports,Kestrel Logistics,14491,13896,595,33208,0.9589,12.0,0.67,25471.2,21.5159,166697.1,7
2025-04-08,South,Sports,Northwind Foods,8993,8976,17,26212,0.9981,12.09,0.63,16610.81,21.5159,108504.55,7
2025-04-08,West,Apparel,Kestrel Logistics,6843,6608,235,22766,0.9657,10.04,0.04,11362.55,14.7444,66344.39,7
2025-04-08,West,Apparel,Northwind Foods,9316,9307,9,24534,0.999,13.54,2.43,17382.4,14.7444,125987.44,7
2025-04-08,West,Beauty,Kestrel Logistics,11730,11300,430,35068,0.9633,9.19,0.79,22224.79,26.2218,103902.72,7
2025-04-08,West,Beauty,Northwind Foods,8024,7996,28,23368,0.9965,11.31,1.18,14809.35,26.2218,90405.55,7
2025-04-08,West,Electronics,Kestrel Logistics,11261,10941,320,32705,0.9716,10.27,0.09,20264.13,10.4052,112403.64,7
2025-04-08,West,Electronics,Northwind Foods,10527,10183,344,27222,0.9673,10.53,0.44,19727.78,10.4052,107236.62,7
2025-04-08,West,Home,Kestrel Logistics,10008,9811,197,29797,0.9803,12.42,0.17,17626.39,15.0017,121890.2,7
2025-04-08,West,Home,Northwind Foods,18352,18334,18,45658,0.999,11.65,0.2,38263.49,15.0017,213595.32,7
2025-04-08,West,Sports,Kestrel Logistics,15387,15117,270,47151,0.9825,9.82,0.61,25938.16,16.5277,148449.89,7
2025-04-08,West,Sports,Northwind Foods,7293,6945,348,21791,0.9523,12.39,0.28,12792.57,16.5277,86031.14,7
2025-04-15,Central,Apparel,Kestrel Logistics,16808,16072,736,46174,0.9562,10.94,1.47,32391.07,15.4588,175800.05,7
2025-04-15,Central,Apparel,Northwind Foods,14084,13499,585,35967,0.9585,12.4,1.0,24469.15,15.4588,167358.65,7
2025-04-15,Central,Beauty,Kestrel Logistics,8151,7870,281,22992,0.9655,10.01,0.38,13447.28,28.645,78763.62,7
2025-04-15,Central,Beauty,Northwind Foods,8519,8360,159,26748,0.9813,10.55,0.2,15183.37,28.645,88160.92,7
2025-04-15,Central,Electronics,Kestrel Logistics,10392,10031,361,37185,0.9653,13.44,0.82,18918.49,24.2446,134809.01,7
2025-04-15,Central,Electronics,Northwind Foods,14252,13825,427,40000,0.97,10.22,0.11,26691.37,24.2446,141237.44,7
2025-04-15,Central,Home,Kestrel Logistics,7896,7680,216,26122,0.9726,11.24,0.25,13996.97,27.2405,86357.43,7
2025-04-15,Central,Home,Northwind Foods,8225,7987,238,21140,0.9711,11.43,0.47,15389.63,27.2405,91294.41,7
2025-04-15,Central,Sports,Kestrel Logistics,7724,7546,178,24473,0.977,14.42,0.38,13831.93,25.8551,108846.3,7
2025-04-15,Central,Sports,Northwind Foods,12429,11561,868,29725,0.9302,10.63,0.04,20310.84,25.8551,122926.43,7
2025-04-15,East,Apparel,Kestrel Logistics,8616,8091,525,22739,0.9391,9.99,0.06,14914.22,29.9097,80833.24,7
2025-04-15,East,Apparel,Northwind Foods,16517,15647,870,51057,0.9473,12.83,0.42,29750.0,29.9097,200704.3,7
2025-04-15,East,Beauty,Kestrel Logistics,8340,8061,279,18283,0.9665,10.7,1.36,14512.58,23.4003,86253.16,7
2025-04-15,East,Beauty,Northwind Foods,8766,8450,316,21529,0.964,10.62,0.37,15935.74,23.4003,89713.13,7
2025-04-15,East,Electronics,Kestrel Logistics,4581,4489,92,14344,0.9799,10.02,0.26,8303.4,35.1935,44972.08,7
2025-04-15,East,Electronics,Northwind Foods,12942,12327,615,34165,0.9525,11.2,0.89,23289.67,35.1935,138114.43,7
2025-04-15,East,Home,Kestrel Logistics,9975,9553,422,29003,0.9577,13.03,0.14,17796.72,17.6353,124503.52,7
2025-04-15,East,Home,Northwind Foods,13658,12850,808,33407,0.9408,11.61,0.22,22933.48,17.6353,149244.31,7
2025-04-15,East,Sports,Kestrel Logistics,15071,14531,540,42331,0.9642,9.42,0.23,27711.89,23.9501,136890.66,7
2025-04-15,East,Sports,Northwind Foods,7828,7472,356,18318,0.9545,9.16,0.12,13555.93,23.9501,68450.4,7
2025-04-15,North,Apparel,Kestrel Logistics,8979,8502,477,25260,0.9469,10.39,0.21,16123.13,32.6609,88322.91,7
2025-04-15,North,Apparel,Northwind Foods,6867,6661,206,17145,0.97,10.32,1.7,12860.84,32.6609,68765.35,7
2025-04-15,North,Beauty,Kestrel Logistics,8689,8395,294,21473,0.9662,12.4,0.07,14781.57,32.6074,104118.09,7
2025-04-15,North,Beauty,Northwind Foods,6380,6240,140,17559,0.9781,13.8,0.32,10600.29,32.6074,86098.6,7
2025-04-15,North,Electronics,Kestrel Logistics,6416,5965,451,15825,0.9297,10.63,0.31,10595.87,34.6313,63407.28,7
2025-04-15,North,Electronics,Northwind Foods,7470,6954,516,19160,0.9309,12.32,0.55,12455.43,34.6313,85687.54,7
2025-04-15,North,Home,Kestrel Logistics,12946,12441,505,42326,0.961,8.97,0.09,24080.62,14.1069,111566.07,7
2025-04-15,North,Home,Northwind Foods,7978,7697,281,19335,0.9648,10.6,0.2,13852.96,14.1069,81581.74,7
2025-04-15,North,Sports,Kestrel Logistics,12659,12210,449,26643,0.9645,11.69,0.18,22109.79,19.1799,142704.09,7
2025-04-15,North,Sports,Northwind Foods,16604,15992,612,45837,0.9631,12.09,0.13,30618.69,19.1799,193414.23,7
2025-04-15,South,Apparel,Kestrel Logistics,14030,13778,252,46015,0.982,10.7,0.09,25908.4,20.2184,147491.26,7
2025-04-15,South,Apparel,Northwind Foods,5934,5750,184,15919,0.969,12.8,0.2,10952.26,20.2184,73602.28,7
2025-04-15,South,Beauty,Kestrel Logistics,14066,13277,789,47217,0.9439,11.24,0.39,25972.61,19.6782,149207.77,7
2025-04-15,South,Beauty,Northwind Foods,21707,20513,1194,55738,0.945,10.8,0.28,37886.7,19.6782,221571.36,7
2025-04-15,South,Electronics,Kestrel Logistics,4368,4238,130,13506,0.9702,8.94,1.3,7860.98,25.7655,37894.92,7
2025-04-15,South,Electronics,Northwind Foods,11372,10750,622,28829,0.9453,12.25,0.64,19229.92,25.7655,131673.06,7
2025-04-15,South,Home,Kestrel Logistics,8186,7836,350,24818,0.9572,10.97,0.45,13769.65,23.4219,85971.16,7
2025-04-15,South,Home,Northwind Foods,4947,4885,62,16536,0.9875,12.03,0.02,8562.41,23.4219,58768.89,7
2025-04-15,South,Sports,Kestrel Logistics,14846,13871,975,36757,0.9343,8.08,0.01,24396.43,24.3127,112099.21,7
2025-04-15,South,Sports,Northwind Foods,9741,8961,780,22308,0.9199,9.52,0.23,15449.92,24.3127,85289.97,7
2025-04-15,West,Apparel,Kestrel Logistics,6884,6574,310,17757,0.955,13.03,0.58,11977.96,31.0894,85638.17,7
2025-04-15,West,Apparel,Northwind Foods,9747,9260,487,31804,0.95,10.81,0.15,17202.18,31.0894,100090.75,7
2025-04-15,West,Beauty,Kestrel Logistics,11232,10847,385,30807,0.9657,11.5,0.35,19766.79,17.5196,124713.67,7
2025-04-15,West,Beauty,Northwind Foods,8015,7676,339,25810,0.9577,13.34,0.51,14008.98,17.5196,102432.83,7
2025-04-15,West,Electronics,Kestrel Logistics,11826,11635,191,28915,0.9838,10.94,1.03,20300.87,18.8654,127285.53,7
2025-04-15,West,Electronics,Northwind Foods,11287,10829,458,33056,0.9594,13.75,0.13,21809.38,18.8654,148864.18,7
2025-04-15,West,Home,Kestrel Logistics,10060,9552,508,25551,0.9495,10.37,0.2,16924.22,30.6584,99037.78,7
2025-04-15,West,Home,Northwind Foods,18735,17851,884,49520,0.9528,12.33,0.08,30970.08,30.6584,220185.39,7
2025-04-15,West,Sports,Kestrel Logistics,11302,10594,708,32149,0.9374,10.05,0.29,20103.35,24.1475,106485.46,7
2025-04-15,West,Sports,Northwind Foods,4998,4866,132,15006,0.9736,10.28,0.25,8969.74,24.1475,50020.35,7
2025-04-22,Central,Apparel,Kestrel Logistics,6574,6356,218,17910,0.9668,12.8,1.21,12313.98,35.3208,81369.06,7
2025-04-22,Central,Apparel,Northwind Foods,5493,5339,154,16934,0.972,8.12,1.96,10182.64,35.3208,43327.37,7
2025-04-22,Central,Beauty,Kestrel Logistics,5015,4983,32,15287,0.9936,9.88,0.31,9035.87,14.1869,49222.0,7
2025-04-22,Central,Beauty,Northwind Foods,5500,5293,207,14050,0.9624,10.1,0.5,9739.06,14.1869,53468.38,7
2025-04-22,Central,Electronics,Kestrel Logistics,6549,6542,7,22246,0.9989,10.71,0.62,10417.88,29.7912,70090.31,7
2025-04-22,Central,Electronics,Northwind Foods,9452,9015,437,23597,0.9538,9.35,0.31,18039.87,29.7912,84272.58,7
2025-04-22,Central,Home,Kestrel Logistics,11114,10470,644,30142,0.9421,13.93,0.07,19785.95,29.1718,145860.61,7
2025-04-22,Central,Home,Northwind Foods,11331,10888,443,32201,0.9609,13.47,0.87,20206.01,29.1718,146649.27,7
2025-04-22,Central,Sports,Kestrel Logistics,9933,9393,540,27913,0.9456,10.5,0.48,15934.26,26.7817,98661.94,7
2025-04-22,Central,Sports,Northwind Foods,14895,14392,503,45647,0.9662,8.67,1.31,29119.56,26.7817,124847.53,7
2025-04-22,East,Apparel,Kestrel Logistics,6149,5978,171,15577,0.9722,12.38,0.27,10308.59,21.662,74029.6,7
2025-04-22,East,Apparel,Northwind Foods,12152,11562,590,27566,0.9514,9.55,0.17,20940.37,21.662,110439.06,7
2025-04-22,East,Beauty,Kestrel Logistics,5027,4795,232,14534,0.9538,10.11,0.52,8780.04,33.4043,48471.71,7
2025-04-22,East,Beauty,Northwind Foods,5156,5027,129,17056,0.975,11.4,0.5,8463.76,33.4043,57313.99,7
2025-04-22,East,Electronics,Kestrel Logistics,6477,6385,92,19990,0.9858,10.33,0.3,12524.51,17.7297,65967.35,7
2025-04-22,East,Electronics,Northwind Foods,17841,17534,307,41651,0.9828,11.1,0.09,33789.09,17.7297,194655.49,7
2025-04-22,East,Home,Kestrel Logistics,8820,8595,225,22993,0.9745,11.77,0.88,16430.66,17.4594,101126.56,7
2025-04-22,East,Home,Northwind Foods,11669,11562,107,32284,0.9908,13.26,0.39,20820.87,17.4594,153311.48,7
2025-04-22,East,Sports,Kestrel Logistics,14991,13959,1032,47061,0.9312,7.27,0.33,26542.8,12.7275,101430.5,7
2025-04-22,East,Sports,Northwind Foods,7254,7178,76,18482,0.9895,11.94,0.06,13148.02,12.7275,85689.19,7
2025-04-22,North,Apparel,Kestrel Logistics,4698,4460,238,11993,0.9493,13.92,0.49,8170.87,21.3796,62067.57,7
2025-04-22,North,Apparel,Northwind Foods,3643,3495,148,7934,0.9594,10.91,0.16,6838.98,21.3796,38118.2,7
2025-04-22,North,Beauty,Kestrel Logistics,12761,12183,578,43691,0.9547,8.41,0.79,21171.56,24.3596,102508.67,7
2025-04-22,North,Beauty,Northwind Foods,9362,9054,308,27566,0.9671,12.86,1.89,17651.86,24.3596,116403.48,7
2025-04-22,North,Electronics,Kestrel Logistics,6022,6015,7,16155,0.9988,9.32,0.68,11702.87,29.9744,56047.0,7
2025-04-22,North,Electronics,Northwind Foods,7289,7012,277,22478,0.962,10.56,0.53,13398.02,29.9744,74055.16,7
2025-04-22,North,Home,Kestrel Logistics,12430,12088,342,30180,0.9725,11.34,0.73,21037.78,28.3396,137101.97,7
2025-04-22,North,Home,Northwind Foods,7774,7478,296,26682,0.9619,13.4,1.14,14477.74,28.3396,100171.86,7
2025-04-22,North,Sports,Kestrel Logistics,5362,5182,180,16485,0.9664,11.05,0.36,9731.54,42.6033,57249.81,7
2025-04-22,North,Sports,Northwind Foods,7064,6787,277,21030,0.9608,9.93,1.39,12426.74,42.6033,67361.56,7
2025-04-22,South,Apparel,Kestrel Logistics,19985,19447,538,63380,0.9731,9.48,0.96,36185.39,22.5745,184378.06,7
2025-04-22,South,Apparel,Northwind Foods,8410,8117,293,21695,0.9652,7.35,0.47,15349.1,22.5745,59657.42,7
2025-04-22,South,Beauty,Kestrel Logistics,7769,7727,42,25176,0.9946,12.18,0.2,13368.89,13.1983,94145.35,7
2025-04-22,South,Beauty,Northwind Foods,12107,11937,170,33533,0.986,11.05,1.81,23661.52,13.1983,131916.04,7
2025-04-22,South,Electronics,Kestrel Logistics,6295,6141,154,19187,0.9755,10.47,0.19,10402.12,16.1339,64274.06,7
2025-04-22,South,Electronics,Northwind Foods,16048,15576,472,36085,0.9706,8.28,0.92,28469.45,16.1339,129002.93,7
2025-04-22,South,Home,Kestrel Logistics,13292,12806,486,43887,0.9634,8.97,0.04,24348.08,18.4428,114843.76,7
2025-04-22,South,Home,Northwind Foods,8453,7982,471,22724,0.9443,12.41,0.43,15225.39,18.4428,99085.04,7
2025-04-22,South,Sports,Kestrel Logistics,20127,19736,391,68365,0.9806,11.09,0.41,38385.3,22.9495,218918.9,7
2025-04-22,South,Sports,Northwind Foods,12984,12749,235,38039,0.9819,11.32,0.19,27534.6,22.9495,144329.59,7
2025-04-22,West,Apparel,Kestrel Logistics,8597,8433,164,24900,0.9809,10.68,0.53,15799.88,29.2137,90045.97,7
2025-04-22,West,Apparel,Northwind Foods,12259,11877,382,37870,0.9688,13.4,0.56,22336.5,29.2137,159153.37,7
2025-04-22,West,Beauty,Kestrel Logistics,10419,10279,140,33869,0.9866,12.2,0.22,19140.22,30.5888,125372.38,7
2025-04-22,West,Beauty,Northwind Foods,7469,7274,195,23950,0.9739,10.76,0.82,13243.87,30.5888,78266.49,7
2025-04-22,West,Electronics,Kestrel Logistics,14388,13792,596,29633,0.9586,10.69,0.32,23008.64,18.3776,147447.01,7
2025-04-22,West,Electronics,Northwind Foods,13230,12836,394,40758,0.9702,9.14,0.3,24074.6,18.3776,117360.98,7
2025-04-22,West,Home,Kestrel Logistics,5834,5322,512,18702,0.9122,10.81,0.12,9895.43,38.6869,57507.0,7
2025-04-22,West,Home,Northwind Foods,10242,9945,297,26206,0.971,10.36,0.24,18579.39,38.6869,103049.94,7
2025-04-22,West,Sports,Kestrel Logistics,22154,19924,2230,66303,0.8993,11.78,0.7,36616.73,14.0665,234621.56,7
2025-04-22,West,Sports,Northwind Foods,9417,9152,265,23187,0.9719,12.19,0.37,18416.08,14.0665,111542.46,7
2025-04-29,Central,Apparel,Kestrel Logistics,4140,4029,111,11001,0.9732,11.19,0.21,7553.73,46.8842,45090.07,7
2025-04-29,Central,Apparel,Northwind Foods,3624,3385,239,11043,0.9341,9.95,0.46,6022.55,46.8842,33686.99,7
2025-04-29,Central,Beauty,Kestrel Logistics,14964,14127,837,39396,0.9441,9.84,0.2,25964.29,16.1306,138954.42,7
2025-04-29,Central,Beauty,Northwind Foods,15411,15004,407,33893,0.9736,13.09,0.37,27860.59,16.1306,196351.62,7
2025-04-29,Central,Electronics,Kestrel Logistics,6214,6150,64,16478,0.9897,10.73,0.73,11288.74,18.373,65986.89,7
2025-04-29,Central,Electronics,Northwind Foods,8901,8475,426,31966,0.9521,11.2,0.57,14676.1,18.373,94947.4,7
2025-04-29,Central,Home,Kestrel Logistics,15800,15784,16,41504,0.999,8.72,0.27,28884.33,21.8994,137590.38,7
2025-04-29,Central,Home,Northwind Foods,17165,16415,750,44402,0.9563,10.91,0.74,29488.31,21.8994,179117.08,7
2025-04-29,Central,Sports,Kestrel Logistics,3958,3849,109,11200,0.9725,9.92,0.82,6880.5,24.5171,38166.33,7
2025-04-29,Central,Sports,Northwind Foods,6112,5898,214,20355,0.965,12.98,0.2,11310.74,24.5171,76526.95,7
2025-04-29,East,Apparel,Kestrel Logistics,7318,7079,239,24954,0.9673,10.13,0.37,13450.54,11.885,71710.78,7
2025-04-29,East,Apparel,Northwind Foods,13771,13690,81,37887,0.9941,12.44,0.25,25046.35,11.885,170255.7,7
2025-04-29,East,Beauty,Kestrel Logistics,11206,10792,414,28691,0.9631,12.7,0.34,22569.85,17.0957,137040.84,7
2025-04-29,East,Beauty,Northwind Foods,11946,11312,634,36371,0.9469,10.12,0.46,20645.31,17.0957,114526.01,7
2025-04-29,East,Electronics,Kestrel Logistics,5921,5568,353,19099,0.9404,11.29,0.05,9661.17,29.7047,62874.59,7
2025-04-29,East,Electronics,Northwind Foods,15854,15289,565,38919,0.9644,12.39,0.65,28636.61,29.7047,189452.7,7
2025-04-29,East,Home,Kestrel Logistics,8934,8502,432,20614,0.9516,10.6,0.14,14989.5,26.8334,90087.41,7
2025-04-29,East,Home,Northwind Foods,11908,11436,472,34379,0.9604,12.07,0.52,20268.76,26.8334,137982.32,7
2025-04-29,East,Sports,Kestrel Logistics,9226,8909,317,23034,0.9656,10.07,0.4,16924.16,31.6137,89746.82,7
2025-04-29,East,Sports,Northwind Foods,4667,4581,86,10709,0.9816,10.99,0.22,8125.25,31.6137,50337.34,7
2025-04-29,North,Apparel,Kestrel Logistics,4636,4465,171,10002,0.9631,10.03,0.29,8123.46,39.3273,44780.47,7
2025-04-29,North,Apparel,Northwind Foods,3644,3498,146,8884,0.9599,12.27,0.03,6113.27,39.3273,42905.39,7
2025-04-29,North,Beauty,Kestrel Logistics,10973,10711,262,28477,0.9761,10.56,0.3,19300.38,23.305,113084.94,7
2025-04-29,North,Beauty,Northwind Foods,8215,7960,255,20629,0.969,13.08,0.24,15567.4,23.305,104110.58,7
2025-04-29,North,Electronics,Kestrel Logistics,3149,2980,169,10814,0.9463,12.06,0.37,5049.09,34.8107,35945.41,7
2025-04-29,North,Electronics,Northwind Foods,3669,3475,194,9828,0.9471,11.03,0.22,6644.59,34.8107,38324.77,7
2025-04-29,North,Home,Kestrel Logistics,6563,6285,278,18464,0.9576,10.58,0.33,11112.19,22.7245,66513.7,7
2025-04-29,North,Home,Northwind Foods,3948,3888,60,11279,0.9848,11.03,0.19,7059.51,22.7245,42897.9,7
2025-04-29,North,Sports,Kestrel Logistics,10600,10314,286,30033,0.973,12.25,0.84,18093.68,17.876,126360.38,7
2025-04-29,North,Sports,Northwind Foods,14380,13510,870,43085,0.9395,10.96,0.4,25368.12,17.876,148042.14,7
2025-04-29,South,Apparel,Kestrel Logistics,15786,14799,987,45939,0.9375,10.82,0.06,25133.98,29.4038,160173.55,7
2025-04-29,South,Apparel,Northwind Foods,6346,6177,169,19449,0.9734,10.07,1.0,12610.0,29.4038,62214.79,7
2025-04-29,South,Beauty,Kestrel Logistics,9923,9707,216,39095,0.9782,12.21,0.12,18746.55,26.2955,118526.54,7
2025-04-29,South,Beauty,Northwind Foods,15474,14996,478,45671,0.9691,11.01,0.9,29318.08,26.2955,165171.96,7
2025-04-29,South,Electronics,Kestrel Logistics,8420,8221,199,21360,0.9764,13.53,0.04,15250.24,21.2634,111243.44,7
2025-04-29,South,Electronics,Northwind Foods,21456,20850,606,69606,0.9718,10.86,0.33,39170.11,21.2634,226435.51,7
2025-04-29,South,Home,Kestrel Logistics,13433,13043,390,35293,0.971,10.67,1.8,27110.71,33.0941,139132.85,7
2025-04-29,South,Home,Northwind Foods,8651,8130,521,25508,0.9398,10.78,0.01,16435.48,33.0941,87648.28,7
2025-04-29,South,Sports,Kestrel Logistics,22307,21332,975,53100,0.9563,9.16,0.27,39775.51,17.0204,195330.77,7
2025-04-29,South,Sports,Northwind Foods,14361,13780,581,43624,0.9595,10.76,0.34,25228.81,17.0204,148280.45,7
2025-04-29,West,Apparel,Kestrel Logistics,7943,7876,67,24634,0.9916,10.26,0.27,13718.74,44.338,80784.65,7
2025-04-29,West,Apparel,Northwind Foods,11312,11093,219,28715,0.9806,9.55,0.45,19955.23,44.338,105922.42,7
2025-04-29,West,Beauty,Kestrel Logistics,16776,16586,190,52855,0.9887,10.95,0.43,31067.07,11.2481,181676.8,7
2025-04-29,West,Beauty,Northwind Foods,11769,11737,32,39560,0.9973,12.59,0.72,22216.24,11.2481,147770.73,7
2025-04-29,West,Electronics,Kestrel Logistics,8122,7889,233,24762,0.9713,12.72,0.14,14927.41,30.8251,100325.59,7
2025-04-29,West,Electronics,Northwind Foods,7624,7342,282,24355,0.963,10.32,0.62,12489.14,30.8251,75780.44,7
2025-04-29,West,Home,Kestrel Logistics,6623,6406,217,18020,0.9672,12.76,0.47,11494.83,24.5695,81724.77,7
2025-04-29,West,Home,Northwind Foods,12232,11973,259,36686,0.9788,13.17,0.79,22463.63,24.5695,157704.14,7
2025-04-29,West,Sports,Kestrel Logistics,8201,8036,165,27167,0.9799,10.31,0.08,15181.61,15.8766,82824.25,7
2025-04-29,West,Sports,Northwind Foods,3817,3692,125,12191,0.9673,9.81,0.08,6602.58,15.8766,36202.55,7
2025-05-06,Central,Apparel,Kestrel Logistics,2596,2471,125,7306,0.9518,11.34,0.58,4662.41,39.5694,28015.2,7
2025-05-06,Central,Apparel,Northwind Foods,2153,2075,78,6176,0.9638,13.54,0.38,4147.55,39.5694,28093.9,7
2025-05-06,Central,Beauty,Kestrel Logistics,14754,14406,348,43109,0.9764,12.01,0.65,25542.15,15.8857,172953.93,7
2025-05-06,Central,Beauty,Northwind Foods,15979,15301,678,54947,0.9576,10.63,0.11,29411.5,15.8857,162578.05,7
2025-05-06,Central,Electronics,Kestrel Logistics,8358,8117,241,25811,0.9712,10.2,0.34,15472.96,17.7449,82793.16,7
2025-05-06,Central,Electronics,Northwind Foods,11592,11187,405,33875,0.9651,12.41,0.37,20267.26,17.7449,138833.12,7
2025-05-06,Central,Home,Kestrel Logistics,9882,9469,413,25522,0.9582,12.3,0.14,17699.13,20.4323,116442.04,7
2025-05-06,Central,Home,Northwind Foods,10078,9847,231,29183,0.9771,11.31,0.07,16979.7,20.4323,111342.16,7
2025-05-06,Central,Sports,Kestrel Logistics,6155,5982,173,17860,0.9719,11.02,0.48,11045.38,22.9097,65905.39,7
2025-05-06,Central,Sports,Northwind Foods,9365,9165,200,28782,0.9786,9.38,0.3,17373.56,22.9097,85927.36,7
2025-05-06,East,Apparel,Kestrel Logistics,5781,5729,52,18865,0.991,9.62,0.02,10629.29,19.0487,55130.09,7
2025-05-06,East,Apparel,Northwind Foods,11754,11081,673,40825,0.9427,9.44,0.4,20827.2,19.0487,104603.03,7
2025-05-06,East,Beauty,Kestrel Logistics,5885,5504,381,18002,0.9353,11.67,0.43,9582.6,15.005,64220.49,7
2025-05-06,East,Beauty,Northwind Foods,6035,5769,266,16031,0.9559,10.21,0.11,10340.64,15.005,58911.07,7
2025-05-06,East,Electronics,Kestrel Logistics,7517,7116,401,24809,0.9467,10.09,0.22,14023.26,14.6427,71816.2,7
2025-05-06,East,Electronics,Northwind Foods,20652,19541,1111,60858,0.9462,10.55,0.49,35987.6,14.6427,206141.3,7
2025-05-06,East,Home,Kestrel Logistics,16885,16211,674,49769,0.9601,9.39,0.59,29472.52,15.4343,152290.22,7
2025-05-06,East,Home,Northwind Foods,22574,21805,769,61167,0.9659,11.07,0.6,42405.39,15.4343,241428.81,7
2025-05-06,East,Sports,Kestrel Logistics,19034,18580,454,56144,0.9761,12.58,0.34,33617.29,20.2848,233809.63,7
2025-05-06,East,Sports,Northwind Foods,9963,9554,409,28310,0.9589,11.6,1.71,17351.36,20.2848,110829.5,7
2025-05-06,North,Apparel,Kestrel Logistics,11759,11414,345,36684,0.9707,10.72,0.11,21419.7,33.5515,122315.75,7
2025-05-06,North,Apparel,Northwind Foods,9210,8944,266,23891,0.9711,10.89,0.21,16182.72,33.5515,97392.24,7
2025-05-06,North,Beauty,Kestrel Logistics,3767,3677,90,12786,0.9761,8.16,0.57,7572.08,31.6943,30004.85,7
2025-05-06,North,Beauty,Northwind Foods,2810,2732,78,8620,0.9722,11.52,0.06,5321.44,31.6943,31480.33,7
2025-05-06,North,Electronics,Kestrel Logistics,4246,4070,176,11587,0.9585,15.34,0.07,7774.65,27.2103,62444.55,7
2025-05-06,North,Electronics,Northwind Foods,5117,4744,373,14214,0.9271,11.75,0.51,8412.25,27.2103,55749.33,7
2025-05-06,North,Home,Kestrel Logistics,17954,17337,617,46897,0.9656,10.83,0.39,31544.64,24.2488,187815.62,7
2025-05-06,North,Home,Northwind Foods,11585,10725,860,35319,0.9258,10.83,0.57,20379.28,24.2488,116133.02,7
2025-05-06,North,Sports,Kestrel Logistics,12063,11868,195,40377,0.9838,13.3,0.51,22258.1,19.9854,157885.53,7
2025-05-06,North,Sports,Northwind Foods,16109,15544,565,52896,0.9649,12.04,0.25,27281.18,19.9854,187166.08,7
2025-05-06,South,Apparel,Kestrel Logistics,6452,6250,202,19624,0.9687,7.98,0.13,11718.04,30.1581,49888.44,7
2025-05-06,South,Apparel,Northwind Foods,2644,2608,36,9042,0.9864,12.36,1.32,5336.2,30.1581,32247.8,7
2025-05-06,South,Beauty,Kestrel Logistics,9053,8815,238,26802,0.9737,14.6,0.55,16179.52,18.3182,128705.19,7
2025-05-06,South,Beauty,Northwind Foods,14247,13620,627,38399,0.956,11.79,0.39,24205.21,18.3182,160562.89,7
2025-05-06,South,Electronics,Kestrel Logistics,7280,7025,255,19613,0.965,9.38,0.11,13008.28,19.0208,65919.49,7
2025-05-06,South,Electronics,Northwind Foods,18646,17816,830,55963,0.9555,11.87,0.0,31080.62,19.0208,211501.17,7
2025-05-06,South,Home,Kestrel Logistics,16733,15979,754,51380,0.9549,9.21,1.32,28537.45,17.1218,147119.26,7
2025-05-06,South,Home,Northwind Foods,10134,9959,175,34808,0.9827,11.39,0.04,19053.71,17.1218,113478.44,7
2025-05-06,South,Sports,Kestrel Logistics,6786,6631,155,24530,0.9772,9.66,0.43,12437.18,24.9326,64067.16,7
2025-05-06,South,Sports,Northwind Foods,4373,4283,90,11430,0.9794,12.73,0.24,6633.75,24.9326,54505.14,7
2025-05-06,West,Apparel,Kestrel Logistics,5885,5782,103,14996,0.9825,9.8,0.01,10295.22,23.8305,56658.44,7
2025-05-06,West,Apparel,Northwind Foods,8591,8143,448,24724,0.9479,11.1,0.13,14686.77,23.8305,90419.39,7
2025-05-06,West,Beauty,Kestrel Logistics,15645,15126,519,53737,0.9668,13.08,0.13,28543.11,21.169,197857.32,7
2025-05-06,West,Beauty,Northwind Foods,10950,10704,246,28811,0.9775,10.23,0.26,19050.6,21.169,109555.15,7
2025-05-06,West,Electronics,Kestrel Logistics,7681,7293,388,24614,0.9495,10.22,0.65,14119.73,27.4562,74513.43,7
2025-05-06,West,Electronics,Northwind Foods,7135,6787,348,24962,0.9512,11.14,0.48,12299.87,27.4562,75640.03,7
2025-05-06,West,Home,Kestrel Logistics,8828,8605,223,29703,0.9747,8.38,0.15,15703.84,12.539,72106.61,7
2025-05-06,West,Home,Northwind Foods,16834,16082,752,56127,0.9553,9.4,0.07,31168.55,12.539,151117.42,7
2025-05-06,West,Sports,Kestrel Logistics,18981,18466,515,57655,0.9729,11.16,0.65,34380.24,15.1478,206020.42,7
2025-05-06,West,Sports,Northwind Foods,8949,8482,467,27201,0.9478,9.25,0.16,15283.04,15.1478,78443.29,7
2025-05-13,Central,Apparel,Kestrel Logistics,10374,9973,401,32645,0.9613,10.22,0.07,16833.35,37.5965,101879.26,7
2025-05-13,Central,Apparel,Northwind Foods,8886,8376,510,26808,0.9426,12.37,0.35,15382.95,37.5965,103630.61,7
2025-05-13,Central,Beauty,Kestrel Logistics,18494,18476,18,60451,0.999,10.0,0.13,35401.42,17.6423,184676.85,7
2025-05-13,Central,Beauty,Northwind Foods,20294,19624,670,53467,0.967,13.2,0.84,39778.92,17.6423,259012.49,7
2025-05-13,Central,Electronics,Kestrel Logistics,12640,12533,107,36638,0.9915,9.49,0.1,20964.38,27.8555,118920.53,7
2025-05-13,Central,Electronics,Northwind Foods,18371,17273,1098,61177,0.9402,10.67,0.18,31214.52,27.8555,184247.35,7
2025-05-13,Central,Home,Kestrel Logistics,6798,6610,188,21000,0.9723,13.94,0.22,11869.0,18.6387,92120.36,7
2025-05-13,Central,Home,Northwind Foods,7104,6875,229,19825,0.9678,12.39,0.38,12604.01,18.6387,85161.08,7
2025-05-13,Central,Sports,Kestrel Logistics,9240,8991,249,22575,0.9731,10.52,0.35,14833.73,17.2108,94543.72,7
2025-05-13,Central,Sports,Northwind Foods,14243,13775,468,38001,0.9671,8.53,1.06,25406.57,17.2108,117548.36,7
2025-05-13,East,Apparel,Kestrel Logistics,4707,4665,42,13214,0.9911,8.97,0.32,8452.76,16.872,41865.0,7
2025-05-13,East,Apparel,Northwind Foods,9377,9023,354,30915,0.9622,12.77,0.11,16298.4,16.872,115229.95,7
2025-05-13,East,Beauty,Kestrel Logistics,7113,7009,104,19439,0.9854,12.71,0.06,12813.51,35.6702,89084.82,7
2025-05-13,East,Beauty,Northwind Foods,7680,7348,332,22094,0.9568,11.79,1.18,13463.11,35.6702,86657.59,7
2025-05-13,East,Electronics,Kestrel Logistics,2587,2494,93,8272,0.9641,11.77,0.19,4964.83,21.6151,29355.3,7
2025-05-13,East,Electronics,Northwind Foods,7185,6850,335,23798,0.9534,11.11,0.51,12705.61,21.6151,76100.21,7
2025-05-13,East,Home,Kestrel Logistics,12400,12068,332,30915,0.9732,13.73,1.12,21308.68,22.2713,165667.06,7
2025-05-13,East,Home,Northwind Foods,17164,16232,932,47245,0.9457,13.47,0.1,29255.93,22.2713,218568.15,7
2025-05-13,East,Sports,Kestrel Logistics,8768,8449,319,27136,0.9636,10.25,0.31,15231.2,27.671,86641.72,7
2025-05-13,East,Sports,Northwind Foods,4384,4345,39,12475,0.9911,10.91,0.29,7344.01,27.671,47418.05,7
2025-05-13,North,Apparel,Kestrel Logistics,5935,5608,327,17051,0.9449,12.37,0.2,10872.84,19.0111,69358.34,7
2025-05-13,North,Apparel,Northwind Foods,4571,4395,176,13493,0.9615,9.71,0.19,7561.09,19.0111,42684.36,7
2025-05-13,North,Beauty,Kestrel Logistics,3929,3679,250,12074,0.9364,10.65,0.5,7125.86,22.8511,39168.09,7
2025-05-13,North,Beauty,Northwind Foods,2846,2735,111,8420,0.961,9.08,0.01,5035.44,22.8511,24832.47,7
2025-05-13,North,Electronics,Kestrel Logistics,10742,10410,332,32970,0.9691,10.3,0.74,18425.51,25.5896,107179.24,7
2025-05-13,North,Electronics,Northwind Foods,12794,12136,658,36219,0.9486,11.14,0.04,24096.96,25.5896,135240.74,7
2025-05-13,North,Home,Kestrel Logistics,19999,19979,20,78889,0.999,14.59,0.34,39422.18,20.1778,291499.98,7
2025-05-13,North,Home,Northwind Foods,12501,12360,141,32549,0.9887,11.39,0.08,22468.86,20.1778,140802.01,7
2025-05-13,North,Sports,Kestrel Logistics,6583,6523,60,20062,0.9909,10.39,0.19,12382.22,15.6788,67776.79,7
2025-05-13,North,Sports,Northwind Foods,8951,8543,408,24728,0.9544,10.83,0.16,15954.07,15.6788,92518.66,7
2025-05-13,South,Apparel,Kestrel Logistics,6946,6684,262,19032,0.9623,11.34,0.43,12919.69,30.4293,75765.93,7
2025-05-13,South,Apparel,Northwind Foods,2877,2789,88,8954,0.9694,12.42,0.24,5426.14,30.4293,34643.46,7
2025-05-13,South,Beauty,Kestrel Logistics,10485,10130,355,30374,0.9661,11.23,0.19,20048.93,24.2358,113765.6,7
2025-05-13,South,Beauty,Northwind Foods,16089,15651,438,46998,0.9728,13.02,1.1,29548.43,24.2358,203698.86,7
2025-05-13,South,Electronics,Kestrel Logistics,7307,6998,309,22134,0.9577,8.5,0.91,13282.52,27.845,59502.49,7
2025-05-13,South,Electronics,Northwind Foods,18356,17750,606,47224,0.967,10.65,0.01,32725.43,27.845,189076.68,7
2025-05-13,South,Home,Kestrel Logistics,13456,12611,845,46043,0.9372,8.43,0.07,24520.84,15.2747,106311.01,7
2025-05-13,South,Home,Northwind Foods,8363,7860,503,18765,0.9399,8.73,0.57,14412.49,15.2747,68636.44,7
2025-05-13,South,Sports,Kestrel Logistics,11627,11162,465,36136,0.96,9.09,0.45,18912.18,26.909,101494.4,7
2025-05-13,South,Sports,Northwind Foods,7383,7211,172,23757,0.9767,11.53,0.06,12872.93,26.909,83150.58,7
2025-05-13,West,Apparel,Kestrel Logistics,4685,4522,163,12235,0.9652,11.04,1.33,7938.99,41.0142,49933.48,7
2025-05-13,West,Apparel,Northwind Foods,6674,6369,305,14999,0.9543,12.76,0.38,12168.49,41.0142,81254.48,7
2025-05-13,West,Beauty,Kestrel Logistics,8833,8553,280,38847,0.9683,9.82,0.14,16823.8,26.6136,83978.51,7
2025-05-13,West,Beauty,Northwind Foods,6181,6053,128,21283,0.9793,10.66,0.5,10571.38,26.6136,64513.71,7
2025-05-13,West,Electronics,Kestrel Logistics,8488,8378,110,28361,0.987,9.87,0.32,15233.87,18.1738,82721.88,7
2025-05-13,West,Electronics,Northwind Foods,8181,7798,383,26854,0.9532,11.87,0.11,15123.29,18.1738,92571.32,7
2025-05-13,West,Home,Kestrel Logistics,9647,9395,252,25228,0.9739,12.66,0.03,17844.16,17.4759,118975.37,7
2025-05-13,West,Home,Northwind Foods,17674,17558,116,56098,0.9934,9.62,0.01,27536.12,17.4759,168916.23,7
2025-05-13,West,Sports,Kestrel Logistics,11769,11620,149,30107,0.9873,10.67,0.14,22052.49,31.6777,123998.17,7
2025-05-13,West,Sports,Northwind Foods,5433,5338,95,17987,0.9825,11.5,0.06,10202.42,31.6777,61368.15,7
2025-05-20,Central,Apparel,Kestrel Logistics,9470,9243,227,23357,0.976,11.01,0.54,16944.47,17.1377,101788.58,7
2025-05-20,Central,Apparel,Northwind Foods,7879,7764,115,19801,0.9854,11.9,0.29,14701.55,17.1377,92376.12,7
2025-05-20,Central,Beauty,Kestrel Logistics,7236,7050,186,21000,0.9743,9.86,0.8,12321.14,25.8829,69487.71,7
2025-05-20,Central,Beauty,Northwind Foods,7674,7488,186,25178,0.9758,11.54,0.95,13568.49,25.8829,86383.2,7
2025-05-20,Central,Electronics,Kestrel Logistics,5489,5366,123,16067,0.9776,10.19,0.18,10086.67,10.8202,54671.66,7
2025-05-20,Central,Electronics,Northwind Foods,7824,7396,428,22465,0.9453,13.9,0.7,13205.49,10.8202,102793.74,7
2025-05-20,Central,Home,Kestrel Logistics,11933,11345,588,31209,0.9507,10.74,0.44,21817.1,20.7607,121795.2,7
2025-05-20,Central,Home,Northwind Foods,12543,11798,745,30461,0.9406,13.18,0.11,22195.08,20.7607,155479.03,7
2025-05-20,Central,Sports,Kestrel Logistics,4536,4446,90,11017,0.9802,12.03,0.07,7542.74,18.0203,53476.1,7
2025-05-20,Central,Sports,Northwind Foods,6890,6811,79,18863,0.9885,12.13,0.47,11714.27,18.0203,82616.99,7
2025-05-20,East,Apparel,Kestrel Logistics,3860,3706,154,9630,0.9601,9.82,0.1,6506.46,29.6095,36404.51,7
2025-05-20,East,Apparel,Northwind Foods,7228,7169,59,20164,0.9918,12.61,0.23,13010.86,29.6095,90369.49,7
2025-05-20,East,Beauty,Kestrel Logistics,4159,3995,164,12966,0.9606,13.59,0.41,6906.7,33.1178,54272.14,7
2025-05-20,East,Beauty,Northwind Foods,4435,4188,247,13463,0.9443,12.51,0.03,7819.85,33.1178,52374.67,7
2025-05-20,East,Electronics,Kestrel Logistics,11650,11259,391,32537,0.9664,11.05,1.23,19973.01,17.9444,124396.06,7
2025-05-20,East,Electronics,Northwind Foods,31977,30917,1060,77896,0.9669,10.64,0.68,60571.7,17.9444,328889.78,7
2025-05-20,East,Home,Kestrel Logistics,4106,3936,170,10374,0.9586,10.51,0.02,7472.49,17.1114,41387.0,7
2025-05-20,East,Home,Northwind Foods,5372,5294,78,19532,0.9855,10.27,0.26,10573.82,17.1114,54354.42,7
2025-05-20,East,Sports,Kestrel Logistics,22452,21267,1185,64635,0.9472,9.59,1.52,43464.73,16.98,204037.12,7
2025-05-20,East,Sports,Northwind Foods,11259,10936,323,34541,0.9713,13.4,1.41,19164.15,16.98,146498.57,7
2025-05-20,North,Apparel,Kestrel Logistics,10394,10031,363,31194,0.9651,13.26,1.9,18711.49,33.4078,132963.53,7
2025-05-20,North,Apparel,Northwind Foods,8076,7859,217,26767,0.9731,9.68,2.7,14732.12,33.4078,76083.24,7
2025-05-20,North,Beauty,Kestrel Logistics,2762,2654,108,8028,0.9609,13.97,0.3,5024.44,34.4378,37072.45,7
2025-05-20,North,Beauty,Northwind Foods,2073,1972,101,5600,0.9513,11.87,0.38,3636.3,34.4378,23416.25,7
2025-05-20,North,Electronics,Kestrel Logistics,9968,9571,397,28387,0.9602,11.18,0.04,16940.57,21.9974,106973.09,7
2025-05-20,North,Electronics,Northwind Foods,11603,11158,445,33811,0.9616,10.37,0.62,21184.59,21.9974,115701.61,7
2025-05-20,North,Home,Kestrel Logistics,14391,13862,529,47986,0.9632,11.2,0.26,25793.06,15.6588,155263.02,7
2025-05-20,North,Home,Northwind Foods,8603,8576,27,21526,0.9969,10.08,0.13,15696.19,15.6588,86403.65,7
2025-05-20,North,Sports,Kestrel Logistics,8732,8097,635,21151,0.9273,11.96,0.86,15428.6,40.5993,96831.51,7
2025-05-20,North,Sports,Northwind Foods,11041,10606,435,36019,0.9606,8.52,0.83,20192.8,40.5993,90323.5,7
2025-05-20,South,Apparel,Kestrel Logistics,3023,2903,120,8466,0.9603,10.92,0.05,5222.77,18.1702,31699.09,7
2025-05-20,South,Apparel,Northwind Foods,1276,1211,65,3498,0.9491,11.45,0.28,2258.78,18.1702,13869.42,7
2025-05-20,South,Beauty,Kestrel Logistics,6436,6371,65,14695,0.9899,9.75,0.04,11084.19,29.9877,62100.33,7
2025-05-20,South,Beauty,Northwind Foods,10331,9842,489,25298,0.9527,10.45,0.67,17660.02,29.9877,102883.25,7
2025-05-20,South,Electronics,Kestrel Logistics,2845,2811,34,8061,0.988,9.36,0.38,5040.19,33.8507,26312.29,7
2025-05-20,South,Electronics,Northwind Foods,7412,7131,281,19617,0.9621,12.02,0.16,13583.24,33.8507,85706.05,7
2025-05-20,South,Home,Kestrel Logistics,11934,11524,410,35330,0.9656,13.9,0.12,21572.83,32.2412,160232.37,7
2025-05-20,South,Home,Northwind Foods,7435,7183,252,17704,0.9661,11.72,0.03,13161.14,32.2412,84160.73,7
2025-05-20,South,Sports,Kestrel Logistics,7317,7061,256,23392,0.965,8.89,0.62,13059.19,27.2812,62792.21,7
2025-05-20,South,Sports,Northwind Foods,4735,4562,173,15656,0.9635,13.08,0.77,8441.36,27.2812,59669.73,7
2025-05-20,West,Apparel,Kestrel Logistics,13616,12571,1045,29120,0.9233,11.59,0.43,23568.99,17.0247,145698.28,7
2025-05-20,West,Apparel,Northwind Foods,17779,17707,72,52288,0.996,10.25,0.06,31275.72,17.0247,181471.37,7
2025-05-20,West,Beauty,Kestrel Logistics,16075,15355,720,46900,0.9552,9.04,0.13,28284.03,16.2043,138821.98,7
2025-05-20,West,Beauty,Northwind Foods,11696,10865,831,35483,0.929,10.9,0.56,19785.85,16.2043,118445.94,7
2025-05-20,West,Electronics,Kestrel Logistics,10710,10468,242,38932,0.9774,10.99,0.34,19855.09,34.1962,115001.2,7
2025-05-20,West,Electronics,Northwind Foods,10093,9742,351,30761,0.9652,11.54,0.24,19066.19,34.1962,112417.25,7
2025-05-20,West,Home,Kestrel Logistics,9489,9091,398,17566,0.9581,10.65,0.12,16693.13,24.1363,96778.06,7
2025-05-20,West,Home,Northwind Foods,17452,16990,462,45765,0.9735,13.68,0.06,30534.44,24.1363,232424.14,7
2025-05-20,West,Sports,Kestrel Logistics,24893,24483,410,77869,0.9835,9.23,0.22,44597.43,16.6208,225882.02,7
2025-05-20,West,Sports,Northwind Foods,11438,11247,191,29340,0.9833,12.64,1.27,22470.92,16.6208,142108.15,7
2025-05-27,Central,Apparel,Kestrel Logistics,14131,13881,250,35375,0.9823,12.01,0.36,26532.61,26.5906,166715.35,7
2025-05-27,Central,Apparel,Northwind Foods,12042,11660,382,35097,0.9683,9.56,0.36,21614.01,26.5906,111478.78,7
2025-05-27,Central,Beauty,Kestrel Logistics,5151,4919,232,14109,0.955,9.66,0.66,8930.51,18.5649,47515.82,7
2025-05-27,Central,Beauty,Northwind Foods,5386,5224,162,12917,0.9699,12.52,0.97,9768.38,18.5649,65389.97,7
2025-05-27,Central,Electronics,Kestrel Logistics,9669,9350,319,29858,0.967,9.07,0.11,17288.77,18.7948,84765.13,7
2025-05-27,Central,Electronics,Northwind Foods,13183,12887,296,32696,0.9775,11.03,0.28,22954.76,18.7948,142191.4,7
2025-05-27,Central,Home,Kestrel Logistics,10905,10812,93,29918,0.9915,12.17,0.04,21323.25,13.5321,131600.33,7
2025-05-27,Central,Home,Northwind Foods,11653,11245,408,32017,0.965,10.75,0.2,21487.7,13.5321,120842.06,7
2025-05-27,Central,Sports,Kestrel Logistics,17204,16163,1041,50069,0.9395,10.65,0.41,32537.05,25.713,172157.79,7
2025-05-27,Central,Sports,Northwind Foods,26892,24764,2128,67317,0.9209,10.39,0.63,42456.76,25.713,257324.16,7
2025-05-27,East,Apparel,Kestrel Logistics,7146,6849,297,21061,0.9584,10.09,0.37,13256.56,25.4579,69122.15,7
2025-05-27,East,Apparel,Northwind Foods,14036,13245,791,39945,0.9436,9.42,0.26,24149.9,25.4579,124745.2,7
2025-05-27,East,Beauty,Kestrel Logistics,11350,10645,705,31650,0.9379,11.1,0.19,18107.12,20.287,118181.8,7
2025-05-27,East,Beauty,Northwind Foods,11619,11159,460,34224,0.9604,13.46,1.19,19882.86,20.287,150215.26,7
2025-05-27,East,Electronics,Kestrel Logistics,6435,6110,325,16672,0.9495,10.56,0.01,11116.45,18.2158,64517.44,7
2025-05-27,East,Electronics,Northwind Foods,17712,16778,934,43896,0.9473,9.6,1.08,29001.65,18.2158,161014.59,7
2025-05-27,East,Home,Kestrel Logistics,5592,5578,14,21013,0.9975,9.58,0.29,10335.39,8.4299,53438.22,7
2025-05-27,East,Home,Northwind Foods,7512,7504,8,21412,0.9989,8.76,0.11,14246.18,8.4299,65762.06,7
2025-05-27,East,Sports,Kestrel Logistics,5234,5017,217,14270,0.9585,10.8,0.63,9800.29,47.9458,54186.23,7
2025-05-27,East,Sports,Northwind Foods,2694,2580,114,6447,0.9577,12.9,0.25,4713.28,47.9458,33293.55,7
2025-05-27,North,Apparel,Kestrel Logistics,11902,11077,825,31983,0.9307,10.87,0.28,20779.12,26.4685,120368.36,7
2025-05-27,North,Apparel,Northwind Foods,9192,8680,512,26357,0.9443,13.65,0.85,16059.59,26.4685,118456.15,7
2025-05-27,North,Beauty,Kestrel Logistics,13024,12334,690,35589,0.947,11.9,0.23,22808.73,26.0699,146740.7,7
2025-05-27,North,Beauty,Northwind Foods,9520,9167,353,31158,0.9629,10.95,0.54,19596.94,26.0699,100375.26,7
2025-05-27,North,Electronics,Kestrel Logistics,4967,4650,317,15357,0.9362,11.29,0.63,8809.37,32.2878,52484.15,7
2025-05-27,North,Electronics,Northwind Foods,5627,5421,206,15791,0.9634,7.26,0.49,9679.92,32.2878,39347.66,7
2025-05-27,North,Home,Kestrel Logistics,4132,3998,134,14084,0.9676,13.08,0.35,7507.61,79.4732,52295.66,7
2025-05-27,North,Home,Northwind Foods,2600,2473,127,9082,0.9512,10.93,0.58,4742.97,79.4732,27033.4,7
2025-05-27,North,Sports,Kestrel Logistics,8587,8351,236,24899,0.9725,9.41,0.74,16594.33,18.0873,78606.56,7
2025-05-27,North,Sports,Northwind Foods,11257,10937,320,32256,0.9716,12.35,0.29,20392.19,18.0873,135077.98,7
2025-05-27,South,Apparel,Kestrel Logistics,13128,12870,258,39313,0.9803,10.63,0.59,23670.09,31.9559,136843.62,7
2025-05-27,South,Apparel,Northwind Foods,5707,5372,335,16209,0.9413,12.74,0.91,10612.63,31.9559,68433.88,7
2025-05-27,South,Beauty,Kestrel Logistics,8339,8142,197,27258,0.9764,11.28,0.55,15385.95,18.4953,91808.74,7
2025-05-27,South,Beauty,Northwind Foods,13232,12578,654,33775,0.9506,9.73,0.5,22520.62,18.4953,122431.3,7
2025-05-27,South,Electronics,Kestrel Logistics,1810,1702,108,5078,0.9403,13.15,1.39,3288.06,30.3823,22387.86,7
2025-05-27,South,Electronics,Northwind Foods,4475,4318,157,13285,0.9649,10.72,0.02,7728.99,30.3823,46272.22,7
2025-05-27,South,Home,Kestrel Logistics,15047,14619,428,44195,0.9716,11.29,0.31,30655.72,30.3941,165018.14,7
2025-05-27,South,Home,Northwind Foods,9499,9112,387,23034,0.9593,11.48,0.54,17214.62,30.3941,104577.25,7
2025-05-27,South,Sports,Kestrel Logistics,7807,7514,293,20919,0.9625,12.53,0.56,13151.13,18.5279,94150.57,7
2025-05-27,South,Sports,Northwind Foods,4973,4854,119,11149,0.9761,12.26,0.56,9641.4,18.5279,59514.44,7
2025-05-27,West,Apparel,Kestrel Logistics,4576,4499,77,13977,0.9832,12.99,0.66,7526.65,25.4988,58429.63,7
2025-05-27,West,Apparel,Northwind Foods,6383,6336,47,17683,0.9926,12.1,0.64,11417.55,25.4988,76646.89,7
2025-05-27,West,Beauty,Kestrel Logistics,14101,13798,303,44325,0.9785,11.23,0.09,25671.58,19.4456,155016.56,7
2025-05-27,West,Beauty,Northwind Foods,10167,9764,403,36110,0.9604,11.85,0.29,16132.65,19.4456,115724.45,7
2025-05-27,West,Electronics,Kestrel Logistics,7054,7047,7,22830,0.999,10.87,1.21,14106.75,41.812,76620.24,7
2025-05-27,West,Electronics,Northwind Foods,6565,6558,7,23202,0.9989,12.73,0.14,11408.98,41.812,83515.09,7
2025-05-27,West,Home,Kestrel Logistics,7599,7206,393,26589,0.9483,13.41,0.29,13150.13,31.9327,96633.96,7
2025-05-27,West,Home,Northwind Foods,14283,13467,816,46029,0.9429,11.05,0.87,26356.36,31.9327,148763.82,7
2025-05-27,West,Sports,Kestrel Logistics,13777,13032,745,35238,0.9459,10.99,0.34,25899.76,21.9969,143202.83,7
2025-05-27,West,Sports,Northwind Foods,6037,5987,50,16334,0.9917,13.27,0.61,10894.13,21.9969,79451.64,7
2025-06-03,Central,Apparel,Kestrel Logistics,7819,7477,342,22421,0.9563,13.05,0.51,13187.44,36.6278,97563.21,7
2025-06-03,Central,Apparel,Northwind Foods,6673,6281,392,20403,0.9413,10.37,0.17,12616.02,36.6278,65102.74,7
2025-06-03,Central,Beauty,Kestrel Logistics,5798,5584,214,16236,0.9631,11.44,0.52,10174.88,33.9462,63891.09,7
2025-06-03,Central,Beauty,Northwind Foods,6099,5932,167,18282,0.9726,12.12,0.38,10391.92,33.9462,71899.31,7
2025-06-03,Central,Electronics,Kestrel Logistics,9687,9230,457,33246,0.9528,11.46,0.35,16636.94,26.7578,105816.18,7
2025-06-03,Central,Electronics,Northwind Foods,13344,12721,623,35346,0.9533,10.55,1.18,24041.23,26.7578,134198.64,7
2025-06-03,Central,Home,Kestrel Logistics,12918,12261,657,39909,0.9491,10.07,0.07,24894.77,22.4636,123467.37,7
2025-06-03,Central,Home,Northwind Foods,13391,12751,640,33044,0.9522,10.97,0.12,24122.72,22.4636,139873.47,7
2025-06-03,Central,Sports,Kestrel Logistics,4543,4408,135,10639,0.9703,11.37,0.21,7973.08,26.2032,50125.98,7
2025-06-03,Central,Sports,Northwind Foods,6760,6753,7,21574,0.999,11.18,0.14,11614.77,26.2032,75502.99,7
2025-06-03,East,Apparel,Kestrel Logistics,7025,6717,308,18498,0.9562,12.27,0.43,11906.66,15.7268,82386.4,7
2025-06-03,East,Apparel,Northwind Foods,13242,12990,252,34962,0.981,10.47,0.06,22364.93,15.7268,136063.07,7
2025-06-03,East,Beauty,Kestrel Logistics,7808,7434,374,21289,0.9521,12.36,0.6,13252.84,23.4703,91868.31,7
2025-06-03,East,Beauty,Northwind Foods,8104,7793,311,25013,0.9616,12.8,0.52,14204.63,23.4703,99784.42,7
2025-06-03,East,Electronics,Kestrel Logistics,8391,7889,502,19396,0.9402,12.06,2.14,14704.81,14.8173,95126.75,7
2025-06-03,East,Electronics,Northwind Foods,23617,21663,1954,64300,0.9173,10.61,0.21,41118.5,14.8173,229914.88,7
2025-06-03,East,Home,Kestrel Logistics,17456,16138,1318,48841,0.9245,9.27,0.09,29397.47,19.8,149598.54,7
2025-06-03,East,Home,Northwind Foods,23282,21708,1574,83878,0.9324,11.11,0.38,40760.23,19.8,241157.34,7
2025-06-03,East,Sports,Kestrel Logistics,12858,12715,143,35592,0.9889,11.2,0.2,23110.29,24.8807,142466.29,7
2025-06-03,East,Sports,Northwind Foods,6930,6538,392,20826,0.9434,11.94,0.15,11965.51,24.8807,78075.63,7
2025-06-03,North,Apparel,Kestrel Logistics,6974,6892,82,25572,0.9882,13.04,0.28,13017.32,37.8636,89872.92,7
2025-06-03,North,Apparel,Northwind Foods,5600,5400,200,14891,0.9643,14.63,0.71,9865.8,37.8636,79007.22,7
2025-06-03,North,Beauty,Kestrel Logistics,12654,12389,265,38449,0.9791,11.35,0.64,23249.63,33.2033,140600.76,7
2025-06-03,North,Beauty,Northwind Foods,9468,9207,261,21066,0.9724,12.0,0.42,15394.81,33.2033,110443.58,7
2025-06-03,North,Electronics,Kestrel Logistics,13056,12722,334,36252,0.9744,9.59,0.23,23136.94,21.7882,122065.49,7
2025-06-03,North,Electronics,Northwind Foods,15633,14832,801,37822,0.9488,11.23,0.25,26247.34,21.7882,166551.66,7
2025-06-03,North,Home,Kestrel Logistics,6791,6483,308,17075,0.9546,9.78,0.13,11778.46,26.8712,63393.48,7
2025-06-03,North,Home,Northwind Foods,4100,4010,90,11080,0.978,8.57,0.21,6839.29,26.8712,34347.33,7
2025-06-03,North,Sports,Kestrel Logistics,3923,3826,97,7829,0.9753,8.05,0.03,7239.86,13.4697,30807.89,7
2025-06-03,North,Sports,Northwind Foods,5139,5011,128,15099,0.9751,10.93,0.05,9399.15,13.4697,54786.25,7
2025-06-03,South,Apparel,Kestrel Logistics,13427,12686,741,37633,0.9448,10.65,0.38,23948.85,26.6361,135148.29,7
2025-06-03,South,Apparel,Northwind Foods,5544,5295,249,15265,0.9551,10.24,0.31,9214.7,26.6361,54209.94,7
2025-06-03,South,Beauty,Kestrel Logistics,120,116,4,413,0.9667,10.07,0.19,209.3,212.9663,1168.54,7
2025-06-03,South,Beauty,Northwind Foods,190,179,11,447,0.9421,10.7,0.67,350.02,212.9663,1915.01,7
2025-06-03,South,Electronics,Kestrel Logistics,8238,7832,406,22805,0.9507,13.41,0.27,12990.62,23.1068,105054.15,7
2025-06-03,South,Electronics,Northwind Foods,20459,19863,596,55203,0.9709,10.52,0.59,36748.23,23.1068,208996.12,7
2025-06-03,South,Home,Kestrel Logistics,9242,9013,229,26766,0.9752,10.22,0.11,16899.58,28.306,92073.01,7
2025-06-03,South,Home,Northwind Foods,5819,5618,201,15618,0.9655,11.93,0.5,9927.14,28.306,67005.91,7
2025-06-03,South,Sports,Kestrel Logistics,6211,6167,44,24166,0.9929,10.96,0.17,11067.09,22.5589,67592.55,7
2025-06-03,South,Sports,Northwind Foods,4080,3983,97,13884,0.9762,10.9,0.29,7720.57,22.5589,43431.88,7
2025-06-03,West,Apparel,Kestrel Logistics,6357,6020,337,20493,0.947,9.92,0.15,11311.79,20.1713,59737.77,7
2025-06-03,West,Apparel,Northwind Foods,8583,8480,103,27789,0.988,9.92,0.03,17781.87,20.1713,84162.83,7
2025-06-03,West,Beauty,Kestrel Logistics,12589,12028,561,37196,0.9554,10.41,0.08,23683.91,32.0214,125239.17,7
2025-06-03,West,Beauty,Northwind Foods,8552,8512,40,30963,0.9953,12.41,0.16,14744.61,32.0214,105674.21,7
2025-06-03,West,Electronics,Kestrel Logistics,10475,10121,354,33342,0.9662,10.94,0.75,19031.32,20.8558,110719.73,7
2025-06-03,West,Electronics,Northwind Foods,9574,9419,155,33751,0.9838,9.47,0.4,16333.51,20.8558,89173.68,7
2025-06-03,West,Home,Kestrel Logistics,12037,11224,813,35133,0.9325,8.24,0.39,19355.08,18.3589,92465.71,7
2025-06-03,West,Home,Northwind Foods,21904,20975,929,64047,0.9576,11.17,0.67,37000.85,18.3589,234190.36,7
2025-06-03,West,Sports,Kestrel Logistics,19776,18529,1247,57597,0.9369,12.22,0.31,33833.41,21.971,226334.92,7
2025-06-03,West,Sports,Northwind Foods,8848,8511,337,19775,0.9619,10.94,1.07,16502.82,21.971,93135.49,7
2025-06-10,Central,Apparel,Kestrel Logistics,12885,12786,99,30639,0.9923,14.12,0.66,22450.18,22.3404,180560.22,7
2025-06-10,Central,Apparel,Northwind Foods,10932,10740,192,26062,0.9824,11.63,0.16,21583.37,22.3404,124924.69,7
2025-06-10,Central,Beauty,Kestrel Logistics,4874,4730,144,12233,0.9705,13.03,0.44,8540.63,27.5302,61624.84,7
2025-06-10,Central,Beauty,Northwind Foods,5284,5023,261,15429,0.9506,12.75,0.35,8567.9,27.5302,64051.05,7
2025-06-10,Central,Electronics,Kestrel Logistics,16025,15283,742,46635,0.9537,12.06,0.31,29452.44,19.9798,184334.66,7
2025-06-10,Central,Electronics,Northwind Foods,22125,21062,1063,63130,0.952,14.92,0.09,44596.09,19.9798,314247.57,7
2025-06-10,Central,Home,Kestrel Logistics,10635,10255,380,27321,0.9643,12.36,0.19,19528.51,24.3787,126784.99,7
2025-06-10,Central,Home,Northwind Foods,10894,10665,229,32720,0.979,11.23,0.17,20276.67,24.3787,119749.8,7
2025-06-10,Central,Sports,Kestrel Logistics,6739,6445,294,19121,0.9564,11.15,0.35,13550.39,7.9815,71866.65,7
2025-06-10,Central,Sports,Northwind Foods,9911,9874,37,32918,0.9963,10.22,0.62,17824.07,7.9815,100883.34,7
2025-06-10,East,Apparel,Kestrel Logistics,7694,7438,256,19009,0.9667,11.56,0.12,14010.96,13.4658,85962.29,7
2025-06-10,East,Apparel,Northwind Foods,14635,14386,249,45515,0.983,10.09,0.01,27223.68,13.4658,145200.51,7
2025-06-10,East,Beauty,Kestrel Logistics,12561,12020,541,40959,0.9569,10.04,0.93,20821.34,14.5837,120660.37,7
2025-06-10,East,Beauty,Northwind Foods,12866,12600,266,36965,0.9793,10.09,0.55,24457.86,14.5837,127100.32,7
2025-06-10,East,Electronics,Kestrel Logistics,7305,7034,271,19019,0.9629,10.81,0.36,12853.16,27.1406,76017.87,7
2025-06-10,East,Electronics,Northwind Foods,20034,19315,719,64905,0.9641,11.58,0.14,34161.68,27.1406,223645.73,7
2025-06-10,East,Home,Kestrel Logistics,8892,8687,205,22871,0.9769,8.96,0.25,15027.9,26.6296,77854.81,7
2025-06-10,East,Home,Northwind Foods,12300,11684,616,32684,0.9499,8.3,1.39,22686.8,26.6296,96994.38,7
2025-06-10,East,Sports,Kestrel Logistics,15402,15027,375,37272,0.9757,9.76,0.31,27509.65,26.7148,146721.21,7
2025-06-10,East,Sports,Northwind Foods,7912,7728,184,21300,0.9767,9.39,0.97,14248.65,26.7148,72595.49,7
2025-06-10,North,Apparel,Kestrel Logistics,12066,11958,108,38686,0.991,11.31,0.69,21559.36,23.6819,135203.3,7
2025-06-10,North,Apparel,Northwind Foods,9438,9369,69,27626,0.9927,11.58,0.69,15968.24,23.6819,108494.83,7
2025-06-10,North,Beauty,Kestrel Logistics,7877,7654,223,22704,0.9717,12.05,1.36,13109.75,20.5528,92260.72,7
2025-06-10,North,Beauty,Northwind Foods,5937,5689,248,15408,0.9582,12.49,0.52,10810.0,20.5528,71063.52,7
2025-06-10,North,Electronics,Kestrel Logistics,9389,9064,325,30744,0.9654,11.85,0.27,17160.82,18.2609,107424.3,7
2025-06-10,North,Electronics,Northwind Foods,11078,10566,512,30833,0.9538,12.5,0.42,20926.47,18.2609,132082.02,7
2025-06-10,North,Home,Kestrel Logistics,8452,8403,49,23414,0.9942,12.54,0.09,15551.91,19.7154,105365.99,7
2025-06-10,North,Home,Northwind Foods,5449,5199,250,14416,0.9541,11.29,0.35,9784.55,19.7154,58715.17,7
2025-06-10,North,Sports,Kestrel Logistics,1773,1704,69,4392,0.9611,11.53,0.1,3049.99,37.4158,19641.21,7
2025-06-10,North,Sports,Northwind Foods,2298,2233,65,5997,0.9717,12.29,1.02,3905.43,37.4158,27437.27,7
2025-06-10,South,Apparel,Kestrel Logistics,7278,6739,539,19879,0.9259,7.72,0.77,12060.94,51.3932,51997.43,7
2025-06-10,South,Apparel,Northwind Foods,2851,2812,39,8989,0.9863,12.78,0.33,5296.32,51.3932,35935.96,7
2025-06-10,South,Beauty,Kestrel Logistics,6179,6051,128,21018,0.9793,10.57,0.2,10691.23,24.0407,63970.53,7
2025-06-10,South,Beauty,Northwind Foods,10066,9349,717,28237,0.9288,10.59,0.16,17458.88,24.0407,99037.24,7
2025-06-10,South,Electronics,Kestrel Logistics,5331,5168,163,12344,0.9694,13.2,0.04,9812.29,29.5553,68217.36,7
2025-06-10,South,Electronics,Northwind Foods,13569,13109,460,45813,0.9661,12.61,0.02,24799.05,29.5553,165353.73,7
2025-06-10,South,Home,Kestrel Logistics,24715,23840,875,73518,0.9646,12.98,0.02,44252.43,18.7541,309339.12,7
2025-06-10,South,Home,Northwind Foods,15790,14860,930,48156,0.9411,8.97,0.14,25253.66,18.7541,133290.47,7
2025-06-10,South,Sports,Kestrel Logistics,6661,6527,134,20375,0.9799,9.4,0.27,10951.35,34.71,61368.8,7
2025-06-10,South,Sports,Northwind Foods,4220,4216,4,11925,0.9991,9.36,0.68,7206.18,34.71,39461.66,7
2025-06-10,West,Apparel,Kestrel Logistics,16746,16028,718,56791,0.9571,10.55,0.08,33798.48,18.612,169167.7,7
2025-06-10,West,Apparel,Northwind Foods,23321,22576,745,53252,0.9681,10.67,0.21,40525.39,18.612,240931.07,7
2025-06-10,West,Beauty,Kestrel Logistics,4771,4421,350,11842,0.9266,11.91,0.61,8748.14,30.7217,52653.35,7
2025-06-10,West,Beauty,Northwind Foods,3267,3129,138,9985,0.9578,8.82,0.69,6013.07,30.7217,27592.2,7
2025-06-10,West,Electronics,Kestrel Logistics,6586,6456,130,15284,0.9803,12.48,0.07,12066.29,15.0973,80542.85,7
2025-06-10,West,Electronics,Northwind Foods,6197,6009,188,16720,0.9697,11.95,0.85,11454.83,15.0973,71814.54,7
2025-06-10,West,Home,Kestrel Logistics,11610,11065,545,31211,0.9531,10.94,0.15,19815.64,22.9275,121101.82,7
2025-06-10,West,Home,Northwind Foods,22077,20678,1399,59623,0.9366,10.39,0.96,39966.93,22.9275,214909.81,7
2025-06-10,West,Sports,Kestrel Logistics,10289,9750,539,32063,0.9476,13.36,0.24,19099.1,27.5644,130291.14,7
2025-06-10,West,Sports,Northwind Foods,4744,4479,265,11233,0.9441,10.96,0.26,8481.09,27.5644,49078.2,7
2025-06-17,Central,Apparel,Kestrel Logistics,9516,8826,690,26388,0.9275,9.66,0.07,17342.71,32.9184,85261.61,7
2025-06-17,Central,Apparel,Northwind Foods,7674,7413,261,25755,0.966,7.03,0.58,14193.65,32.9184,52128.64,7
2025-06-17,Central,Beauty,Kestrel Logistics,6220,6087,133,19244,0.9786,9.48,0.08,12213.67,24.0761,57705.99,7
2025-06-17,Central,Beauty,Northwind Foods,6625,6466,159,18664,0.976,11.01,0.97,12071.31,24.0761,71176.16,7
2025-06-17,Central,Electronics,Kestrel Logistics,12541,11542,999,29987,0.9203,10.82,0.32,23613.62,24.5649,124924.77,7
2025-06-17,Central,Electronics,Northwind Foods,16562,15907,655,47605,0.9605,10.64,1.28,29121.56,24.5649,169224.26,7
2025-06-17,Central,Home,Kestrel Logistics,10101,9972,129,28818,0.9872,11.09,0.47,18094.04,19.6072,110592.04,7
2025-06-17,Central,Home,Northwind Foods,10951,10371,580,28599,0.947,10.08,0.34,19736.62,19.6072,104531.79,7
2025-06-17,Central,Sports,Kestrel Logistics,5610,5379,231,16156,0.9588,10.67,0.88,9549.13,38.7474,57389.77,7
2025-06-17,Central,Sports,Northwind Foods,9007,8241,766,25483,0.915,11.88,0.05,14347.01,38.7474,97898.21,7
2025-06-17,East,Apparel,Kestrel Logistics,7227,7079,148,17228,0.9795,10.77,0.36,13038.06,40.6707,76226.17,7
2025-06-17,East,Apparel,Northwind Foods,14508,13692,816,42146,0.9438,10.37,0.43,24115.16,40.6707,141924.8,7
2025-06-17,East,Beauty,Kestrel Logistics,10222,9939,283,29830,0.9723,8.56,0.12,19575.66,20.0196,85113.15,7
2025-06-17,East,Beauty,Northwind Foods,10934,10418,516,33828,0.9528,10.99,0.45,18045.63,20.0196,114489.54,7
2025-06-17,East,Electronics,Kestrel Logistics,7717,7702,15,21997,0.9981,10.37,0.47,14298.68,18.7965,79858.94,7
2025-06-17,East,Electronics,Northwind Foods,21686,21148,538,83495,0.9752,11.65,0.27,39340.39,18.7965,246293.32,7
2025-06-17,East,Home,Kestrel Logistics,8989,8735,254,35384,0.9717,11.83,0.0,15538.38,24.2472,103312.99,7
2025-06-17,East,Home,Northwind Foods,12222,11750,472,36662,0.9614,12.77,0.43,20470.87,24.2472,150002.25,7
2025-06-17,East,Sports,Kestrel Logistics,23071,22758,313,67702,0.9864,9.58,0.39,45507.97,21.4051,218126.21,7
2025-06-17,East,Sports,Northwind Foods,12473,11703,770,35953,0.9383,12.64,0.04,19246.94,21.4051,147903.6,7
2025-06-17,North,Apparel,Kestrel Logistics,3209,3064,145,10931,0.9548,9.26,1.45,5288.08,41.2062,28374.35,7
2025-06-17,North,Apparel,Northwind Foods,2524,2401,123,6323,0.9513,10.48,1.4,4126.99,41.2062,25162.62,7
2025-06-17,North,Beauty,Kestrel Logistics,9503,8903,600,28121,0.9369,12.75,0.07,16789.72,25.013,113539.49,7
2025-06-17,North,Beauty,Northwind Foods,6859,6616,243,17000,0.9646,10.01,0.81,13104.43,25.013,66244.24,7
2025-06-17,North,Electronics,Kestrel Logistics,8138,7995,143,23423,0.9824,9.39,0.08,15042.39,19.4335,75093.94,7
2025-06-17,North,Electronics,Northwind Foods,9617,9320,297,26321,0.9691,13.08,0.3,17346.09,19.4335,121928.78,7
2025-06-17,North,Home,Kestrel Logistics,10919,10225,694,35776,0.9364,10.89,0.06,19010.71,37.712,111384.26,7
2025-06-17,North,Home,Northwind Foods,6519,6325,194,15630,0.9702,10.36,0.08,12259.34,37.712,65516.95,7
2025-06-17,North,Sports,Kestrel Logistics,7973,7800,173,19880,0.9783,8.54,0.54,14959.0,17.2563,66582.87,7
2025-06-17,North,Sports,Northwind Foods,10612,10217,395,29597,0.9628,11.82,0.08,17442.7,17.2563,120763.39,7
2025-06-17,South,Apparel,Kestrel Logistics,12648,11961,687,33643,0.9457,11.69,0.15,23424.05,19.0158,139769.99,7
2025-06-17,South,Apparel,Northwind Foods,5361,4992,369,17299,0.9312,8.76,0.13,9430.22,19.0158,43708.95,7
2025-06-17,South,Beauty,Kestrel Logistics,11951,11591,360,38395,0.9699,10.37,0.89,20661.37,11.8143,120250.64,7
2025-06-17,South,Beauty,Northwind Foods,18260,17909,351,55953,0.9808,8.27,0.7,31062.41,11.8143,148131.54,7
2025-06-17,South,Electronics,Kestrel Logistics,7633,7621,12,16645,0.9984,11.58,0.23,13433.02,21.4155,88265.91,7
2025-06-17,South,Electronics,Northwind Foods,19877,19329,548,61390,0.9724,11.23,0.17,36459.68,21.4155,217005.3,7
2025-06-17,South,Home,Kestrel Logistics,9735,9510,225,28175,0.9769,10.49,0.08,17767.09,26.5123,99740.32,7
2025-06-17,South,Home,Northwind Foods,6090,5928,162,19315,0.9734,10.8,0.6,9676.64,26.5123,64031.85,7
2025-06-17,South,Sports,Kestrel Logistics,9206,8848,358,26186,0.9611,11.4,0.68,16263.28,17.0956,100860.9,7
2025-06-17,South,Sports,Northwind Foods,5722,5716,6,16449,0.999,12.18,1.6,11047.82,17.0956,69634.59,7
2025-06-17,West,Apparel,Kestrel Logistics,7749,7537,212,23149,0.9726,11.05,0.23,14224.67,16.0154,83305.04,7
2025-06-17,West,Apparel,Northwind Foods,11166,10615,551,25497,0.9507,10.09,0.38,20175.96,16.0154,107149.69,7
2025-06-17,West,Beauty,Kestrel Logistics,9076,8672,404,25095,0.9555,13.41,0.47,16152.26,18.8845,116252.77,7
2025-06-17,West,Beauty,Northwind Foods,6307,6136,171,15298,0.9729,11.54,0.69,11357.56,18.8845,70787.58,7
2025-06-17,West,Electronics,Kestrel Logistics,11521,11509,12,39118,0.999,12.7,0.05,20265.13,26.4106,146168.67,7
2025-06-17,West,Electronics,Northwind Foods,11318,10712,606,32758,0.9465,12.1,0.02,21154.01,26.4106,129624.34,7
2025-06-17,West,Home,Kestrel Logistics,4306,4099,207,14507,0.9519,10.27,0.15,7135.41,27.1387,42080.92,7
2025-06-17,West,Home,Northwind Foods,7890,7660,230,20648,0.9708,10.15,0.62,14718.74,27.1387,77711.85,7
2025-06-17,West,Sports,Kestrel Logistics,14562,14024,538,39835,0.9631,10.8,0.28,27495.77,22.9004,151445.15,7
2025-06-17,West,Sports,Northwind Foods,6564,6442,122,21592,0.9814,10.67,0.74,11444.1,22.9004,68739.15,7
2025-06-24,Central,Apparel,Kestrel Logistics,14866,14496,370,35714,0.9751,12.77,0.01,26493.66,16.6498,185147.36,7
2025-06-24,Central,Apparel,Northwind Foods,12676,12175,501,31511,0.9605,9.59,0.65,21161.25,16.6498,116743.21,7
2025-06-24,Central,Beauty,Kestrel Logistics,14312,13902,410,37899,0.9714,10.57,0.11,27037.49,24.3638,146972.65,7
2025-06-24,Central,Beauty,Northwind Foods,15678,14765,913,45785,0.9418,12.24,0.09,30540.29,24.3638,180674.76,7
2025-06-24,Central,Electronics,Kestrel Logistics,9819,9558,261,26262,0.9734,11.31,0.45,17182.05,31.1312,108120.66,7
2025-06-24,Central,Electronics,Northwind Foods,13186,13173,13,45387,0.999,11.9,0.37,23471.8,31.1312,156737.56,7
2025-06-24,Central,Home,Kestrel Logistics,7024,6714,310,20725,0.9559,9.12,0.62,13235.68,45.466,61218.05,7
2025-06-24,Central,Home,Northwind Foods,7287,6983,304,18613,0.9583,12.01,1.04,12808.67,45.466,83850.18,7
2025-06-24,Central,Sports,Kestrel Logistics,4801,4611,190,13848,0.9604,10.92,0.2,8077.32,32.8172,50346.34,7
2025-06-24,Central,Sports,Northwind Foods,7377,7064,313,19392,0.9576,10.8,0.11,12413.9,32.8172,76263.47,7
2025-06-24,East,Apparel,Kestrel Logistics,6913,6785,128,20650,0.9815,10.12,0.11,11497.15,27.8912,68665.47,7
2025-06-24,East,Apparel,Northwind Foods,13695,13123,572,44175,0.9582,11.87,0.26,25143.47,27.8912,155810.68,7
2025-06-24,East,Beauty,Kestrel Logistics,10910,10697,213,32906,0.9805,9.49,0.8,19705.26,22.9488,101467.68,7
2025-06-24,East,Beauty,Northwind Foods,12008,11213,795,34143,0.9338,7.5,0.25,19799.08,22.9488,84098.59,7
2025-06-24,East,Electronics,Kestrel Logistics,7805,7585,220,23859,0.9718,11.09,0.03,13074.82,15.7091,84113.39,7
2025-06-24,East,Electronics,Northwind Foods,21738,20829,909,49388,0.9582,10.91,0.39,38468.49,15.7091,227338.8,7
2025-06-24,East,Home,Kestrel Logistics,14036,13880,156,46243,0.9889,11.82,0.46,26388.98,22.6531,164003.93,7
2025-06-24,East,Home,Northwind Foods,19763,18670,1093,57119,0.9447,13.36,0.36,35150.4,22.6531,249379.81,7
2025-06-24,East,Sports,Kestrel Logistics,15010,14744,266,43126,0.9823,10.95,0.85,29541.37,17.7083,161515.39,7
2025-06-24,East,Sports,Northwind Foods,7679,7582,97,24452,0.9874,11.11,0.41,13562.07,17.7083,84267.43,7
2025-06-24,North,Apparel,Kestrel Logistics,5451,5342,109,15445,0.98,10.17,0.3,9386.16,46.8728,54348.68,7
2025-06-24,North,Apparel,Northwind Foods,4463,4185,278,14160,0.9377,12.55,0.5,7873.72,46.8728,52504.41,7
2025-06-24,North,Beauty,Kestrel Logistics,11032,10327,705,29788,0.9361,9.48,0.09,18605.05,16.7144,97848.72,7
2025-06-24,North,Beauty,Northwind Foods,7894,7675,219,23730,0.9723,10.8,0.94,15349.4,16.7144,82917.65,7
2025-06-24,North,Electronics,Kestrel Logistics,10456,10159,297,29056,0.9716,11.55,0.32,18336.72,18.5358,117331.36,7
2025-06-24,North,Electronics,Northwind Foods,12278,11843,435,37560,0.9646,12.99,0.39,22105.5,18.5358,153798.75,7
2025-06-24,North,Home,Kestrel Logistics,10774,10431,343,39109,0.9682,10.84,0.91,18832.74,26.8699,113069.57,7
2025-06-24,North,Home,Northwind Foods,6618,6453,165,23308,0.9751,10.01,0.36,12310.61,26.8699,64591.09,7
2025-06-24,North,Sports,Kestrel Logistics,14626,14502,124,51808,0.9915,10.65,0.06,26614.1,29.5167,154431.7,7
2025-06-24,North,Sports,Northwind Foods,19577,18994,583,63148,0.9702,11.71,0.36,34399.48,29.5167,222486.43,7
2025-06-24,South,Apparel,Kestrel Logistics,19059,17408,1651,43034,0.9134,10.08,0.35,33930.68,18.2784,175542.57,7
2025-06-24,South,Apparel,Northwind Foods,7361,7266,95,17644,0.9871,10.25,0.4,13104.74,18.2784,74489.15,7
2025-06-24,South,Beauty,Kestrel Logistics,5440,5233,207,15779,0.9619,10.5,0.38,9663.07,19.1614,54939.82,7
2025-06-24,South,Beauty,Northwind Foods,8428,8085,343,23289,0.9593,11.47,0.64,14016.59,19.1614,92771.71,7
2025-06-24,South,Electronics,Kestrel Logistics,4054,3919,135,9367,0.9667,9.13,0.09,7204.97,36.148,35778.56,7
2025-06-24,South,Electronics,Northwind Foods,10650,9941,709,29091,0.9334,10.36,0.09,18473.12,36.148,103035.87,7
2025-06-24,South,Home,Kestrel Logistics,13173,12454,719,47327,0.9454,10.75,0.38,21307.36,24.7375,133834.26,7
2025-06-24,South,Home,Northwind Foods,7860,7762,98,26606,0.9875,11.11,0.54,15054.92,24.7375,86225.7,7
2025-06-24,South,Sports,Kestrel Logistics,7024,6662,362,22672,0.9485,11.28,0.35,11557.52,42.1225,75135.89,7
2025-06-24,South,Sports,Northwind Foods,4432,4304,128,14960,0.9711,10.55,0.29,8188.5,42.1225,45405.88,7
2025-06-24,West,Apparel,Kestrel Logistics,4703,4663,40,12529,0.9915,11.98,1.22,8045.25,32.1934,55872.96,7
2025-06-24,West,Apparel,Northwind Foods,6893,6568,325,20256,0.9529,12.05,0.08,11841.7,32.1934,79126.03,7
2025-06-24,West,Beauty,Kestrel Logistics,14519,14132,387,53448,0.9733,10.66,0.24,25388.36,29.2587,150690.39,7
2025-06-24,West,Beauty,Northwind Foods,10469,10000,469,30269,0.9552,11.77,0.18,18192.82,29.2587,117738.2,7
2025-06-24,West,Electronics,Kestrel Logistics,4810,4803,7,13597,0.9985,9.54,0.05,8992.78,23.5417,45813.5,7
2025-06-24,West,Electronics,Northwind Foods,4801,4471,330,12828,0.9313,10.21,0.54,8948.89,23.5417,45631.93,7
2025-06-24,West,Home,Kestrel Logistics,1521,1463,58,5027,0.9619,11.03,1.99,2556.67,24.3096,16133.25,7
2025-06-24,West,Home,Northwind Foods,2801,2733,68,9323,0.9757,10.17,0.3,5167.23,24.3096,27793.46,7
2025-06-24,West,Sports,Kestrel Logistics,12280,11539,741,33496,0.9397,11.13,0.37,23095.72,23.2911,128480.76,7
2025-06-24,West,Sports,Northwind Foods,5435,5301,134,14234,0.9753,9.9,0.08,10169.74,23.2911,52475.66,7
2025-07-01,Central,Apparel,Kestrel Logistics,12241,11741,500,35527,0.9592,8.67,0.52,20295.95,21.7349,101848.61,7
2025-07-01,Central,Apparel,Northwind Foods,9998,9861,137,27745,0.9863,9.65,0.48,19036.33,21.7349,95142.48,7
2025-07-01,Central,Beauty,Kestrel Logistics,12784,12223,561,33019,0.9561,10.34,0.05,22735.21,23.6498,126334.72,7
2025-07-01,Central,Beauty,Northwind Foods,13504,12982,522,44268,0.9613,12.15,0.27,23459.34,23.6498,157694.54,7
2025-07-01,Central,Electronics,Kestrel Logistics,5857,5725,132,17391,0.9775,9.47,0.24,11932.63,14.994,54207.82,7
2025-07-01,Central,Electronics,Northwind Foods,8266,7890,376,26863,0.9545,9.83,0.64,14175.27,14.994,77544.13,7
2025-07-01,Central,Home,Kestrel Logistics,8627,8426,201,26276,0.9767,12.92,0.06,15554.31,19.9415,108904.96,7
2025-07-01,Central,Home,Northwind Foods,9037,8762,275,33856,0.9696,11.59,0.21,15818.82,19.9415,101571.3,7
2025-07-01,Central,Sports,Kestrel Logistics,9821,9568,253,30746,0.9742,10.7,0.51,17905.85,17.0998,102360.49,7
2025-07-01,Central,Sports,Northwind Foods,15193,14659,534,43449,0.9649,10.44,0.15,26305.27,17.0998,152976.88,7
2025-07-01,East,Apparel,Kestrel Logistics,8156,8148,8,19011,0.999,8.47,0.03,15160.37,16.0059,68975.88,7
2025-07-01,East,Apparel,Northwind Foods,16459,15759,700,45304,0.9575,12.5,0.24,31169.21,16.0059,196991.98,7
2025-07-01,East,Beauty,Kestrel Logistics,6730,6647,83,19308,0.9877,14.42,1.26,11636.66,18.9119,95861.31,7
2025-07-01,East,Beauty,Northwind Foods,7437,6967,470,20279,0.9368,13.75,0.57,12747.81,18.9119,95821.44,7
2025-07-01,East,Electronics,Kestrel Logistics,9834,9339,495,27764,0.9497,10.86,0.26,17153.02,22.0168,101454.18,7
2025-07-01,East,Electronics,Northwind Foods,25914,25645,269,61768,0.9896,7.21,0.04,50310.81,22.0168,184929.36,7
2025-07-01,East,Home,Kestrel Logistics,6351,6243,108,17923,0.983,10.63,0.04,10198.87,19.0928,66358.84,7
2025-07-01,East,Home,Northwind Foods,8405,8397,8,18744,0.999,9.99,0.27,15389.44,19.0928,83915.2,7
2025-07-01,East,Sports,Kestrel Logistics,13806,13330,476,40470,0.9655,12.14,0.28,24165.93,14.121,161779.05,7
2025-07-01,East,Sports,Northwind Foods,6977,6855,122,21185,0.9825,10.41,0.87,12601.08,14.121,71389.76,7
2025-07-01,North,Apparel,Kestrel Logistics,5462,5250,212,15583,0.9612,9.72,0.39,10193.08,36.4098,51054.83,7
2025-07-01,North,Apparel,Northwind Foods,4280,4113,167,11711,0.961,10.84,0.66,6914.34,36.4098,44594.8,7
2025-07-01,North,Beauty,Kestrel Logistics,18320,18141,179,54496,0.9902,11.72,0.38,36741.7,26.5725,212625.18,7
2025-07-01,North,Beauty,Northwind Foods,13870,13482,388,36520,0.972,10.76,0.84,24274.21,26.5725,145052.04,7
2025-07-01,North,Electronics,Kestrel Logistics,4413,4186,227,11158,0.9486,8.7,0.47,7465.35,19.0838,36398.41,7
2025-07-01,North,Electronics,Northwind Foods,5041,4881,160,14748,0.9683,9.34,0.17,9668.46,19.0838,45602.16,7
2025-07-01,North,Home,Kestrel Logistics,6659,6536,123,20243,0.9815,10.1,0.51,13065.3,19.6374,66017.54,7
2025-07-01,North,Home,Northwind Foods,4126,4043,83,12531,0.9799,13.79,0.1,7991.64,19.6374,55752.32,7
2025-07-01,North,Sports,Kestrel Logistics,9001,8807,194,34341,0.9784,10.44,0.25,15451.7,17.2219,91972.26,7
2025-07-01,North,Sports,Northwind Foods,11810,11536,274,33896,0.9768,10.81,0.08,20745.06,17.2219,124677.69,7
2025-07-01,South,Apparel,Kestrel Logistics,3421,3244,177,9396,0.9483,13.48,0.36,6115.56,37.1061,43735.3,7
2025-07-01,South,Apparel,Northwind Foods,1410,1354,56,3991,0.9603,11.77,0.2,2234.95,37.1061,15932.96,7
2025-07-01,South,Beauty,Kestrel Logistics,12036,11260,776,29719,0.9355,8.87,0.14,21258.55,16.7539,99924.49,7
2025-07-01,South,Beauty,Northwind Foods,18325,17397,928,49462,0.9494,11.81,0.96,30618.15,16.7539,205491.75,7
2025-07-01,South,Electronics,Kestrel Logistics,6743,6497,246,17835,0.9635,10.44,0.86,11550.85,22.7722,67838.1,7
2025-07-01,South,Electronics,Northwind Foods,17002,16479,523,53635,0.9692,9.06,0.62,29620.57,22.7722,149336.44,7
2025-07-01,South,Home,Kestrel Logistics,9124,8319,805,23294,0.9118,8.59,0.35,14389.93,34.1237,71454.12,7
2025-07-01,South,Home,Northwind Foods,5419,5186,233,14464,0.957,10.62,0.61,9324.75,34.1237,55098.52,7
2025-07-01,South,Sports,Kestrel Logistics,6741,6641,100,15604,0.9852,9.48,0.13,11833.35,40.7178,62951.04,7
2025-07-01,South,Sports,Northwind Foods,4551,4290,261,11301,0.9426,12.15,0.34,7713.5,40.7178,52110.96,7
2025-07-01,West,Apparel,Kestrel Logistics,15633,15187,446,50487,0.9715,13.55,0.29,28242.41,17.9719,205766.93,7
2025-07-01,West,Apparel,Northwind Foods,22446,21392,1054,60498,0.953,13.09,0.02,39547.19,17.9719,280034.59,7
2025-07-01,West,Beauty,Kestrel Logistics,6029,5974,55,21385,0.9909,11.61,1.04,11660.2,32.0771,69385.39,7
2025-07-01,West,Beauty,Northwind Foods,4497,4227,270,12990,0.94,10.65,0.93,7401.12,32.0771,45027.89,7
2025-07-01,West,Electronics,Kestrel Logistics,14001,13584,417,43396,0.9702,11.87,1.01,27018.25,18.3282,161284.83,7
2025-07-01,West,Electronics,Northwind Foods,13137,12643,494,41455,0.9624,9.28,0.04,23202.94,18.3282,117267.29,7
2025-07-01,West,Home,Kestrel Logistics,8057,7995,62,23697,0.9923,9.48,0.44,14841.86,19.035,75775.58,7
2025-07-01,West,Home,Northwind Foods,14957,14942,15,55274,0.999,10.3,0.49,27975.91,19.035,153940.41,7
2025-07-01,West,Sports,Kestrel Logistics,10959,10458,501,31329,0.9543,10.35,0.71,19942.07,23.5589,108218.89,7
2025-07-01,West,Sports,Northwind Foods,5007,4804,203,14525,0.9595,10.59,0.92,8669.22,23.5589,50898.05,7
2025-07-08,Central,Apparel,Kestrel Logistics,9920,9664,256,29001,0.9742,12.33,0.11,18645.8,33.9047,119152.79,7
2025-07-08,Central,Apparel,Northwind Foods,8464,8118,346,29009,0.9591,10.54,0.08,15043.51,33.9047,85602.5,7
2025-07-08,Central,Beauty,Kestrel Logistics,6293,6028,265,19400,0.9579,13.43,0.42,10746.51,22.1859,80950.21,7
2025-07-08,Central,Beauty,Northwind Foods,6647,6402,245,17664,0.9631,9.9,0.02,12793.96,22.1859,63383.45,7
2025-07-08,Central,Electronics,Kestrel Logistics,7013,6753,260,21597,0.9629,13.26,0.16,12858.54,25.8184,89555.6,7
2025-07-08,Central,Electronics,Northwind Foods,9387,9306,81,25097,0.9914,9.14,0.09,17744.17,25.8184,85102.59,7
2025-07-08,Central,Home,Kestrel Logistics,10389,10042,347,29420,0.9666,11.0,0.48,18175.31,33.8411,110447.76,7
2025-07-08,Central,Home,Northwind Foods,10453,10443,10,32934,0.999,9.58,0.83,19762.08,33.8411,100011.41,7
2025-07-08,Central,Sports,Kestrel Logistics,8196,7962,234,19486,0.9714,10.52,1.63,14299.68,25.6833,83750.53,7
2025-07-08,Central,Sports,Northwind Foods,12234,12199,35,39161,0.9971,10.31,0.49,22102.16,25.6833,125817.14,7
2025-07-08,East,Apparel,Kestrel Logistics,7096,6755,341,19104,0.9519,13.1,0.14,11971.81,20.4759,88488.86,7
2025-07-08,East,Apparel,Northwind Foods,13300,13065,235,39986,0.9823,12.12,0.12,23440.65,20.4759,158372.63,7
2025-07-08,East,Beauty,Kestrel Logistics,13065,12716,349,38884,0.9733,10.43,0.06,22633.23,34.134,132668.59,7
2025-07-08,East,Beauty,Northwind Foods,14036,13329,707,54157,0.9496,12.67,0.13,24529.81,34.134,168834.91,7
2025-07-08,East,Electronics,Kestrel Logistics,3358,3243,115,8069,0.9658,9.91,0.3,6016.63,19.8839,32122.21,7
2025-07-08,East,Electronics,Northwind Foods,9063,8907,156,24748,0.9828,11.26,0.89,16836.88,19.8839,100274.63,7
2025-07-08,East,Home,Kestrel Logistics,11823,11120,703,31914,0.9405,9.4,0.24,20290.69,22.0991,104474.39,7
2025-07-08,East,Home,Northwind Foods,15882,14958,924,52127,0.9418,9.61,0.33,27906.3,22.0991,143773.75,7
2025-07-08,East,Sports,Kestrel Logistics,6401,5973,428,18665,0.9331,11.35,0.88,10913.4,17.6179,67790.25,7
2025-07-08,East,Sports,Northwind Foods,3270,3072,198,8313,0.9394,10.39,0.42,5702.78,17.6179,31910.08,7
2025-07-08,North,Apparel,Kestrel Logistics,12101,11923,178,38576,0.9853,10.94,1.51,21569.65,15.0712,130379.25,7
2025-07-08,North,Apparel,Northwind Foods,9661,9342,319,30280,0.967,8.32,1.24,17956.33,15.0712,77757.75,7
2025-07-08,North,Beauty,Kestrel Logistics,11374,10513,861,32161,0.9243,12.57,0.13,18178.67,25.5711,132155.51,7
2025-07-08,North,Beauty,Northwind Foods,8099,7814,285,23499,0.9648,13.12,0.38,14727.33,25.5711,102538.71,7
2025-07-08,North,Electronics,Kestrel Logistics,10512,10113,399,31603,0.962,9.04,0.66,18185.89,24.7391,91465.79,7
2025-07-08,North,Electronics,Northwind Foods,12260,11789,471,36383,0.9616,10.18,0.35,22586.16,24.7391,120020.77,7
2025-07-08,North,Home,Kestrel Logistics,12244,11494,750,39154,0.9387,7.76,0.76,20053.13,10.7364,89142.87,7
2025-07-08,North,Home,Northwind Foods,7117,7110,7,22452,0.999,11.64,0.67,12553.52,10.7364,82787.15,7
2025-07-08,North,Sports,Kestrel Logistics,3084,3071,13,8281,0.9958,10.7,0.28,5544.58,43.9003,32862.7,7
2025-07-08,North,Sports,Northwind Foods,4198,4022,176,12150,0.9581,12.55,0.88,6987.59,43.9003,50493.06,7
2025-07-08,South,Apparel,Kestrel Logistics,21632,21094,538,69188,0.9751,8.58,0.62,37768.65,21.5776,181033.95,7
2025-07-08,South,Apparel,Northwind Foods,9047,8804,243,25940,0.9731,13.56,1.33,17507.84,21.5776,119415.88,7
2025-07-08,South,Beauty,Kestrel Logistics,6285,6102,183,14270,0.9709,10.86,0.46,11494.98,16.7546,66263.37,7
2025-07-08,South,Beauty,Northwind Foods,9749,9428,321,22028,0.9671,12.29,0.01,15515.2,16.7546,115826.8,7
2025-07-08,South,Electronics,Kestrel Logistics,2483,2360,123,8412,0.9505,9.08,0.06,4543.87,42.2351,21434.04,7
2025-07-08,South,Electronics,Northwind Foods,6113,5985,128,19996,0.9791,10.54,0.46,10455.38,42.2351,63061.13,7
2025-07-08,South,Home,Kestrel Logistics,11593,10901,692,33110,0.9403,11.95,0.54,19890.56,28.4004,130229.8,7
2025-07-08,South,Home,Northwind Foods,6927,6794,133,17189,0.9808,11.83,0.45,12304.28,28.4004,80400.52,7
2025-07-08,South,Sports,Kestrel Logistics,13799,13360,439,38786,0.9682,12.41,0.33,25479.39,24.0487,165814.57,7
2025-07-08,South,Sports,Northwind Foods,8890,8631,259,24612,0.9709,13.5,0.15,16923.24,24.0487,116511.41,7
2025-07-08,West,Apparel,Kestrel Logistics,6265,6043,222,15227,0.9646,9.59,1.01,10565.09,17.6518,57980.12,7
2025-07-08,West,Apparel,Northwind Foods,8923,8512,411,26502,0.9539,10.17,0.25,14765.85,17.6518,86554.67,7
2025-07-08,West,Beauty,Kestrel Logistics,6121,5789,332,16719,0.9458,13.06,1.28,12103.63,25.542,75618.89,7
2025-07-08,West,Beauty,Northwind Foods,4295,4097,198,10606,0.9539,9.08,0.32,6903.54,25.542,37217.61,7
2025-07-08,West,Electronics,Kestrel Logistics,5196,4911,285,12679,0.9452,13.07,0.32,9616.76,28.2545,64198.17,7
2025-07-08,West,Electronics,Northwind Foods,4767,4570,197,13463,0.9587,9.91,0.62,8089.81,28.2545,45291.24,7
2025-07-08,West,Home,Kestrel Logistics,11610,10963,647,31189,0.9443,11.46,0.23,19186.49,27.0354,125656.42,7
2025-07-08,West,Home,Northwind Foods,21103,20487,616,67470,0.9708,11.74,0.58,36892.26,27.0354,240417.01,7
2025-07-08,West,Sports,Kestrel Logistics,18348,17316,1032,53766,0.9438,11.92,0.37,31511.37,20.1527,206492.3,7
2025-07-08,West,Sports,Northwind Foods,8135,7955,180,22619,0.9779,10.57,0.11,14732.62,20.1527,84087.41,7
2025-07-15,Central,Apparel,Kestrel Logistics,12393,11820,573,39137,0.9538,10.48,0.32,22757.41,23.9136,123910.26,7
2025-07-15,Central,Apparel,Northwind Foods,10398,9928,470,29309,0.9548,10.98,0.65,19103.19,23.9136,108992.97,7
2025-07-15,Central,Beauty,Kestrel Logistics,8029,7796,233,19342,0.971,10.8,1.68,13384.21,26.9773,84184.63,7
2025-07-15,Central,Beauty,Northwind Foods,8373,8280,93,21969,0.9889,11.97,0.02,14866.01,26.9773,99148.09,7
2025-07-15,Central,Electronics,Kestrel Logistics,15882,15469,413,46753,0.974,11.84,0.24,25351.72,25.4871,183149.21,7
2025-07-15,Central,Electronics,Northwind Foods,22180,21319,861,61504,0.9612,9.88,0.66,37079.33,25.4871,210681.42,7
2025-07-15,Central,Home,Kestrel Logistics,2266,2185,81,5429,0.9643,11.68,0.46,4039.87,73.6784,25530.58,7
2025-07-15,Central,Home,Northwind Foods,2452,2273,179,5771,0.927,10.91,0.29,4147.34,73.6784,24799.38,7
2025-07-15,Central,Sports,Kestrel Logistics,4673,4521,152,12291,0.9675,9.31,1.22,7835.4,41.1365,42077.99,7
2025-07-15,Central,Sports,Northwind Foods,6933,6926,7,21247,0.999,10.36,0.34,12080.94,41.1365,71785.19,7
2025-07-15,East,Apparel,Kestrel Logistics,5143,5014,129,16840,0.9749,13.17,0.4,8982.8,25.9758,66010.59,7
2025-07-15,East,Apparel,Northwind Foods,10035,9696,339,23857,0.9662,13.43,0.47,17923.17,25.9758,130208.59,7
2025-07-15,East,Beauty,Kestrel Logistics,18234,16940,1294,58055,0.929,10.46,0.03,30763.58,21.1362,177142.68,7
2025-07-15,East,Beauty,Northwind Foods,18100,17758,342,49107,0.9811,12.24,0.03,32502.54,21.1362,217309.95,7
2025-07-15,East,Electronics,Kestrel Logistics,4046,3920,126,12189,0.9689,12.94,0.76,7047.03,37.8616,50706.21,7
2025-07-15,East,Electronics,Northwind Foods,11518,10766,752,32412,0.9347,10.58,0.88,20164.8,37.8616,113899.49,7
2025-07-15,East,Home,Kestrel Logistics,13440,13287,153,26757,0.9886,10.11,0.07,22268.13,9.9267,134390.32,7
2025-07-15,East,Home,Northwind Foods,18771,17872,899,52212,0.9521,10.5,0.14,32255.23,9.9267,187738.89,7
2025-07-15,East,Sports,Kestrel Logistics,36505,33956,2549,100283,0.9302,10.93,0.08,63097.17,20.7535,371249.48,7
2025-07-15,East,Sports,Northwind Foods,18201,17461,740,45010,0.9593,13.62,1.13,32221.56,20.7535,237838.53,7
2025-07-15,North,Apparel,Kestrel Logistics,9194,8417,777,19656,0.9155,9.04,0.08,17059.95,38.1059,76108.63,7
2025-07-15,North,Apparel,Northwind Foods,7001,6596,405,20682,0.9422,13.48,0.05,12094.18,38.1059,88886.35,7
2025-07-15,North,Beauty,Kestrel Logistics,12813,12321,492,31827,0.9616,13.9,1.73,22615.51,12.942,171255.93,7
2025-07-15,North,Beauty,Northwind Foods,9531,9157,374,27289,0.9608,11.73,0.44,17078.33,12.942,107370.03,7
2025-07-15,North,Electronics,Kestrel Logistics,9235,9091,144,27207,0.9844,10.63,0.87,18595.09,38.5135,96640.91,7
2025-07-15,North,Electronics,Northwind Foods,11070,10598,472,32718,0.9574,11.04,0.15,20095.62,38.5135,117019.42,7
2025-07-15,North,Home,Kestrel Logistics,9795,9422,373,31999,0.9619,12.52,0.01,15492.86,17.9697,117918.97,7
2025-07-15,North,Home,Northwind Foods,5908,5829,79,19097,0.9866,9.37,0.33,10919.91,17.9697,54589.44,7
2025-07-15,North,Sports,Kestrel Logistics,5554,5421,133,17995,0.9761,10.87,0.76,9587.96,24.3977,58911.46,7
2025-07-15,North,Sports,Northwind Foods,7664,7101,563,22514,0.9265,9.92,0.15,13420.64,24.3977,70454.85,7
2025-07-15,South,Apparel,Kestrel Logistics,11009,10685,324,43259,0.9706,13.18,0.13,21445.06,15.8886,140824.59,7
2025-07-15,South,Apparel,Northwind Foods,4574,4460,114,12800,0.9751,9.27,0.73,7457.88,15.8886,41351.77,7
2025-07-15,South,Beauty,Kestrel Logistics,4688,4426,262,12410,0.9441,10.96,0.26,7817.52,42.6208,48490.29,7
2025-07-15,South,Beauty,Northwind Foods,6958,6837,121,17416,0.9826,12.62,0.59,13585.35,42.6208,86261.33,7
2025-07-15,South,Electronics,Kestrel Logistics,3995,3786,209,12416,0.9477,13.15,0.91,7060.19,40.5812,49786.92,7
2025-07-15,South,Electronics,Northwind Foods,9612,9602,10,32021,0.999,9.38,0.43,16965.55,40.5812,90107.01,7
2025-07-15,South,Home,Kestrel Logistics,6917,6465,452,21017,0.9347,9.45,0.19,11879.47,18.2873,61111.79,7
2025-07-15,South,Home,Northwind Foods,4119,4030,89,12820,0.9784,10.49,0.13,7125.53,18.2873,42265.41,7
2025-07-15,South,Sports,Kestrel Logistics,9194,9123,71,32754,0.9923,10.1,1.59,16539.66,8.3736,92102.6,7
2025-07-15,South,Sports,Northwind Foods,6216,5894,322,13121,0.9482,8.53,0.92,10515.08,8.3736,50293.71,7
2025-07-15,West,Apparel,Kestrel Logistics,7553,7403,150,25635,0.9801,10.13,0.4,14261.79,20.974,74977.96,7
2025-07-15,West,Apparel,Northwind Foods,10859,10428,431,30494,0.9603,8.96,0.68,17937.17,20.974,93471.45,7
2025-07-15,West,Beauty,Kestrel Logistics,14551,14014,537,43377,0.9631,10.47,0.15,25796.01,19.6826,146788.8,7
2025-07-15,West,Beauty,Northwind Foods,10230,9916,314,22258,0.9693,12.04,0.68,19448.75,19.6826,119410.18,7
2025-07-15,West,Electronics,Kestrel Logistics,5102,4902,200,15748,0.9608,9.99,0.03,9353.98,19.5887,48957.9,7
2025-07-15,West,Electronics,Northwind Foods,4610,4562,48,12731,0.9896,11.5,0.31,8424.41,19.5887,52453.74,7
2025-07-15,West,Home,Kestrel Logistics,9212,8756,456,27458,0.9505,13.69,0.45,17599.43,10.8361,119863.17,7
2025-07-15,West,Home,Northwind Foods,17540,16364,1176,51019,0.933,11.09,0.16,30276.28,10.8361,181497.0,7
2025-07-15,West,Sports,Kestrel Logistics,10182,9898,284,29485,0.9721,11.54,0.0,19099.55,14.2655,114205.12,7
2025-07-15,West,Sports,Northwind Foods,4664,4547,117,11853,0.9749,10.51,0.36,7858.29,14.2655,47798.61,7
2025-07-22,Central,Apparel,Kestrel Logistics,8579,8167,412,26004,0.952,13.13,0.35,14261.93,34.2603,107217.59,7
2025-07-22,Central,Apparel,Northwind Foods,7322,6859,463,20118,0.9368,8.81,0.22,12616.69,34.2603,60415.87,7
2025-07-22,Central,Beauty,Kestrel Logistics,9518,9122,396,27876,0.9584,12.47,0.05,18888.3,22.1219,113758.16,7
2025-07-22,Central,Beauty,Northwind Foods,10151,9689,462,32627,0.9545,10.33,0.37,19938.56,22.1219,100105.88,7
2025-07-22,Central,Electronics,Kestrel Logistics,1165,1111,54,3377,0.9536,11.86,1.41,2101.05,53.9305,13172.25,7
2025-07-22,Central,Electronics,Northwind Foods,1627,1530,97,3865,0.9404,10.83,0.6,2801.08,53.9305,16566.15,7
2025-07-22,Central,Home,Kestrel Logistics,9395,9197,198,33214,0.9789,10.37,0.31,16750.48,26.5137,95341.47,7
2025-07-22,Central,Home,Northwind Foods,10047,9564,483,37967,0.9519,11.94,0.67,17276.56,26.5137,114188.59,7
2025-07-22,Central,Sports,Kestrel Logistics,3410,3282,128,9923,0.9625,9.94,0.15,5683.03,18.5849,32614.62,7
2025-07-22,Central,Sports,Northwind Foods,5134,5029,105,9531,0.9795,12.53,1.16,8776.83,18.5849,63006.68,7
2025-07-22,East,Apparel,Kestrel Logistics,8713,8430,283,24719,0.9675,10.45,0.28,15565.27,24.7289,88124.8,7
2025-07-22,East,Apparel,Northwind Foods,17021,16305,716,54560,0.9579,12.09,0.53,32945.62,24.7289,197112.9,7
2025-07-22,East,Beauty,Kestrel Logistics,5961,5629,332,16329,0.9443,10.35,0.09,9991.63,28.6901,58278.22,7
2025-07-22,East,Beauty,Northwind Foods,6210,5901,309,16695,0.9502,11.49,1.17,10944.46,28.6901,67798.84,7
2025-07-22,East,Electronics,Kestrel Logistics,4564,4352,212,11200,0.9535,9.5,0.94,7445.83,24.9617,41324.11,7
2025-07-22,East,Electronics,Northwind Foods,12607,11952,655,38307,0.948,11.07,0.09,22321.22,24.9617,132308.24,7
2025-07-22,East,Home,Kestrel Logistics,7430,7192,238,21426,0.968,11.06,1.01,12507.04,23.2847,79556.92,7
2025-07-22,East,Home,Northwind Foods,10248,9675,573,33297,0.9441,11.35,0.5,17206.3,23.2847,109778.16,7
2025-07-22,East,Sports,Kestrel Logistics,17754,16625,1129,56818,0.9364,10.92,0.13,28215.94,15.1073,181594.22,7
2025-07-22,East,Sports,Northwind Foods,8740,8549,191,22678,0.9781,10.24,0.1,16838.04,15.1073,87574.12,7
2025-07-22,North,Apparel,Kestrel Logistics,6453,6202,251,17327,0.9611,10.14,0.03,10299.03,21.4544,62870.29,7
2025-07-22,North,Apparel,Northwind Foods,5033,4859,174,11788,0.9654,11.19,0.42,8459.14,21.4544,54360.58,7
2025-07-22,North,Beauty,Kestrel Logistics,24571,23705,866,89992,0.9648,9.59,0.19,42846.65,11.7121,227383.75,7
2025-07-22,North,Beauty,Northwind Foods,18140,17617,523,49110,0.9712,10.82,0.39,31141.11,11.7121,190611.32,7
2025-07-22,North,Electronics,Kestrel Logistics,6882,6485,397,14264,0.9423,12.48,0.6,11864.08,34.6866,80950.74,7
2025-07-22,North,Electronics,Northwind Foods,8051,7559,492,20754,0.9389,14.28,0.28,14667.82,34.6866,107972.95,7
2025-07-22,North,Home,Kestrel Logistics,15531,15275,256,48410,0.9835,12.64,1.35,28682.5,15.7954,193090.63,7
2025-07-22,North,Home,Northwind Foods,9787,9450,337,26308,0.9656,11.38,0.63,17123.6,15.7954,107563.04,7
2025-07-22,North,Sports,Kestrel Logistics,6510,6323,187,24316,0.9713,7.42,0.01,13107.05,30.7141,46911.91,7
2025-07-22,North,Sports,Northwind Foods,8951,8281,670,27255,0.9251,8.23,0.82,14980.59,30.7141,68144.73,7
2025-07-22,South,Apparel,Kestrel Logistics,16678,16048,630,49264,0.9622,9.07,0.11,30302.93,15.7043,145555.52,7
2025-07-22,South,Apparel,Northwind Foods,6790,6698,92,23594,0.9865,10.44,0.1,12025.13,15.7043,69933.77,7
2025-07-22,South,Beauty,Kestrel Logistics,6673,6355,318,22898,0.9523,11.29,1.2,11392.46,24.2564,71734.73,7
2025-07-22,South,Beauty,Northwind Foods,10071,9818,253,26203,0.9749,10.67,0.75,18913.86,24.2564,104745.81,7
2025-07-22,South,Electronics,Kestrel Logistics,7694,7200,494,19840,0.9358,9.41,0.77,12986.44,12.0641,67726.3,7
2025-07-22,South,Electronics,Northwind Foods,18965,18260,705,52280,0.9628,12.29,0.06,34060.32,12.0641,224389.48,7
2025-07-22,South,Home,Kestrel Logistics,15918,15631,287,39622,0.982,11.02,0.27,29063.27,19.6519,172255.9,7
2025-07-22,South,Home,Northwind Foods,10558,9743,815,27720,0.9228,11.56,0.31,18271.51,19.6519,112624.04,7
2025-07-22,South,Sports,Kestrel Logistics,18855,18040,815,52558,0.9568,10.27,0.23,31445.71,20.7438,185312.64,7
2025-07-22,South,Sports,Northwind Foods,12303,11654,649,32949,0.9472,11.49,0.15,21408.68,20.7438,133863.82,7
2025-07-22,West,Apparel,Kestrel Logistics,11339,10654,685,30426,0.9396,10.86,0.17,20287.79,22.2411,115650.11,7
2025-07-22,West,Apparel,Northwind Foods,15963,15006,957,49090,0.94,12.94,0.39,30348.01,22.2411,194123.46,7
2025-07-22,West,Beauty,Kestrel Logistics,14723,14014,709,33694,0.9518,9.89,0.27,25380.98,22.6823,138646.89,7
2025-07-22,West,Beauty,Northwind Foods,10310,9917,393,25082,0.9619,13.48,0.47,16889.16,22.6823,133719.39,7
2025-07-22,West,Electronics,Kestrel Logistics,9527,9271,256,28063,0.9731,10.92,0.56,17804.89,22.9542,101206.54,7
2025-07-22,West,Electronics,Northwind Foods,8879,8629,250,26559,0.9718,12.04,0.24,14710.99,22.9542,103892.8,7
2025-07-22,West,Home,Kestrel Logistics,7954,7710,244,21791,0.9693,11.89,0.0,14266.41,22.511,91635.21,7
2025-07-22,West,Home,Northwind Foods,14843,14409,434,40260,0.9708,10.54,0.43,26627.62,22.511,151887.58,7
2025-07-22,West,Sports,Kestrel Logistics,17023,16100,923,56615,0.9458,7.27,0.4,29315.05,24.482,117099.3,7
2025-07-22,West,Sports,Northwind Foods,7445,7396,49,23255,0.9934,10.58,0.49,13106.31,24.482,78258.24,7
2025-07-29,Central,Apparel,Kestrel Logistics,16202,15965,237,48422,0.9854,12.78,0.42,31094.46,20.4345,204054.91,7
2025-07-29,Central,Apparel,Northwind Foods,13910,13409,501,36342,0.964,6.71,0.87,25783.02,20.4345,90001.0,7
2025-07-29,Central,Beauty,Kestrel Logistics,13693,12863,830,34881,0.9394,13.64,0.14,21949.74,24.6881,175480.61,7
2025-07-29,Central,Beauty,Northwind Foods,13832,13663,169,45852,0.9878,12.72,0.21,26346.28,24.6881,173825.63,7
2025-07-29,Central,Electronics,Kestrel Logistics,9209,9112,97,27207,0.9895,9.19,0.31,17070.71,31.3992,83742.12,7
2025-07-29,Central,Electronics,Northwind Foods,13091,12559,532,37604,0.9594,10.98,0.02,23017.94,31.3992,137840.81,7
2025-07-29,Central,Home,Kestrel Logistics,6276,6078,198,18614,0.9685,11.02,0.98,10311.58,31.7007,66955.21,7
2025-07-29,Central,Home,Northwind Foods,6488,6320,168,15882,0.9741,10.41,0.11,11262.45,31.7007,65807.52,7
2025-07-29,Central,Sports,Kestrel Logistics,4248,4070,178,13049,0.9581,13.31,0.07,8094.13,40.579,54163.58,7
2025-07-29,Central,Sports,Northwind Foods,6487,6235,252,18778,0.9612,9.59,0.32,10792.7,40.579,59794.56,7
2025-07-29,East,Apparel,Kestrel Logistics,7196,6911,285,20759,0.9604,11.67,0.45,12815.75,16.7926,80648.56,7
2025-07-29,East,Apparel,Northwind Foods,13777,13366,411,34206,0.9702,14.14,0.03,23254.03,16.7926,188932.47,7
2025-07-29,East,Beauty,Kestrel Logistics,9652,9328,324,35182,0.9664,9.19,0.55,17124.11,28.4547,85696.77,7
2025-07-29,East,Beauty,Northwind Foods,10140,9777,363,34349,0.9642,10.98,1.08,17946.06,28.4547,107398.3,7
2025-07-29,East,Electronics,Kestrel Logistics,5383,5246,137,13444,0.9745,11.11,0.66,10088.03,19.8005,58266.43,7
2025-07-29,East,Electronics,Northwind Foods,15121,14407,714,50071,0.9528,13.17,0.28,26226.69,19.8005,189668.26,7
2025-07-29,East,Home,Kestrel Logistics,6712,6262,450,17662,0.933,11.67,0.21,11222.3,25.8766,73100.36,7
2025-07-29,East,Home,Northwind Foods,8430,8422,8,26677,0.9991,10.6,0.42,15608.44,25.8766,89232.52,7
2025-07-29,East,Sports,Kestrel Logistics,14666,13952,714,37854,0.9513,11.21,0.23,24162.45,18.6988,156340.88,7
2025-07-29,East,Sports,Northwind Foods,7391,7175,216,22282,0.9708,10.18,1.13,13307.83,18.6988,73041.53,7
2025-07-29,North,Apparel,Kestrel Logistics,10540,10180,360,29237,0.9658,12.52,0.29,18191.77,34.044,127473.17,7
2025-07-29,North,Apparel,Northwind Foods,8178,7977,201,18854,0.9754,8.98,0.11,15108.64,34.044,71637.82,7
2025-07-29,North,Beauty,Kestrel Logistics,14128,13932,196,43286,0.9861,12.62,0.72,26435.37,28.8501,175854.18,7
2025-07-29,North,Beauty,Northwind Foods,10580,10355,225,33844,0.9787,10.85,0.35,18559.66,28.8501,112391.35,7
2025-07-29,North,Electronics,Kestrel Logistics,3013,2969,44,9146,0.9854,10.81,0.14,5396.25,34.871,32092.87,7
2025-07-29,North,Electronics,Northwind Foods,3575,3462,113,10904,0.9684,10.72,0.11,6274.26,34.871,37107.13,7
2025-07-29,North,Home,Kestrel Logistics,6523,6481,42,20718,0.9936,12.06,0.27,11406.43,23.3308,78184.58,7
2025-07-29,North,Home,Northwind Foods,4344,4009,335,12629,0.9229,9.3,0.15,7849.65,23.3308,37294.75,7
2025-07-29,North,Sports,Kestrel Logistics,12032,11844,188,35897,0.9844,10.32,0.97,22951.67,21.8189,122218.34,7
2025-07-29,North,Sports,Northwind Foods,15963,15512,451,44953,0.9717,9.77,0.08,29412.31,21.8189,151611.56,7
2025-07-29,South,Apparel,Kestrel Logistics,8589,8160,429,24910,0.9501,11.17,0.65,16738.84,15.947,91144.87,7
2025-07-29,South,Apparel,Northwind Foods,3612,3406,206,12423,0.943,11.0,0.03,6668.74,15.947,37470.99,7
2025-07-29,South,Beauty,Kestrel Logistics,6173,5955,218,18093,0.9647,10.68,0.25,10538.66,30.1079,63580.77,7
2025-07-29,South,Beauty,Northwind Foods,9509,9201,308,27748,0.9676,8.61,0.1,16475.33,30.1079,79234.08,7
2025-07-29,South,Electronics,Kestrel Logistics,3102,3054,48,8668,0.9845,10.47,0.66,5915.51,26.4194,31976.38,7
2025-07-29,South,Electronics,Northwind Foods,7986,7747,239,22614,0.9701,12.11,0.12,14917.56,26.4194,93841.91,7
2025-07-29,South,Home,Kestrel Logistics,9379,9215,164,25914,0.9825,11.23,2.86,17460.99,24.9892,103460.2,7
2025-07-29,South,Home,Northwind Foods,6154,5743,411,17674,0.9332,10.69,1.06,10204.49,24.9892,61366.11,7
2025-07-29,South,Sports,Kestrel Logistics,8256,7937,319,21481,0.9614,9.56,0.03,14760.29,35.3336,75856.12,7
2025-07-29,South,Sports,Northwind Foods,5312,5127,185,15104,0.9652,10.82,0.52,10776.9,35.3336,55492.88,7
2025-07-29,West,Apparel,Kestrel Logistics,6545,6375,170,20508,0.974,12.39,0.49,12723.53,21.1518,78997.1,7
2025-07-29,West,Apparel,Northwind Foods,9566,8978,588,27294,0.9385,10.95,0.09,17376.23,21.1518,98301.16,7
2025-07-29,West,Beauty,Kestrel Logistics,20728,20244,484,45631,0.9766,10.48,0.65,37911.49,20.8601,212070.58,7
2025-07-29,West,Beauty,Northwind Foods,15545,14325,1220,41847,0.9215,9.53,0.26,29818.87,20.8601,136493.67,7
2025-07-29,West,Electronics,Kestrel Logistics,6157,5947,210,18106,0.9659,12.32,0.1,10568.2,33.9164,73254.76,7
2025-07-29,West,Electronics,Northwind Foods,5899,5534,365,17816,0.9381,9.07,0.43,10879.32,33.9164,50169.67,7
2025-07-29,West,Home,Kestrel Logistics,3081,3038,43,9987,0.986,9.81,0.67,5494.84,38.265,29801.93,7
2025-07-29,West,Home,Northwind Foods,5897,5678,219,14939,0.9629,10.87,0.22,10517.37,38.265,61723.83,7
2025-07-29,West,Sports,Kestrel Logistics,16428,15648,780,53020,0.9525,9.31,0.65,26628.5,24.362,145760.49,7
2025-07-29,West,Sports,Northwind Foods,7474,7188,286,17830,0.9617,11.13,0.46,12044.26,24.362,79996.49,7
2025-08-05,Central,Apparel,Kestrel Logistics,14701,14523,178,31330,0.9879,8.96,0.11,27471.65,19.7781,130065.27,7
2025-08-05,Central,Apparel,Northwind Foods,12762,12199,563,36337,0.9559,9.55,0.05,23053.4,19.7781,116538.34,7
2025-08-05,Central,Beauty,Kestrel Logistics,6524,6250,274,17807,0.958,12.9,0.05,12462.86,20.0127,80626.7,7
2025-08-05,Central,Beauty,Northwind Foods,6812,6639,173,20357,0.9746,9.51,0.91,11642.48,20.0127,63113.71,7
2025-08-05,Central,Electronics,Kestrel Logistics,6046,5664,382,15440,0.9368,11.65,0.04,10613.19,27.742,66000.98,7
2025-08-05,Central,Electronics,Northwind Foods,8126,7807,319,21806,0.9607,9.97,0.62,13641.38,27.742,77864.16,7
2025-08-05,Central,Home,Kestrel Logistics,10565,9861,704,27806,0.9334,12.06,0.18,18340.4,13.0488,118956.67,7
2025-08-05,Central,Home,Northwind Foods,10552,10256,296,30283,0.9719,9.83,0.35,18579.67,13.0488,100808.05,7
2025-08-05,Central,Sports,Kestrel Logistics,5727,5540,187,19238,0.9673,11.05,0.38,10637.1,26.3409,61244.25,7
2025-08-05,Central,Sports,Northwind Foods,8674,8488,186,19610,0.9786,9.56,0.1,16408.27,26.3409,81174.86,7
2025-08-05,East,Apparel,Kestrel Logistics,5709,5396,313,14721,0.9452,14.26,0.13,10272.17,13.5447,76941.17,7
2025-08-05,East,Apparel,Northwind Foods,10445,10435,10,30358,0.999,11.07,0.87,19987.99,13.5447,115557.1,7
2025-08-05,East,Beauty,Kestrel Logistics,15103,15063,40,49501,0.9974,10.17,0.1,29447.32,18.7496,153189.72,7
2025-08-05,East,Beauty,Northwind Foods,16393,15789,604,40749,0.9632,11.88,0.27,27350.83,18.7496,187614.3,7
2025-08-05,East,Electronics,Kestrel Logistics,3812,3631,181,11074,0.9525,13.99,0.18,6681.74,12.0601,50810.2,7
2025-08-05,East,Electronics,Northwind Foods,10108,9971,137,25104,0.9864,11.96,0.69,17468.43,12.0601,119243.87,7
2025-08-05,East,Home,Kestrel Logistics,5300,5115,185,14347,0.9651,9.82,0.21,9628.41,9.983,50231.99,7
2025-08-05,East,Home,Northwind Foods,7101,6881,220,19151,0.969,8.72,0.14,12506.23,9.983,59992.06,7
2025-08-05,East,Sports,Kestrel Logistics,21685,20653,1032,57200,0.9524,10.42,0.48,37905.23,20.3158,215123.23,7
2025-08-05,East,Sports,Northwind Foods,10949,10621,328,27510,0.97,10.67,0.87,19172.65,20.3158,113308.48,7
2025-08-05,North,Apparel,Kestrel Logistics,10706,10023,683,30945,0.9362,9.17,0.05,17341.68,12.5227,91951.75,7
2025-08-05,North,Apparel,Northwind Foods,8152,7854,298,23588,0.9634,10.53,0.08,15706.0,12.5227,82735.14,7
2025-08-05,North,Beauty,Kestrel Logistics,11934,11613,321,34447,0.9731,9.01,0.14,20287.25,31.3504,104613.94,7
2025-08-05,North,Beauty,Northwind Foods,8921,8630,291,23372,0.9674,12.97,1.14,15963.53,31.3504,111892.6,7
2025-08-05,North,Electronics,Kestrel Logistics,7459,6981,478,16632,0.9359,12.46,0.26,12445.57,22.8022,87012.32,7
2025-08-05,North,Electronics,Northwind Foods,8470,8139,331,27103,0.9609,10.72,0.9,15564.84,22.8022,87247.66,7
2025-08-05,North,Home,Kestrel Logistics,23423,22757,666,60234,0.9716,9.63,0.13,39312.0,13.3634,219123.7,7
2025-08-05,North,Home,Northwind Foods,14325,14079,246,42204,0.9828,10.96,0.12,26096.34,13.3634,154274.04,7
2025-08-05,North,Sports,Kestrel Logistics,13431,12893,538,39929,0.9599,10.68,0.01,23938.86,18.791,137671.47,7
2025-08-05,North,Sports,Northwind Foods,17739,16886,853,44056,0.9519,9.11,0.27,33256.43,18.791,153862.77,7
2025-08-05,South,Apparel,Kestrel Logistics,14276,13513,763,34432,0.9466,11.29,1.51,26035.34,23.6756,152525.6,7
2025-08-05,South,Apparel,Northwind Foods,6013,5640,373,15778,0.938,9.94,0.12,10505.87,23.6756,56062.49,7
2025-08-05,South,Beauty,Kestrel Logistics,3182,3141,41,10496,0.9871,12.14,0.14,5632.16,34.9232,38126.24,7
2025-08-05,South,Beauty,Northwind Foods,5079,4852,227,16943,0.9553,9.04,1.88,8414.56,34.9232,43852.22,7
2025-08-05,South,Electronics,Kestrel Logistics,7968,7781,187,19082,0.9765,11.27,0.47,13126.67,28.9152,87658.96,7
2025-08-05,South,Electronics,Northwind Foods,20697,19734,963,45039,0.9535,11.16,0.59,36818.32,28.9152,220266.36,7
2025-08-05,South,Home,Kestrel Logistics,10470,10150,320,29376,0.9694,10.39,0.6,18006.44,19.9222,105428.93,7
2025-08-05,South,Home,Northwind Foods,6622,6326,296,20372,0.9553,13.02,0.06,10734.89,19.9222,82348.75,7
2025-08-05,South,Sports,Kestrel Logistics,11111,10897,214,35186,0.9807,10.23,0.33,19812.85,19.6405,111510.43,7
2025-08-05,South,Sports,Northwind Foods,7314,7039,275,25040,0.9624,9.98,0.2,12279.24,19.6405,70276.37,7
2025-08-05,West,Apparel,Kestrel Logistics,12663,11861,802,31081,0.9367,10.87,0.22,22765.58,23.6418,128960.49,7
2025-08-05,West,Apparel,Northwind Foods,17486,16706,780,51976,0.9554,10.73,0.71,31713.42,23.6418,179263.11,7
2025-08-05,West,Beauty,Kestrel Logistics,6311,6030,281,15233,0.9555,8.17,0.54,11142.88,6.9647,49251.11,7
2025-08-05,West,Beauty,Northwind Foods,4539,4267,272,13580,0.9401,9.84,0.21,8608.12,6.9647,41974.58,7
2025-08-05,West,Electronics,Kestrel Logistics,7474,7268,206,22944,0.9724,11.5,0.51,13429.07,26.8665,83609.3,7
2025-08-05,West,Electronics,Northwind Foods,7177,6764,413,23571,0.9425,10.21,0.92,12609.98,26.8665,69092.23,7
2025-08-05,West,Home,Kestrel Logistics,7307,7300,7,24082,0.999,12.68,0.84,13774.0,48.6967,92559.45,7
2025-08-05,West,Home,Northwind Foods,14263,13644,619,36752,0.9566,11.19,0.23,25645.6,48.6967,152686.75,7
2025-08-05,West,Sports,Kestrel Logistics,9867,9558,309,27901,0.9687,12.06,1.1,18494.1,20.3895,115298.8,7
2025-08-05,West,Sports,Northwind Foods,4702,4390,312,16825,0.9336,13.74,0.45,8495.95,20.3895,60308.42,7
2025-08-12,Central,Apparel,Kestrel Logistics,7026,6718,308,19076,0.9562,12.07,0.5,13366.74,15.4359,81109.67,7
2025-08-12,Central,Apparel,Northwind Foods,5972,5642,330,18079,0.9447,12.94,1.35,10708.75,15.4359,72982.25,7
2025-08-12,Central,Beauty,Kestrel Logistics,11596,10705,891,26122,0.9232,13.59,1.06,19198.67,21.1658,145493.74,7
2025-08-12,Central,Beauty,Northwind Foods,11752,11371,381,34473,0.9676,13.39,1.03,21064.49,21.1658,152301.57,7
2025-08-12,Central,Electronics,Kestrel Logistics,11466,11455,11,34550,0.999,11.99,1.06,21079.61,22.703,137333.22,7
2025-08-12,Central,Electronics,Northwind Foods,16288,15787,501,47358,0.9692,12.33,0.29,28551.67,22.703,194679.46,7
2025-08-12,Central,Home,Kestrel Logistics,16687,16181,506,37755,0.9697,10.94,0.65,29016.8,16.4465,177054.57,7
2025-08-12,Central,Home,Northwind Foods,17586,16827,759,61725,0.9568,10.71,0.35,29443.27,16.4465,180262.18,7
2025-08-12,Central,Sports,Kestrel Logistics,7993,7690,303,26749,0.9621,11.87,1.69,14471.17,29.6133,91278.39,7
2025-08-12,Central,Sports,Northwind Foods,11981,11783,198,34120,0.9835,10.53,0.31,20556.21,29.6133,124039.97,7
2025-08-12,East,Apparel,Kestrel Logistics,8873,8199,674,24075,0.924,10.73,0.68,13826.59,19.1965,87995.37,7
2025-08-12,East,Apparel,Northwind Foods,16613,15858,755,46150,0.9546,9.99,0.63,29856.31,19.1965,158445.41,7
2025-08-12,East,Beauty,Kestrel Logistics,12901,12423,478,32966,0.9629,13.41,1.05,25079.92,26.0593,166621.32,7
2025-08-12,East,Beauty,Northwind Foods,13335,13022,313,35036,0.9765,7.7,0.39,23302.84,26.0593,100305.37,7
2025-08-12,East,Electronics,Kestrel Logistics,2951,2854,97,7895,0.9671,11.64,0.12,5399.84,30.5883,33214.32,7
2025-08-12,East,Electronics,Northwind Foods,8278,7837,441,18196,0.9467,10.69,0.28,14954.99,30.5883,83788.0,7
2025-08-12,East,Home,Kestrel Logistics,6584,6291,293,19149,0.9555,11.42,0.32,11805.52,35.0764,71845.8,7
2025-08-12,East,Home,Northwind Foods,8864,8461,403,22274,0.9545,13.04,0.16,15132.98,35.0764,110339.07,7
2025-08-12,East,Sports,Kestrel Logistics,11803,11106,697,31340,0.9409,9.26,0.32,19727.6,23.7701,102858.96,7
2025-08-12,East,Sports,Northwind Foods,5852,5711,141,15462,0.9759,13.02,0.17,10557.68,23.7701,74369.11,7
2025-08-12,North,Apparel,Kestrel Logistics,15064,14158,906,42221,0.9399,12.52,0.83,25575.14,21.5238,177285.83,7
2025-08-12,North,Apparel,Northwind Foods,11276,11094,182,31419,0.9839,14.36,0.06,20017.18,21.5238,159269.09,7
2025-08-12,North,Beauty,Kestrel Logistics,4214,4210,4,10970,0.9991,13.0,1.53,7273.07,23.6924,54709.42,7
2025-08-12,North,Beauty,Northwind Foods,3283,3129,154,8773,0.9531,11.29,0.54,5357.78,23.6924,35335.43,7
2025-08-12,North,Electronics,Kestrel Logistics,12704,12282,422,41716,0.9668,10.6,0.63,21758.3,20.7857,130139.32,7
2025-08-12,North,Electronics,Northwind Foods,14533,14319,214,43413,0.9853,9.36,0.13,26225.95,20.7857,134081.84,7
2025-08-12,North,Home,Kestrel Logistics,13228,12639,589,35054,0.9555,8.39,0.32,21504.97,20.9388,105992.12,7
2025-08-12,North,Home,Northwind Foods,8247,7819,428,23830,0.9481,13.02,0.06,14247.51,20.9388,101818.63,7
2025-08-12,North,Sports,Kestrel Logistics,13414,12954,460,28995,0.9657,11.75,0.03,26457.82,17.9456,152145.33,7
2025-08-12,North,Sports,Northwind Foods,17559,16968,591,50128,0.9663,11.78,0.39,32648.51,17.9456,199961.79,7
2025-08-12,South,Apparel,Kestrel Logistics,13671,13185,486,37594,0.9645,8.78,0.73,25771.06,23.9355,115815.23,7
2025-08-12,South,Apparel,Northwind Foods,5712,5503,209,16224,0.9634,13.76,0.94,10703.52,23.9355,75704.31,7
2025-08-12,South,Beauty,Kestrel Logistics,12113,11375,738,30947,0.9391,10.22,0.07,21323.2,19.6742,116215.43,7
2025-08-12,South,Beauty,Northwind Foods,18285,17574,711,46629,0.9611,13.25,0.54,33529.72,19.6742,232916.72,7
2025-08-12,South,Electronics,Kestrel Logistics,5484,5382,102,18130,0.9814,9.29,0.81,9501.42,13.3797,49994.44,7
2025-08-12,South,Electronics,Northwind Foods,14283,13650,633,38870,0.9557,10.37,0.15,25361.75,13.3797,141607.65,7
2025-08-12,South,Home,Kestrel Logistics,8866,8525,341,22636,0.9615,11.56,0.26,16268.6,22.1943,98591.04,7
2025-08-12,South,Home,Northwind Foods,5650,5313,337,18094,0.9404,9.48,0.32,10168.18,22.1943,50351.34,7
2025-08-12,South,Sports,Kestrel Logistics,5581,5397,184,15204,0.967,12.04,0.38,10247.04,27.0922,64960.44,7
2025-08-12,South,Sports,Northwind Foods,3670,3487,183,9790,0.9501,9.44,1.03,6301.61,27.0922,32926.82,7
2025-08-12,West,Apparel,Kestrel Logistics,7289,7228,61,22075,0.9916,9.3,0.8,12950.42,22.1453,67233.07,7
2025-08-12,West,Apparel,Northwind Foods,10626,10180,446,33601,0.958,10.07,0.08,18179.55,22.1453,102531.41,7
2025-08-12,West,Beauty,Kestrel Logistics,8039,7568,471,24211,0.9414,11.47,0.32,14302.19,31.8864,86815.48,7
2025-08-12,West,Beauty,Northwind Foods,5497,5355,142,16250,0.9742,10.26,0.06,10290.69,31.8864,54948.01,7
2025-08-12,West,Electronics,Kestrel Logistics,8388,7977,411,27972,0.951,11.05,0.65,14500.92,14.8732,88129.05,7
2025-08-12,West,Electronics,Northwind Foods,7599,7425,174,20630,0.9771,10.61,0.44,13576.95,14.8732,78791.91,7
2025-08-12,West,Home,Kestrel Logistics,12216,11857,359,31802,0.9706,12.52,0.0,19922.43,22.3593,148394.98,7
2025-08-12,West,Home,Northwind Foods,23213,22159,1054,66463,0.9546,11.97,0.04,41352.38,22.3593,265347.17,7
2025-08-12,West,Sports,Kestrel Logistics,9933,9745,188,33694,0.9811,9.54,1.14,16887.86,24.8441,92948.68,7
2025-08-12,West,Sports,Northwind Foods,4681,4476,205,13046,0.9562,10.57,0.0,7966.86,24.8441,47292.82,7
2025-08-19,Central,Apparel,Kestrel Logistics,4222,4027,195,13501,0.9538,11.66,0.88,7855.46,31.5932,46950.43,7
2025-08-19,Central,Apparel,Northwind Foods,3557,3383,174,9615,0.9511,11.11,1.4,6262.26,31.5932,37573.4,7
2025-08-19,Central,Beauty,Kestrel Logistics,10469,9996,473,27145,0.9548,9.75,0.01,18019.65,15.199,97492.47,7
2025-08-19,Central,Beauty,Northwind Foods,11138,10617,521,29385,0.9532,8.95,0.1,20110.05,15.199,95075.07,7
2025-08-19,Central,Electronics,Kestrel Logistics,9835,9602,233,25689,0.9763,10.71,0.18,17094.13,28.6559,102828.29,7
2025-08-19,Central,Electronics,Northwind Foods,13437,13233,204,42941,0.9848,9.99,0.35,23616.14,28.6559,132239.2,7
2025-08-19,Central,Home,Kestrel Logistics,9037,9028,9,28263,0.999,11.99,0.43,16758.64,26.5096,108244.43,7
2025-08-19,Central,Home,Northwind Foods,9428,9388,40,31032,0.9958,9.93,1.05,19104.25,26.5096,93265.58,7
2025-08-19,Central,Sports,Kestrel Logistics,5982,5780,202,17187,0.9662,8.79,0.26,9564.28,22.7803,50796.92,7
2025-08-19,Central,Sports,Northwind Foods,9358,8857,501,23697,0.9465,8.75,0.33,16549.1,22.7803,77523.67,7
2025-08-19,East,Apparel,Kestrel Logistics,8478,8063,415,25234,0.951,10.75,0.3,14883.6,12.731,86710.2,7
2025-08-19,East,Apparel,Northwind Foods,16521,15593,928,43601,0.9438,10.53,0.65,27143.72,12.731,164234.14,7
2025-08-19,East,Beauty,Kestrel Logistics,10864,10277,587,29416,0.946,10.15,0.03,19138.94,20.4383,104317.22,7
2025-08-19,East,Beauty,Northwind Foods,11295,10772,523,39869,0.9537,8.96,1.64,19431.83,20.4383,96554.81,7
2025-08-19,East,Electronics,Kestrel Logistics,5940,5717,223,17203,0.9625,10.45,0.57,10893.98,15.2773,59739.12,7
2025-08-19,East,Electronics,Northwind Foods,16593,15698,895,50206,0.9461,10.44,0.23,29215.37,15.2773,163864.18,7
2025-08-19,East,Home,Kestrel Logistics,4231,4147,84,12187,0.9801,10.07,0.13,7247.99,17.8202,41776.01,7
2025-08-19,East,Home,Northwind Foods,5916,5579,337,16787,0.943,11.21,0.5,9356.56,17.8202,62555.29,7
2025-08-19,East,Sports,Kestrel Logistics,14822,14807,15,46264,0.999,11.68,0.41,26506.24,15.4706,172997.38,7
2025-08-19,East,Sports,Northwind Foods,8029,7615,414,20420,0.9484,13.07,0.82,14017.58,15.4706,99520.21,7
2025-08-19,North,Apparel,Kestrel Logistics,3549,3429,120,9135,0.9662,11.13,0.47,6378.23,24.0445,38172.71,7
2025-08-19,North,Apparel,Northwind Foods,2807,2686,121,7770,0.9569,9.87,0.82,4892.01,24.0445,26510.93,7
2025-08-19,North,Beauty,Kestrel Logistics,20421,20333,88,61747,0.9957,12.7,0.5,37977.67,17.6678,258241.5,7
2025-08-19,North,Beauty,Northwind Foods,16048,15112,936,51029,0.9417,11.17,0.0,26915.89,17.6678,168855.77,7
2025-08-19,North,Electronics,Kestrel Logistics,14587,14154,433,49507,0.9703,12.07,0.23,26270.1,22.6218,170899.28,7
2025-08-19,North,Electronics,Northwind Foods,16750,16501,249,48105,0.9851,10.16,0.13,31357.16,22.6218,167641.33,7
2025-08-19,North,Home,Kestrel Logistics,16119,15616,503,54231,0.9688,13.09,0.06,25750.83,22.0852,204385.22,7
2025-08-19,North,Home,Northwind Foods,10269,9661,608,22394,0.9408,11.06,0.29,18516.92,22.0852,106837.1,7
2025-08-19,North,Sports,Kestrel Logistics,8304,8232,72,25343,0.9913,11.28,0.69,15908.67,28.996,92822.15,7
2025-08-19,North,Sports,Northwind Foods,11412,10782,630,28821,0.9448,12.81,0.12,19362.23,28.996,138087.75,7
2025-08-19,South,Apparel,Kestrel Logistics,7871,7609,262,20218,0.9667,11.71,0.02,13372.78,20.6908,89095.67,7
2025-08-19,South,Apparel,Northwind Foods,3242,3176,66,8834,0.9796,10.63,0.69,5621.67,20.6908,33769.79,7
2025-08-19,South,Beauty,Kestrel Logistics,12996,12311,685,45421,0.9473,13.35,0.76,22755.63,19.1316,164381.77,7
2025-08-19,South,Beauty,Northwind Foods,20649,19021,1628,66346,0.9212,10.75,0.42,34966.69,19.1316,204425.72,7
2025-08-19,South,Electronics,Kestrel Logistics,4639,4578,61,14304,0.9869,10.43,0.44,9249.99,16.2671,47758.16,7
2025-08-19,South,Electronics,Northwind Foods,11879,11610,269,33876,0.9774,11.11,0.37,20904.28,16.2671,128985.45,7
2025-08-19,South,Home,Kestrel Logistics,18835,17636,1199,64244,0.9363,9.3,1.01,31153.7,23.2917,164045.67,7
2025-08-19,South,Home,Northwind Foods,11160,10992,168,33209,0.9849,10.36,0.02,20626.49,23.2917,113839.08,7
2025-08-19,South,Sports,Kestrel Logistics,19883,19551,332,61392,0.9833,9.85,0.21,36902.82,20.1066,192616.15,7
2025-08-19,South,Sports,Northwind Foods,13015,12630,385,27977,0.9704,11.78,0.07,21683.76,20.1066,148771.08,7
2025-08-19,West,Apparel,Kestrel Logistics,10236,9876,360,20986,0.9648,9.19,1.33,20237.08,27.2757,90759.36,7
2025-08-19,West,Apparel,Northwind Foods,14876,13911,965,37976,0.9351,12.54,0.77,24543.06,27.2757,174407.88,7
2025-08-19,West,Beauty,Kestrel Logistics,3635,3488,147,12858,0.9596,12.61,1.98,6633.47,58.0131,43984.77,7
2025-08-19,West,Beauty,Northwind Foods,2546,2469,77,7076,0.9698,11.18,0.23,4665.38,58.0131,27598.82,7
2025-08-19,West,Electronics,Kestrel Logistics,10916,10470,446,34485,0.9591,13.83,0.34,20455.71,27.1823,144753.74,7
2025-08-19,West,Electronics,Northwind Foods,10459,9744,715,26858,0.9316,7.99,0.39,18250.55,27.1823,77823.91,7
2025-08-19,West,Home,Kestrel Logistics,2539,2443,96,7317,0.9622,11.2,0.22,4247.64,11.0078,27355.57,7
2025-08-19,West,Home,Northwind Foods,4762,4567,195,15734,0.9591,10.4,0.09,7437.04,11.0078,47517.81,7
2025-08-19,West,Sports,Kestrel Logistics,23999,22968,1031,54262,0.957,12.02,0.57,45678.84,30.4474,275996.83,7
2025-08-19,West,Sports,Northwind Foods,11050,10551,499,32125,0.9548,11.8,0.42,20528.64,30.4474,124502.11,7
2025-08-26,Central,Apparel,Kestrel Logistics,14138,13756,382,45902,0.973,12.4,0.19,23134.52,23.1138,170524.03,7
2025-08-26,Central,Apparel,Northwind Foods,11982,11554,428,31589,0.9643,11.38,0.55,20054.7,23.1138,131524.24,7
2025-08-26,Central,Beauty,Kestrel Logistics,20265,19406,859,60866,0.9576,13.47,0.36,36772.44,14.2846,261306.32,7
2025-08-26,Central,Beauty,Northwind Foods,21482,20612,870,62301,0.9595,11.73,1.14,38451.6,14.2846,241710.72,7
2025-08-26,Central,Electronics,Kestrel Logistics,5417,5040,377,19223,0.9304,13.75,0.08,9296.2,28.1957,69302.47,7
2025-08-26,Central,Electronics,Northwind Foods,7185,6945,240,21178,0.9666,11.73,0.33,12942.93,28.1957,81473.59,7
2025-08-26,Central,Home,Kestrel Logistics,10013,9662,351,34747,0.9649,8.47,0.31,17539.54,24.5122,81855.98,7
2025-08-26,Central,Home,Northwind Foods,10322,10049,273,28540,0.9736,12.26,0.63,16869.29,24.5122,123215.92,7
2025-08-26,Central,Sports,Kestrel Logistics,3820,3752,68,13617,0.9822,10.2,0.05,6750.93,25.4207,38255.09,7
2025-08-26,Central,Sports,Northwind Foods,5954,5750,204,17535,0.9657,14.66,0.24,10517.35,25.4207,84269.38,7
2025-08-26,East,Apparel,Kestrel Logistics,12040,11191,849,34341,0.9295,11.04,0.47,21308.65,16.7838,123520.78,7
2025-08-26,East,Apparel,Northwind Foods,23276,21643,1633,55082,0.9298,13.09,0.05,36198.28,16.7838,283388.28,7
2025-08-26,East,Beauty,Kestrel Logistics,9194,8871,323,27073,0.9649,10.04,0.26,15759.29,36.0854,89030.51,7
2025-08-26,East,Beauty,Northwind Foods,9586,9298,288,26534,0.97,12.49,1.28,17945.91,36.0854,116090.42,7
2025-08-26,East,Electronics,Kestrel Logistics,4809,4601,208,14450,0.9567,10.65,0.64,8300.37,21.0728,48980.1,7
2025-08-26,East,Electronics,Northwind Foods,13052,12635,417,43642,0.9681,11.88,0.26,23157.4,21.0728,150053.8,7
2025-08-26,East,Home,Kestrel Logistics,4727,4641,86,12768,0.9818,11.61,0.17,8797.56,14.1913,53901.2,7
2025-08-26,East,Home,Northwind Foods,6389,6242,147,21555,0.977,13.21,0.98,11266.4,14.1913,82460.59,7
2025-08-26,East,Sports,Kestrel Logistics,9487,9110,377,27384,0.9603,7.97,0.3,17759.18,22.3023,72609.36,7
2025-08-26,East,Sports,Northwind Foods,4811,4685,126,12623,0.9738,12.31,0.08,8891.44,22.3023,57673.85,7
2025-08-26,North,Apparel,Kestrel Logistics,14623,14314,309,41954,0.9789,11.57,0.0,26253.42,19.7358,165681.29,7
2025-08-26,North,Apparel,Northwind Foods,12097,11215,882,33484,0.9271,10.88,0.54,21841.08,19.7358,122021.42,7
2025-08-26,North,Beauty,Kestrel Logistics,9403,9183,220,31637,0.9766,12.35,0.27,18305.12,19.1578,113369.83,7
2025-08-26,North,Beauty,Northwind Foods,6914,6824,90,18042,0.987,11.31,0.2,14418.39,19.1578,77200.33,7
2025-08-26,North,Electronics,Kestrel Logistics,7594,7420,174,26190,0.9771,11.07,0.04,13813.89,32.5697,82126.8,7
2025-08-26,North,Electronics,Northwind Foods,9112,8649,463,24781,0.9492,10.49,0.23,15474.12,32.5697,90708.41,7
2025-08-26,North,Home,Kestrel Logistics,11049,10972,77,35559,0.993,7.81,0.27,20325.86,24.3839,85689.51,7
2025-08-26,North,Home,Northwind Foods,6922,6787,135,20393,0.9805,12.65,0.2,11309.26,24.3839,85880.78,7
2025-08-26,North,Sports,Kestrel Logistics,8833,8488,345,22865,0.9609,10.53,0.43,17886.51,19.4677,89400.38,7
2025-08-26,North,Sports,Northwind Foods,11712,11117,595,35654,0.9492,11.83,0.1,22287.55,19.4677,131459.53,7
2025-08-26,South,Apparel,Kestrel Logistics,12009,11601,408,43112,0.966,11.47,0.75,21821.21,29.3037,133076.95,7
2025-08-26,South,Apparel,Northwind Foods,4949,4842,107,15186,0.9784,9.72,0.73,8903.38,29.3037,47077.58,7
2025-08-26,South,Beauty,Kestrel Logistics,8931,8685,246,28962,0.9725,12.45,0.53,17657.67,24.9915,108169.95,7
2025-08-26,South,Beauty,Northwind Foods,14202,13419,783,41511,0.9449,12.72,0.14,25576.5,24.9915,170668.64,7
2025-08-26,South,Electronics,Kestrel Logistics,4250,4108,142,12793,0.9666,12.23,1.53,8608.87,29.8958,50224.56,7
2025-08-26,South,Electronics,Northwind Foods,10682,10419,263,33940,0.9754,10.81,0.49,18327.8,29.8958,112638.16,7
2025-08-26,South,Home,Kestrel Logistics,15078,14480,598,46384,0.9603,10.88,0.56,25220.7,18.9204,157508.81,7
2025-08-26,South,Home,Northwind Foods,9314,9025,289,27700,0.969,12.22,0.53,16431.55,18.9204,110243.04,7
2025-08-26,South,Sports,Kestrel Logistics,10603,10060,543,25128,0.9488,10.11,0.06,17857.62,23.8062,101713.36,7
2025-08-26,South,Sports,Northwind Foods,6554,6499,55,21339,0.9916,10.03,0.87,11833.63,23.8062,65182.94,7
2025-08-26,West,Apparel,Kestrel Logistics,8188,7903,285,23169,0.9652,10.94,1.35,13412.6,19.2011,86466.68,7
2025-08-26,West,Apparel,Northwind Foods,11662,11131,531,34415,0.9545,12.17,0.35,21024.02,19.2011,135497.6,7
2025-08-26,West,Beauty,Kestrel Logistics,6921,6492,429,22601,0.938,8.64,0.2,12408.92,38.9168,56098.62,7
2025-08-26,West,Beauty,Northwind Foods,4684,4594,90,13114,0.9808,9.54,1.37,8559.09,38.9168,43805.37,7
2025-08-26,West,Electronics,Kestrel Logistics,16565,15378,1187,38167,0.9283,10.23,0.24,29417.44,22.4816,157386.3,7
2025-08-26,West,Electronics,Northwind Foods,15204,14313,891,39041,0.9414,12.16,1.32,28442.25,22.4816,174111.41,7
2025-08-26,West,Home,Kestrel Logistics,12404,11720,684,28977,0.9449,12.74,0.03,21025.4,20.5239,149261.11,7
2025-08-26,West,Home,Northwind Foods,22684,21903,781,72182,0.9656,11.46,0.44,43400.09,20.5239,251064.08,7
2025-08-26,West,Sports,Kestrel Logistics,9760,9535,225,31822,0.9769,10.94,0.23,15673.6,24.8933,104282.46,7
2025-08-26,West,Sports,Northwind Foods,4572,4380,192,10004,0.958,9.17,1.09,8262.71,24.8933,40153.68,7
2025-09-02,Central,Apparel,Kestrel Logistics,11013,10673,340,33893,0.9691,11.53,0.28,20126.87,27.1231,123077.19,7
2025-09-02,Central,Apparel,Northwind Foods,9402,8964,438,27420,0.9534,10.76,0.04,16488.88,27.1231,96461.86,7
2025-09-02,Central,Beauty,Kestrel Logistics,13744,13429,315,33382,0.9771,9.14,0.09,22888.36,14.8405,122724.51,7
2025-09-02,Central,Beauty,Northwind Foods,14864,14264,600,40448,0.9596,12.73,0.61,27018.07,14.8405,181649.53,7
2025-09-02,Central,Electronics,Kestrel Logistics,8363,7966,397,23093,0.9525,12.44,0.57,14552.33,29.1692,99129.97,7
2025-09-02,Central,Electronics,Northwind Foods,11276,10978,298,28099,0.9736,11.8,0.08,19913.1,29.1692,129515.34,7
2025-09-02,Central,Home,Kestrel Logistics,17300,17020,280,53001,0.9838,10.81,0.15,32628.41,21.2772,183944.91,7
2025-09-02,Central,Home,Northwind Foods,18401,17701,700,44737,0.962,10.74,0.64,32044.31,21.2772,190092.32,7
2025-09-02,Central,Sports,Kestrel Logistics,8253,7757,496,23804,0.9399,11.48,0.78,14421.72,15.4798,89071.64,7
2025-09-02,Central,Sports,Northwind Foods,12227,11886,341,33616,0.9721,11.59,0.1,21750.71,15.4798,137709.16,7
2025-09-02,East,Apparel,Kestrel Logistics,10734,10149,585,31905,0.9455,11.79,0.19,19775.29,19.4752,119614.01,7
2025-09-02,East,Apparel,Northwind Foods,20096,19630,466,60021,0.9768,11.82,0.03,35426.46,19.4752,231934.21,7
2025-09-02,East,Beauty,Kestrel Logistics,10880,10700,180,30733,0.9835,12.39,0.56,19489.82,20.1174,132534.19,7
2025-09-02,East,Beauty,Northwind Foods,11325,11217,108,35732,0.9905,9.63,0.1,21933.49,20.1174,107966.3,7
2025-09-02,East,Electronics,Kestrel Logistics,3788,3666,122,11319,0.9678,11.26,0.88,6522.18,46.8614,41281.05,7
2025-09-02,East,Electronics,Northwind Foods,10374,10065,309,30883,0.9702,12.63,0.11,21274.18,46.8614,127156.14,7
2025-09-02,East,Home,Kestrel Logistics,14765,14429,336,46752,0.9772,10.84,0.47,25424.37,22.3326,156401.07,7
2025-09-02,East,Home,Northwind Foods,20192,19409,783,40717,0.9612,8.91,0.18,37714.9,22.3326,172898.92,7
2025-09-02,East,Sports,Kestrel Logistics,9112,8832,280,28346,0.9693,9.4,0.39,16906.99,22.6844,82999.25,7
2025-09-02,East,Sports,Northwind Foods,4740,4542,198,13879,0.9582,11.27,0.12,8727.47,22.6844,51198.19,7
2025-09-02,North,Apparel,Kestrel Logistics,14794,14127,667,40724,0.9549,9.03,0.07,25964.28,20.2374,127522.77,7
2025-09-02,North,Apparel,Northwind Foods,11287,11069,218,27916,0.9807,10.5,0.14,19441.75,20.2374,116178.08,7
2025-09-02,North,Beauty,Kestrel Logistics,12635,11921,714,39060,0.9435,11.23,0.11,21155.93,32.6314,133900.69,7
2025-09-02,North,Beauty,Northwind Foods,9288,8860,428,22988,0.9539,11.85,0.64,17921.71,32.6314,104992.85,7
2025-09-02,North,Electronics,Kestrel Logistics,13621,12696,925,33709,0.9321,11.49,0.35,23881.59,14.2461,145903.08,7
2025-09-02,North,Electronics,Northwind Foods,15647,14800,847,36676,0.9459,8.7,0.11,27930.15,14.2461,128699.37,7
2025-09-02,North,Home,Kestrel Logistics,4149,4139,10,11449,0.9976,11.72,0.07,6994.37,51.9882,48521.41,7
2025-09-02,North,Home,Northwind Foods,2617,2560,57,8188,0.9782,10.92,0.42,4725.99,51.9882,27957.47,7
2025-09-02,North,Sports,Kestrel Logistics,11191,10472,719,34943,0.9358,9.88,0.12,19384.45,20.4001,103441.67,7
2025-09-02,North,Sports,Northwind Foods,13845,13716,129,36418,0.9907,10.45,0.52,26425.9,20.4001,143357.64,7
2025-09-02,South,Apparel,Kestrel Logistics,4104,4065,39,13285,0.9905,10.25,0.22,7607.39,30.2126,41652.27,7
2025-09-02,South,Apparel,Northwind Foods,1735,1697,38,5688,0.9781,9.92,0.04,3312.72,30.2126,16835.63,7
2025-09-02,South,Beauty,Kestrel Logistics,12399,11988,411,34933,0.9669,11.21,0.48,22590.91,17.1446,134351.22,7
2025-09-02,South,Beauty,Northwind Foods,19357,18520,837,61398,0.9568,11.03,0.22,34372.44,17.1446,204208.1,7
2025-09-02,South,Electronics,Kestrel Logistics,3788,3674,114,10138,0.9699,10.41,0.35,7326.41,32.2357,38236.61,7
2025-09-02,South,Electronics,Northwind Foods,10034,9320,714,27252,0.9288,10.73,1.57,16390.65,32.2357,100031.49,7
2025-09-02,South,Home,Kestrel Logistics,5830,5647,183,15834,0.9686,14.51,0.03,10257.57,30.7025,81942.57,7
2025-09-02,South,Home,Northwind Foods,3721,3520,201,10779,0.946,10.51,0.55,6389.77,30.7025,36988.28,7
2025-09-02,South,Sports,Kestrel Logistics,9621,9378,243,30224,0.9747,10.22,0.27,17563.86,14.2978,95832.27,7
2025-09-02,South,Sports,Northwind Foods,6466,6058,408,17200,0.9369,9.92,0.92,11931.46,14.2978,60101.33,7
2025-09-02,West,Apparel,Kestrel Logistics,12777,12150,627,38247,0.9509,11.59,0.89,22942.58,30.1784,140811.44,7
2025-09-02,West,Apparel,Northwind Foods,17401,17113,288,58868,0.9834,15.61,0.05,31284.76,30.1784,267157.82,7
2025-09-02,West,Beauty,Kestrel Logistics,10688,9899,789,27103,0.9262,12.18,0.76,18204.79,26.0337,120567.46,7
2025-09-02,West,Beauty,Northwind Foods,7416,7005,411,25684,0.9446,9.07,0.28,13364.86,26.0337,63521.53,7
2025-09-02,West,Electronics,Kestrel Logistics,6767,6459,308,21091,0.9545,12.27,0.03,11190.05,23.5087,79269.28,7
2025-09-02,West,Electronics,Northwind Foods,6261,6012,249,13932,0.9602,9.73,1.71,11635.12,23.5087,58472.38,7
2025-09-02,West,Home,Kestrel Logistics,9982,9714,268,28155,0.9732,10.38,0.64,18689.98,7.545,100872.95,7
2025-09-02,West,Home,Northwind Foods,19372,18153,1219,49255,0.9371,10.7,0.12,34022.67,7.545,194321.56,7
2025-09-02,West,Sports,Kestrel Logistics,8644,8174,470,21792,0.9456,11.79,0.19,13427.45,35.9127,96395.67,7
2025-09-02,West,Sports,Northwind Foods,3924,3755,169,8797,0.9569,13.25,0.3,7162.72,35.9127,49764.38,7
2025-09-09,Central,Apparel,Kestrel Logistics,5432,5347,85,15178,0.9844,11.61,0.28,9291.49,13.2642,62072.72,7
2025-09-09,Central,Apparel,Northwind Foods,4704,4492,212,10970,0.9549,12.36,0.23,8257.6,13.2642,55530.94,7
2025-09-09,Central,Beauty,Kestrel Logistics,5736,5522,214,16751,0.9627,11.86,1.13,10016.15,45.7934,65468.26,7
2025-09-09,Central,Beauty,Northwind Foods,6011,5866,145,16738,0.9759,10.38,0.11,11549.77,45.7934,60876.04,7
2025-09-09,Central,Electronics,Kestrel Logistics,12488,11790,698,38334,0.9441,11.19,0.45,20484.22,18.4817,131913.99,7
2025-09-09,Central,Electronics,Northwind Foods,16646,16249,397,56229,0.9762,12.69,0.03,31826.27,18.4817,206246.96,7
2025-09-09,Central,Home,Kestrel Logistics,18141,17554,587,56626,0.9676,12.19,0.14,32487.79,20.6958,213995.23,7
2025-09-09,Central,Home,Northwind Foods,18907,18256,651,43768,0.9656,13.52,0.15,34433.27,20.6958,246863.1,7
2025-09-09,Central,Sports,Kestrel Logistics,3413,3320,93,9839,0.9728,11.35,0.22,6503.74,35.2371,37688.91,7
2025-09-09,Central,Sports,Northwind Foods,5318,5087,231,15472,0.9566,11.3,1.0,10711.58,35.2371,57466.7,7
2025-09-09,East,Apparel,Kestrel Logistics,6609,6438,171,19803,0.9741,9.25,0.69,13117.89,23.8934,59540.33,7
2025-09-09,East,Apparel,Northwind Foods,13093,12451,642,37248,0.951,11.19,0.45,24317.23,23.8934,139353.24,7
2025-09-09,East,Beauty,Kestrel Logistics,12631,11526,1105,33797,0.9125,11.31,1.01,21217.01,19.524,130355.15,7
2025-09-09,East,Beauty,Northwind Foods,12394,12083,311,33144,0.9749,10.87,0.32,22670.71,19.524,131389.32,7
2025-09-09,East,Electronics,Kestrel Logistics,7437,6769,668,18537,0.9102,11.47,0.48,12727.91,19.4171,77659.03,7
2025-09-09,East,Electronics,Northwind Foods,18844,18588,256,63938,0.9864,10.42,0.04,34020.67,19.4171,193640.13,7
2025-09-09,East,Home,Kestrel Logistics,5078,4994,84,14868,0.9835,12.08,0.44,9239.97,35.4962,60343.34,7
2025-09-09,East,Home,Northwind Foods,7043,6718,325,17584,0.9539,11.03,1.59,10706.9,35.4962,74098.4,7
2025-09-09,East,Sports,Kestrel Logistics,16267,15268,999,36034,0.9386,11.23,0.49,28025.69,23.9133,171520.93,7
2025-09-09,East,Sports,Northwind Foods,8185,7852,333,20259,0.9593,11.93,0.02,14690.92,23.9133,93661.46,7
2025-09-09,North,Apparel,Kestrel Logistics,13363,13142,221,46497,0.9835,13.51,0.2,24130.55,22.0001,177509.15,7
2025-09-09,North,Apparel,Northwind Foods,10893,10297,596,29574,0.9453,9.09,1.17,17591.3,22.0001,93557.53,7
2025-09-09,North,Beauty,Kestrel Logistics,14551,14337,214,43962,0.9853,10.89,0.62,28875.76,21.5793,156083.46,7
2025-09-09,North,Beauty,Northwind Foods,11453,10656,797,31815,0.9304,10.8,0.19,18201.86,21.5793,115099.21,7
2025-09-09,North,Electronics,Kestrel Logistics,15203,14345,858,45369,0.9436,10.32,0.33,23801.22,18.5616,147986.23,7
2025-09-09,North,Electronics,Northwind Foods,17348,16724,624,36940,0.964,10.52,0.52,30541.29,18.5616,175944.35,7
2025-09-09,North,Home,Kestrel Logistics,16907,16006,901,44065,0.9467,12.94,0.17,30936.79,19.1563,207125.04,7
2025-09-09,North,Home,Northwind Foods,10374,9902,472,30049,0.9545,13.16,0.12,18129.55,19.1563,130326.97,7
2025-09-09,North,Sports,Kestrel Logistics,10583,10352,231,31710,0.9782,10.85,0.01,18276.13,23.1253,112314.02,7
2025-09-09,North,Sports,Northwind Foods,13827,13559,268,41584,0.9806,11.62,0.08,25304.99,23.1253,157584.74,7
2025-09-09,South,Apparel,Kestrel Logistics,20010,19164,846,59854,0.9577,11.1,0.65,34944.91,16.5566,212783.94,7
2025-09-09,South,Apparel,Northwind Foods,8563,7998,565,20847,0.934,11.87,0.92,14294.52,16.5566,94910.39,7
2025-09-09,South,Beauty,Kestrel Logistics,4222,4173,49,12166,0.9884,11.47,0.58,7233.85,19.5023,47878.28,7
2025-09-09,South,Beauty,Northwind Foods,6790,6447,343,22208,0.9495,10.73,0.59,11664.76,19.5023,69200.09,7
2025-09-09,South,Electronics,Kestrel Logistics,3930,3906,24,11460,0.9939,11.35,0.21,6744.22,31.7006,44345.48,7
2025-09-09,South,Electronics,Northwind Foods,10533,9908,625,26531,0.9407,10.38,0.24,18267.85,31.7006,102868.61,7
2025-09-09,South,Home,Kestrel Logistics,4896,4622,274,11761,0.944,11.84,0.7,9008.64,26.1846,54743.48,7
2025-09-09,South,Home,Northwind Foods,2987,2881,106,9558,0.9645,11.29,0.05,5582.76,26.1846,32514.7,7
2025-09-09,South,Sports,Kestrel Logistics,13295,12638,657,34731,0.9506,11.99,0.47,22542.53,22.1543,151582.58,7
2025-09-09,South,Sports,Northwind Foods,8568,8164,404,26246,0.9528,10.13,2.39,14345.82,22.1543,82727.51,7
2025-09-09,West,Apparel,Kestrel Logistics,5887,5691,196,15880,0.9667,10.2,0.8,10511.76,34.6595,58039.13,7
2025-09-09,West,Apparel,Northwind Foods,8508,8015,493,24766,0.9421,9.73,0.8,14514.14,34.6595,77995.28,7
2025-09-09,West,Beauty,Kestrel Logistics,6975,6457,518,23024,0.9257,9.5,0.1,12222.02,26.3211,61335.87,7
2025-09-09,West,Beauty,Northwind Foods,4846,4569,277,12745,0.9428,10.26,1.23,8561.2,26.3211,46875.68,7
2025-09-09,West,Electronics,Kestrel Logistics,19040,17756,1284,56469,0.9326,9.64,0.38,35400.72,12.9631,171226.91,7
2025-09-09,West,Electronics,Northwind Foods,17246,16525,721,40926,0.9582,12.42,0.03,31243.39,12.9631,205272.35,7
2025-09-09,West,Home,Kestrel Logistics,5750,5455,295,17754,0.9487,12.76,2.23,9434.53,20.9918,69592.55,7
2025-09-09,West,Home,Northwind Foods,10716,10196,520,37145,0.9515,10.02,0.27,18919.53,20.9918,102179.39,7
2025-09-09,West,Sports,Kestrel Logistics,12601,12588,13,31772,0.999,10.74,1.57,25192.49,19.5267,135152.32,7
2025-09-09,West,Sports,Northwind Foods,6092,5783,309,14490,0.9493,10.2,0.08,9837.75,19.5267,58993.45,7
2025-09-16,Central,Apparel,Kestrel Logistics,7752,7515,237,22986,0.9694,12.17,0.07,14046.26,17.451,91428.48,7
2025-09-16,Central,Apparel,Northwind Foods,6535,6313,222,17177,0.966,9.58,0.27,11976.66,17.451,60498.49,7
2025-09-16,Central,Beauty,Kestrel Logistics,11583,11041,542,27908,0.9532,12.03,0.1,20589.53,28.0109,132873.18,7
2025-09-16,Central,Beauty,Northwind Foods,12570,11728,842,36168,0.933,12.19,1.33,22183.91,28.0109,142910.73,7
2025-09-16,Central,Electronics,Kestrel Logistics,6833,6468,365,17454,0.9466,11.1,0.39,11742.88,24.6105,71814.36,7
2025-09-16,Central,Electronics,Northwind Foods,9199,8913,286,23850,0.9689,11.75,0.8,16846.19,24.6105,104750.4,7
2025-09-16,Central,Home,Kestrel Logistics,16535,15598,937,58292,0.9433,9.86,0.97,28099.02,20.8687,153781.35,7
2025-09-16,Central,Home,Northwind Foods,16529,16221,308,47574,0.9814,10.27,1.56,31592.11,20.8687,166522.72,7
2025-09-16,Central,Sports,Kestrel Logistics,1777,1696,81,4473,0.9544,12.07,1.34,2872.34,26.2252,20471.95,7
2025-09-16,Central,Sports,Northwind Foods,2708,2599,109,6896,0.9597,12.81,0.26,4590.99,26.2252,33282.45,7
2025-09-16,East,Apparel,Kestrel Logistics,7976,7605,371,24610,0.9535,11.06,0.34,14960.89,19.2379,84079.09,7
2025-09-16,East,Apparel,Northwind Foods,15196,14709,487,37936,0.968,10.03,0.53,26888.21,19.2379,147522.06,7
2025-09-16,East,Beauty,Kestrel Logistics,11496,11045,451,29458,0.9608,9.42,0.83,19024.84,15.5128,104049.48,7
2025-09-16,East,Beauty,Northwind Foods,12058,11577,481,34553,0.9601,10.58,0.39,20927.69,15.5128,122482.79,7
2025-09-16,East,Electronics,Kestrel Logistics,1461,1423,38,3851,0.974,10.42,0.17,2546.85,36.4347,14825.26,7
2025-09-16,East,Electronics,Northwind Foods,4107,3909,198,11200,0.9518,11.25,0.25,7334.64,36.4347,43971.21,7
2025-09-16,East,Home,Kestrel Logistics,10477,10094,383,40346,0.9634,8.93,0.47,19677.25,19.7586,90131.49,7
2025-09-16,East,Home,Northwind Foods,14007,13577,430,42223,0.9693,9.67,0.13,27061.88,19.7586,131241.37,7
2025-09-16,East,Sports,Kestrel Logistics,7012,6867,145,20364,0.9793,10.48,0.84,12593.49,22.1019,71966.18,7
2025-09-16,East,Sports,Northwind Foods,3689,3531,158,11315,0.9572,8.81,0.14,6117.25,22.1019,31110.49,7
2025-09-16,North,Apparel,Kestrel Logistics,13156,12623,533,31570,0.9595,9.77,0.57,21997.51,17.332,123384.51,7
2025-09-16,North,Apparel,Northwind Foods,10295,9891,404,27230,0.9608,10.88,0.24,17607.34,17.332,107622.66,7
2025-09-16,North,Beauty,Kestrel Logistics,11898,11845,53,38524,0.9955,10.91,1.26,22809.76,36.7119,129208.04,7
2025-09-16,North,Beauty,Northwind Foods,9106,8804,302,28811,0.9668,11.91,1.02,16241.85,36.7119,104864.75,7
2025-09-16,North,Electronics,Kestrel Logistics,2756,2698,58,9310,0.979,10.74,0.01,4862.49,45.041,28987.11,7
2025-09-16,North,Electronics,Northwind Foods,3344,3146,198,8893,0.9408,11.81,0.42,5796.32,45.041,37146.83,7
2025-09-16,North,Home,Kestrel Logistics,13798,13369,429,43954,0.9689,11.16,0.82,23909.28,27.0342,149194.89,7
2025-09-16,North,Home,Northwind Foods,8884,8270,614,24875,0.9309,9.9,0.01,13611.78,27.0342,81856.75,7
2025-09-16,North,Sports,Kestrel Logistics,11589,11285,304,33113,0.9738,11.76,0.23,19476.45,26.7648,132657.59,7
2025-09-16,North,Sports,Northwind Foods,14880,14781,99,45969,0.9933,9.23,0.09,28099.3,26.7648,136461.97,7
2025-09-16,South,Apparel,Kestrel Logistics,16449,15707,742,46272,0.9549,12.29,0.18,28209.99,22.989,192968.75,7
2025-09-16,South,Apparel,Northwind Foods,6772,6556,216,17343,0.9681,9.69,0.94,12906.38,22.989,63514.47,7
2025-09-16,South,Beauty,Kestrel Logistics,7659,7356,303,20680,0.9604,12.49,0.24,13337.01,26.5804,91858.4,7
2025-09-16,South,Beauty,Northwind Foods,11770,11365,405,37650,0.9656,10.53,0.05,21228.9,26.5804,119629.83,7
2025-09-16,South,Electronics,Kestrel Logistics,2758,2647,111,6876,0.9598,10.05,0.17,5004.76,33.1878,26605.32,7
2025-09-16,South,Electronics,Northwind Foods,7061,6714,347,21239,0.9509,9.43,0.69,11690.35,33.1878,63301.79,7
2025-09-16,South,Home,Kestrel Logistics,8050,7657,393,23861,0.9512,12.64,0.06,13575.44,26.6607,96774.49,7
2025-09-16,South,Home,Northwind Foods,4928,4773,155,15702,0.9685,11.53,0.6,8566.03,26.6607,55048.48,7
2025-09-16,South,Sports,Kestrel Logistics,19556,18393,1163,53649,0.9405,11.06,0.24,36243.38,15.5951,203388.19,7
2025-09-16,South,Sports,Northwind Foods,12501,11882,619,30341,0.9505,13.33,0.12,19370.11,15.5951,158425.71,7
2025-09-16,West,Apparel,Kestrel Logistics,4443,4331,112,10968,0.9748,10.59,0.2,8455.66,18.6852,45884.65,7
2025-09-16,West,Apparel,Northwind Foods,6274,6099,175,20407,0.9721,13.57,1.05,11286.62,18.6852,82780.77,7
2025-09-16,West,Beauty,Kestrel Logistics,12274,12058,216,35863,0.9824,9.68,0.17,23541.38,18.6422,116732.85,7
2025-09-16,West,Beauty,Northwind Foods,8803,8532,271,22202,0.9692,12.54,0.17,16273.66,18.6422,106976.56,7
2025-09-16,West,Electronics,Kestrel Logistics,14980,14561,419,40045,0.972,7.72,0.75,25089.3,21.5496,112434.65,7
2025-09-16,West,Electronics,Northwind Foods,14021,13552,469,51394,0.9666,11.59,0.6,24364.01,21.5496,157044.38,7
2025-09-16,West,Home,Kestrel Logistics,6806,6557,249,20305,0.9634,11.65,0.47,12209.42,22.1513,76411.0,7
2025-09-16,West,Home,Northwind Foods,12627,12254,373,39016,0.9705,9.43,1.01,23534.41,22.1513,115552.43,7
2025-09-16,West,Sports,Kestrel Logistics,25584,25558,26,78204,0.999,11.6,0.28,49038.16,19.2526,296414.77,7
2025-09-16,West,Sports,Northwind Foods,12287,11740,547,32649,0.9555,9.16,0.14,21212.55,19.2526,107568.76,7
2025-09-23,Central,Apparel,Kestrel Logistics,4867,4638,229,13298,0.9529,10.3,0.39,8854.41,23.7332,47762.83,7
2025-09-23,Central,Apparel,Northwind Foods,4071,3895,176,11037,0.9568,12.27,0.1,7316.77,23.7332,47787.92,7
2025-09-23,Central,Beauty,Kestrel Logistics,10031,9725,306,29087,0.9695,10.34,1.0,18870.68,21.3021,100518.95,7
2025-09-23,Central,Beauty,Northwind Foods,10619,10330,289,24616,0.9728,9.64,0.13,18133.58,21.3021,99617.0,7
2025-09-23,Central,Electronics,Kestrel Logistics,17016,16764,252,50650,0.9852,10.86,1.29,32695.68,22.5804,182028.56,7
2025-09-23,Central,Electronics,Northwind Foods,24587,23105,1482,77031,0.9397,9.65,0.43,42734.35,22.5804,222913.87,7
2025-09-23,Central,Home,Kestrel Logistics,12721,12021,700,38654,0.945,10.57,0.67,23001.97,19.9239,127081.03,7
2025-09-23,Central,Home,Northwind Foods,12977,12501,476,42566,0.9633,11.14,0.72,24246.48,19.9239,139297.73,7
2025-09-23,Central,Sports,Kestrel Logistics,6089,5944,145,16446,0.9762,9.99,0.6,11386.54,37.005,59397.41,7
2025-09-23,Central,Sports,Northwind Foods,9234,9108,126,27123,0.9864,13.34,0.05,16756.18,37.005,121538.09,7
2025-09-23,East,Apparel,Kestrel Logistics,5447,5431,16,13327,0.9971,9.54,0.21,10352.15,17.9592,51824.04,7
2025-09-23,East,Apparel,Northwind Foods,11148,10504,644,29615,0.9422,12.95,1.74,20511.66,17.9592,136005.86,7
2025-09-23,East,Beauty,Kestrel Logistics,12734,12286,448,37524,0.9648,12.66,0.03,23538.08,13.8786,155495.89,7
2025-09-23,East,Beauty,Northwind Foods,13184,12879,305,37359,0.9769,11.1,0.87,24067.51,13.8786,142981.22,7
2025-09-23,East,Electronics,Kestrel Logistics,3386,3277,109,10474,0.9678,10.41,0.31,6521.37,34.4662,34118.94,7
2025-09-23,East,Electronics,Northwind Foods,9057,8999,58,32731,0.9936,12.58,0.08,16210.55,34.4662,113242.52,7
2025-09-23,East,Home,Kestrel Logistics,10491,9999,492,24651,0.9531,11.59,0.12,18529.97,28.0002,115884.92,7
2025-09-23,East,Home,Northwind Foods,13944,13449,495,36027,0.9645,11.78,0.17,22788.4,28.0002,158390.19,7
2025-09-23,East,Sports,Kestrel Logistics,12972,12629,343,41695,0.9736,11.86,0.54,22614.97,25.0852,149809.36,7
2025-09-23,East,Sports,Northwind Foods,6658,6495,163,18987,0.9755,10.24,0.17,11771.86,25.0852,66535.33,7
2025-09-23,North,Apparel,Kestrel Logistics,12590,11970,620,38320,0.9508,11.66,0.58,20898.35,12.4815,139574.76,7
2025-09-23,North,Apparel,Northwind Foods,9718,9380,338,27371,0.9652,13.61,0.88,17617.8,12.4815,127638.25,7
2025-09-23,North,Beauty,Kestrel Logistics,7473,7202,271,23524,0.9637,11.94,0.32,12422.95,28.7052,85999.2,7
2025-09-23,North,Beauty,Northwind Foods,5534,5353,181,15699,0.9673,11.79,0.61,10968.58,28.7052,63127.39,7
2025-09-23,North,Electronics,Kestrel Logistics,12684,11904,780,42805,0.9385,11.64,0.29,20870.98,21.3838,138613.92,7
2025-09-23,North,Electronics,Northwind Foods,14748,13878,870,33401,0.941,8.95,0.08,24453.14,21.3838,124272.39,7
2025-09-23,North,Home,Kestrel Logistics,12350,11339,1011,37360,0.9181,10.17,0.92,22041.26,19.9314,115364.78,7
2025-09-23,North,Home,Northwind Foods,7194,7015,179,18146,0.9751,9.58,0.4,13106.55,19.9314,67179.4,7
2025-09-23,North,Sports,Kestrel Logistics,6878,6578,300,19451,0.9564,10.65,0.49,13065.17,21.7717,70025.66,7
2025-09-23,North,Sports,Northwind Foods,8893,8615,278,24974,0.9687,14.03,1.47,16356.92,21.7717,120840.18,7
2025-09-23,South,Apparel,Kestrel Logistics,20049,19169,880,59327,0.9561,12.61,0.0,36630.65,21.0013,241790.4,7
2025-09-23,South,Apparel,Northwind Foods,8093,8000,93,23284,0.9885,9.96,0.84,14187.82,21.0013,79710.05,7
2025-09-23,South,Beauty,Kestrel Logistics,2104,2015,89,6837,0.9577,10.37,0.32,3770.26,37.0161,20902.83,7
2025-09-23,South,Beauty,Northwind Foods,3186,3112,74,9865,0.9768,9.67,0.24,5669.82,37.0161,30103.16,7
2025-09-23,South,Electronics,Kestrel Logistics,4961,4853,108,15157,0.9782,11.06,1.5,8218.39,20.8751,53673.57,7
2025-09-23,South,Electronics,Northwind Foods,12726,12307,419,43357,0.9671,12.75,0.57,24030.07,20.8751,156897.92,7
2025-09-23,South,Home,Kestrel Logistics,14453,14206,247,43109,0.9829,11.76,0.02,26090.24,26.7062,167085.08,7
2025-09-23,South,Home,Northwind Foods,9256,8855,401,32201,0.9567,8.81,0.47,18012.56,26.7062,78045.88,7
2025-09-23,South,Sports,Kestrel Logistics,18995,18431,564,58228,0.9703,13.16,0.22,32916.14,19.5128,242474.4,7
2025-09-23,South,Sports,Northwind Foods,12571,11906,665,40483,0.9471,10.44,0.62,20256.71,19.5128,124357.55,7
2025-09-23,West,Apparel,Kestrel Logistics,3218,3144,74,9644,0.977,12.47,0.67,5614.84,51.8574,39211.08,7
2025-09-23,West,Apparel,Northwind Foods,4512,4429,83,12384,0.9816,10.15,0.57,8235.56,51.8574,44960.28,7
2025-09-23,West,Beauty,Kestrel Logistics,7344,6986,358,20874,0.9513,9.81,0.3,12986.65,24.0787,68523.43,7
2025-09-23,West,Beauty,Northwind Foods,4948,4943,5,15753,0.999,13.49,0.02,8208.2,24.0787,66661.19,7
2025-09-23,West,Electronics,Kestrel Logistics,12775,12099,676,40186,0.9471,11.54,0.46,23111.88,21.8765,139671.77,7
2025-09-23,West,Electronics,Northwind Foods,11978,11261,717,35510,0.9401,10.73,0.31,20081.04,21.8765,120824.92,7
2025-09-23,West,Home,Kestrel Logistics,10722,10443,279,19910,0.974,11.38,0.09,21504.14,26.5497,118824.77,7
2025-09-23,West,Home,Northwind Foods,19979,19517,462,58382,0.9769,9.8,0.14,34177.67,26.5497,191261.06,7
2025-09-23,West,Sports,Kestrel Logistics,12566,11872,694,34304,0.9448,10.66,0.42,22179.31,23.8968,126518.78,7
2025-09-23,West,Sports,Northwind Foods,5641,5454,187,19762,0.9668,10.69,1.48,10349.02,23.8968,58276.6,7
2025-09-30,Central,Apparel,Kestrel Logistics,11011,10383,628,26814,0.943,11.1,0.18,17459.12,24.1385,115248.92,7
2025-09-30,Central,Apparel,Northwind Foods,8910,8721,189,23496,0.9788,11.07,0.11,16636.52,24.1385,96528.51,7
2025-09-30,Central,Beauty,Kestrel Logistics,8928,8919,9,24893,0.999,10.16,1.08,17971.16,33.1745,90631.69,7
2025-09-30,Central,Beauty,Northwind Foods,9610,9474,136,27238,0.9858,11.23,1.53,17091.39,33.1745,106387.65,7
2025-09-30,Central,Electronics,Kestrel Logistics,6202,6050,152,16617,0.9755,10.83,0.08,11157.34,17.4018,65545.56,7
2025-09-30,Central,Electronics,Northwind Foods,8581,8337,244,22729,0.9716,10.22,0.15,15176.57,17.4018,85227.15,7
2025-09-30,Central,Home,Kestrel Logistics,11094,10344,750,38833,0.9324,10.39,0.98,20537.67,30.5715,107428.76,7
2025-09-30,Central,Home,Northwind Foods,11251,10757,494,34388,0.9561,10.94,0.09,19436.27,30.5715,117652.96,7
2025-09-30,Central,Sports,Kestrel Logistics,9132,8633,499,29499,0.9454,8.46,0.04,14971.39,29.4732,73029.43,7
2025-09-30,Central,Sports,Northwind Foods,13863,13227,636,43712,0.9541,11.45,0.2,24170.64,29.4732,151495.65,7
2025-09-30,East,Apparel,Kestrel Logistics,6232,6207,25,18862,0.996,10.61,0.46,10693.48,25.0113,65844.48,7
2025-09-30,East,Apparel,Northwind Foods,12784,12004,780,34329,0.939,9.98,0.18,25070.84,25.0113,119768.08,7
2025-09-30,East,Beauty,Kestrel Logistics,14097,13700,397,37744,0.9718,13.28,1.09,24278.24,16.9294,181948.02,7
2025-09-30,East,Beauty,Northwind Foods,14805,14360,445,45355,0.9699,9.8,0.29,26436.65,16.9294,140748.66,7
2025-09-30,East,Electronics,Kestrel Logistics,5764,5544,220,18392,0.9618,11.25,0.53,9712.9,14.8226,62356.02,7
2025-09-30,East,Electronics,Northwind Foods,15867,15223,644,43262,0.9594,11.03,0.46,27174.61,14.8226,167854.99,7
2025-09-30,East,Home,Kestrel Logistics,9953,9599,354,29037,0.9644,10.98,0.75,18631.88,16.4274,105376.95,7
2025-09-30,East,Home,Northwind Foods,13144,12912,232,43965,0.9823,10.32,0.79,23242.25,16.4274,133296.74,7
2025-09-30,East,Sports,Kestrel Logistics,16892,16241,651,46940,0.9615,10.76,0.08,31939.95,15.2549,174789.8,7
2025-09-30,East,Sports,Northwind Foods,8570,8352,218,21348,0.9746,9.3,0.18,13981.8,15.2549,77662.28,7
2025-09-30,North,Apparel,Kestrel Logistics,9803,9212,591,27893,0.9397,10.61,0.37,17475.97,29.3282,97754.38,7
2025-09-30,North,Apparel,Northwind Foods,7528,7218,310,17790,0.9588,9.69,0.43,14079.99,29.3282,69929.34,7
2025-09-30,North,Beauty,Kestrel Logistics,10427,10013,414,29032,0.9603,9.42,0.5,18780.27,34.5501,94330.43,7
2025-09-30,North,Beauty,Northwind Foods,8007,7442,565,23032,0.9294,7.42,0.46,13854.55,34.5501,55190.74,7
2025-09-30,North,Electronics,Kestrel Logistics,14189,13364,825,42161,0.9419,12.16,0.25,22565.31,25.2645,162540.41,7
2025-09-30,North,Electronics,Northwind Foods,16127,15579,548,48136,0.966,13.05,1.38,30872.37,25.2645,203298.11,7
2025-09-30,North,Home,Kestrel Logistics,15903,15362,541,39230,0.966,12.94,0.08,27359.4,12.6413,198827.44,7
2025-09-30,North,Home,Northwind Foods,9855,9504,351,29419,0.9644,12.85,0.52,18221.77,12.6413,122094.61,7
2025-09-30,North,Sports,Kestrel Logistics,7070,6706,364,21139,0.9485,10.37,0.34,12025.48,30.8288,69514.29,7
2025-09-30,North,Sports,Northwind Foods,9483,8783,700,25523,0.9262,11.94,0.12,16919.41,30.8288,104888.19,7
2025-09-30,South,Apparel,Kestrel Logistics,9099,8844,255,25639,0.972,12.61,0.63,15094.63,13.6724,111482.53,7
2025-09-30,South,Apparel,Northwind Foods,3796,3691,105,13237,0.9723,9.55,0.1,7069.69,13.6724,35241.11,7
2025-09-30,South,Beauty,Kestrel Logistics,5942,5751,191,19129,0.9679,14.49,0.16,10579.2,22.7902,83341.38,7
2025-09-30,South,Beauty,Northwind Foods,9411,8886,525,28476,0.9442,11.09,0.55,15047.88,22.7902,98549.25,7
2025-09-30,South,Electronics,Kestrel Logistics,3385,3314,71,11356,0.979,13.76,0.99,6295.3,23.9114,45607.45,7
2025-09-30,South,Electronics,Northwind Foods,8548,8406,142,24604,0.9834,10.49,0.27,16667.3,23.9114,88169.38,7
2025-09-30,South,Home,Kestrel Logistics,17336,16583,753,58251,0.9566,12.87,2.09,31998.02,27.4125,213430.97,7
2025-09-30,South,Home,Northwind Foods,10731,10337,394,35627,0.9633,10.78,0.42,19629.37,27.4125,111437.94,7
2025-09-30,South,Sports,Kestrel Logistics,8765,8532,233,33075,0.9734,9.57,0.31,16266.21,21.5425,81633.07,7
2025-09-30,South,Sports,Northwind Foods,5780,5512,268,17475,0.9536,13.38,0.27,9994.8,21.5425,73725.03,7
2025-09-30,West,Apparel,Kestrel Logistics,6005,5863,142,22215,0.9764,9.55,0.03,10676.25,15.232,56014.1,7
2025-09-30,West,Apparel,Northwind Foods,8526,8258,268,22887,0.9686,10.32,0.34,14834.51,15.232,85230.84,7
2025-09-30,West,Beauty,Kestrel Logistics,6996,6854,142,23974,0.9797,11.93,0.28,12334.04,40.3661,81794.91,7
2025-09-30,West,Beauty,Northwind Foods,5015,4851,164,15937,0.9673,9.28,0.29,8889.16,40.3661,45007.96,7
2025-09-30,West,Electronics,Kestrel Logistics,9647,9446,201,31301,0.9792,11.07,1.02,17252.68,20.8732,104598.51,7
2025-09-30,West,Electronics,Northwind Foods,9095,8792,303,25331,0.9667,10.72,0.69,16211.48,20.8732,94291.74,7
2025-09-30,West,Home,Kestrel Logistics,13311,12652,659,32846,0.9505,8.4,0.01,23241.65,16.0141,106272.48,7
2025-09-30,West,Home,Northwind Foods,24112,23646,466,83471,0.9807,11.78,0.24,42197.26,16.0141,278519.96,7
2025-09-30,West,Sports,Kestrel Logistics,20516,20368,148,44905,0.9928,10.51,0.1,35608.61,15.4823,214093.51,7
2025-09-30,West,Sports,Northwind Foods,10035,9357,678,27503,0.9324,12.8,0.4,17444.84,15.4823,119783.38,7
2025-10-07,Central,Apparel,Kestrel Logistics,11536,10776,760,29062,0.9341,11.87,0.43,19443.51,23.1947,127900.32,7
2025-10-07,Central,Apparel,Northwind Foods,9336,9052,284,26556,0.9696,11.75,0.44,17095.74,23.1947,106319.02,7
2025-10-07,Central,Beauty,Kestrel Logistics,6730,6588,142,26918,0.9789,10.85,0.41,11782.37,40.3209,71500.88,7
2025-10-07,Central,Beauty,Northwind Foods,7349,6997,352,20425,0.9521,12.92,0.14,13072.73,40.3209,90395.05,7
2025-10-07,Central,Electronics,Kestrel Logistics,7132,6817,315,16806,0.9558,11.08,0.47,13214.35,29.5465,75532.21,7
2025-10-07,Central,Electronics,Northwind Foods,9786,9394,392,34176,0.9599,8.03,0.04,18291.72,29.5465,75404.77,7
2025-10-07,Central,Home,Kestrel Logistics,21080,19945,1135,65754,0.9462,9.55,0.57,37866.83,24.6874,190515.33,7
2025-10-07,Central,Home,Northwind Foods,20947,20742,205,66508,0.9902,11.28,0.75,36359.31,24.6874,233990.29,7
2025-10-07,Central,Sports,Kestrel Logistics,6144,5952,192,18250,0.9688,10.49,0.7,10489.17,25.5908,62463.71,7
2025-10-07,Central,Sports,Northwind Foods,9593,9119,474,26213,0.9506,11.21,0.19,18090.09,25.5908,102191.95,7
2025-10-07,East,Apparel,Kestrel Logistics,4380,4266,114,10664,0.974,11.94,0.65,8182.16,16.5154,50936.38,7
2025-10-07,East,Apparel,Northwind Foods,8487,8250,237,25596,0.9721,9.12,0.63,14599.38,16.5154,75241.19,7
2025-10-07,East,Beauty,Kestrel Logistics,7576,7338,238,22484,0.9686,10.43,0.51,13047.55,23.9877,76543.19,7
2025-10-07,East,Beauty,Northwind Foods,7838,7692,146,20129,0.9814,10.21,1.13,13300.13,23.9877,78541.36,7
2025-10-07,East,Electronics,Kestrel Logistics,3893,3739,154,10233,0.9604,12.73,0.11,7175.67,28.1072,47596.24,7
2025-10-07,East,Electronics,Northwind Foods,10542,10266,276,31177,0.9738,10.35,0.09,18028.57,28.1072,106277.63,7
2025-10-07,East,Home,Kestrel Logistics,4545,4395,150,13038,0.967,11.11,0.28,8015.05,49.9084,48831.7,7
2025-10-07,East,Home,Northwind Foods,6119,5912,207,15992,0.9662,10.94,0.51,10558.54,49.9084,64693.35,7
2025-10-07,East,Sports,Kestrel Logistics,10728,10502,226,31208,0.9789,11.65,0.61,20544.41,32.4333,122327.44,7
2025-10-07,East,Sports,Northwind Foods,5575,5401,174,17981,0.9688,10.38,0.23,9617.99,32.4333,56079.17,7
2025-10-07,North,Apparel,Kestrel Logistics,4058,3919,139,10744,0.9657,11.91,0.62,6739.88,12.0432,46663.55,7
2025-10-07,North,Apparel,Northwind Foods,3149,3070,79,11060,0.9749,12.89,0.06,5435.46,12.0432,39569.37,7
2025-10-07,North,Beauty,Kestrel Logistics,11532,11142,390,31960,0.9662,11.85,0.48,21327.61,35.0464,132018.46,7
2025-10-07,North,Beauty,Northwind Foods,8712,8280,432,25434,0.9504,11.96,0.27,14209.9,35.0464,99042.16,7
2025-10-07,North,Electronics,Kestrel Logistics,12084,11703,381,31712,0.9685,9.77,0.64,23002.14,15.603,114378.49,7
2025-10-07,North,Electronics,Northwind Foods,14145,13643,502,43908,0.9645,9.07,0.07,26206.05,15.603,123710.09,7
2025-10-07,North,Home,Kestrel Logistics,13740,13130,610,31145,0.9556,9.98,3.56,24009.69,23.7925,131087.17,7
2025-10-07,North,Home,Northwind Foods,8130,8122,8,30180,0.999,10.71,0.87,14078.35,23.7925,87011.13,7
2025-10-07,North,Sports,Kestrel Logistics,6300,6201,99,18810,0.9843,8.38,0.84,11298.44,20.4798,51957.89,7
2025-10-07,North,Sports,Northwind Foods,8352,8123,229,29545,0.9726,9.51,0.45,16851.37,20.4798,77246.87,7
2025-10-07,South,Apparel,Kestrel Logistics,9995,9985,10,34904,0.999,10.64,1.08,18452.85,29.4198,106249.03,7
2025-10-07,South,Apparel,Northwind Foods,4311,4168,143,13359,0.9668,9.11,0.1,7493.58,29.4198,37990.73,7
2025-10-07,South,Beauty,Kestrel Logistics,5763,5595,168,15268,0.9708,9.89,1.46,10616.37,20.6115,55333.01,7
2025-10-07,South,Beauty,Northwind Foods,9021,8644,377,28686,0.9582,10.9,0.04,16415.13,20.6115,94243.83,7
2025-10-07,South,Electronics,Kestrel Logistics,1482,1421,61,5249,0.9588,10.39,0.05,2551.95,29.9,14767.93,7
2025-10-07,South,Electronics,Northwind Foods,3792,3605,187,11619,0.9507,11.11,0.41,6464.36,29.9,40053.34,7
2025-10-07,South,Home,Kestrel Logistics,6799,6665,134,25239,0.9803,10.77,0.83,11880.14,12.1131,71806.87,7
2025-10-07,South,Home,Northwind Foods,4285,4154,131,11093,0.9694,12.53,0.24,7570.99,12.1131,52036.34,7
2025-10-07,South,Sports,Kestrel Logistics,12926,12767,159,36247,0.9877,11.28,0.29,25754.05,28.7563,144069.2,7
2025-10-07,South,Sports,Northwind Foods,8496,8247,249,25922,0.9707,11.97,0.29,14315.01,28.7563,98756.7,7
2025-10-07,West,Apparel,Kestrel Logistics,6588,6318,270,18430,0.959,10.87,0.32,11483.61,20.1658,68696.11,7
2025-10-07,West,Apparel,Northwind Foods,9237,8898,339,23742,0.9633,9.04,0.77,16126.37,20.1658,80412.12,7
2025-10-07,West,Beauty,Kestrel Logistics,19105,18572,533,52852,0.9721,10.85,0.18,34219.89,24.1127,201480.77,7
2025-10-07,West,Beauty,Northwind Foods,13155,13142,13,29882,0.999,9.27,1.02,23924.81,24.1127,121828.0,7
2025-10-07,West,Electronics,Kestrel Logistics,13671,13022,649,33869,0.9525,11.53,0.34,23530.36,16.6734,150205.49,7
2025-10-07,West,Electronics,Northwind Foods,12730,12120,610,35176,0.9521,9.96,0.02,22909.41,16.6734,120676.62,7
2025-10-07,West,Home,Kestrel Logistics,8889,8728,161,25475,0.9819,11.02,0.17,16629.44,23.8406,96187.64,7
2025-10-07,West,Home,Northwind Foods,17206,16312,894,53467,0.948,9.12,0.38,31896.32,23.8406,148776.92,7
2025-10-07,West,Sports,Kestrel Logistics,12203,11804,399,33986,0.9673,12.27,0.03,21109.96,27.596,144842.56,7
2025-10-07,West,Sports,Northwind Foods,5657,5422,235,14986,0.9585,11.8,0.47,9934.96,27.596,63987.09,7
2025-10-14,Central,Apparel,Kestrel Logistics,8854,8661,193,26219,0.9782,11.02,0.08,15893.03,25.1807,95486.24,7
2025-10-14,Central,Apparel,Northwind Foods,7547,7274,273,22781,0.9638,9.93,0.48,14186.89,25.1807,72232.02,7
2025-10-14,Central,Beauty,Kestrel Logistics,15746,14890,856,45365,0.9456,13.17,0.37,28952.84,15.5281,196041.39,7
2025-10-14,Central,Beauty,Northwind Foods,16653,15816,837,43330,0.9497,11.26,0.05,27441.48,15.5281,178053.46,7
2025-10-14,Central,Electronics,Kestrel Logistics,18266,17824,442,45928,0.9758,9.72,0.54,34406.31,18.7547,173328.71,7
2025-10-14,Central,Electronics,Northwind Foods,25349,24564,785,73230,0.969,8.93,0.05,43793.06,18.7547,219261.65,7
2025-10-14,Central,Home,Kestrel Logistics,6797,6460,337,20770,0.9504,10.62,0.6,11730.71,16.5011,68590.11,7
2025-10-14,Central,Home,Northwind Foods,6919,6718,201,19434,0.9709,14.93,0.09,10865.9,16.5011,100274.53,7
2025-10-14,Central,Sports,Kestrel Logistics,10063,9576,487,27910,0.9516,10.18,0.37,17720.14,24.1659,97526.1,7
2025-10-14,Central,Sports,Northwind Foods,15015,14673,342,47137,0.9772,8.35,0.26,28719.42,24.1659,122557.83,7
2025-10-14,East,Apparel,Kestrel Logistics,9040,8570,470,22591,0.948,11.34,0.51,15139.52,19.6138,97160.57,7
2025-10-14,East,Apparel,Northwind Foods,17345,16575,770,53892,0.9556,7.12,0.85,31580.8,19.6138,118073.3,7
2025-10-14,East,Beauty,Kestrel Logistics,15592,15224,368,44251,0.9764,9.72,0.59,28169.68,19.1114,148033.19,7
2025-10-14,East,Beauty,Northwind Foods,16145,15958,187,42249,0.9884,12.13,0.61,30035.55,19.1114,193629.56,7
2025-10-14,East,Electronics,Kestrel Logistics,7268,7177,91,21966,0.9875,12.29,0.49,14631.27,26.2605,88227.69,7
2025-10-14,East,Electronics,Northwind Foods,20194,19707,487,70083,0.9759,10.34,0.15,36901.52,26.2605,203789.82,7
2025-10-14,East,Home,Kestrel Logistics,9295,8684,611,31033,0.9343,9.15,0.49,16701.58,17.1917,79456.87,7
2025-10-14,East,Home,Northwind Foods,11692,11680,12,33845,0.999,8.55,0.11,23017.48,17.1917,99860.48,7
2025-10-14,East,Sports,Kestrel Logistics,16676,15907,769,60925,0.9539,9.95,0.3,28090.22,22.2747,158222.65,7
2025-10-14,East,Sports,Northwind Foods,8595,8180,415,23668,0.9517,10.68,0.24,15741.82,22.2747,87367.62,7
2025-10-14,North,Apparel,Kestrel Logistics,11250,10638,612,27916,0.9456,9.23,0.57,18172.22,23.0597,98196.71,7
2025-10-14,North,Apparel,Northwind Foods,8777,8335,442,23422,0.9496,10.59,1.33,15056.44,23.0597,88255.87,7
2025-10-14,North,Beauty,Kestrel Logistics,20384,19224,1160,55893,0.9431,10.79,0.03,33987.95,21.4524,207447.6,7
2025-10-14,North,Beauty,Northwind Foods,14889,14288,601,41981,0.9596,11.3,0.17,24754.87,21.4524,161454.96,7
2025-10-14,North,Electronics,Kestrel Logistics,8701,8405,296,33338,0.966,11.28,0.04,14596.85,22.2188,94813.1,7
2025-10-14,North,Electronics,Northwind Foods,10090,9798,292,26454,0.9711,11.77,0.38,18099.9,22.2188,115311.36,7
2025-10-14,North,Home,Kestrel Logistics,10341,10074,267,31959,0.9742,8.98,0.77,18493.37,23.4271,90415.86,7
2025-10-14,North,Home,Northwind Foods,6401,6232,169,19434,0.9736,11.29,0.31,11506.62,23.4271,70355.33,7
2025-10-14,North,Sports,Kestrel Logistics,9128,8747,381,24364,0.9583,10.54,0.55,17416.3,12.5879,92165.28,7
2025-10-14,North,Sports,Northwind Foods,11740,11457,283,32405,0.9759,11.69,0.06,19993.43,12.5879,133928.07,7
2025-10-14,South,Apparel,Kestrel Logistics,13963,13533,430,32175,0.9692,12.47,0.6,26434.72,16.0813,168723.63,7
2025-10-14,South,Apparel,Northwind Foods,5654,5648,6,19095,0.9989,10.77,0.92,9756.81,16.0813,60810.67,7
2025-10-14,South,Beauty,Kestrel Logistics,12887,12203,684,35488,0.9469,12.89,0.51,22415.0,16.9914,157316.9,7
2025-10-14,South,Beauty,Northwind Foods,20241,18854,1387,48559,0.9315,9.99,0.72,30948.45,16.9914,188404.07,7
2025-10-14,South,Electronics,Kestrel Logistics,4787,4621,166,13220,0.9653,12.05,0.12,8269.11,24.2536,55701.06,7
2025-10-14,South,Electronics,Northwind Foods,12554,11721,833,41045,0.9336,13.02,0.22,20385.39,24.2536,152633.97,7
2025-10-14,South,Home,Kestrel Logistics,11350,10857,493,32683,0.9566,7.94,1.5,19737.0,27.5113,86195.78,7
2025-10-14,South,Home,Northwind Foods,7028,6767,261,21347,0.9629,9.63,0.14,13652.01,27.5113,65146.79,7
2025-10-14,South,Sports,Kestrel Logistics,3705,3612,93,8710,0.9749,11.16,1.0,6845.12,48.5119,40295.25,7
2025-10-14,South,Sports,Northwind Foods,2335,2333,2,8122,0.9991,12.51,0.42,4077.69,48.5119,29186.69,7
2025-10-14,West,Apparel,Kestrel Logistics,1525,1446,79,4231,0.9482,12.64,0.68,2695.26,3.1088,18281.76,7
2025-10-14,West,Apparel,Northwind Foods,2082,2036,46,6665,0.9779,9.96,0.18,3699.6,3.1088,20271.89,7
2025-10-14,West,Beauty,Kestrel Logistics,7131,6886,245,18563,0.9656,10.41,0.26,12188.0,36.3837,71656.97,7
2025-10-14,West,Beauty,Northwind Foods,5145,4872,273,16290,0.9469,9.79,0.11,8601.09,36.3837,47715.48,7
2025-10-14,West,Electronics,Kestrel Logistics,743,692,51,2050,0.9314,9.44,1.36,1331.31,45.1702,6533.14,7
2025-10-14,West,Electronics,Northwind Foods,665,644,21,1938,0.9684,11.73,0.21,1144.48,45.1702,7557.24,7
2025-10-14,West,Home,Kestrel Logistics,7870,7597,273,19178,0.9653,12.52,0.62,13317.81,14.4417,95150.85,7
2025-10-14,West,Home,Northwind Foods,14763,14198,565,37308,0.9617,10.85,0.13,25968.4,14.4417,154001.83,7
2025-10-14,West,Sports,Kestrel Logistics,13129,12477,652,38033,0.9503,12.75,0.07,23174.18,24.7705,159036.79,7
2025-10-14,West,Sports,Northwind Foods,5963,5731,232,15958,0.9611,11.3,0.52,10688.13,24.7705,64734.83,7
2025-10-21,Central,Apparel,Kestrel Logistics,6805,6545,260,18833,0.9618,11.01,1.11,11816.56,25.5308,72065.91,7
2025-10-21,Central,Apparel,Northwind Foods,5754,5497,257,14946,0.9553,12.59,1.0,10461.11,25.5308,69190.98,7
2025-10-21,Central,Beauty,Kestrel Logistics,9751,9516,235,27238,0.9759,9.45,0.36,17975.77,16.0649,89944.46,7
2025-10-21,Central,Beauty,Northwind Foods,10457,10108,349,23244,0.9666,7.73,0.43,18627.27,16.0649,78120.31,7
2025-10-21,Central,Electronics,Kestrel Logistics,6567,6302,265,20557,0.9596,8.83,0.05,12175.31,23.105,55644.44,7
2025-10-21,Central,Electronics,Northwind Foods,8822,8685,137,29357,0.9845,12.07,0.02,15256.37,23.105,104816.38,7
2025-10-21,Central,Home,Kestrel Logistics,12473,12135,338,37503,0.9729,11.47,0.11,21213.88,23.3529,139235.45,7
2025-10-21,Central,Home,Northwind Foods,13190,12620,570,37453,0.9568,10.54,0.25,23366.2,23.3529,133048.0,7
2025-10-21,Central,Sports,Kestrel Logistics,10124,9691,433,34920,0.9572,10.19,0.05,17839.25,16.8845,98799.48,7
2025-10-21,Central,Sports,Northwind Foods,15214,14849,365,39979,0.976,13.06,0.77,25948.2,16.8845,193889.32,7
2025-10-21,East,Apparel,Kestrel Logistics,4784,4701,83,14391,0.9827,10.93,0.57,9024.99,12.6187,51365.83,7
2025-10-21,East,Apparel,Northwind Foods,9284,9091,193,34255,0.9792,10.1,0.04,16355.66,12.6187,91811.07,7
2025-10-21,East,Beauty,Kestrel Logistics,16509,16460,49,45222,0.997,10.78,0.4,30912.4,15.5663,177505.54,7
2025-10-21,East,Beauty,Northwind Foods,17460,17255,205,68369,0.9883,11.49,0.48,31464.07,15.5663,198282.0,7
2025-10-21,East,Electronics,Kestrel Logistics,1798,1736,62,4750,0.9655,9.88,0.16,3207.91,18.7987,17153.76,7
2025-10-21,East,Electronics,Northwind Foods,5021,4767,254,12086,0.9494,12.47,0.69,8444.75,18.7987,59439.61,7
2025-10-21,East,Home,Kestrel Logistics,11384,10965,419,42311,0.9632,11.62,0.47,20135.01,12.8156,127449.46,7
2025-10-21,East,Home,Northwind Foods,15281,14749,532,43045,0.9652,11.17,0.22,29080.41,12.8156,164720.16,7
2025-10-21,East,Sports,Kestrel Logistics,6469,6070,399,16272,0.9383,12.18,0.12,10744.5,28.8964,73905.86,7
2025-10-21,East,Sports,Northwind Foods,3275,3122,153,9040,0.9533,10.44,0.42,5616.01,28.8964,32592.66,7
2025-10-21,North,Apparel,Kestrel Logistics,6327,6018,309,20602,0.9512,12.1,0.07,11917.82,41.9141,72844.18,7
2025-10-21,North,Apparel,Northwind Foods,4879,4716,163,12574,0.9666,11.21,0.89,8716.41,41.9141,52859.48,7
2025-10-21,North,Beauty,Kestrel Logistics,13408,12747,661,35942,0.9507,11.53,0.08,23523.09,21.9814,146934.24,7
2025-10-21,North,Beauty,Northwind Foods,9801,9473,328,31928,0.9665,11.27,0.24,16330.2,21.9814,106777.25,7
2025-10-21,North,Electronics,Kestrel Logistics,5770,5592,178,14432,0.9692,10.12,0.37,10132.91,31.1571,56573.81,7
2025-10-21,North,Electronics,Northwind Foods,6896,6518,378,15013,0.9452,10.11,2.03,11024.98,31.1571,65927.3,7
2025-10-21,North,Home,Kestrel Logistics,26720,26063,657,84857,0.9754,11.89,0.21,44406.54,19.2026,309881.63,7
2025-10-21,North,Home,Northwind Foods,16662,16124,538,58680,0.9677,12.71,0.1,30221.31,19.2026,205003.04,7
2025-10-21,North,Sports,Kestrel Logistics,5893,5716,177,21116,0.97,11.25,0.77,10728.21,22.672,64323.34,7
2025-10-21,North,Sports,Northwind Foods,7493,7486,7,22640,0.9991,9.57,0.46,13541.09,22.672,71624.92,7
2025-10-21,South,Apparel,Kestrel Logistics,19908,18825,1083,56224,0.9456,10.2,1.15,35416.48,19.9534,191948.81,7
2025-10-21,South,Apparel,Northwind Foods,8069,7857,212,29286,0.9737,7.68,0.12,14630.76,19.9534,60315.94,7
2025-10-21,South,Beauty,Kestrel Logistics,9528,9466,62,26352,0.9935,10.82,0.57,17766.12,25.625,102467.52,7
2025-10-21,South,Beauty,Northwind Foods,15527,14624,903,43777,0.9418,12.35,0.35,25736.04,25.625,180539.7,7
2025-10-21,South,Electronics,Kestrel Logistics,4306,4074,232,9973,0.9461,6.78,0.5,7805.98,24.4152,27609.77,7
2025-10-21,South,Electronics,Northwind Foods,10897,10334,563,29910,0.9483,11.17,0.19,18544.36,24.4152,115379.91,7
2025-10-21,South,Home,Kestrel Logistics,13350,12861,489,30354,0.9634,11.47,0.22,23448.32,17.6317,147561.73,7
2025-10-21,South,Home,Northwind Foods,8313,8016,297,19611,0.9643,10.45,0.17,13116.3,17.6317,83773.97,7
2025-10-21,South,Sports,Kestrel Logistics,7220,6928,292,16766,0.9596,12.35,0.54,13681.57,54.7603,85542.08,7
2025-10-21,South,Sports,Northwind Foods,4717,4475,242,15227,0.9487,11.65,0.79,8319.68,54.7603,52140.04,7
2025-10-21,West,Apparel,Kestrel Logistics,14894,14157,737,38630,0.9505,10.77,0.76,26437.01,19.5229,152443.73,7
2025-10-21,West,Apparel,Northwind Foods,20199,19939,260,74258,0.9871,10.71,0.25,37047.23,19.5229,213459.74,7
2025-10-21,West,Beauty,Kestrel Logistics,13049,12814,235,36705,0.982,10.71,0.02,25191.18,19.2243,137284.97,7
2025-10-21,West,Beauty,Northwind Foods,9648,9068,580,33056,0.9399,9.14,0.45,17090.76,19.2243,82836.5,7
2025-10-21,West,Electronics,Kestrel Logistics,13494,12871,623,44750,0.9538,8.41,0.78,22140.86,24.1472,108283.49,7
2025-10-21,West,Electronics,Northwind Foods,12302,11980,322,28971,0.9738,9.23,0.3,21739.8,24.1472,110620.86,7
2025-10-21,West,Home,Kestrel Logistics,1857,1767,90,4706,0.9515,13.11,0.09,3377.51,37.0651,23169.18,7
2025-10-21,West,Home,Northwind Foods,3525,3301,224,11622,0.9365,9.48,1.46,5619.97,37.0651,31295.95,7
2025-10-21,West,Sports,Kestrel Logistics,24310,23969,341,63843,0.986,11.31,0.35,43774.3,13.1115,271037.34,7
2025-10-21,West,Sports,Northwind Foods,11422,11011,411,31677,0.964,10.62,0.74,20597.69,13.1115,116950.19,7
2025-10-28,Central,Apparel,Kestrel Logistics,3760,3623,137,11014,0.9636,8.49,0.08,6763.15,7.5654,30770.97,7
2025-10-28,Central,Apparel,Northwind Foods,3217,3044,173,8996,0.9462,10.28,0.07,5466.37,7.5654,31295.68,7
2025-10-28,Central,Beauty,Kestrel Logistics,8437,7780,657,18084,0.9221,7.96,0.04,14738.31,26.424,61920.42,7
2025-10-28,Central,Beauty,Northwind Foods,8457,8264,193,23713,0.9772,12.31,0.09,15448.72,26.424,101734.45,7
2025-10-28,Central,Electronics,Kestrel Logistics,3316,3129,187,10205,0.9436,10.92,0.37,5278.0,37.6981,34179.75,7
2025-10-28,Central,Electronics,Northwind Foods,4385,4313,72,12008,0.9836,10.22,0.06,7536.74,37.6981,44093.05,7
2025-10-28,Central,Home,Kestrel Logistics,8542,8281,261,23836,0.9694,9.98,0.12,14284.9,26.9648,82668.75,7
2025-10-28,Central,Home,Northwind Foods,8870,8613,257,25171,0.971,11.32,0.01,15206.24,26.9648,97522.29,7
2025-10-28,Central,Sports,Kestrel Logistics,4604,4489,115,12450,0.975,9.88,0.12,8956.46,40.4607,44344.45,7
2025-10-28,Central,Sports,Northwind Foods,6987,6879,108,18259,0.9845,8.43,0.22,11833.46,40.4607,57968.33,7
2025-10-28,East,Apparel,Kestrel Logistics,8038,7643,395,19693,0.9509,9.92,0.34,14471.62,23.841,75800.74,7
2025-10-28,East,Apparel,Northwind Foods,16029,14782,1247,52082,0.9222,9.95,0.05,24246.95,23.841,147106.6,7
2025-10-28,East,Beauty,Kestrel Logistics,8769,8431,338,25440,0.9615,9.3,0.29,16367.44,29.3658,78416.36,7
2025-10-28,East,Beauty,Northwind Foods,9134,8837,297,28877,0.9675,12.36,0.13,17089.85,29.3658,109208.37,7
2025-10-28,East,Electronics,Kestrel Logistics,6212,6083,129,16594,0.9792,11.22,0.16,11996.23,17.1724,68261.09,7
2025-10-28,East,Electronics,Northwind Foods,17158,16705,453,51634,0.9736,11.42,0.61,31332.63,17.1724,190794.0,7
2025-10-28,East,Home,Kestrel Logistics,8496,8166,330,24481,0.9612,10.81,0.06,14878.81,24.8352,88303.98,7
2025-10-28,East,Home,Northwind Foods,11256,10985,271,31520,0.9759,12.34,0.17,22134.38,24.8352,135605.84,7
2025-10-28,East,Sports,Kestrel Logistics,10102,9666,436,30188,0.9568,10.76,0.35,19022.79,31.3044,103995.45,7
2025-10-28,East,Sports,Northwind Foods,5334,4970,364,13949,0.9318,12.11,0.77,9400.21,31.3044,60174.69,7
2025-10-28,North,Apparel,Kestrel Logistics,6904,6527,377,24848,0.9454,8.9,0.84,11927.09,38.3092,58063.42,7
2025-10-28,North,Apparel,Northwind Foods,5259,5114,145,16211,0.9724,11.61,0.73,9053.15,38.3092,59364.08,7
2025-10-28,North,Beauty,Kestrel Logistics,10546,10349,197,23697,0.9813,11.53,0.68,19586.94,19.0387,119309.13,7
2025-10-28,North,Beauty,Northwind Foods,7878,7692,186,23871,0.9764,7.31,0.15,13784.92,19.0387,56200.91,7
2025-10-28,North,Electronics,Kestrel Logistics,13302,12103,1199,35393,0.9099,11.67,0.17,23998.89,18.8811,141190.01,7
2025-10-28,North,Electronics,Northwind Foods,14587,14110,477,48425,0.9673,11.6,0.38,23626.15,18.8811,163727.59,7
2025-10-28,North,Home,Kestrel Logistics,11207,11195,12,39701,0.9989,13.09,0.34,21321.66,27.8133,146493.42,7
2025-10-28,North,Home,Northwind Foods,7352,6926,426,25954,0.9421,10.27,0.14,13155.08,27.8133,71096.04,7
2025-10-28,North,Sports,Kestrel Logistics,4644,4316,328,14105,0.9294,11.59,0.01,7569.35,34.805,50019.12,7
2025-10-28,North,Sports,Northwind Foods,5918,5653,265,15898,0.9552,10.36,0.42,9222.27,34.805,58543.43,7
2025-10-28,South,Apparel,Kestrel Logistics,28465,27476,989,82455,0.9653,13.41,0.41,50379.72,16.813,368349.75,7
2025-10-28,South,Apparel,Northwind Foods,11615,11467,148,31871,0.9873,11.83,0.2,22794.89,16.813,135683.17,7
2025-10-28,South,Beauty,Kestrel Logistics,7529,7303,226,24928,0.97,10.09,0.28,13660.26,30.165,73654.63,7
2025-10-28,South,Beauty,Northwind Foods,11455,11282,173,36679,0.9849,10.56,0.51,19072.49,30.165,119094.58,7
2025-10-28,South,Electronics,Kestrel Logistics,4216,4096,120,12402,0.9715,13.17,0.14,7778.97,17.2572,53957.89,7
2025-10-28,South,Electronics,Northwind Foods,10674,10389,285,34621,0.9733,8.9,0.49,19872.31,17.2572,92489.07,7
2025-10-28,South,Home,Kestrel Logistics,10853,10842,11,31056,0.999,11.63,0.42,21196.54,21.4728,126138.92,7
2025-10-28,South,Home,Northwind Foods,6913,6758,155,26508,0.9776,11.59,0.48,12408.28,21.4728,78325.05,7
2025-10-28,South,Sports,Kestrel Logistics,16525,15477,1048,38298,0.9366,11.46,1.2,29405.65,21.831,177290.0,7
2025-10-28,South,Sports,Northwind Foods,10175,9997,178,24023,0.9825,15.36,0.82,17845.28,21.831,153587.77,7
2025-10-28,West,Apparel,Kestrel Logistics,3755,3701,54,10998,0.9856,10.73,0.25,6801.29,27.8419,39695.95,7
2025-10-28,West,Apparel,Northwind Foods,5356,5212,144,18490,0.9731,9.18,0.84,9707.29,27.8419,47829.22,7
2025-10-28,West,Beauty,Kestrel Logistics,7459,7141,318,19984,0.9574,10.45,0.12,12983.89,24.6943,74593.35,7
2025-10-28,West,Beauty,Northwind Foods,5121,5053,68,15458,0.9867,9.64,0.07,9170.91,24.6943,48687.19,7
2025-10-28,West,Electronics,Kestrel Logistics,13283,13040,243,35308,0.9817,10.18,0.35,23770.92,19.678,132723.28,7
2025-10-28,West,Electronics,Northwind Foods,12309,12136,173,34367,0.9859,10.44,1.18,22487.81,19.678,126655.84,7
2025-10-28,West,Home,Kestrel Logistics,7126,6780,346,20095,0.9514,13.23,0.73,12206.86,19.9314,89696.03,7
2025-10-28,West,Home,Northwind Foods,12683,12670,13,40227,0.999,9.05,0.44,24298.64,19.9314,114655.95,7
2025-10-28,West,Sports,Kestrel Logistics,9424,9042,382,28266,0.9595,10.68,0.96,16242.04,39.356,96607.79,7
2025-10-28,West,Sports,Northwind Foods,4346,4154,192,13133,0.9558,11.42,0.33,8287.51,39.356,47431.98,7
2025-11-04,Central,Apparel,Kestrel Logistics,15863,15054,809,37006,0.949,11.66,0.53,29191.17,20.184,175522.03,7
2025-11-04,Central,Apparel,Northwind Foods,13225,12645,580,35935,0.9561,12.06,0.06,24469.43,20.184,152507.46,7
2025-11-04,Central,Beauty,Kestrel Logistics,15045,14401,644,59392,0.9572,11.96,1.02,26744.1,23.3042,172221.52,7
2025-11-04,Central,Beauty,Northwind Foods,16712,15296,1416,37106,0.9153,11.39,1.49,28532.28,23.3042,174159.75,7
2025-11-04,Central,Electronics,Kestrel Logistics,11456,10953,503,38311,0.9561,11.94,0.05,19739.18,29.9598,130760.31,7
2025-11-04,Central,Electronics,Northwind Foods,15536,15096,440,53576,0.9717,11.19,1.07,26909.69,29.9598,168886.63,7
2025-11-04,Central,Home,Kestrel Logistics,10988,10606,382,31855,0.9652,11.23,0.29,19576.82,23.1633,119082.11,7
2025-11-04,Central,Home,Northwind Foods,11041,11030,11,30326,0.999,12.05,0.41,20629.74,23.1633,132959.56,7
2025-11-04,Central,Sports,Kestrel Logistics,1859,1803,56,4530,0.9699,13.14,0.42,3259.73,36.2056,23696.03,7
2025-11-04,Central,Sports,Northwind Foods,2796,2763,33,7452,0.9882,10.69,0.12,5413.92,36.2056,29540.47,7
2025-11-04,East,Apparel,Kestrel Logistics,7946,7708,238,26921,0.97,11.55,0.49,13072.86,19.313,89010.74,7
2025-11-04,East,Apparel,Northwind Foods,15215,14909,306,41467,0.9799,10.33,0.07,27038.2,19.313,154023.95,7
2025-11-04,East,Beauty,Kestrel Logistics,5145,4970,175,13119,0.966,10.15,0.47,9448.83,30.2243,50428.7,7
2025-11-04,East,Beauty,Northwind Foods,5265,5210,55,17257,0.9896,11.58,0.11,9948.63,30.2243,60329.05,7
2025-11-04,East,Electronics,Kestrel Logistics,7011,6812,199,22331,0.9716,10.5,0.23,13253.38,19.5702,71557.38,7
2025-11-04,East,Electronics,Northwind Foods,19205,18704,501,53925,0.9739,9.87,0.13,36292.87,19.5702,184590.69,7
2025-11-04,East,Home,Kestrel Logistics,3314,3222,92,9761,0.9722,8.96,0.28,6208.4,24.095,28864.66,7
2025-11-04,East,Home,Northwind Foods,4517,4335,182,12086,0.9597,10.31,0.21,8336.11,24.095,44697.74,7
2025-11-04,East,Sports,Kestrel Logistics,14215,13648,567,42926,0.9601,11.37,0.21,26213.42,21.1661,155214.78,7
2025-11-04,East,Sports,Northwind Foods,7026,7019,7,22105,0.999,10.09,0.32,13381.24,21.1661,70807.02,7
2025-11-04,North,Apparel,Kestrel Logistics,18266,18040,226,49740,0.9876,11.78,0.87,31538.78,21.5124,212441.71,7
2025-11-04,North,Apparel,Northwind Foods,14535,14136,399,43742,0.9725,12.77,0.09,23743.09,21.5124,180549.53,7
2025-11-04,North,Beauty,Kestrel Logistics,11461,11062,399,28528,0.9652,11.9,0.43,21764.39,21.9533,131613.74,7
2025-11-04,North,Beauty,Northwind Foods,8342,8221,121,22981,0.9855,7.36,0.33,14248.26,21.9533,60511.92,7
2025-11-04,North,Electronics,Kestrel Logistics,6771,6597,174,19510,0.9743,11.63,2.08,11824.37,20.8356,76751.56,7
2025-11-04,North,Electronics,Northwind Foods,8341,7691,650,18613,0.9221,10.22,0.21,13671.34,20.8356,78591.16,7
2025-11-04,North,Home,Kestrel Logistics,7246,7184,62,17869,0.9914,10.73,0.91,12463.95,28.7892,77086.02,7
2025-11-04,North,Home,Northwind Foods,4804,4444,360,14679,0.9251,10.98,0.36,8224.14,28.7892,48796.06,7
2025-11-04,North,Sports,Kestrel Logistics,8052,7915,137,26052,0.983,10.97,0.55,13083.01,23.7256,86816.52,7
2025-11-04,North,Sports,Northwind Foods,10710,10368,342,32155,0.9681,10.86,0.24,19545.76,23.7256,112564.03,7
2025-11-04,South,Apparel,Kestrel Logistics,16854,15793,1061,45792,0.937,10.97,0.79,29507.49,23.6723,173288.31,7
2025-11-04,South,Apparel,Northwind Foods,6948,6592,356,15279,0.9488,12.88,0.27,11477.21,23.6723,84919.24,7
2025-11-04,South,Beauty,Kestrel Logistics,5186,5001,185,16028,0.9643,12.32,0.08,9852.81,27.4615,61591.66,7
2025-11-04,South,Beauty,Northwind Foods,7967,7726,241,27902,0.9698,12.52,0.18,13405.76,27.4615,96727.59,7
2025-11-04,South,Electronics,Kestrel Logistics,4622,4467,155,14493,0.9665,8.5,0.84,8731.72,18.8638,37963.84,7
2025-11-04,South,Electronics,Northwind Foods,11851,11331,520,26121,0.9561,11.93,0.43,21010.86,18.8638,135222.61,7
2025-11-04,South,Home,Kestrel Logistics,11450,11221,229,36544,0.98,10.36,0.18,20746.47,31.9549,116237.65,7
2025-11-04,South,Home,Northwind Foods,7001,6994,7,19040,0.999,12.56,0.28,13170.45,31.9549,87867.62,7
2025-11-04,South,Sports,Kestrel Logistics,8095,7935,160,23649,0.9802,9.64,0.85,15361.73,34.5916,76481.13,7
2025-11-04,South,Sports,Northwind Foods,5209,5125,84,14061,0.9839,12.0,0.06,9008.82,34.5916,61510.34,7
2025-11-04,West,Apparel,Kestrel Logistics,9420,9058,362,27185,0.9616,13.77,0.21,18503.95,29.2531,124700.98,7
2025-11-04,West,Apparel,Northwind Foods,12865,12757,108,35724,0.9916,9.34,0.11,24121.14,29.2531,119161.81,7
2025-11-04,West,Beauty,Kestrel Logistics,9674,9303,371,27137,0.9616,12.6,0.31,16868.57,27.4894,117260.12,7
2025-11-04,West,Beauty,Northwind Foods,7094,6583,511,18362,0.928,9.66,0.2,12682.99,27.4894,63593.25,7
2025-11-04,West,Electronics,Kestrel Logistics,6209,5883,326,18721,0.9475,10.41,1.62,11113.27,18.7608,61252.81,7
2025-11-04,West,Electronics,Northwind Foods,5590,5476,114,14037,0.9796,11.17,0.55,10277.2,18.7608,61143.86,7
2025-11-04,West,Home,Kestrel Logistics,7598,7237,361,17366,0.9525,9.18,0.06,14273.34,19.468,66424.57,7
2025-11-04,West,Home,Northwind Foods,14061,13524,537,41452,0.9618,10.94,0.44,26474.23,19.468,147915.23,7
2025-11-04,West,Sports,Kestrel Logistics,9168,8971,197,26326,0.9785,9.48,0.45,15587.69,19.4382,85082.43,7
2025-11-04,West,Sports,Northwind Foods,4154,4121,33,13883,0.9921,10.98,0.29,7562.11,19.4382,45251.65,7
2025-11-11,Central,Apparel,Kestrel Logistics,4446,4340,106,14252,0.9762,12.3,0.88,7571.53,16.7568,53362.12,7
2025-11-11,Central,Apparel,Northwind Foods,3733,3646,87,11157,0.9767,10.45,0.97,6119.88,16.7568,38087.5,7
2025-11-11,Central,Beauty,Kestrel Logistics,5424,5253,171,18032,0.9685,8.92,0.35,10449.01,31.8588,46882.82,7
2025-11-11,Central,Beauty,Northwind Foods,5785,5579,206,17417,0.9644,11.36,0.28,10015.76,31.8588,63354.38,7
2025-11-11,Central,Electronics,Kestrel Logistics,8472,7842,630,26539,0.9256,10.99,0.35,15204.19,24.3129,86184.05,7
2025-11-11,Central,Electronics,Northwind Foods,11453,10808,645,31247,0.9437,12.19,0.4,21513.91,24.3129,131772.04,7
2025-11-11,Central,Home,Kestrel Logistics,12018,11667,351,37201,0.9708,12.05,1.23,20820.53,14.9626,140533.06,7
2025-11-11,Central,Home,Northwind Foods,12539,12134,405,36956,0.9677,10.24,0.29,23828.89,14.9626,124263.57,7
2025-11-11,Central,Sports,Kestrel Logistics,3078,3057,21,10580,0.9932,9.37,0.75,5370.83,22.0702,28638.2,7
2025-11-11,Central,Sports,Northwind Foods,4747,4684,63,14754,0.9867,10.77,0.14,8008.86,22.0702,50427.52,7
2025-11-11,East,Apparel,Kestrel Logistics,13556,12838,718,36402,0.947,10.98,0.28,22427.46,28.5561,140907.29,7
2025-11-11,East,Apparel,Northwind Foods,24997,24829,168,81140,0.9933,13.59,0.63,41260.32,28.5561,337349.97,7
2025-11-11,East,Beauty,Kestrel Logistics,9533,9282,251,27674,0.9737,10.43,0.33,17314.83,23.0713,96837.74,7
2025-11-11,East,Beauty,Northwind Foods,10149,9729,420,26870,0.9586,10.89,0.13,17543.33,23.0713,105910.48,7
2025-11-11,East,Electronics,Kestrel Logistics,2917,2893,24,7548,0.9918,10.27,0.07,5167.5,12.4117,29697.14,7
2025-11-11,East,Electronics,Northwind Foods,7953,7945,8,21592,0.999,12.65,0.57,14797.8,12.4117,100519.76,7
2025-11-11,East,Home,Kestrel Logistics,8589,8228,361,19949,0.958,10.05,0.41,14711.54,22.8478,82690.18,7
2025-11-11,East,Home,Northwind Foods,11234,11067,167,24453,0.9851,8.84,0.43,21056.38,22.8478,97799.39,7
2025-11-11,East,Sports,Kestrel Logistics,1713,1677,36,4622,0.979,12.16,0.12,2930.27,25.9952,20400.68,7
2025-11-11,East,Sports,Northwind Foods,909,863,46,3225,0.9494,12.86,0.08,1597.35,25.9952,11096.01,7
2025-11-11,North,Apparel,Kestrel Logistics,17190,16515,675,52018,0.9607,12.92,0.03,30584.58,12.7681,213416.03,7
2025-11-11,North,Apparel,Northwind Foods,13691,12941,750,47972,0.9452,10.64,0.39,25244.03,12.7681,137730.78,7
2025-11-11,North,Beauty,Kestrel Logistics,17450,17340,110,42355,0.9937,10.63,0.24,30128.29,25.1094,184268.28,7
2025-11-11,North,Beauty,Northwind Foods,13384,12888,496,38426,0.9629,12.05,0.6,24652.05,25.1094,155263.27,7
2025-11-11,North,Electronics,Kestrel Logistics,14518,13372,1146,49514,0.9211,11.46,0.34,25446.13,21.1376,153257.09,7
2025-11-11,North,Electronics,Northwind Foods,16262,15589,673,46794,0.9586,10.77,0.31,29091.17,21.1376,167858.08,7
2025-11-11,North,Home,Kestrel Logistics,4955,4719,236,14638,0.9524,11.01,0.34,9240.03,29.6277,51938.76,7
2025-11-11,North,Home,Northwind Foods,2998,2920,78,10449,0.974,9.84,0.06,4849.95,29.6277,28719.25,7
2025-11-11,North,Sports,Kestrel Logistics,5633,5427,206,14352,0.9634,8.64,0.14,10145.82,17.671,46879.77,7
2025-11-11,North,Sports,Northwind Foods,7360,7108,252,18291,0.9658,11.43,0.54,12328.32,17.671,81258.08,7
2025-11-11,South,Apparel,Kestrel Logistics,17087,16732,355,58139,0.9792,10.58,1.54,32432.11,25.7048,176952.97,7
2025-11-11,South,Apparel,Northwind Foods,7273,6983,290,18738,0.9601,10.73,0.12,14073.28,25.7048,74962.17,7
2025-11-11,South,Beauty,Kestrel Logistics,10201,9749,452,29956,0.9557,8.42,0.19,17875.1,30.9523,82064.2,7
2025-11-11,South,Beauty,Northwind Foods,16069,15063,1006,54318,0.9374,12.44,0.1,25790.58,30.9523,187373.1,7
2025-11-11,South,Electronics,Kestrel Logistics,2400,2289,111,8184,0.9538,10.33,0.03,4061.71,33.6513,23635.17,7
2025-11-11,South,Electronics,Northwind Foods,5939,5804,135,16759,0.9773,10.47,1.05,11399.59,33.6513,60744.03,7
2025-11-11,South,Home,Kestrel Logistics,9808,9583,225,28933,0.9771,10.94,0.52,17384.72,30.024,104828.77,7
2025-11-11,South,Home,Northwind Foods,6381,5973,408,15748,0.9361,12.34,0.27,10851.22,30.024,73731.31,7
2025-11-11,South,Sports,Kestrel Logistics,13318,12841,477,34408,0.9642,11.93,0.02,21930.22,25.708,153155.87,7
2025-11-11,South,Sports,Northwind Foods,8419,8295,124,26311,0.9853,13.51,0.29,15783.13,25.708,112103.05,7
2025-11-11,West,Apparel,Kestrel Logistics,3807,3722,85,10179,0.9777,11.34,0.01,6671.28,23.7552,42190.81,7
2025-11-11,West,Apparel,Northwind Foods,5639,5243,396,14491,0.9298,10.43,0.07,10003.2,23.7552,54661.88,7
2025-11-11,West,Beauty,Kestrel Logistics,10742,10426,316,38691,0.9706,12.2,0.45,19071.23,26.6823,127230.09,7
2025-11-11,West,Beauty,Northwind Foods,7889,7377,512,26013,0.9351,10.5,0.25,13639.71,26.6823,77490.25,7
2025-11-11,West,Electronics,Kestrel Logistics,12081,11406,675,33082,0.9441,9.85,0.21,21078.9,21.042,112312.89,7
2025-11-11,West,Electronics,Northwind Foods,11185,10615,570,32298,0.949,9.13,0.13,20226.65,21.042,96967.21,7
2025-11-11,West,Home,Kestrel Logistics,5487,5277,210,15834,0.9617,12.72,0.91,10245.41,20.1117,67102.64,7
2025-11-11,West,Home,Northwind Foods,10306,9863,443,27392,0.957,11.64,0.21,19560.7,20.1117,114785.26,7
2025-11-11,West,Sports,Kestrel Logistics,9219,8994,225,26658,0.9756,12.92,0.34,17774.75,23.34,116240.79,7
2025-11-11,West,Sports,Northwind Foods,4333,4131,202,11549,0.9534,7.92,0.39,7338.44,23.34,32706.13,7
2025-11-18,Central,Apparel,Kestrel Logistics,2534,2490,44,7095,0.9826,8.36,0.04,4645.63,42.8063,20822.81,7
2025-11-18,Central,Apparel,Northwind Foods,2186,2092,94,6597,0.957,10.8,0.79,3932.01,42.8063,22601.57,7
2025-11-18,Central,Beauty,Kestrel Logistics,18871,17974,897,52684,0.9525,8.86,0.16,31520.89,18.5137,159229.14,7
2025-11-18,Central,Beauty,Northwind Foods,19681,19092,589,55932,0.9701,6.8,0.38,36818.15,18.5137,129779.42,7
2025-11-18,Central,Electronics,Kestrel Logistics,17911,16753,1158,47512,0.9353,10.91,0.8,31031.7,15.4314,182737.41,7
2025-11-18,Central,Electronics,Northwind Foods,24318,23088,1230,66541,0.9494,10.97,1.02,39766.82,15.4314,253331.08,7
2025-11-18,Central,Home,Kestrel Logistics,9741,9338,403,21872,0.9586,10.23,0.23,19066.51,18.0471,95534.44,7
2025-11-18,Central,Home,Northwind Foods,10010,9712,298,31885,0.9702,11.89,0.16,17422.52,18.0471,115441.5,7
2025-11-18,Central,Sports,Kestrel Logistics,5448,5205,243,15877,0.9554,10.42,0.69,9648.63,16.2382,54244.84,7
2025-11-18,Central,Sports,Northwind Foods,8646,7974,672,28585,0.9223,9.45,0.09,14188.14,16.2382,75344.28,7
2025-11-18,East,Apparel,Kestrel Logistics,3495,3472,23,11351,0.9934,11.32,0.24,6818.64,18.4293,39313.74,7
2025-11-18,East,Apparel,Northwind Foods,7077,6715,362,21666,0.9488,11.05,0.56,12541.99,18.4293,74180.97,7
2025-11-18,East,Beauty,Kestrel Logistics,11282,10594,688,28184,0.939,12.26,0.18,18019.16,33.6148,129903.9,7
2025-11-18,East,Beauty,Northwind Foods,11885,11105,780,30394,0.9344,9.9,0.24,19522.62,33.6148,109885.86,7
2025-11-18,East,Electronics,Kestrel Logistics,5771,5710,61,16606,0.9894,9.78,0.26,10606.03,29.6759,55857.48,7
2025-11-18,East,Electronics,Northwind Foods,15920,15681,239,41031,0.985,10.13,0.97,31032.47,29.6759,158849.23,7
2025-11-18,East,Home,Kestrel Logistics,3596,3429,167,9544,0.9536,12.5,0.63,6615.38,25.6822,42878.88,7
2025-11-18,East,Home,Northwind Foods,4847,4612,235,15034,0.9515,10.24,0.19,8877.64,25.6822,47229.89,7
2025-11-18,East,Sports,Kestrel Logistics,19812,18289,1523,38782,0.9231,10.03,0.71,33195.41,15.1469,183396.26,7
2025-11-18,East,Sports,Northwind Foods,9635,9405,230,30339,0.9761,10.81,0.22,18295.32,15.1469,101706.47,7
2025-11-18,North,Apparel,Kestrel Logistics,15541,14919,622,51225,0.96,14.0,0.14,24845.3,20.6607,208863.73,7
2025-11-18,North,Apparel,Northwind Foods,12549,11689,860,33393,0.9315,12.3,1.16,20923.0,20.6607,143734.38,7
2025-11-18,North,Beauty,Kestrel Logistics,13274,12705,569,34202,0.9571,12.73,0.14,23577.29,19.5851,161701.36,7
2025-11-18,North,Beauty,Northwind Foods,9510,9442,68,27726,0.9928,11.29,0.5,16598.77,19.5851,106633.75,7
2025-11-18,North,Electronics,Kestrel Logistics,8966,8835,131,16568,0.9854,10.15,0.36,15412.36,11.1839,89693.84,7
2025-11-18,North,Electronics,Northwind Foods,10652,10299,353,28384,0.9669,12.45,1.64,18384.96,11.1839,128227.79,7
2025-11-18,North,Home,Kestrel Logistics,3259,3111,148,10555,0.9546,9.2,0.0,6141.81,33.3032,28635.01,7
2025-11-18,North,Home,Northwind Foods,1926,1924,2,5049,0.999,11.04,0.55,3568.37,33.3032,21235.74,7
2025-11-18,North,Sports,Kestrel Logistics,6729,6714,15,18984,0.9978,10.12,0.04,11717.37,33.8971,67968.06,7
2025-11-18,North,Sports,Northwind Foods,9115,8793,322,24476,0.9647,10.71,0.18,16221.49,33.8971,94200.12,7
2025-11-18,South,Apparel,Kestrel Logistics,18199,17899,300,42855,0.9835,9.95,1.21,31831.48,21.4762,178097.68,7
2025-11-18,South,Apparel,Northwind Foods,7967,7470,497,15940,0.9376,10.44,0.36,14698.71,21.4762,77956.62,7
2025-11-18,South,Beauty,Kestrel Logistics,10564,10214,350,32984,0.9669,11.75,0.52,18647.29,24.3447,119964.71,7
2025-11-18,South,Beauty,Northwind Foods,16670,15781,889,54318,0.9467,10.6,0.66,31354.35,24.3447,167248.06,7
2025-11-18,South,Electronics,Kestrel Logistics,7599,7202,397,19919,0.9478,8.39,0.06,14363.54,23.995,60423.9,7
2025-11-18,South,Electronics,Northwind Foods,19014,18265,749,45993,0.9606,10.83,0.19,33964.49,23.995,197859.47,7
2025-11-18,South,Home,Kestrel Logistics,7753,7520,233,19219,0.9699,8.87,0.58,13181.55,36.2543,66723.76,7
2025-11-18,South,Home,Northwind Foods,4949,4688,261,14013,0.9473,9.96,0.29,8086.74,36.2543,46671.06,7
2025-11-18,South,Sports,Kestrel Logistics,11232,10813,419,31800,0.9627,11.7,0.66,19864.05,22.5969,126562.32,7
2025-11-18,South,Sports,Northwind Foods,7106,6985,121,15755,0.983,11.34,0.09,12711.26,22.5969,79221.66,7
2025-11-18,West,Apparel,Kestrel Logistics,4659,4544,115,14631,0.9753,9.9,0.12,8033.13,20.3956,44974.85,7
2025-11-18,West,Apparel,Northwind Foods,6623,6400,223,20561,0.9663,11.36,0.38,13404.11,20.3956,72698.67,7
2025-11-18,West,Beauty,Kestrel Logistics,11418,11170,248,27065,0.9783,10.34,0.04,19697.57,30.1673,115518.35,7
2025-11-18,West,Beauty,Northwind Foods,8343,7905,438,26285,0.9475,11.35,0.03,13670.57,30.1673,89686.93,7
2025-11-18,West,Electronics,Kestrel Logistics,7078,7071,7,20508,0.999,12.04,0.86,13403.17,31.4719,85125.66,7
2025-11-18,West,Electronics,Northwind Foods,6718,6582,136,19888,0.9798,9.41,0.27,12318.03,31.4719,61913.48,7
2025-11-18,West,Home,Kestrel Logistics,5539,5299,240,15480,0.9567,12.33,0.96,9813.46,28.7783,65328.48,7
2025-11-18,West,Home,Northwind Foods,10336,9904,432,29391,0.9582,12.15,0.12,17674.62,28.7783,120286.45,7
2025-11-18,West,Sports,Kestrel Logistics,16472,16138,334,30325,0.9797,12.65,0.33,29907.8,25.1455,204163.57,7
2025-11-18,West,Sports,Northwind Foods,7573,7413,160,20421,0.9789,10.15,0.02,15047.88,25.1455,75229.44,7
2025-11-25,Central,Apparel,Kestrel Logistics,11100,10631,469,33196,0.9577,11.91,0.46,21524.92,31.7714,126667.32,7
2025-11-25,Central,Apparel,Northwind Foods,9347,8930,417,30644,0.9554,10.31,0.29,16785.65,31.7714,92059.23,7
2025-11-25,Central,Beauty,Kestrel Logistics,8689,8255,434,26216,0.9501,10.69,0.19,14688.82,19.0601,88216.44,7
2025-11-25,Central,Beauty,Northwind Foods,8995,8768,227,21470,0.9748,10.28,0.37,15654.67,19.0601,90176.44,7
2025-11-25,Central,Electronics,Kestrel Logistics,8212,7938,274,22579,0.9666,10.58,0.73,14297.67,25.6949,83962.78,7
2025-11-25,Central,Electronics,Northwind Foods,11424,10940,484,31002,0.9576,7.61,0.19,19763.71,25.6949,83257.24,7
2025-11-25,Central,Home,Kestrel Logistics,12315,11750,565,37593,0.9541,10.43,0.0,21887.48,18.4724,122504.68,7
2025-11-25,Central,Home,Northwind Foods,12432,12220,212,33172,0.9829,11.13,0.35,20548.62,18.4724,135978.37,7
2025-11-25,Central,Sports,Kestrel Logistics,6704,6238,466,16173,0.9305,9.37,0.23,11433.06,21.7191,58465.95,7
2025-11-25,Central,Sports,Northwind Foods,10256,9557,699,25832,0.9318,13.46,0.21,17872.23,21.7191,128624.45,7
2025-11-25,East,Apparel,Kestrel Logistics,914,860,54,2523,0.9409,9.73,0.63,1611.53,21.2778,8370.53,7
2025-11-25,East,Apparel,Northwind Foods,1764,1662,102,5685,0.9422,10.21,0.23,3112.74,21.2778,16970.66,7
2025-11-25,East,Beauty,Kestrel Logistics,5491,5181,310,16876,0.9435,12.44,0.4,9723.18,30.3971,64472.25,7
2025-11-25,East,Beauty,Northwind Foods,5643,5430,213,15993,0.9623,10.21,0.16,9384.43,30.3971,55444.17,7
2025-11-25,East,Electronics,Kestrel Logistics,2230,2121,109,5994,0.9511,10.02,0.87,3610.51,26.6319,21250.07,7
2025-11-25,East,Electronics,Northwind Foods,6115,5824,291,16028,0.9524,13.07,1.22,11075.28,26.6319,76115.28,7
2025-11-25,East,Home,Kestrel Logistics,1133,1120,13,2719,0.9885,9.38,0.36,1943.97,38.7541,10505.62,7
2025-11-25,East,Home,Northwind Foods,1575,1507,68,4692,0.9568,9.99,0.14,2991.9,38.7541,15051.6,7
2025-11-25,East,Sports,Kestrel Logistics,4317,4167,150,11331,0.9653,12.57,0.06,7786.79,55.2099,52376.72,7
2025-11-25,East,Sports,Northwind Foods,2194,2143,51,6605,0.9768,12.83,0.55,3738.92,55.2099,27492.12,7
2025-11-25,North,Apparel,Kestrel Logistics,8206,7855,351,25160,0.9572,9.05,0.26,15096.8,30.1835,71052.1,7
2025-11-25,North,Apparel,Northwind Foods,6433,6154,279,20417,0.9566,10.85,0.31,11689.27,30.1835,66780.9,7
2025-11-25,North,Beauty,Kestrel Logistics,10743,10480,263,25185,0.9755,11.24,0.41,18884.2,34.1711,117783.48,7
2025-11-25,North,Beauty,Northwind Foods,8022,7789,233,24566,0.971,9.17,0.83,14813.84,34.1711,71430.37,7
2025-11-25,North,Electronics,Kestrel Logistics,10907,10532,375,26991,0.9656,8.11,0.58,19175.7,13.4559,85387.11,7
2025-11-25,North,Electronics,Northwind Foods,12942,12278,664,36362,0.9487,11.77,0.26,22837.59,13.4559,144500.68,7
2025-11-25,North,Home,Kestrel Logistics,12365,11979,386,25636,0.9688,13.27,0.0,22237.0,19.7701,158908.79,7
2025-11-25,North,Home,Northwind Foods,7981,7410,571,22129,0.9285,10.55,0.95,13827.94,19.7701,78176.73,7
2025-11-25,North,Sports,Kestrel Logistics,14092,13528,564,46559,0.96,13.09,1.25,24592.31,10.8928,177020.55,7
2025-11-25,North,Sports,Northwind Foods,18104,17719,385,43016,0.9787,10.7,0.15,31952.6,10.8928,189513.34,7
2025-11-25,South,Apparel,Kestrel Logistics,11038,10477,561,30054,0.9492,9.48,0.12,20186.95,28.0318,99343.0,7
2025-11-25,South,Apparel,Northwind Foods,4383,4373,10,13718,0.9977,11.91,1.78,7340.83,28.0318,52076.59,7
2025-11-25,South,Beauty,Kestrel Logistics,10467,10094,373,26217,0.9644,10.82,0.12,16520.16,23.1712,109215.34,7
2025-11-25,South,Beauty,Northwind Foods,16095,15595,500,41521,0.9689,10.59,0.72,29279.99,23.1712,165155.11,7
2025-11-25,South,Electronics,Kestrel Logistics,4776,4599,177,13210,0.9629,9.64,0.27,8485.59,26.4556,44344.41,7
2025-11-25,South,Electronics,Northwind Foods,12112,11666,446,35865,0.9632,9.67,0.08,22438.0,26.4556,112769.2,7
2025-11-25,South,Home,Kestrel Logistics,9904,9709,195,28461,0.9803,9.63,0.24,17040.73,12.3399,93514.13,7
2025-11-25,South,Home,Northwind Foods,6258,6051,207,21629,0.9669,13.11,0.79,10669.99,12.3399,79325.44,7
2025-11-25,South,Sports,Kestrel Logistics,17999,17368,631,43147,0.9649,10.39,0.85,30634.27,22.1443,180434.79,7
2025-11-25,South,Sports,Northwind Foods,11335,11219,116,33902,0.9898,12.51,0.78,20040.94,22.1443,140347.56,7
2025-11-25,West,Apparel,Kestrel Logistics,10090,9609,481,29459,0.9523,11.79,0.17,19288.23,33.3927,113257.27,7
2025-11-25,West,Apparel,Northwind Foods,13815,13534,281,38789,0.9797,10.96,0.18,24039.9,33.3927,148388.2,7
2025-11-25,West,Beauty,Kestrel Logistics,14078,13392,686,37760,0.9513,11.8,0.32,27297.33,22.5311,157959.52,7
2025-11-25,West,Beauty,Northwind Foods,9681,9476,205,27116,0.9788,10.16,0.24,17855.9,22.5311,96295.28,7
2025-11-25,West,Electronics,Kestrel Logistics,9293,9284,9,33076,0.999,11.62,0.35,17672.86,35.0619,107839.14,7
2025-11-25,West,Electronics,Northwind Foods,8776,8641,135,26972,0.9846,8.13,0.28,16166.28,35.0619,70294.52,7
2025-11-25,West,Home,Kestrel Logistics,10112,9359,753,32054,0.9255,10.68,0.07,17168.69,25.2272,99976.72,7
2025-11-25,West,Home,Northwind Foods,18166,17490,676,53412,0.9628,7.54,0.2,30931.67,25.2272,131945.57,7
2025-11-25,West,Sports,Kestrel Logistics,22472,22184,288,75487,0.9872,11.87,0.15,42312.84,27.2196,263351.0,7
2025-11-25,West,Sports,Northwind Foods,10670,10191,479,32926,0.9551,12.2,1.5,18776.35,27.2196,124288.83,7
2025-12-02,Central,Apparel,Kestrel Logistics,9181,8901,280,26019,0.9695,9.36,0.62,16756.11,18.4728,83335.34,7
2025-12-02,Central,Apparel,Northwind Foods,7669,7477,192,20738,0.975,9.18,0.02,13798.23,18.4728,68655.5,7
2025-12-02,Central,Beauty,Kestrel Logistics,11818,11507,311,36856,0.9737,11.26,0.57,20965.59,24.8381,129576.9,7
2025-12-02,Central,Beauty,Northwind Foods,12431,12222,209,35745,0.9832,10.04,0.09,22967.42,24.8381,122658.27,7
2025-12-02,Central,Electronics,Kestrel Logistics,2236,2195,41,6687,0.9817,10.98,1.74,3924.92,23.5961,24104.36,7
2025-12-02,Central,Electronics,Northwind Foods,3064,3024,40,9962,0.9869,8.16,0.14,5480.92,23.5961,24661.61,7
2025-12-02,Central,Home,Kestrel Logistics,2901,2818,83,7864,0.9714,10.6,0.26,5134.47,52.6918,29881.36,7
2025-12-02,Central,Home,Northwind Foods,2953,2931,22,9747,0.9925,11.44,1.08,5715.78,52.6918,33518.92,7
2025-12-02,Central,Sports,Kestrel Logistics,8143,7813,330,26387,0.9595,11.31,0.42,14340.91,16.7112,88390.14,7
2025-12-02,Central,Sports,Northwind Foods,12198,11970,228,39846,0.9813,11.74,0.52,22508.66,16.7112,140473.33,7
2025-12-02,East,Apparel,Kestrel Logistics,7376,7344,32,22398,0.9957,8.29,0.6,12235.85,14.3213,60876.88,7
2025-12-02,East,Apparel,Northwind Foods,14887,14205,682,46190,0.9542,10.24,0.13,27675.49,14.3213,145483.12,7
2025-12-02,East,Beauty,Kestrel Logistics,9752,9552,200,25484,0.9795,9.67,0.4,16562.41,24.7842,92326.71,7
2025-12-02,East,Beauty,Northwind Foods,10334,10013,321,32692,0.9689,11.19,0.35,18804.66,24.7842,112013.21,7
2025-12-02,East,Electronics,Kestrel Logistics,7487,7146,341,22236,0.9545,11.67,0.29,13123.23,22.7776,83399.35,7
2025-12-02,East,Electronics,Northwind Foods,20288,19623,665,60315,0.9672,10.19,0.56,37011.72,22.7776,199964.66,7
2025-12-02,East,Home,Kestrel Logistics,16095,15948,147,50655,0.9909,10.95,0.52,30001.88,13.8689,174578.22,7
2025-12-02,East,Home,Northwind Foods,22225,21452,773,53763,0.9652,12.98,0.11,36752.67,13.8689,278538.49,7
2025-12-02,East,Sports,Kestrel Logistics,10251,9576,675,27206,0.9342,8.98,0.66,17510.79,27.3389,85970.73,7
2025-12-02,East,Sports,Northwind Foods,5051,4925,126,12491,0.9751,11.78,0.65,9213.38,27.3389,57995.28,7
2025-12-02,North,Apparel,Kestrel Logistics,11008,10976,32,29949,0.9971,10.92,0.46,20469.58,38.7343,119815.46,7
2025-12-02,North,Apparel,Northwind Foods,8948,8600,348,25927,0.9611,11.34,0.67,15826.82,38.7343,97556.1,7
2025-12-02,North,Beauty,Kestrel Logistics,14364,13396,968,40519,0.9326,10.24,1.8,24393.11,23.062,137220.03,7
2025-12-02,North,Beauty,Northwind Foods,10358,9956,402,30173,0.9612,12.72,0.03,19503.66,23.062,126649.47,7
2025-12-02,North,Electronics,Kestrel Logistics,9271,9060,211,29091,0.9772,12.48,0.21,16729.61,17.2972,113090.0,7
2025-12-02,North,Electronics,Northwind Foods,10573,10562,11,28468,0.999,10.66,0.65,20529.42,17.2972,112608.95,7
2025-12-02,North,Home,Kestrel Logistics,12790,12257,533,47187,0.9583,9.45,0.07,22408.85,27.4238,115799.5,7
2025-12-02,North,Home,Northwind Foods,7868,7583,285,20597,0.9638,10.87,0.74,14937.41,27.4238,82435.95,7
2025-12-02,North,Sports,Kestrel Logistics,7336,7008,328,17975,0.9553,9.49,0.24,12253.24,20.5674,66505.71,7
2025-12-02,North,Sports,Northwind Foods,9325,9180,145,27167,0.9845,14.57,0.57,16417.19,20.5674,133773.59,7
2025-12-02,South,Apparel,Kestrel Logistics,7857,7659,198,26242,0.9748,11.49,0.08,13607.22,25.0598,87966.4,7
2025-12-02,South,Apparel,Northwind Foods,3242,3196,46,8420,0.9858,10.91,0.08,5902.6,25.0598,34866.51,7
2025-12-02,South,Beauty,Kestrel Logistics,7748,7497,251,18693,0.9676,10.73,0.55,13265.29,23.961,80475.49,7
2025-12-02,South,Beauty,Northwind Foods,11948,11582,366,32986,0.9694,11.37,0.49,22931.38,23.961,131741.36,7
2025-12-02,South,Electronics,Kestrel Logistics,5397,5310,87,15110,0.9839,10.67,0.24,10108.91,25.2567,56663.52,7
2025-12-02,South,Electronics,Northwind Foods,14001,13467,534,44671,0.9619,10.74,0.1,24054.39,25.2567,144653.56,7
2025-12-02,South,Home,Kestrel Logistics,12434,11636,798,38951,0.9358,14.01,0.18,22313.45,18.9442,163023.93,7
2025-12-02,South,Home,Northwind Foods,7638,7252,386,23516,0.9495,9.44,0.45,14211.64,18.9442,68442.15,7
2025-12-02,South,Sports,Kestrel Logistics,16368,15981,387,62165,0.9764,11.84,0.5,29446.27,23.9574,189146.38,7
2025-12-02,South,Sports,Northwind Foods,10577,10324,253,32024,0.9761,10.69,1.57,20110.41,23.9574,110384.34,7
2025-12-02,West,Apparel,Kestrel Logistics,3777,3673,104,9903,0.9725,10.5,0.84,7478.55,19.7512,38578.73,7
2025-12-02,West,Apparel,Northwind Foods,5313,5173,140,12205,0.9736,10.53,0.29,9538.41,19.7512,54479.38,7
2025-12-02,West,Beauty,Kestrel Logistics,13203,12928,275,49642,0.9792,8.83,0.45,24770.87,20.7286,114157.03,7
2025-12-02,West,Beauty,Northwind Foods,9537,9148,389,26574,0.9592,10.36,0.54,18354.09,20.7286,94795.04,7
2025-12-02,West,Electronics,Kestrel Logistics,7227,6911,316,24041,0.9563,10.43,0.66,13334.18,17.0395,72083.04,7
2025-12-02,West,Electronics,Northwind Foods,6671,6432,239,23591,0.9642,10.78,0.51,12557.59,17.0395,69305.64,7
2025-12-02,West,Home,Kestrel Logistics,8609,8600,9,23636,0.999,9.32,0.01,15878.46,21.3515,80191.73,7
2025-12-02,West,Home,Northwind Foods,16753,16073,680,43478,0.9594,12.64,0.16,27942.06,21.3515,203164.88,7
2025-12-02,West,Sports,Kestrel Logistics,15330,14931,399,40448,0.974,9.74,0.35,28617.22,22.8286,145460.54,7
2025-12-02,West,Sports,Northwind Foods,7345,6859,486,18466,0.9338,10.19,0.9,13638.79,22.8286,69906.89,7
2025-12-09,Central,Apparel,Kestrel Logistics,6927,6671,256,19409,0.963,9.78,0.11,13272.36,38.2943,65261.25,7
2025-12-09,Central,Apparel,Northwind Foods,5994,5603,391,19915,0.9348,13.02,0.19,10332.59,38.2943,72948.5,7
2025-12-09,Central,Beauty,Kestrel Logistics,8156,7564,592,24868,0.9274,12.36,0.39,14522.06,20.9087,93477.62,7
2025-12-09,Central,Beauty,Northwind Foods,8393,8034,359,23769,0.9572,11.79,0.09,15137.34,20.9087,94698.52,7
2025-12-09,Central,Electronics,Kestrel Logistics,11773,11280,493,34061,0.9581,9.07,0.85,21432.65,18.7882,102337.4,7
2025-12-09,Central,Electronics,Northwind Foods,15993,15545,448,37030,0.972,10.8,0.32,29296.79,18.7882,167814.93,7
2025-12-09,Central,Home,Kestrel Logistics,5014,4914,100,14205,0.9801,12.2,0.65,9681.66,53.188,59968.83,7
2025-12-09,Central,Home,Northwind Foods,5512,5111,401,13251,0.9272,9.09,0.56,9745.0,53.188,46459.93,7
2025-12-09,Central,Sports,Kestrel Logistics,8909,8836,73,24414,0.9918,11.55,0.41,15977.91,27.4745,102045.53,7
2025-12-09,Central,Sports,Northwind Foods,13664,13539,125,37668,0.9909,9.24,0.81,26837.97,27.4745,125034.94,7
2025-12-09,East,Apparel,Kestrel Logistics,4773,4610,163,14209,0.9658,11.53,0.15,9070.49,19.8452,53144.01,7
2025-12-09,East,Apparel,Northwind Foods,9179,8917,262,27498,0.9715,11.16,1.2,16789.68,19.8452,99514.51,7
2025-12-09,East,Beauty,Kestrel Logistics,6142,6113,29,19181,0.9953,9.69,0.01,10568.93,29.9359,59252.46,7
2025-12-09,East,Beauty,Northwind Foods,6480,6408,72,18701,0.9889,11.66,0.8,11776.82,29.9359,74718.68,7
2025-12-09,East,Electronics,Kestrel Logistics,5439,5156,283,16773,0.948,12.0,0.07,9138.18,24.5345,61876.63,7
2025-12-09,East,Electronics,Northwind Foods,14369,14159,210,37909,0.9854,9.63,0.02,25004.09,24.5345,136411.5,7
2025-12-09,East,Home,Kestrel Logistics,8574,8342,232,23527,0.9729,7.15,0.01,14856.88,23.2707,59643.57,7
2025-12-09,East,Home,Northwind Foods,11583,11220,363,32801,0.9687,10.12,0.29,20281.48,23.2707,113534.25,7
2025-12-09,East,Sports,Kestrel Logistics,14249,13871,378,40369,0.9735,9.55,0.21,25306.17,26.4593,132457.43,7
2025-12-09,East,Sports,Northwind Foods,7650,7133,517,19293,0.9324,11.91,0.28,13875.06,26.4593,84941.6,7
2025-12-09,North,Apparel,Kestrel Logistics,14426,14087,339,41930,0.9765,12.95,0.04,24588.12,18.7542,182425.95,7
2025-12-09,North,Apparel,Northwind Foods,11049,11038,11,40783,0.999,11.65,1.68,21707.9,18.7542,128636.74,7
2025-12-09,North,Beauty,Kestrel Logistics,5064,4903,161,16382,0.9682,12.39,0.55,9117.84,23.1577,60768.14,7
2025-12-09,North,Beauty,Northwind Foods,3675,3644,31,9383,0.9916,11.02,0.37,6622.31,23.1577,40169.52,7
2025-12-09,North,Electronics,Kestrel Logistics,9764,9489,275,29467,0.9718,13.22,0.64,18558.45,30.8854,125467.36,7
2025-12-09,North,Electronics,Northwind Foods,11480,11063,417,31250,0.9637,11.22,1.13,21296.12,30.8854,124075.05,7
2025-12-09,North,Home,Kestrel Logistics,7481,7089,392,24639,0.9476,10.99,0.43,13766.07,18.8945,77897.47,7
2025-12-09,North,Home,Northwind Foods,4615,4386,229,12171,0.9504,9.51,0.91,7895.7,18.8945,41724.24,7
2025-12-09,North,Sports,Kestrel Logistics,11233,11117,116,39123,0.9897,10.73,0.04,21462.46,18.1514,119323.47,7
2025-12-09,North,Sports,Northwind Foods,14740,14560,180,40485,0.9878,11.94,0.13,24670.83,18.1514,173881.73,7
2025-12-09,South,Apparel,Kestrel Logistics,18337,18015,322,52085,0.9824,10.4,0.2,34072.03,31.4164,187268.53,7
2025-12-09,South,Apparel,Northwind Foods,7938,7519,419,19627,0.9472,12.61,0.69,12977.43,31.4164,94837.95,7
2025-12-09,South,Beauty,Kestrel Logistics,2070,2010,60,6156,0.971,13.97,0.22,3883.46,44.6437,28081.86,7
2025-12-09,South,Beauty,Northwind Foods,3223,3105,118,10930,0.9634,13.9,0.01,6068.57,44.6437,43150.56,7
2025-12-09,South,Electronics,Kestrel Logistics,8015,7878,137,22846,0.9829,11.77,1.03,14248.4,14.3746,92752.75,7
2025-12-09,South,Electronics,Northwind Foods,20529,19981,548,76801,0.9733,11.39,0.31,33935.25,14.3746,227681.51,7
2025-12-09,South,Home,Kestrel Logistics,6938,6871,67,25475,0.9903,9.34,0.32,13148.81,12.1535,64160.87,7
2025-12-09,South,Home,Northwind Foods,4430,4282,148,13255,0.9666,12.67,0.24,8205.67,12.1535,54245.83,7
2025-12-09,South,Sports,Kestrel Logistics,6750,6590,160,15761,0.9763,12.76,0.78,10849.46,41.1303,84081.72,7
2025-12-09,South,Sports,Northwind Foods,4386,4257,129,10377,0.9706,9.16,0.32,7984.1,41.1303,39007.74,7
2025-12-09,West,Apparel,Kestrel Logistics,10846,10835,11,35778,0.999,10.68,0.48,21424.09,18.8343,115749.14,7
2025-12-09,West,Apparel,Northwind Foods,16063,15260,803,41271,0.95,11.38,0.13,29922.11,18.8343,173713.49,7
2025-12-09,West,Beauty,Kestrel Logistics,8666,8474,192,27301,0.9778,7.66,1.01,15856.07,24.7705,64906.96,7
2025-12-09,West,Beauty,Northwind Foods,6159,5996,163,14403,0.9735,11.02,0.18,11183.42,24.7705,66049.37,7
2025-12-09,West,Electronics,Kestrel Logistics,5508,5234,274,19618,0.9503,9.95,0.37,10389.97,31.3982,52055.97,7
2025-12-09,West,Electronics,Northwind Foods,5204,4871,333,15566,0.936,10.73,1.21,9238.01,31.3982,52281.48,7
2025-12-09,West,Home,Kestrel Logistics,4505,4371,134,13704,0.9703,12.39,0.25,8009.05,25.7509,54169.99,7
2025-12-09,West,Home,Northwind Foods,8275,8170,105,27683,0.9873,12.29,0.45,15303.85,25.7509,100370.9,7
2025-12-09,West,Sports,Kestrel Logistics,27533,27084,449,86673,0.9837,11.55,0.32,50077.57,14.6487,312918.84,7
2025-12-09,West,Sports,Northwind Foods,13369,12441,928,43603,0.9306,11.81,0.02,23454.9,14.6487,146895.27,7
2025-12-16,Central,Apparel,Kestrel Logistics,16104,15949,155,41066,0.9904,11.83,0.21,26900.51,15.5118,188627.23,7
2025-12-16,Central,Apparel,Northwind Foods,14025,13397,628,37902,0.9552,8.9,0.29,24784.76,15.5118,119283.06,7
2025-12-16,Central,Beauty,Kestrel Logistics,6743,6532,211,19499,0.9687,12.74,0.49,12792.0,33.2594,83239.04,7
2025-12-16,Central,Beauty,Northwind Foods,7201,6938,263,19347,0.9635,11.88,0.24,13170.84,33.2594,82431.47,7
2025-12-16,Central,Electronics,Kestrel Logistics,9941,9432,509,20816,0.9488,8.63,0.25,18278.9,27.9462,81402.07,7
2025-12-16,Central,Electronics,Northwind Foods,13180,12998,182,39839,0.9862,13.97,0.45,25273.11,27.9462,181523.49,7
2025-12-16,Central,Home,Kestrel Logistics,11953,11492,461,34598,0.9614,9.96,0.14,21415.06,22.9247,114469.82,7
2025-12-16,Central,Home,Northwind Foods,12619,11952,667,34881,0.9471,10.46,1.09,22052.6,22.9247,124971.69,7
2025-12-16,Central,Sports,Kestrel Logistics,9062,8528,534,30737,0.9411,11.02,0.02,16461.0,26.6642,93968.01,7
2025-12-16,Central,Sports,Northwind Foods,13334,13066,268,41855,0.9799,11.24,0.69,25612.04,26.6642,146881.57,7
2025-12-16,East,Apparel,Kestrel Logistics,6353,6225,128,16572,0.9799,12.44,0.14,11128.89,11.2854,77430.57,7
2025-12-16,East,Apparel,Northwind Foods,12876,12039,837,36947,0.935,10.67,0.01,23927.37,11.2854,128483.64,7
2025-12-16,East,Beauty,Kestrel Logistics,15151,14514,637,47246,0.958,9.54,0.18,26404.41,21.601,138498.83,7
2025-12-16,East,Beauty,Northwind Foods,15945,15214,731,35368,0.9542,9.46,0.3,27190.41,21.601,143894.32,7
2025-12-16,East,Electronics,Kestrel Logistics,11072,10549,523,35043,0.9528,10.5,0.01,18226.2,20.539,110717.47,7
2025-12-16,East,Electronics,Northwind Foods,31096,28968,2128,77553,0.9316,9.57,0.39,51063.91,20.539,277110.34,7
2025-12-16,East,Home,Kestrel Logistics,2673,2624,49,6367,0.9817,10.93,0.6,4951.62,53.9477,28685.57,7
2025-12-16,East,Home,Northwind Foods,3659,3530,129,12422,0.9647,9.28,0.12,6683.52,53.9477,32758.31,7
2025-12-16,East,Sports,Kestrel Logistics,8318,8275,43,28798,0.9948,9.9,0.15,15579.52,17.7038,81913.22,7
2025-12-16,East,Sports,Northwind Foods,4475,4256,219,13644,0.9511,10.77,0.48,7970.53,17.7038,45829.94,7
2025-12-16,North,Apparel,Kestrel Logistics,12476,11886,590,26403,0.9527,10.92,0.29,21461.3,29.5767,129755.89,7
2025-12-16,North,Apparel,Northwind Foods,9777,9314,463,31467,0.9526,12.22,0.36,15969.85,29.5767,113847.56,7
2025-12-16,North,Beauty,Kestrel Logistics,6067,5878,189,14839,0.9688,10.73,0.42,10900.67,21.1216,63052.9,7
2025-12-16,North,Beauty,Northwind Foods,4401,4369,32,11722,0.9927,12.49,0.3,7964.05,21.1216,54558.79,7
2025-12-16,North,Electronics,Kestrel Logistics,11117,10697,420,33733,0.9622,10.21,1.3,18871.43,23.494,109238.88,7
2025-12-16,North,Electronics,Northwind Foods,13057,12470,587,39835,0.955,10.97,1.27,21385.7,23.494,136747.61,7
2025-12-16,North,Home,Kestrel Logistics,8745,8670,75,25041,0.9914,12.0,0.24,16888.22,26.7477,104015.06,7
2025-12-16,North,Home,Northwind Foods,5421,5363,58,10715,0.9893,10.99,0.02,9705.02,26.7477,58940.09,7
2025-12-16,North,Sports,Kestrel Logistics,6745,6504,241,19869,0.9643,11.73,0.46,12646.99,19.7378,76264.45,7
2025-12-16,North,Sports,Northwind Foods,8964,8518,446,28087,0.9502,10.42,0.06,15964.63,19.7378,88792.76,7
2025-12-16,South,Apparel,Kestrel Logistics,9487,8987,500,25743,0.9473,12.06,0.81,16626.77,26.5739,108407.22,7
2025-12-16,South,Apparel,Northwind Foods,3881,3751,130,11457,0.9665,9.86,0.25,6896.87,26.5739,36992.94,7
2025-12-16,South,Beauty,Kestrel Logistics,3810,3677,133,11008,0.9651,12.19,1.13,6742.18,30.9307,44831.28,7
2025-12-16,South,Beauty,Northwind Foods,5894,5682,212,14811,0.964,10.19,0.31,10774.01,30.9307,57888.97,7
2025-12-16,South,Electronics,Kestrel Logistics,2416,2384,32,7697,0.9868,13.13,1.09,4081.87,21.0478,31300.34,7
2025-12-16,South,Electronics,Northwind Foods,6136,6047,89,18258,0.9855,11.09,1.34,10837.51,21.0478,67033.22,7
2025-12-16,South,Home,Kestrel Logistics,11046,10617,429,32190,0.9612,8.93,0.41,20462.65,29.1979,94845.4,7
2025-12-16,South,Home,Northwind Foods,6899,6617,282,21563,0.9591,9.38,0.0,11875.48,29.1979,62095.95,7
2025-12-16,South,Sports,Kestrel Logistics,13120,12523,597,35825,0.9545,9.06,0.25,22271.94,20.4189,113477.72,7
2025-12-16,South,Sports,Northwind Foods,8280,8089,191,27557,0.9769,10.14,0.21,15907.93,20.4189,82000.59,7
2025-12-16,West,Apparel,Kestrel Logistics,4721,4548,173,14450,0.9634,11.87,0.23,8803.62,24.4242,53985.54,7
2025-12-16,West,Apparel,Northwind Foods,6566,6406,160,15782,0.9756,9.06,0.69,10823.77,24.4242,58065.08,7
2025-12-16,West,Beauty,Kestrel Logistics,17140,16245,895,51733,0.9478,10.33,0.36,28029.09,24.313,167785.62,7
2025-12-16,West,Beauty,Northwind Foods,12131,11495,636,35025,0.9476,10.99,0.34,21339.43,24.313,126377.75,7
2025-12-16,West,Electronics,Kestrel Logistics,11852,11404,448,41797,0.9622,10.16,0.19,20081.13,25.0172,115908.74,7
2025-12-16,West,Electronics,Northwind Foods,10710,10614,96,26857,0.991,10.46,0.01,16581.74,25.0172,111003.89,7
2025-12-16,West,Home,Kestrel Logistics,8100,7742,358,22398,0.9558,9.97,0.01,13497.96,16.4237,77190.0,7
2025-12-16,West,Home,Northwind Foods,14549,14469,80,47225,0.9945,13.31,0.86,26148.05,16.4237,192589.87,7
2025-12-16,West,Sports,Kestrel Logistics,8740,8731,9,29686,0.999,12.11,0.1,15496.11,19.9496,105771.45,7
2025-12-16,West,Sports,Northwind Foods,4134,4011,123,10639,0.9702,9.15,0.54,7677.06,19.9496,36696.69,7
2025-12-23,Central,Apparel,Kestrel Logistics,11686,10878,808,41771,0.9309,13.85,0.64,22512.54,33.8562,150706.89,7
2025-12-23,Central,Apparel,Northwind Foods,9659,9137,522,23672,0.946,10.7,0.21,16913.93,33.8562,97747.1,7
2025-12-23,Central,Beauty,Kestrel Logistics,9763,9276,487,33756,0.9501,12.18,0.23,17061.48,20.5108,113022.29,7
2025-12-23,Central,Beauty,Northwind Foods,9970,9852,118,27312,0.9882,10.26,0.07,18333.24,20.5108,101114.15,7
2025-12-23,Central,Electronics,Kestrel Logistics,5822,5557,265,19934,0.9545,10.27,0.12,10624.34,38.8173,57071.11,7
2025-12-23,Central,Electronics,Northwind Foods,7940,7659,281,22452,0.9646,12.52,0.47,14103.31,38.8173,95852.97,7
2025-12-23,Central,Home,Kestrel Logistics,6428,6093,335,18322,0.9479,12.04,0.31,10706.44,22.7616,73347.0,7
2025-12-23,Central,Home,Northwind Foods,6533,6336,197,17279,0.9698,9.96,0.04,12041.06,22.7616,63106.0,7
2025-12-23,Central,Sports,Kestrel Logistics,2284,2223,61,7216,0.9733,9.03,0.2,3975.33,37.9791,20062.9,7
2025-12-23,Central,Sports,Northwind Foods,3540,3405,135,11233,0.9619,11.8,0.02,6169.75,37.9791,40195.51,7
2025-12-23,East,Apparel,Kestrel Logistics,7843,7470,373,21057,0.9524,7.45,0.39,15081.65,22.873,55644.02,7
2025-12-23,East,Apparel,Northwind Foods,15257,14446,811,49244,0.9468,9.42,0.11,26347.42,22.873,136084.07,7
2025-12-23,East,Beauty,Kestrel Logistics,9098,8546,552,29601,0.9393,10.63,0.14,15747.05,20.892,90873.39,7
2025-12-23,East,Beauty,Northwind Foods,9344,8959,385,27159,0.9588,11.83,0.4,17085.83,20.892,106016.7,7
2025-12-23,East,Electronics,Kestrel Logistics,7010,6780,230,21782,0.9672,8.63,0.82,12661.2,26.4052,58524.81,7
2025-12-23,East,Electronics,Northwind Foods,19444,18616,828,50972,0.9574,10.77,1.11,36582.66,26.4052,200549.97,7
2025-12-23,East,Home,Kestrel Logistics,13293,12763,530,39265,0.9601,10.33,1.97,25575.99,33.1098,131852.73,7
2025-12-23,East,Home,Northwind Foods,17924,17168,756,50106,0.9578,9.46,0.09,29159.51,33.1098,162454.89,7
2025-12-23,East,Sports,Kestrel Logistics,12017,11455,562,31011,0.9532,11.16,0.43,18801.29,27.9219,127894.74,7
2025-12-23,East,Sports,Northwind Foods,6107,5891,216,17858,0.9646,10.06,0.62,10813.13,27.9219,59256.06,7
2025-12-23,North,Apparel,Kestrel Logistics,7318,7251,67,22143,0.9908,14.18,0.06,14170.71,18.0548,102800.75,7
2025-12-23,North,Apparel,Northwind Foods,5813,5682,131,16496,0.9775,11.82,0.46,9670.96,18.0548,67143.37,7
2025-12-23,North,Beauty,Kestrel Logistics,18813,18319,494,65658,0.9737,12.56,0.01,36176.42,14.3208,230115.29,7
2025-12-23,North,Beauty,Northwind Foods,14232,13615,617,40326,0.9566,10.97,0.94,23193.64,14.3208,149383.46,7
2025-12-23,North,Electronics,Kestrel Logistics,10317,10024,293,31152,0.9716,8.66,0.83,19206.34,25.1792,86758.47,7
2025-12-23,North,Electronics,Northwind Foods,12163,11685,478,39438,0.9607,9.84,0.46,21704.85,25.1792,114957.48,7
2025-12-23,North,Home,Kestrel Logistics,17210,16765,445,45164,0.9741,8.76,0.66,31826.86,27.3688,146914.87,7
2025-12-23,North,Home,Northwind Foods,10443,10372,71,28176,0.9932,10.51,0.1,18941.82,27.3688,108976.3,7
2025-12-23,North,Sports,Kestrel Logistics,4410,4292,118,11266,0.9732,9.91,0.7,7924.9,20.4553,42522.41,7
2025-12-23,North,Sports,Northwind Foods,6025,5622,403,20988,0.9331,11.02,0.35,10565.33,20.4553,61957.49,7
2025-12-23,South,Apparel,Kestrel Logistics,8241,7920,321,24822,0.961,13.43,1.19,14914.66,36.3066,106369.05,7
2025-12-23,South,Apparel,Northwind Foods,3348,3305,43,10055,0.9872,8.26,0.8,5788.53,36.3066,27312.59,7
2025-12-23,South,Beauty,Kestrel Logistics,5887,5608,279,14736,0.9526,8.71,0.02,10858.01,26.9307,48830.72,7
2025-12-23,South,Beauty,Northwind Foods,8814,8663,151,24987,0.9829,10.25,0.98,14570.52,26.9307,88773.34,7
2025-12-23,South,Electronics,Kestrel Logistics,2764,2674,90,7479,0.9674,9.98,0.51,5061.72,28.3102,26686.36,7
2025-12-23,South,Electronics,Northwind Foods,7227,6781,446,18366,0.9383,12.26,0.09,12668.41,28.3102,83117.7,7
2025-12-23,South,Home,Kestrel Logistics,5696,5472,224,19115,0.9607,9.97,0.07,9553.4,28.8766,54573.61,7
2025-12-23,South,Home,Northwind Foods,3653,3410,243,9331,0.9335,12.53,0.81,5483.06,28.8766,42714.45,7
2025-12-23,South,Sports,Kestrel Logistics,17992,16744,1248,46974,0.9306,11.48,1.04,32019.81,20.2352,192267.41,7
2025-12-23,South,Sports,Northwind Foods,10947,10817,130,32414,0.9881,10.24,0.6,19505.39,20.2352,110795.75,7
2025-12-23,West,Apparel,Kestrel Logistics,8932,8453,479,27456,0.9464,12.08,0.6,17630.34,23.2354,102077.39,7
2025-12-23,West,Apparel,Northwind Foods,12639,11906,733,36191,0.942,11.83,0.78,20987.78,23.2354,140854.02,7
2025-12-23,West,Beauty,Kestrel Logistics,8510,8156,354,27200,0.9584,11.74,0.28,14322.1,35.9309,95751.96,7
2025-12-23,West,Beauty,Northwind Foods,5987,5771,216,16574,0.9639,10.87,0.29,10535.79,35.9309,62755.95,7
2025-12-23,West,Electronics,Kestrel Logistics,5526,5428,98,18645,0.9823,11.28,0.19,9564.34,25.3494,61232.16,7
2025-12-23,West,Electronics,Northwind Foods,5102,5052,50,12771,0.9902,12.04,1.72,9258.88,25.3494,60845.68,7
2025-12-23,West,Home,Kestrel Logistics,3082,2982,100,8893,0.9676,8.98,0.69,5795.56,19.1442,26768.18,7
2025-12-23,West,Home,Northwind Foods,5722,5573,149,16700,0.974,10.8,0.2,9699.52,19.1442,60189.95,7
2025-12-23,West,Sports,Kestrel Logistics,11690,11099,591,28235,0.9494,11.06,0.42,21063.05,36.9344,122744.32,7
2025-12-23,West,Sports,Northwind Foods,5244,5098,146,13982,0.9722,11.84,0.48,9673.33,36.9344,60354.43,7
2025-12-30,Central,Apparel,Kestrel Logistics,17481,16519,962,44877,0.945,12.79,0.2,31303.79,13.5059,211259.39,7
2025-12-30,Central,Apparel,Northwind Foods,14152,13875,277,33036,0.9804,10.42,0.73,27307.38,13.5059,144590.51,7
2025-12-30,Central,Beauty,Kestrel Logistics,7028,6932,96,18321,0.9863,13.3,0.02,13278.59,33.2528,92207.04,7
2025-12-30,Central,Beauty,Northwind Foods,7512,7362,150,23693,0.98,9.0,0.54,12892.81,33.2528,66265.6,7
2025-12-30,Central,Electronics,Kestrel Logistics,14139,13599,540,36205,0.9618,11.44,0.61,24556.82,17.3868,155634.1,7
2025-12-30,Central,Electronics,Northwind Foods,19347,18743,604,45449,0.9688,10.97,0.07,32721.3,17.3868,205588.54,7
2025-12-30,Central,Home,Kestrel Logistics,4482,4094,388,11757,0.9134,8.67,0.26,7518.16,26.2425,35479.0,7
2025-12-30,Central,Home,Northwind Foods,4379,4257,122,12163,0.9721,10.45,0.12,7857.45,26.2425,44472.62,7
2025-12-30,Central,Sports,Kestrel Logistics,5567,5361,206,18139,0.963,11.47,0.39,9438.02,24.1643,61483.39,7
2025-12-30,Central,Sports,Northwind Foods,8465,8215,250,24252,0.9705,10.8,1.33,13836.65,24.1643,88759.35,7
2025-12-30,East,Apparel,Kestrel Logistics,9177,8973,204,33603,0.9778,10.72,0.13,16093.18,32.3804,96215.27,7
2025-12-30,East,Apparel,Northwind Foods,17999,17353,646,60111,0.9641,11.95,0.39,32066.92,32.3804,207311.36,7
2025-12-30,East,Beauty,Kestrel Logistics,2914,2752,162,7381,0.9444,8.84,0.04,5421.49,18.966,24332.29,7
2025-12-30,East,Beauty,Northwind Foods,2993,2884,109,6911,0.9636,7.93,0.3,5635.85,18.966,22871.4,7
2025-12-30,East,Electronics,Kestrel Logistics,3563,3443,120,9748,0.9663,9.47,0.29,6388.58,20.2428,32606.76,7
2025-12-30,East,Electronics,Northwind Foods,9822,9453,369,30811,0.9624,13.87,0.38,16508.38,20.2428,131139.84,7
2025-12-30,East,Home,Kestrel Logistics,11103,10747,356,33068,0.9679,9.69,0.28,19748.52,15.6136,104162.92,7
2025-12-30,East,Home,Northwind Foods,14948,14456,492,47990,0.9671,13.0,0.05,28859.98,15.6136,187897.2,7
2025-12-30,East,Sports,Kestrel Logistics,19193,18146,1047,61466,0.9454,11.88,0.23,35013.99,31.5484,215489.04,7
2025-12-30,East,Sports,Northwind Foods,9486,9331,155,33466,0.9837,10.74,0.39,16911.08,31.5484,100257.51,7
2025-12-30,North,Apparel,Kestrel Logistics,15706,15521,185,44189,0.9882,13.23,0.08,30538.43,14.011,205328.88,7
2025-12-30,North,Apparel,Northwind Foods,12562,12162,400,41279,0.9682,9.85,0.52,22191.23,14.011,119816.71,7
2025-12-30,North,Beauty,Kestrel Logistics,11243,10886,357,31424,0.9682,11.65,0.53,19661.21,28.7315,126769.55,7
2025-12-30,North,Beauty,Northwind Foods,8665,8091,574,23980,0.9338,11.11,0.31,14523.23,28.7315,89858.81,7
2025-12-30,North,Electronics,Kestrel Logistics,7664,7345,319,26050,0.9584,11.92,1.58,13656.56,26.5392,87568.62,7
2025-12-30,North,Electronics,Northwind Foods,8970,8562,408,20897,0.9545,10.63,0.2,16465.49,26.5392,90974.25,7
2025-12-30,North,Home,Kestrel Logistics,5627,5413,214,15545,0.962,10.82,0.2,9058.04,48.057,58548.09,7
2025-12-30,North,Home,Northwind Foods,3529,3348,181,10971,0.9487,13.21,0.05,6227.37,48.057,44228.12,7
2025-12-30,North,Sports,Kestrel Logistics,13042,12289,753,33990,0.9423,10.14,0.3,23716.83,21.4354,124656.74,7
2025-12-30,North,Sports,Northwind Foods,16125,16095,30,56084,0.9981,13.42,0.15,29249.59,21.4354,216020.62,7
2025-12-30,South,Apparel,Kestrel Logistics,11267,10609,658,35797,0.9416,11.68,0.33,20314.24,19.8762,123963.62,7
2025-12-30,South,Apparel,Northwind Foods,4691,4428,263,10261,0.9439,12.07,0.12,7870.8,19.8762,53444.78,7
2025-12-30,South,Beauty,Kestrel Logistics,5660,5415,245,15851,0.9567,11.3,0.54,9917.72,25.3255,61185.89,7
2025-12-30,South,Beauty,Northwind Foods,8399,8366,33,21125,0.9961,9.5,0.25,15684.49,25.3255,79510.34,7
2025-12-30,South,Electronics,Kestrel Logistics,8242,7894,348,24812,0.9578,9.81,0.17,14355.75,21.4989,77404.86,7
2025-12-30,South,Electronics,Northwind Foods,20756,20020,736,61593,0.9645,11.01,0.21,39551.36,21.4989,220426.45,7
2025-12-30,South,Home,Kestrel Logistics,7514,7219,295,23214,0.9607,11.2,0.23,13214.16,15.0191,80887.49,7
2025-12-30,South,Home,Northwind Foods,4747,4500,247,14918,0.948,11.5,0.17,8212.55,15.0191,51755.42,7
2025-12-30,South,Sports,Kestrel Logistics,18769,18582,187,50288,0.99,10.9,0.43,35694.97,16.5092,202617.97,7
2025-12-30,South,Sports,Northwind Foods,12015,12003,12,38461,0.999,10.9,0.5,22294.95,16.5092,130813.23,7
2025-12-30,West,Apparel,Kestrel Logistics,3243,3167,76,7730,0.9766,10.49,0.25,6113.24,62.6929,33206.69,7
2025-12-30,West,Apparel,Northwind Foods,4698,4461,237,13871,0.9496,10.87,0.64,7645.21,62.6929,48508.85,7
2025-12-30,West,Beauty,Kestrel Logistics,11137,10391,746,25760,0.933,10.1,0.24,19755.87,22.1316,104933.72,7
2025-12-30,West,Beauty,Northwind Foods,7740,7353,387,26325,0.95,11.2,1.54,13649.37,22.1316,82322.48,7
2025-12-30,West,Electronics,Kestrel Logistics,5983,5899,84,14807,0.986,9.03,0.49,10633.96,29.49,53249.88,7
2025-12-30,West,Electronics,Northwind Foods,5584,5491,93,15766,0.9833,14.72,0.67,11373.21,29.49,80824.96,7
2025-12-30,West,Home,Kestrel Logistics,3786,3621,165,10881,0.9564,10.29,0.8,6763.76,10.9185,37267.19,7
2025-12-30,West,Home,Northwind Foods,6879,6768,111,18468,0.9839,10.18,0.33,11754.11,10.9185,68907.51,7
2025-12-30,West,Sports,Kestrel Logistics,6651,6508,143,22290,0.9785,9.15,0.46,12564.5,22.3866,59559.99,7
2025-12-30,West,Sports,Northwind Foods,3108,2990,118,8383,0.962,13.86,0.2,5628.9,22.3866,41431.51,7
2026-01-06,Central,Apparel,Kestrel Logistics,9391,8996,395,25441,0.9579,11.35,0.45,15951.84,20.8604,102084.37,7
2026-01-06,Central,Apparel,Northwind Foods,7774,7557,217,23308,0.9721,11.6,0.24,13604.11,20.8604,87633.17,7
2026-01-06,Central,Beauty,Kestrel Logistics,7059,6826,233,23570,0.967,12.73,0.19,11764.66,20.8625,86900.99,7
2026-01-06,Central,Beauty,Northwind Foods,7748,7251,497,21393,0.9359,11.47,1.25,12386.16,20.8625,83147.53,7
2026-01-06,Central,Electronics,Kestrel Logistics,12923,12192,731,31419,0.9434,10.37,0.07,22423.72,21.1109,126414.71,7
2026-01-06,Central,Electronics,Northwind Foods,17069,16803,266,56081,0.9844,12.7,0.64,30439.03,21.1109,213434.41,7
2026-01-06,Central,Home,Kestrel Logistics,8430,8185,245,25998,0.9709,8.39,0.67,13860.77,11.8382,68674.25,7
2026-01-06,Central,Home,Northwind Foods,8718,8513,205,23387,0.9765,11.27,0.93,17375.25,11.8382,95955.34,7
2026-01-06,Central,Sports,Kestrel Logistics,5473,5367,106,14007,0.9806,9.89,0.51,9568.56,29.9796,53071.12,7
2026-01-06,Central,Sports,Northwind Foods,8405,8224,181,25751,0.9785,11.14,0.01,15469.55,29.9796,91604.92,7
2026-01-06,East,Apparel,Kestrel Logistics,13072,12234,838,32654,0.9359,8.64,0.57,22006.83,10.1001,105707.62,7
2026-01-06,East,Apparel,Northwind Foods,24841,23661,1180,77567,0.9525,10.74,0.01,44260.63,10.1001,254097.01,7
2026-01-06,East,Beauty,Kestrel Logistics,7209,7072,137,22607,0.981,8.62,0.83,13756.46,21.6367,60994.61,7
2026-01-06,East,Beauty,Northwind Foods,7760,7414,346,25832,0.9554,11.57,0.36,14425.96,21.6367,85756.41,7
2026-01-06,East,Electronics,Kestrel Logistics,5280,5029,251,14099,0.9525,9.28,0.38,9973.1,27.3493,46683.66,7
2026-01-06,East,Electronics,Northwind Foods,14457,13810,647,35624,0.9552,11.21,0.2,25404.02,27.3493,154776.93,7
2026-01-06,East,Home,Kestrel Logistics,7121,7096,25,21709,0.9965,12.62,0.0,14041.65,25.0912,89527.57,7
2026-01-06,East,Home,Northwind Foods,10238,9544,694,26695,0.9322,9.81,0.51,18327.44,25.0912,93631.44,7
2026-01-06,East,Sports,Kestrel Logistics,5837,5714,123,14711,0.9789,12.61,0.13,11073.97,9.7107,72047.17,7
2026-01-06,East,Sports,Northwind Foods,2998,2938,60,8591,0.98,11.82,0.49,5423.58,9.7107,34736.22,7
2026-01-06,North,Apparel,Kestrel Logistics,12654,12342,312,39543,0.9753,9.92,0.59,21839.87,17.1111,122408.27,7
2026-01-06,North,Apparel,Northwind Foods,9843,9670,173,24002,0.9824,13.18,0.44,17202.31,17.1111,127485.59,7
2026-01-06,North,Beauty,Kestrel Logistics,18959,18240,719,55435,0.9621,8.95,0.8,31911.92,21.0294,163216.85,7
2026-01-06,North,Beauty,Northwind Foods,14112,13556,556,42109,0.9606,13.1,0.55,27811.95,21.0294,177564.08,7
2026-01-06,North,Electronics,Kestrel Logistics,11545,11533,12,31948,0.999,10.31,1.56,19311.25,21.9906,118897.47,7
2026-01-06,North,Electronics,Northwind Foods,14044,13444,600,41684,0.9573,12.04,0.02,24329.07,21.9906,161926.8,7
2026-01-06,North,Home,Kestrel Logistics,5540,5300,240,20897,0.9567,11.86,0.38,9317.58,50.2591,62859.37,7
2026-01-06,North,Home,Northwind Foods,3363,3279,84,10061,0.975,9.7,0.05,5809.59,50.2591,31798.36,7
2026-01-06,North,Sports,Kestrel Logistics,14362,13598,764,39337,0.9468,12.28,0.27,25533.5,23.2035,167002.15,7
2026-01-06,North,Sports,Northwind Foods,18298,17811,487,61203,0.9734,12.32,0.21,31846.03,23.2035,219483.74,7
2026-01-06,South,Apparel,Kestrel Logistics,13669,13028,641,25242,0.9531,11.18,0.06,22888.5,18.4117,145714.8,7
2026-01-06,South,Apparel,Northwind Foods,5480,5437,43,15254,0.9922,11.3,1.38,10330.55,18.4117,61442.47,7
2026-01-06,South,Beauty,Kestrel Logistics,10802,10631,171,34999,0.9842,11.43,0.67,20732.84,21.4603,121462.04,7
2026-01-06,South,Beauty,Northwind Foods,16863,16425,438,55795,0.974,11.74,1.21,29186.5,21.4603,192790.3,7
2026-01-06,South,Electronics,Kestrel Logistics,4667,4512,155,11137,0.9668,11.29,0.31,8871.37,26.4437,50920.62,7
2026-01-06,South,Electronics,Northwind Foods,11776,11445,331,32023,0.9719,11.76,0.31,22978.58,26.4437,134569.14,7
2026-01-06,South,Home,Kestrel Logistics,3269,3151,118,9973,0.9639,8.72,0.19,6176.02,38.0489,27482.74,7
2026-01-06,South,Home,Northwind Foods,2035,1964,71,5049,0.9651,12.18,0.55,3334.31,38.0489,23921.32,7
2026-01-06,South,Sports,Kestrel Logistics,4261,4077,184,13278,0.9568,9.06,0.37,6902.87,19.9217,36948.28,7
2026-01-06,South,Sports,Northwind Foods,2759,2634,125,7815,0.9547,10.82,0.24,5324.54,19.9217,28489.92,7
2026-01-06,West,Apparel,Kestrel Logistics,5746,5534,212,18589,0.9631,13.3,0.27,10353.19,21.8672,73595.02,7
2026-01-06,West,Apparel,Northwind Foods,7861,7795,66,23635,0.9916,11.39,1.09,15201.42,21.8672,88764.65,7
2026-01-06,West,Beauty,Kestrel Logistics,12003,11471,532,37944,0.9557,11.18,0.39,21334.02,30.1232,128224.59,7
2026-01-06,West,Beauty,Northwind Foods,8538,8118,420,25468,0.9508,10.34,0.02,14772.65,30.1232,83909.93,7
2026-01-06,West,Electronics,Kestrel Logistics,13895,13578,317,34509,0.9772,8.11,0.14,26573.19,18.8698,110052.24,7
2026-01-06,West,Electronics,Northwind Foods,12833,12638,195,28105,0.9848,12.06,0.29,23898.48,18.8698,152402.67,7
2026-01-06,West,Home,Kestrel Logistics,9999,9603,396,32660,0.9604,11.51,0.15,16426.98,17.4657,110533.62,7
2026-01-06,West,Home,Northwind Foods,18405,17946,459,51409,0.9751,10.27,0.46,35036.09,17.4657,184288.29,7
2026-01-06,West,Sports,Kestrel Logistics,16244,15487,757,45516,0.9534,9.63,0.38,28784.99,21.1265,149178.03,7
2026-01-06,West,Sports,Northwind Foods,7294,7114,180,26311,0.9753,6.94,0.26,12734.04,21.1265,49401.09,7
2026-01-13,Central,Apparel,Kestrel Logistics,17049,16750,299,38087,0.9825,12.4,0.49,26761.59,29.1533,207770.28,7
2026-01-13,Central,Apparel,Northwind Foods,14651,14070,581,39014,0.9603,12.54,0.42,28075.7,29.1533,176454.7,7
2026-01-13,Central,Beauty,Kestrel Logistics,15642,14818,824,41426,0.9473,12.24,0.37,25319.07,22.1934,181299.37,7
2026-01-13,Central,Beauty,Northwind Foods,16047,15738,309,52262,0.9807,11.52,0.56,28226.07,22.1934,181365.43,7
2026-01-13,Central,Electronics,Kestrel Logistics,9895,9568,327,26076,0.967,11.78,0.43,18573.21,25.6325,112687.63,7
2026-01-13,Central,Electronics,Northwind Foods,13887,13187,700,54051,0.9496,11.3,0.03,22725.59,25.6325,149028.21,7
2026-01-13,Central,Home,Kestrel Logistics,17930,16684,1246,54690,0.9305,11.16,0.01,27263.87,8.5288,186229.11,7
2026-01-13,Central,Home,Northwind Foods,17419,17351,68,65621,0.9961,10.56,0.78,31245.69,8.5288,183193.33,7
2026-01-13,Central,Sports,Kestrel Logistics,5085,4781,304,14755,0.9402,12.77,0.12,9745.19,34.5706,61048.0,7
2026-01-13,Central,Sports,Northwind Foods,7551,7325,226,19177,0.9701,10.11,0.03,13443.9,34.5706,74090.04,7
2026-01-13,East,Apparel,Kestrel Logistics,5437,5211,226,15197,0.9584,12.93,0.11,9897.24,29.5209,67388.02,7
2026-01-13,East,Apparel,Northwind Foods,10570,10079,491,33125,0.9535,13.13,0.74,16961.76,29.5209,132339.12,7
2026-01-13,East,Beauty,Kestrel Logistics,5598,5348,250,17665,0.9553,9.66,0.4,9869.35,38.8604,51686.9,7
2026-01-13,East,Beauty,Northwind Foods,5854,5605,249,18560,0.9575,10.43,0.75,11182.05,38.8604,58452.57,7
2026-01-13,East,Electronics,Kestrel Logistics,3889,3715,174,11122,0.9553,11.76,2.72,6646.01,23.8006,43693.86,7
2026-01-13,East,Electronics,Northwind Foods,10570,10201,369,32862,0.9651,12.79,0.16,20691.1,23.8006,130447.97,7
2026-01-13,East,Home,Kestrel Logistics,8604,8424,180,25032,0.9791,10.11,0.33,16527.21,17.224,85191.2,7
2026-01-13,East,Home,Northwind Foods,12070,11330,740,29046,0.9387,11.46,0.05,22475.88,17.224,129842.0,7
2026-01-13,East,Sports,Kestrel Logistics,11942,11705,237,26959,0.9802,9.48,0.45,20044.04,24.3538,110970.55,7
2026-01-13,East,Sports,Northwind Foods,6151,6019,132,18451,0.9785,11.6,0.09,11117.04,24.3538,69795.9,7
2026-01-13,North,Apparel,Kestrel Logistics,11445,11106,339,32919,0.9704,12.93,0.19,18137.9,24.8437,143605.48,7
2026-01-13,North,Apparel,Northwind Foods,9284,8702,582,26653,0.9373,11.89,0.1,15292.37,24.8437,103446.65,7
2026-01-13,North,Beauty,Kestrel Logistics,2173,2057,116,5917,0.9466,11.99,0.23,3895.7,17.8332,24667.41,7
2026-01-13,North,Beauty,Northwind Foods,1565,1529,36,3851,0.977,13.28,0.13,2912.68,17.8332,20310.42,7
2026-01-13,North,Electronics,Kestrel Logistics,8525,8209,316,30512,0.9629,11.28,0.04,15093.47,19.8024,92566.84,7
2026-01-13,North,Electronics,Northwind Foods,9914,9569,345,27599,0.9652,9.07,0.77,17772.77,19.8024,86744.61,7
2026-01-13,North,Home,Kestrel Logistics,10078,10068,10,34078,0.999,9.78,0.2,18903.14,17.9056,98504.75,7
2026-01-13,North,Home,Northwind Foods,6239,6228,11,19193,0.9982,14.0,0.11,12303.9,17.9056,87164.31,7
2026-01-13,North,Sports,Kestrel Logistics,9571,9561,10,22028,0.999,12.98,1.03,17818.06,20.4575,124091.59,7
2026-01-13,North,Sports,Northwind Foods,13393,12523,870,37021,0.935,10.92,0.25,22525.06,20.4575,136715.42,7
2026-01-13,South,Apparel,Kestrel Logistics,18394,18075,319,49806,0.9827,14.47,0.74,34478.97,20.3372,261585.36,7
2026-01-13,South,Apparel,Northwind Foods,7953,7544,409,24516,0.9486,11.86,0.12,15385.19,20.3372,89501.92,7
2026-01-13,South,Beauty,Kestrel Logistics,5648,5349,299,13955,0.9471,9.61,0.26,9873.65,18.795,51427.11,7
2026-01-13,South,Beauty,Northwind Foods,8411,8264,147,23762,0.9825,9.97,1.15,14990.34,18.795,82424.99,7
2026-01-13,South,Electronics,Kestrel Logistics,5331,5134,197,17433,0.963,9.33,0.92,9297.93,23.3113,47878.5,7
2026-01-13,South,Electronics,Northwind Foods,13371,13022,349,39418,0.9739,12.71,0.08,24648.86,23.3113,165558.79,7
2026-01-13,South,Home,Kestrel Logistics,16010,15516,494,55689,0.9691,10.91,0.07,28688.35,29.6181,169250.0,7
2026-01-13,South,Home,Northwind Foods,9919,9671,248,32363,0.975,10.72,0.69,17435.53,29.6181,103716.88,7
2026-01-13,South,Sports,Kestrel Logistics,7284,7039,245,15768,0.9664,11.86,0.14,13537.16,17.2879,83482.37,7
2026-01-13,South,Sports,Northwind Foods,4609,4547,62,16559,0.9865,12.45,1.3,9050.88,17.2879,56611.9,7
2026-01-13,West,Apparel,Kestrel Logistics,9090,8951,139,20841,0.9847,10.44,0.59,17278.86,10.4513,93417.98,7
2026-01-13,West,Apparel,Northwind Foods,13106,12608,498,32234,0.962,11.64,0.26,22847.19,10.4513,146755.74,7
2026-01-13,West,Beauty,Kestrel Logistics,13028,12744,284,34951,0.9782,16.64,0.43,23982.61,23.5111,212011.14,7
2026-01-13,West,Beauty,Northwind Foods,9245,9018,227,29171,0.9754,12.7,1.17,16690.45,23.5111,114537.67,7
2026-01-13,West,Electronics,Kestrel Logistics,12768,12081,687,35271,0.9462,11.14,0.19,19991.65,21.2356,134576.8,7
2026-01-13,West,Electronics,Northwind Foods,11797,11243,554,31686,0.953,11.97,0.23,21063.31,21.2356,134553.92,7
2026-01-13,West,Home,Kestrel Logistics,6519,6218,301,15224,0.9538,10.11,1.94,11633.64,19.5817,62848.6,7
2026-01-13,West,Home,Northwind Foods,12170,11620,550,36511,0.9548,9.18,0.23,18221.46,19.5817,106706.37,7
2026-01-13,West,Sports,Kestrel Logistics,17600,17293,307,51887,0.9826,10.25,0.37,29369.88,17.4993,177280.22,7
2026-01-13,West,Sports,Northwind Foods,8113,7944,169,20118,0.9792,10.7,0.49,14069.7,17.4993,85007.2,7
2026-01-20,Central,Apparel,Kestrel Logistics,19862,19678,184,58848,0.9907,13.49,0.25,38087.35,16.0031,265440.92,7
2026-01-20,Central,Apparel,Northwind Foods,17178,16529,649,56947,0.9622,10.98,0.69,29321.85,16.0031,181446.95,7
2026-01-20,Central,Beauty,Kestrel Logistics,7474,7245,229,15954,0.9694,10.78,0.53,13920.46,16.5046,78083.96,7
2026-01-20,Central,Beauty,Northwind Foods,7777,7696,81,20825,0.9896,12.75,1.12,14492.33,16.5046,98093.48,7
2026-01-20,Central,Electronics,Kestrel Logistics,6674,6630,44,18078,0.9934,12.87,0.17,11702.0,17.5565,85343.45,7
2026-01-20,Central,Electronics,Northwind Foods,9616,9137,479,30644,0.9502,9.31,0.22,17286.39,17.5565,85050.92,7
2026-01-20,Central,Home,Kestrel Logistics,10504,10160,344,24007,0.9673,8.58,0.77,19346.48,16.0681,87202.26,7
2026-01-20,Central,Home,Northwind Foods,10962,10566,396,27195,0.9639,10.93,0.02,20306.06,16.0681,115500.37,7
2026-01-20,Central,Sports,Kestrel Logistics,9116,8651,465,22864,0.949,12.44,1.06,16051.43,29.563,107583.5,7
2026-01-20,Central,Sports,Northwind Foods,13824,13256,568,32682,0.9589,12.0,0.04,24379.54,29.563,159037.56,7
2026-01-20,East,Apparel,Kestrel Logistics,2424,2367,57,6038,0.9765,9.85,0.13,4214.86,37.2506,23304.59,7
2026-01-20,East,Apparel,Northwind Foods,4877,4577,300,13325,0.9385,7.6,0.11,8802.96,37.2506,34802.26,7
2026-01-20,East,Beauty,Kestrel Logistics,12628,12615,13,36690,0.999,12.03,0.72,23997.15,13.8903,151737.2,7
2026-01-20,East,Beauty,Northwind Foods,13906,13223,683,40581,0.9509,10.85,1.56,25793.17,13.8903,143408.25,7
2026-01-20,East,Electronics,Kestrel Logistics,3511,3309,202,7832,0.9425,9.84,1.44,6590.33,32.5164,32544.02,7
2026-01-20,East,Electronics,Northwind Foods,9612,9088,524,34764,0.9455,10.28,0.36,16814.7,32.5164,93406.05,7
2026-01-20,East,Home,Kestrel Logistics,10413,10335,78,31673,0.9925,10.34,0.18,18679.82,19.5637,106908.84,7
2026-01-20,East,Home,Northwind Foods,14269,13901,368,42537,0.9742,12.02,0.29,24052.54,19.5637,167062.73,7
2026-01-20,East,Sports,Kestrel Logistics,12991,12670,321,38458,0.9753,9.44,0.82,23859.17,22.9228,119653.94,7
2026-01-20,East,Sports,Northwind Foods,6744,6516,228,17054,0.9662,11.76,0.39,11643.39,22.9228,76620.84,7
2026-01-20,North,Apparel,Kestrel Logistics,7417,7067,350,21454,0.9528,12.06,0.12,12431.35,29.1228,85209.48,7
2026-01-20,North,Apparel,Northwind Foods,5943,5538,405,18197,0.9319,9.11,0.06,10851.01,29.1228,50433.09,7
2026-01-20,North,Beauty,Kestrel Logistics,13405,12479,926,27343,0.9309,12.29,0.07,22321.13,31.7106,153384.86,7
2026-01-20,North,Beauty,Northwind Foods,9807,9274,533,32591,0.9457,11.35,0.08,19992.5,31.7106,105292.62,7
2026-01-20,North,Electronics,Kestrel Logistics,10221,9451,770,33531,0.9247,9.89,0.06,17486.7,7.8368,93440.64,7
2026-01-20,North,Electronics,Northwind Foods,11392,11017,375,29605,0.9671,10.25,0.26,20749.01,7.8368,112972.39,7
2026-01-20,North,Home,Kestrel Logistics,10776,10295,481,32952,0.9554,8.87,0.12,18291.15,25.7221,91294.6,7
2026-01-20,North,Home,Northwind Foods,6767,6369,398,21265,0.9412,12.91,0.01,11809.84,25.7221,82191.99,7
2026-01-20,North,Sports,Kestrel Logistics,9065,8812,253,20163,0.9721,12.85,0.5,15606.16,23.8721,113222.8,7
2026-01-20,North,Sports,Northwind Foods,12149,11542,607,39913,0.95,12.75,0.11,22492.45,23.8721,147184.1,7
2026-01-20,South,Apparel,Kestrel Logistics,14645,14368,277,48784,0.9811,10.04,0.15,25089.62,8.2213,144212.61,7
2026-01-20,South,Apparel,Northwind Foods,6179,5997,182,19763,0.9705,12.2,0.76,10113.19,8.2213,73188.14,7
2026-01-20,South,Beauty,Kestrel Logistics,4147,4087,60,16252,0.9855,10.71,1.49,8033.69,19.0605,43755.1,7
2026-01-20,South,Beauty,Northwind Foods,6452,6314,138,17397,0.9786,9.86,0.13,12525.03,19.0605,62236.26,7
2026-01-20,South,Electronics,Kestrel Logistics,4277,4151,126,9072,0.9705,9.65,0.45,7991.8,27.4547,40072.21,7
2026-01-20,South,Electronics,Northwind Foods,10910,10528,382,32352,0.965,9.19,0.73,17522.07,27.4547,96720.15,7
2026-01-20,South,Home,Kestrel Logistics,17260,16700,560,45635,0.9676,11.91,0.72,30852.94,14.6681,198881.78,7
2026-01-20,South,Home,Northwind Foods,10686,10410,276,32704,0.9742,11.9,0.22,17350.05,14.6681,123906.36,7
2026-01-20,South,Sports,Kestrel Logistics,18446,17690,756,56670,0.959,11.95,0.75,34184.11,15.1284,211334.84,7
2026-01-20,South,Sports,Northwind Foods,11930,11427,503,39226,0.9578,9.53,0.07,19863.36,15.1284,108906.11,7
2026-01-20,West,Apparel,Kestrel Logistics,6385,6210,175,22096,0.9726,13.11,0.62,12051.19,32.3713,81436.95,7
2026-01-20,West,Apparel,Northwind Foods,9204,8746,458,24296,0.9502,11.64,0.52,16628.82,32.3713,101768.67,7
2026-01-20,West,Beauty,Kestrel Logistics,8658,8252,406,22218,0.9531,12.48,0.04,15120.16,21.6085,103001.58,7
2026-01-20,West,Beauty,Northwind Foods,6061,5839,222,19554,0.9634,11.8,0.36,10642.69,21.6085,68881.46,7
2026-01-20,West,Electronics,Kestrel Logistics,10851,10235,616,32670,0.9432,12.37,0.55,17959.15,26.7889,126626.4,7
2026-01-20,West,Electronics,Northwind Foods,9995,9526,469,28040,0.9531,11.67,0.08,16302.03,26.7889,111148.5,7
2026-01-20,West,Home,Kestrel Logistics,6884,6653,231,19133,0.9664,10.83,0.17,12534.07,33.9252,72049.05,7
2026-01-20,West,Home,Northwind Foods,12654,12434,220,35620,0.9826,9.2,0.5,24093.85,33.9252,114368.38,7
2026-01-20,West,Sports,Kestrel Logistics,9923,9720,203,25312,0.9795,10.66,0.94,19116.77,31.4326,103603.05,7
2026-01-20,West,Sports,Northwind Foods,4703,4465,238,13456,0.9494,10.95,0.17,8303.34,31.4326,48871.32,7
2026-01-27,Central,Apparel,Kestrel Logistics,9551,8975,576,27722,0.9397,11.89,0.11,17201.61,18.1008,106695.98,7
2026-01-27,Central,Apparel,Northwind Foods,7895,7539,356,16365,0.9549,11.62,0.32,13040.49,18.1008,87614.05,7
2026-01-27,Central,Beauty,Kestrel Logistics,3356,3206,150,8435,0.9553,10.75,0.99,6369.37,30.3557,34471.81,7
2026-01-27,Central,Beauty,Northwind Foods,3464,3406,58,7702,0.9833,11.55,1.07,5929.6,30.3557,39336.44,7
2026-01-27,Central,Electronics,Kestrel Logistics,3103,2997,106,7156,0.9658,12.54,0.39,5811.83,35.101,37570.57,7
2026-01-27,Central,Electronics,Northwind Foods,4313,4130,183,9672,0.9576,9.97,0.32,7848.5,35.101,41176.01,7
2026-01-27,Central,Home,Kestrel Logistics,7039,6795,244,19824,0.9653,9.57,0.59,13942.28,30.7567,65054.93,7
2026-01-27,Central,Home,Northwind Foods,7170,7067,103,22320,0.9856,11.49,0.74,12615.29,30.7567,81197.19,7
2026-01-27,Central,Sports,Kestrel Logistics,6431,6269,162,15743,0.9748,8.56,1.1,11847.22,22.1689,53658.76,7
2026-01-27,Central,Sports,Northwind Foods,10182,9606,576,27896,0.9434,10.73,0.04,19546.93,22.1689,103061.21,7
2026-01-27,East,Apparel,Kestrel Logistics,11040,11029,11,34629,0.999,10.72,0.49,20095.67,23.9671,118255.89,7
2026-01-27,East,Apparel,Northwind Foods,22308,21332,976,58800,0.9562,11.05,0.03,41783.24,23.9671,235708.34,7
2026-01-27,East,Beauty,Kestrel Logistics,11177,10336,841,34166,0.9248,13.22,0.59,19882.44,30.2639,136625.8,7
2026-01-27,East,Beauty,Northwind Foods,11227,10834,393,32292,0.965,10.2,0.06,18771.7,30.2639,110460.72,7
2026-01-27,East,Electronics,Kestrel Logistics,3028,3025,3,8792,0.999,11.99,0.14,5962.87,24.5625,36266.57,7
2026-01-27,East,Electronics,Northwind Foods,8551,8307,244,27899,0.9715,9.38,0.13,14661.55,24.5625,77931.16,7
2026-01-27,East,Home,Kestrel Logistics,13818,13790,28,37494,0.998,12.51,0.06,25811.54,20.9584,172487.73,7
2026-01-27,East,Home,Northwind Foods,18672,18548,124,42883,0.9934,14.06,0.7,36111.6,20.9584,260810.69,7
2026-01-27,East,Sports,Kestrel Logistics,21479,21080,399,57160,0.9814,9.41,0.06,40927.01,18.4756,198411.37,7
2026-01-27,East,Sports,Northwind Foods,11451,10840,611,32127,0.9466,10.96,0.17,20233.78,18.4756,118761.37,7
2026-01-27,North,Apparel,Kestrel Logistics,14621,14168,453,42871,0.969,10.42,0.06,25680.74,25.7963,147684.79,7
2026-01-27,North,Apparel,Northwind Foods,11662,11102,560,28957,0.952,9.09,0.36,20820.66,25.7963,100951.74,7
2026-01-27,North,Beauty,Kestrel Logistics,17901,17067,834,48106,0.9534,9.99,0.98,33087.76,12.1924,170544.29,7
2026-01-27,North,Beauty,Northwind Foods,13464,12684,780,49502,0.9421,10.04,0.45,21688.47,12.1924,127324.52,7
2026-01-27,North,Electronics,Kestrel Logistics,9002,8833,169,22194,0.9812,10.86,0.13,18592.57,21.1786,95898.59,7
2026-01-27,North,Electronics,Northwind Foods,10808,10298,510,30883,0.9528,10.54,0.01,19400.36,21.1786,108573.47,7
2026-01-27,North,Home,Kestrel Logistics,11564,11217,347,37295,0.97,9.27,0.04,21064.83,15.1725,103948.9,7
2026-01-27,North,Home,Northwind Foods,7086,6940,146,24025,0.9794,11.68,0.07,12777.43,15.1725,81054.32,7
2026-01-27,North,Sports,Kestrel Logistics,10710,10275,435,36015,0.9594,10.78,0.39,19627.25,27.1391,110728.12,7
2026-01-27,North,Sports,Northwind Foods,14308,13459,849,44405,0.9407,10.04,0.44,25304.39,27.1391,135193.75,7
2026-01-27,South,Apparel,Kestrel Logistics,21700,21280,420,61450,0.9806,13.57,0.63,39216.01,11.9995,288790.74,7
2026-01-27,South,Apparel,Northwind Foods,9334,8882,452,25236,0.9516,10.73,1.1,15637.33,11.9995,95271.18,7
2026-01-27,South,Beauty,Kestrel Logistics,3877,3815,62,12342,0.984,8.74,0.42,6940.32,19.8496,33346.82,7
2026-01-27,South,Beauty,Northwind Foods,5975,5893,82,21422,0.9863,11.33,0.33,11353.21,19.8496,66739.08,7
2026-01-27,South,Electronics,Kestrel Logistics,1907,1746,161,5533,0.9156,11.76,0.44,3245.72,12.5051,20539.82,7
2026-01-27,South,Electronics,Northwind Foods,4654,4428,226,9634,0.9514,11.59,0.17,8515.45,12.5051,51300.39,7
2026-01-27,South,Home,Kestrel Logistics,17129,16968,161,56565,0.9906,9.3,0.27,33197.55,12.7742,157823.52,7
2026-01-27,South,Home,Northwind Foods,11334,10577,757,29446,0.9332,10.82,0.03,19960.63,12.7742,114494.13,7
2026-01-27,South,Sports,Kestrel Logistics,17564,16712,852,39332,0.9515,9.5,0.25,28672.84,23.95,158800.14,7
2026-01-27,South,Sports,Northwind Foods,11272,10796,476,34025,0.9578,13.46,0.51,19745.56,23.95,145327.94,7
2026-01-27,West,Apparel,Kestrel Logistics,2958,2922,36,8995,0.9878,11.28,0.35,5182.56,23.5611,32960.37,7
2026-01-27,West,Apparel,Northwind Foods,4137,4115,22,12756,0.9947,11.93,0.14,7511.37,23.5611,49071.71,7
2026-01-27,West,Beauty,Kestrel Logistics,15808,15171,637,48756,0.9597,13.39,0.24,27916.64,24.0782,203133.64,7
2026-01-27,West,Beauty,Northwind Foods,11120,10736,384,33657,0.9655,11.84,0.11,17750.57,24.0782,127126.42,7
2026-01-27,West,Electronics,Kestrel Logistics,6286,6092,194,19213,0.9691,10.22,0.73,11845.41,30.3184,62247.26,7
2026-01-27,West,Electronics,Northwind Foods,5890,5670,220,20161,0.9626,11.79,0.69,10593.89,30.3184,66828.29,7
2026-01-27,West,Home,Kestrel Logistics,3844,3739,105,12811,0.9727,10.12,0.08,6947.77,37.1211,37825.45,7
2026-01-27,West,Home,Northwind Foods,7031,6987,44,21020,0.9937,12.55,0.4,12189.62,37.1211,87675.6,7
2026-01-27,West,Sports,Kestrel Logistics,7652,7545,107,25199,0.986,9.19,0.36,13557.2,30.7548,69336.16,7
2026-01-27,West,Sports,Northwind Foods,3544,3466,78,13285,0.978,11.23,0.21,6773.77,30.7548,38919.65,7
2026-02-03,Central,Apparel,Kestrel Logistics,7782,7615,167,24068,0.9785,11.07,1.36,15213.16,31.6619,84312.83,7
2026-02-03,Central,Apparel,Northwind Foods,6777,6397,380,19681,0.9439,9.55,0.13,12151.74,31.6619,61113.14,7
2026-02-03,Central,Beauty,Kestrel Logistics,7109,6538,571,19659,0.9197,8.62,0.33,12260.19,18.7399,56335.68,7
2026-02-03,Central,Beauty,Northwind Foods,7236,6944,292,21492,0.9596,11.52,0.13,11650.13,18.7399,79962.39,7
2026-02-03,Central,Electronics,Kestrel Logistics,8525,8070,455,21965,0.9466,9.85,1.18,14667.7,24.2421,79512.09,7
2026-02-03,Central,Electronics,Northwind Foods,12001,11121,880,42307,0.9267,11.7,0.77,21770.11,24.2421,130073.47,7
2026-02-03,Central,Home,Kestrel Logistics,5636,5450,186,16095,0.967,10.51,0.03,10402.23,20.5138,57264.51,7
2026-02-03,Central,Home,Northwind Foods,5815,5667,148,19432,0.9745,12.79,0.08,11210.89,20.5138,72489.79,7
2026-02-03,Central,Sports,Kestrel Logistics,4217,4213,4,12344,0.9991,11.11,1.49,8021.04,15.9982,46790.11,7
2026-02-03,Central,Sports,Northwind Foods,6666,6455,211,15816,0.9683,9.43,0.39,12998.21,15.9982,60850.83,7
2026-02-03,East,Apparel,Kestrel Logistics,8371,8074,297,25954,0.9645,12.78,0.22,15160.95,32.1473,103157.65,7
2026-02-03,East,Apparel,Northwind Foods,16574,15615,959,43674,0.9421,9.72,0.04,31563.53,32.1473,151735.19,7
2026-02-03,East,Beauty,Kestrel Logistics,11799,11230,569,29427,0.9518,10.79,0.35,20120.03,25.9739,121145.34,7
2026-02-03,East,Beauty,Northwind Foods,12129,11771,358,35712,0.9705,11.0,0.43,20287.07,25.9739,129489.74,7
2026-02-03,East,Electronics,Kestrel Logistics,1332,1247,85,4246,0.9362,9.59,1.04,2422.15,31.0248,11962.56,7
2026-02-03,East,Electronics,Northwind Foods,3546,3424,122,12143,0.9656,11.83,0.5,6656.94,31.0248,40500.86,7
2026-02-03,East,Home,Kestrel Logistics,7297,6952,345,21468,0.9527,11.57,0.21,14021.47,22.9727,80446.4,7
2026-02-03,East,Home,Northwind Foods,9442,9351,91,33562,0.9904,9.2,0.79,17030.69,22.9727,85984.17,7
2026-02-03,East,Sports,Kestrel Logistics,11838,11417,421,37235,0.9644,9.46,0.84,21609.33,23.035,108004.66,7
2026-02-03,East,Sports,Northwind Foods,5877,5871,6,17535,0.999,9.46,0.04,10669.12,23.035,55542.37,7
2026-02-03,North,Apparel,Kestrel Logistics,4223,4071,152,12410,0.964,11.74,0.34,7030.34,62.9118,47773.55,7
2026-02-03,North,Apparel,Northwind Foods,3242,3189,53,8883,0.9837,12.17,0.22,6027.76,62.9118,38814.78,7
2026-02-03,North,Beauty,Kestrel Logistics,10428,9953,475,24458,0.9544,10.13,0.82,20604.51,20.3856,100855.83,7
2026-02-03,North,Beauty,Northwind Foods,7670,7397,273,21708,0.9644,9.24,0.72,13608.85,20.3856,68382.59,7
2026-02-03,North,Electronics,Kestrel Logistics,8089,7852,237,22270,0.9707,13.49,1.3,14980.26,18.8712,105898.72,7
2026-02-03,North,Electronics,Northwind Foods,9464,9153,311,27892,0.9671,9.73,0.68,16152.21,18.8712,89102.4,7
2026-02-03,North,Home,Kestrel Logistics,13464,12962,502,40637,0.9627,10.41,0.15,22861.42,13.2859,134945.01,7
2026-02-03,North,Home,Northwind Foods,8433,8019,414,23335,0.9509,12.27,0.3,13978.88,13.2859,98380.42,7
2026-02-03,North,Sports,Kestrel Logistics,12385,12373,12,33218,0.999,9.1,0.16,23967.11,19.904,112610.87,7
2026-02-03,North,Sports,Northwind Foods,16987,16206,781,56278,0.954,11.81,0.1,27861.0,19.904,191338.94,7
2026-02-03,South,Apparel,Kestrel Logistics,17177,17054,123,46316,0.9928,11.15,0.4,33549.37,17.9946,190097.67,7
2026-02-03,South,Apparel,Northwind Foods,7389,7118,271,20464,0.9633,10.06,0.16,12594.57,17.9946,71594.95,7
2026-02-03,South,Beauty,Kestrel Logistics,7563,7334,229,20382,0.9697,10.86,0.08,13654.73,17.2194,79673.33,7
2026-02-03,South,Beauty,Northwind Foods,11786,11332,454,30502,0.9615,11.63,0.55,20407.26,17.2194,131826.55,7
2026-02-03,South,Electronics,Kestrel Logistics,4322,4136,186,13308,0.957,11.11,0.78,7033.02,21.1656,45949.6,7
2026-02-03,South,Electronics,Northwind Foods,11145,10490,655,30705,0.9412,11.35,0.72,19805.67,21.1656,119032.33,7
2026-02-03,South,Home,Kestrel Logistics,10369,10302,67,26862,0.9935,10.59,0.19,19392.13,28.3877,109050.75,7
2026-02-03,South,Home,Northwind Foods,6628,6421,207,20027,0.9688,10.77,0.56,11999.81,28.3877,69160.54,7
2026-02-03,South,Sports,Kestrel Logistics,16010,15848,162,53103,0.9899,11.32,0.3,27912.23,26.4552,179474.04,7
2026-02-03,South,Sports,Northwind Foods,10566,10238,328,35635,0.969,10.4,1.01,20019.91,26.4552,106508.26,7
2026-02-03,West,Apparel,Kestrel Logistics,10099,10041,58,34688,0.9943,11.28,0.08,19188.43,21.454,113239.41,7
2026-02-03,West,Apparel,Northwind Foods,14482,14142,340,37692,0.9765,11.58,0.12,25093.93,21.454,163695.66,7
2026-02-03,West,Beauty,Kestrel Logistics,11977,11965,12,35200,0.999,9.6,0.19,21479.49,20.853,114881.96,7
2026-02-03,West,Beauty,Northwind Foods,8784,8467,317,26429,0.9639,9.35,0.37,16770.13,20.853,79166.15,7
2026-02-03,West,Electronics,Kestrel Logistics,11696,11125,571,33269,0.9512,13.06,0.03,20255.32,20.0775,145296.31,7
2026-02-03,West,Electronics,Northwind Foods,10828,10354,474,32439,0.9562,11.56,0.05,17971.89,20.0775,119676.03,7
2026-02-03,West,Home,Kestrel Logistics,5540,5534,6,16987,0.9989,10.42,0.04,10441.52,19.1035,57684.56,7
2026-02-03,West,Home,Northwind Foods,10964,10341,623,33117,0.9432,11.21,0.43,18161.56,19.1035,115957.58,7
2026-02-03,West,Sports,Kestrel Logistics,12971,12439,532,27957,0.959,9.41,0.09,24131.58,23.3454,117031.71,7
2026-02-03,West,Sports,Northwind Foods,5832,5714,118,16426,0.9798,11.31,0.79,10000.16,23.3454,64648.63,7
2026-02-10,Central,Apparel,Kestrel Logistics,8545,8352,193,23897,0.9774,11.26,0.36,16226.93,14.3297,94053.81,7
2026-02-10,Central,Apparel,Northwind Foods,7104,7015,89,22419,0.9875,12.83,0.5,13115.71,14.3297,90020.13,7
2026-02-10,Central,Beauty,Kestrel Logistics,12744,11943,801,37966,0.9371,10.77,1.11,20152.27,20.9582,128584.15,7
2026-02-10,Central,Beauty,Northwind Foods,12699,12686,13,41724,0.999,10.06,0.14,20625.46,20.9582,127656.17,7
2026-02-10,Central,Electronics,Kestrel Logistics,10312,9865,447,33343,0.9567,12.84,0.28,17593.68,21.7604,126630.47,7
2026-02-10,Central,Electronics,Northwind Foods,14159,13596,563,39032,0.9602,10.26,0.57,26778.3,21.7604,139524.18,7
2026-02-10,Central,Home,Kestrel Logistics,10699,10529,170,32227,0.9841,11.22,0.53,19281.24,21.0742,118109.18,7
2026-02-10,Central,Home,Northwind Foods,11781,10950,831,33683,0.9295,10.72,0.1,18772.24,21.0742,117349.66,7
2026-02-10,Central,Sports,Kestrel Logistics,4184,4093,91,14838,0.9783,9.96,0.33,7512.23,43.676,40778.26,7
2026-02-10,Central,Sports,Northwind Foods,6532,6272,260,18494,0.9602,11.8,0.61,11743.8,43.676,74029.78,7
2026-02-10,East,Apparel,Kestrel Logistics,5728,5491,237,15815,0.9586,11.38,0.57,10327.23,34.9618,62510.7,7
2026-02-10,East,Apparel,Northwind Foods,10630,10619,11,29044,0.999,11.27,0.29,20104.86,34.9618,119688.8,7
2026-02-10,East,Beauty,Kestrel Logistics,12111,11713,398,38301,0.9671,11.35,0.12,23129.95,20.9251,132986.77,7
2026-02-10,East,Beauty,Northwind Foods,12824,12278,546,31191,0.9574,8.82,0.27,23032.47,20.9251,108344.63,7
2026-02-10,East,Electronics,Kestrel Logistics,5643,5388,255,15223,0.9548,11.18,0.27,9946.08,18.5719,60248.36,7
2026-02-10,East,Electronics,Northwind Foods,15053,14794,259,41183,0.9828,10.94,0.04,27349.5,18.5719,161786.19,7
2026-02-10,East,Home,Kestrel Logistics,3943,3880,63,11730,0.984,11.36,0.27,7376.35,11.4029,44087.81,7
2026-02-10,East,Home,Northwind Foods,5472,5218,254,14652,0.9536,11.05,0.62,10040.79,11.4029,57658.28,7
2026-02-10,East,Sports,Kestrel Logistics,13111,12170,941,26370,0.9282,9.35,0.39,22410.81,22.7011,113773.55,7
2026-02-10,East,Sports,Northwind Foods,6441,6259,182,15869,0.9717,12.87,0.71,11056.43,22.7011,80567.6,7
2026-02-10,North,Apparel,Kestrel Logistics,14230,14116,114,31266,0.992,11.93,0.14,25348.36,24.6878,168449.98,7
2026-02-10,North,Apparel,Northwind Foods,11730,11061,669,35063,0.943,10.52,0.5,20911.22,24.6878,116372.63,7
2026-02-10,North,Beauty,Kestrel Logistics,9612,9144,468,32725,0.9513,11.64,0.38,15739.48,10.7791,106465.13,7
2026-02-10,North,Beauty,Northwind Foods,6990,6796,194,22544,0.9722,11.67,0.26,12233.66,10.7791,79331.72,7
2026-02-10,North,Electronics,Kestrel Logistics,13316,12853,463,44763,0.9652,11.86,0.33,23333.31,21.6881,152433.88,7
2026-02-10,North,Electronics,Northwind Foods,15577,14984,593,44038,0.9619,14.86,0.34,23724.81,21.6881,222587.44,7
2026-02-10,North,Home,Kestrel Logistics,13910,13083,827,47020,0.9405,10.57,0.02,22877.9,23.6178,138288.61,7
2026-02-10,North,Home,Northwind Foods,8274,8094,180,24209,0.9782,12.58,0.07,15069.2,23.6178,101849.33,7
2026-02-10,North,Sports,Kestrel Logistics,7323,7103,220,15070,0.97,10.56,0.41,12452.84,23.9867,75007.36,7
2026-02-10,North,Sports,Northwind Foods,9795,9304,491,26335,0.9499,9.61,0.07,18398.22,23.9867,89410.72,7
2026-02-10,South,Apparel,Kestrel Logistics,7521,7335,186,26658,0.9753,11.57,0.11,13853.81,32.1429,84862.72,7
2026-02-10,South,Apparel,Northwind Foods,3178,3061,117,9092,0.9632,12.0,0.22,5921.23,32.1429,36722.03,7
2026-02-10,South,Beauty,Kestrel Logistics,6528,6341,187,17809,0.9714,10.7,0.27,12047.49,23.3428,67848.18,7
2026-02-10,South,Beauty,Northwind Foods,10391,9797,594,31338,0.9428,11.56,0.22,20096.69,23.3428,113297.92,7
2026-02-10,South,Electronics,Kestrel Logistics,8172,7958,214,26744,0.9738,10.75,0.89,15498.44,26.3021,85534.17,7
2026-02-10,South,Electronics,Northwind Foods,20499,20184,315,63018,0.9846,10.48,0.05,34640.17,26.3021,211461.24,7
2026-02-10,South,Home,Kestrel Logistics,9082,8748,334,34778,0.9632,12.18,0.48,14749.74,24.5093,106524.56,7
2026-02-10,South,Home,Northwind Foods,5635,5452,183,16183,0.9675,12.01,0.52,10942.31,24.5093,65501.78,7
2026-02-10,South,Sports,Kestrel Logistics,5708,5501,207,18551,0.9637,12.07,0.56,10614.61,37.5965,66382.1,7
2026-02-10,South,Sports,Northwind Foods,3740,3553,187,9976,0.95,9.59,0.33,6783.1,37.5965,34077.75,7
2026-02-10,West,Apparel,Kestrel Logistics,6862,6607,255,18104,0.9628,11.66,0.11,10742.78,26.4981,77014.43,7
2026-02-10,West,Apparel,Northwind Foods,9421,9305,116,30548,0.9877,10.09,0.27,17031.07,26.4981,93878.05,7
2026-02-10,West,Beauty,Kestrel Logistics,6700,6406,294,21640,0.9561,13.19,0.74,11506.78,28.814,84508.62,7
2026-02-10,West,Beauty,Northwind Foods,4777,4533,244,12884,0.9489,10.73,0.49,8261.95,28.814,48644.75,7
2026-02-10,West,Electronics,Kestrel Logistics,8956,8582,374,26824,0.9582,11.25,0.03,15806.37,28.4161,96547.99,7
2026-02-10,West,Electronics,Northwind Foods,8246,7987,259,24391,0.9686,10.41,0.08,15906.14,28.4161,83182.17,7
2026-02-10,West,Home,Kestrel Logistics,8384,8169,215,26497,0.9744,9.78,0.99,14669.46,24.108,79863.88,7
2026-02-10,West,Home,Northwind Foods,15678,15266,412,36522,0.9737,11.85,1.39,27659.87,24.108,180890.35,7
2026-02-10,West,Sports,Kestrel Logistics,10781,10680,101,31786,0.9906,10.63,0.39,19814.18,20.9805,113494.02,7
2026-02-10,West,Sports,Northwind Foods,5001,4906,95,15242,0.981,10.9,0.3,9223.93,20.9805,53465.59,7
2026-02-17,Central,Apparel,Kestrel Logistics,12640,11985,655,34133,0.9482,10.38,0.56,22464.95,17.8259,124456.89,7
2026-02-17,Central,Apparel,Northwind Foods,10242,10067,175,31550,0.9829,10.28,2.02,17888.36,17.8259,103495.42,7
2026-02-17,Central,Beauty,Kestrel Logistics,7140,6880,260,20022,0.9636,10.16,0.28,11078.29,17.8917,69914.76,7
2026-02-17,Central,Beauty,Northwind Foods,7702,7307,395,20315,0.9487,12.56,0.52,13141.3,17.8917,91752.69,7
2026-02-17,Central,Electronics,Kestrel Logistics,9034,8533,501,32510,0.9445,11.44,0.56,16238.47,28.6242,97621.21,7
2026-02-17,Central,Electronics,Northwind Foods,12290,11760,530,33252,0.9569,11.79,0.47,22482.68,28.6242,138685.34,7
2026-02-17,Central,Home,Kestrel Logistics,13545,12955,590,34205,0.9564,11.73,0.24,23436.52,26.3318,151921.18,7
2026-02-17,Central,Home,Northwind Foods,14077,13472,605,44979,0.957,9.04,0.35,25172.11,26.3318,121843.84,7
2026-02-17,Central,Sports,Kestrel Logistics,7717,7403,314,21019,0.9593,11.88,0.34,14256.58,15.0794,87942.67,7
2026-02-17,Central,Sports,Northwind Foods,11903,11342,561,42604,0.9529,9.02,0.36,20907.1,15.0794,102317.11,7
2026-02-17,East,Apparel,Kestrel Logistics,8526,8258,268,27527,0.9686,11.01,1.73,15933.95,23.2967,90934.74,7
2026-02-17,East,Apparel,Northwind Foods,16195,15972,223,48091,0.9862,10.29,0.01,28614.76,23.2967,164350.79,7
2026-02-17,East,Beauty,Kestrel Logistics,9088,8798,290,25619,0.9681,11.17,0.86,16413.15,21.3811,98285.41,7
2026-02-17,East,Beauty,Northwind Foods,9231,9222,9,20918,0.999,9.19,0.52,15802.6,21.3811,84731.81,7
2026-02-17,East,Electronics,Kestrel Logistics,3692,3563,129,10960,0.9651,9.87,0.16,6922.01,27.4048,35167.7,7
2026-02-17,East,Electronics,Northwind Foods,10194,9784,410,27268,0.9598,12.3,0.4,18123.71,27.4048,120321.0,7
2026-02-17,East,Home,Kestrel Logistics,3935,3828,107,11374,0.9728,11.64,0.02,6795.05,23.7233,44544.4,7
2026-02-17,East,Home,Northwind Foods,5309,5148,161,16152,0.9697,10.15,0.71,9086.21,23.7233,52252.03,7
2026-02-17,East,Sports,Kestrel Logistics,11688,11101,587,37695,0.9498,7.59,0.7,19954.9,18.3868,84280.45,7
2026-02-17,East,Sports,Northwind Foods,5715,5709,6,16865,0.999,11.67,0.54,9825.24,18.3868,66632.4,7
2026-02-17,North,Apparel,Kestrel Logistics,6324,6126,198,18472,0.9687,11.74,0.49,10314.34,21.0458,71919.09,7
2026-02-17,North,Apparel,Northwind Foods,4896,4800,96,14938,0.9804,13.82,0.27,8993.41,21.0458,66343.53,7
2026-02-17,North,Beauty,Kestrel Logistics,17692,17318,374,63763,0.9789,10.8,0.2,33016.73,19.8599,187017.83,7
2026-02-17,North,Beauty,Northwind Foods,13740,12871,869,39320,0.9368,11.98,0.51,23284.03,19.8599,154139.06,7
2026-02-17,North,Electronics,Kestrel Logistics,7720,7331,389,20592,0.9496,11.94,0.29,13613.35,25.7679,87565.94,7
2026-02-17,North,Electronics,Northwind Foods,8651,8546,105,26186,0.9879,8.4,0.49,15728.77,25.7679,71807.81,7
2026-02-17,North,Home,Kestrel Logistics,5394,5038,356,12431,0.934,11.76,0.51,9273.68,49.3652,59254.46,7
2026-02-17,North,Home,Northwind Foods,3230,3116,114,7139,0.9647,10.21,0.28,5330.5,49.3652,31810.42,7
2026-02-17,North,Sports,Kestrel Logistics,10400,10232,168,30284,0.9838,11.33,0.27,18774.24,18.2892,115961.87,7
2026-02-17,North,Sports,Northwind Foods,14221,13401,820,37878,0.9423,10.69,0.21,24827.41,18.2892,143305.99,7
2026-02-17,South,Apparel,Kestrel Logistics,7113,6722,391,21043,0.945,12.21,0.91,12243.49,25.7547,82076.59,7
2026-02-17,South,Apparel,Northwind Foods,2932,2805,127,7836,0.9567,9.92,1.44,5228.9,25.7547,27811.59,7
2026-02-17,South,Beauty,Kestrel Logistics,3969,3793,176,10091,0.9557,14.14,0.29,6652.24,18.9309,53647.42,7
2026-02-17,South,Beauty,Northwind Foods,6048,5861,187,16345,0.9691,9.34,0.24,10595.61,18.9309,54719.87,7
2026-02-17,South,Electronics,Kestrel Logistics,5078,4968,110,17431,0.9783,13.29,0.2,8627.1,19.7803,66003.75,7
2026-02-17,South,Electronics,Northwind Foods,13175,12602,573,40674,0.9565,14.13,0.15,24449.62,19.7803,178105.68,7
2026-02-17,South,Home,Kestrel Logistics,11491,10902,589,33693,0.9487,10.88,0.34,21997.19,30.0687,118631.56,7
2026-02-17,South,Home,Northwind Foods,7198,6796,402,17593,0.9442,12.79,0.21,12671.89,30.0687,86891.42,7
2026-02-17,South,Sports,Kestrel Logistics,8328,8182,146,20065,0.9825,10.87,0.2,15522.21,23.1994,88900.32,7
2026-02-17,South,Sports,Northwind Foods,5462,5286,176,12118,0.9678,12.63,0.01,10317.65,23.1994,66778.91,7
2026-02-17,West,Apparel,Kestrel Logistics,5968,5688,280,19462,0.9531,13.1,1.01,10455.57,8.4549,74538.29,7
2026-02-17,West,Apparel,Northwind Foods,8115,8012,103,22284,0.9873,8.83,0.16,15007.29,8.4549,70706.5,7
2026-02-17,West,Beauty,Kestrel Logistics,13241,12591,650,33956,0.9509,10.96,0.38,22997.72,39.4478,137948.57,7
2026-02-17,West,Beauty,Northwind Foods,9074,8910,164,24153,0.9819,12.58,0.29,15740.63,39.4478,112090.96,7
2026-02-17,West,Electronics,Kestrel Logistics,8415,7949,466,23956,0.9446,10.18,0.29,14992.2,17.3632,80915.41,7
2026-02-17,West,Electronics,Northwind Foods,7415,7399,16,22296,0.9978,9.28,0.19,14081.6,17.3632,68697.81,7
2026-02-17,West,Home,Kestrel Logistics,9582,9133,449,34137,0.9531,12.32,0.34,17926.43,21.0606,112546.99,7
2026-02-17,West,Home,Northwind Foods,17259,17068,191,46227,0.9889,8.45,0.2,32821.03,21.0606,144231.36,7
2026-02-17,West,Sports,Kestrel Logistics,17994,17556,438,53409,0.9757,11.4,0.05,32790.15,30.6835,200165.84,7
2026-02-17,West,Sports,Northwind Foods,8072,8064,8,23397,0.999,8.76,0.49,14800.2,30.6835,70603.28,7
2026-02-24,Central,Apparel,Kestrel Logistics,15477,14790,687,46787,0.9556,9.0,0.09,30448.15,23.4638,133148.68,7
2026-02-24,Central,Apparel,Northwind Foods,13122,12423,699,35415,0.9467,9.82,0.55,20800.27,23.4638,121979.32,7
2026-02-24,Central,Beauty,Kestrel Logistics,5404,5317,87,19237,0.9839,10.53,0.33,10156.97,28.3267,56002.26,7
2026-02-24,Central,Beauty,Northwind Foods,5768,5647,121,19531,0.979,11.33,1.49,10230.78,28.3267,64001.39,7
2026-02-24,Central,Electronics,Kestrel Logistics,4613,4455,158,15187,0.9657,9.23,0.39,8061.36,35.9651,41098.95,7
2026-02-24,Central,Electronics,Northwind Foods,6371,6140,231,16682,0.9637,12.17,0.38,11123.57,35.9651,74745.07,7
2026-02-24,Central,Home,Kestrel Logistics,9115,8818,297,29646,0.9674,7.66,0.13,15297.7,18.0138,67522.08,7
2026-02-24,Central,Home,Northwind Foods,9370,9170,200,29382,0.9787,9.94,0.31,16763.47,18.0138,91147.59,7
2026-02-24,Central,Sports,Kestrel Logistics,12325,11713,612,34325,0.9503,13.52,0.36,22925.52,17.9509,158330.12,7
2026-02-24,Central,Sports,Northwind Foods,19058,17947,1111,53229,0.9417,7.94,0.38,29084.56,17.9509,142533.54,7
2026-02-24,East,Apparel,Kestrel Logistics,7861,7758,103,26025,0.9869,11.13,0.05,13695.07,15.1251,86345.12,7
2026-02-24,East,Apparel,Northwind Foods,15481,15005,476,50230,0.9693,13.92,0.11,28516.66,15.1251,208825.15,7
2026-02-24,East,Beauty,Kestrel Logistics,9600,9399,201,28890,0.9791,10.58,0.19,18104.48,24.3257,99461.83,7
2026-02-24,East,Beauty,Northwind Foods,9911,9852,59,35285,0.994,9.85,0.7,18638.03,24.3257,97009.09,7
2026-02-24,East,Electronics,Kestrel Logistics,4533,4435,98,9253,0.9784,10.28,0.36,8373.71,29.1708,45591.16,7
2026-02-24,East,Electronics,Northwind Foods,12551,12177,374,36047,0.9702,12.22,0.25,21746.85,29.1708,148839.52,7
2026-02-24,East,Home,Kestrel Logistics,12130,11672,458,33307,0.9622,10.98,0.41,20040.27,23.0534,128183.56,7
2026-02-24,East,Home,Northwind Foods,16473,15699,774,37702,0.953,11.33,0.13,30505.19,23.0534,177911.86,7
2026-02-24,East,Sports,Kestrel Logistics,7012,6609,403,21826,0.9425,10.26,0.29,12449.41,12.0483,67830.35,7
2026-02-24,East,Sports,Northwind Foods,3577,3399,178,8807,0.9502,10.2,0.26,6455.86,12.0483,34682.25,7
2026-02-24,North,Apparel,Kestrel Logistics,8623,8350,273,23495,0.9683,9.63,0.35,15877.74,20.4107,80430.18,7
2026-02-24,North,Apparel,Northwind Foods,6738,6543,195,16445,0.9711,11.41,0.83,13242.65,20.4107,74659.88,7
2026-02-24,North,Beauty,Kestrel Logistics,10156,9900,256,34130,0.9748,10.34,0.08,18044.68,33.8736,102363.92,7
2026-02-24,North,Beauty,Northwind Foods,7528,7358,170,20811,0.9774,11.63,0.24,13332.65,33.8736,85591.35,7
2026-02-24,North,Electronics,Kestrel Logistics,13840,13494,346,42750,0.975,12.94,0.68,24520.98,25.7111,174579.27,7
2026-02-24,North,Electronics,Northwind Foods,16228,15731,497,43639,0.9694,11.18,0.39,32046.63,25.7111,175846.06,7
2026-02-24,North,Home,Kestrel Logistics,9141,8889,252,29649,0.9724,12.29,0.67,16248.65,45.4369,109225.6,7
2026-02-24,North,Home,Northwind Foods,5703,5499,204,16897,0.9642,10.76,0.24,10471.3,45.4369,59194.16,7
2026-02-24,North,Sports,Kestrel Logistics,6046,5875,171,17552,0.9717,10.34,0.32,11483.2,23.2265,60756.26,7
2026-02-24,North,Sports,Northwind Foods,8083,7694,389,25512,0.9519,8.49,0.4,15003.43,23.2265,65330.94,7
2026-02-24,South,Apparel,Kestrel Logistics,11677,11128,549,32426,0.953,13.69,0.06,20168.1,24.4725,152371.95,7
2026-02-24,South,Apparel,Northwind Foods,4754,4645,109,11008,0.9771,11.04,0.45,8583.51,24.4725,51275.06,7
2026-02-24,South,Beauty,Kestrel Logistics,11513,10981,532,34110,0.9538,10.87,0.21,18560.4,25.5661,119311.93,7
2026-02-24,South,Beauty,Northwind Foods,17563,16965,598,50769,0.966,8.26,0.2,30709.51,25.5661,140064.18,7
2026-02-24,South,Electronics,Kestrel Logistics,4247,4012,235,13736,0.9447,9.9,1.3,7452.04,25.3078,39722.7,7
2026-02-24,South,Electronics,Northwind Foods,10649,10175,474,27738,0.9555,13.04,0.25,18918.39,25.3078,132675.53,7
2026-02-24,South,Home,Kestrel Logistics,4860,4783,77,12714,0.9842,11.46,0.04,8036.78,28.7221,54834.39,7
2026-02-24,South,Home,Northwind Foods,3019,2982,37,8961,0.9877,10.7,0.33,5291.58,28.7221,31913.44,7
2026-02-24,South,Sports,Kestrel Logistics,13069,13056,13,48520,0.999,13.19,0.29,24555.3,9.5628,172235.78,7
2026-02-24,South,Sports,Northwind Foods,8653,8434,219,23867,0.9747,11.26,0.15,15763.83,9.5628,94952.6,7
2026-02-24,West,Apparel,Kestrel Logistics,8800,8791,9,29796,0.999,12.86,0.0,15458.36,8.7691,113042.43,7
2026-02-24,West,Apparel,Northwind Foods,12877,12382,495,40201,0.9616,11.63,0.35,23358.7,8.7691,143976.2,7
2026-02-24,West,Beauty,Kestrel Logistics,20681,20052,629,55026,0.9696,9.96,0.5,36764.96,16.0607,199783.38,7
2026-02-24,West,Beauty,Northwind Foods,14766,14189,577,37078,0.9609,10.5,0.48,26770.41,16.0607,148927.58,7
2026-02-24,West,Electronics,Kestrel Logistics,12384,12034,350,36926,0.9717,9.38,0.66,21177.78,18.0616,112845.89,7
2026-02-24,West,Electronics,Northwind Foods,11694,11201,493,30768,0.9578,10.68,0.08,21617.54,18.0616,119671.34,7
2026-02-24,West,Home,Kestrel Logistics,8895,8565,330,24138,0.9629,10.46,0.1,17041.56,25.413,89587.94,7
2026-02-24,West,Home,Northwind Foods,16332,16006,326,46984,0.98,11.68,0.24,31314.04,25.413,186900.72,7
2026-02-24,West,Sports,Kestrel Logistics,11465,11113,352,30061,0.9693,11.7,0.47,20974.01,21.5151,130001.23,7
2026-02-24,West,Sports,Northwind Foods,5120,5105,15,14625,0.9971,10.06,0.07,9499.06,21.5151,51353.72,7
2026-03-03,Central,Apparel,Kestrel Logistics,4977,4721,256,16115,0.9486,12.08,0.38,8285.93,33.6352,57023.56,7
2026-03-03,Central,Apparel,Northwind Foods,4088,3965,123,11630,0.9699,9.4,0.16,7622.75,33.6352,37266.23,7
2026-03-03,Central,Beauty,Kestrel Logistics,16607,15986,621,50015,0.9626,12.62,0.21,29846.51,16.2412,201787.04,7
2026-03-03,Central,Beauty,Northwind Foods,17460,16980,480,41397,0.9725,10.33,0.07,30649.25,16.2412,175408.96,7
2026-03-03,Central,Electronics,Kestrel Logistics,8316,7909,407,23189,0.9511,11.88,0.8,13756.6,28.1952,93995.88,7
2026-03-03,Central,Electronics,Northwind Foods,11424,10899,525,38284,0.954,10.45,0.44,22206.58,28.1952,113896.37,7
2026-03-03,Central,Home,Kestrel Logistics,7660,7356,304,24593,0.9603,12.04,0.79,13477.12,35.9187,88577.0,7
2026-03-03,Central,Home,Northwind Foods,7659,7651,8,21450,0.999,11.25,0.88,15313.4,35.9187,86084.36,7
2026-03-03,Central,Sports,Kestrel Logistics,8260,7867,393,23535,0.9524,8.67,0.39,15440.32,21.0156,68216.67,7
2026-03-03,Central,Sports,Northwind Foods,12839,12053,786,31753,0.9388,11.15,2.12,22259.66,21.0156,134438.27,7
2026-03-03,East,Apparel,Kestrel Logistics,3999,3898,101,8986,0.9747,10.88,0.15,7363.76,10.9056,42399.5,7
2026-03-03,East,Apparel,Northwind Foods,7820,7539,281,19705,0.9641,12.41,0.06,15356.82,10.9056,93576.41,7
2026-03-03,East,Beauty,Kestrel Logistics,6520,6371,149,16123,0.9771,11.97,0.13,11244.0,23.8037,76237.58,7
2026-03-03,East,Beauty,Northwind Foods,6849,6678,171,19657,0.975,12.11,0.86,13073.78,23.8037,80839.34,7
2026-03-03,East,Electronics,Kestrel Logistics,4842,4702,140,16053,0.9711,9.72,0.65,8110.47,21.4289,45700.08,7
2026-03-03,East,Electronics,Northwind Foods,13544,12913,631,38683,0.9534,9.92,0.22,23256.63,21.4289,128063.19,7
2026-03-03,East,Home,Kestrel Logistics,12003,11449,554,34745,0.9538,10.58,0.9,21779.25,29.2579,121078.34,7
2026-03-03,East,Home,Northwind Foods,16223,15399,824,56803,0.9492,11.92,0.15,27753.74,29.2579,183517.54,7
2026-03-03,East,Sports,Kestrel Logistics,13755,12979,776,40860,0.9436,10.75,1.61,26084.64,23.9741,139530.98,7
2026-03-03,East,Sports,Northwind Foods,7037,6674,363,22549,0.9484,12.31,0.38,12477.87,23.9741,82163.62,7
2026-03-03,North,Apparel,Kestrel Logistics,9890,9666,224,22088,0.9774,11.59,0.67,17760.05,17.327,112054.33,7
2026-03-03,North,Apparel,Northwind Foods,7695,7573,122,21641,0.9841,12.43,1.12,15449.38,17.327,94153.4,7
2026-03-03,North,Beauty,Kestrel Logistics,17456,16857,599,44002,0.9657,10.48,0.4,32994.26,18.7413,176600.41,7
2026-03-03,North,Beauty,Northwind Foods,12751,12529,222,45156,0.9826,11.4,0.43,22390.94,18.7413,142870.25,7
2026-03-03,North,Electronics,Kestrel Logistics,15056,14052,1004,44958,0.9333,12.67,0.52,26569.74,15.3701,178038.75,7
2026-03-03,North,Electronics,Northwind Foods,16733,16381,352,57556,0.979,11.33,0.27,32220.46,15.3701,185521.36,7
2026-03-03,North,Home,Kestrel Logistics,7418,7182,236,22378,0.9682,11.74,1.17,13651.52,28.7441,84342.85,7
2026-03-03,North,Home,Northwind Foods,4531,4443,88,11718,0.9806,10.92,0.01,8509.52,28.7441,48535.77,7
2026-03-03,North,Sports,Kestrel Logistics,3674,3571,103,12750,0.972,11.17,0.63,6203.83,41.6381,39903.95,7
2026-03-03,North,Sports,Northwind Foods,4792,4678,114,17740,0.9762,11.06,1.63,8226.45,41.6381,51761.62,7
2026-03-03,South,Apparel,Kestrel Logistics,5842,5480,362,14991,0.938,12.68,0.34,10036.16,25.7131,69499.67,7
2026-03-03,South,Apparel,Northwind Foods,2414,2287,127,6425,0.9474,13.41,1.09,4220.18,25.7131,30675.02,7
2026-03-03,South,Beauty,Kestrel Logistics,4439,4329,110,12721,0.9752,11.3,0.2,7956.1,26.2732,48918.72,7
2026-03-03,South,Beauty,Northwind Foods,7025,6689,336,20316,0.9522,11.11,0.26,12546.0,26.2732,74322.58,7
2026-03-03,South,Electronics,Kestrel Logistics,7409,6967,442,22815,0.9403,10.76,0.41,11527.75,23.3549,74949.87,7
2026-03-03,South,Electronics,Northwind Foods,18080,17672,408,60891,0.9774,10.02,0.16,29908.94,23.3549,177027.16,7
2026-03-03,South,Home,Kestrel Logistics,13509,12860,649,40771,0.952,12.19,0.01,23002.58,21.2082,156774.45,7
2026-03-03,South,Home,Northwind Foods,8461,8015,446,19007,0.9473,11.43,0.89,15374.47,21.2082,91636.75,7
2026-03-03,South,Sports,Kestrel Logistics,6116,5752,364,17335,0.9405,9.45,0.14,10344.32,32.1526,54339.36,7
2026-03-03,South,Sports,Northwind Foods,3876,3715,161,10898,0.9585,12.05,0.09,6792.98,32.1526,44761.7,7
2026-03-03,West,Apparel,Kestrel Logistics,12280,11669,611,40203,0.9502,10.88,0.57,20573.19,18.8958,126908.74,7
2026-03-03,West,Apparel,Northwind Foods,17495,16435,1060,50825,0.9394,12.37,0.03,29016.7,18.8958,203264.4,7
2026-03-03,West,Beauty,Kestrel Logistics,7518,7095,423,19309,0.9437,12.87,0.7,12968.8,19.7588,91319.31,7
2026-03-03,West,Beauty,Northwind Foods,5195,5021,174,16887,0.9665,9.62,0.5,9762.51,19.7588,48293.04,7
2026-03-03,West,Electronics,Kestrel Logistics,4472,4401,71,12470,0.9841,11.37,0.89,8454.94,27.5031,50036.05,7
2026-03-03,West,Electronics,Northwind Foods,4254,4096,158,12199,0.9629,13.05,0.63,7818.1,27.5031,53447.03,7
2026-03-03,West,Home,Kestrel Logistics,6894,6627,267,19612,0.9613,12.07,0.32,12751.6,22.1789,80017.24,7
2026-03-03,West,Home,Northwind Foods,13153,12384,769,29416,0.9415,11.99,0.58,23273.03,22.1789,148512.78,7
2026-03-03,West,Sports,Kestrel Logistics,26452,25327,1125,59876,0.9575,12.02,0.45,50050.03,25.1757,304412.71,7
2026-03-03,West,Sports,Northwind Foods,11831,11635,196,42877,0.9834,12.95,0.27,21540.15,25.1757,150720.73,7
2026-03-10,Central,Apparel,Kestrel Logistics,13244,13058,186,38902,0.986,13.81,0.15,25312.55,14.6112,180379.7,7
2026-03-10,Central,Apparel,Northwind Foods,11489,10968,521,32806,0.9547,9.14,0.4,21126.19,14.6112,100261.08,7
2026-03-10,Central,Beauty,Kestrel Logistics,9619,9474,145,25034,0.9849,10.29,0.18,17757.59,32.5315,97455.87,7
2026-03-10,Central,Beauty,Northwind Foods,10488,10063,425,31264,0.9595,12.49,0.01,17742.95,32.5315,125706.19,7
2026-03-10,Central,Electronics,Kestrel Logistics,12450,11937,513,29699,0.9588,11.71,0.01,23630.42,20.3426,139743.34,7
2026-03-10,Central,Electronics,Northwind Foods,16913,16452,461,40648,0.9727,9.56,1.48,27643.64,20.3426,157256.85,7
2026-03-10,Central,Home,Kestrel Logistics,13376,12985,391,34216,0.9708,11.46,1.2,23440.07,15.8057,148833.99,7
2026-03-10,Central,Home,Northwind Foods,13871,13505,366,47191,0.9736,10.61,0.4,24205.58,15.8057,143293.94,7
2026-03-10,Central,Sports,Kestrel Logistics,4495,4293,202,16235,0.9551,10.21,0.82,7927.65,19.9318,43818.57,7
2026-03-10,Central,Sports,Northwind Foods,6688,6577,111,18511,0.9834,12.04,0.72,11335.58,19.9318,79192.14,7
2026-03-10,East,Apparel,Kestrel Logistics,5702,5496,206,17187,0.9639,11.54,0.03,11094.22,21.8285,63424.64,7
2026-03-10,East,Apparel,Northwind Foods,11007,10630,377,28991,0.9657,9.44,0.74,19401.73,21.8285,100320.08,7
2026-03-10,East,Beauty,Kestrel Logistics,7395,7000,395,23641,0.9466,11.2,1.15,12616.76,18.6889,78431.74,7
2026-03-10,East,Beauty,Northwind Foods,7506,7338,168,24913,0.9776,10.25,1.02,14158.52,18.6889,75238.4,7
2026-03-10,East,Electronics,Kestrel Logistics,3639,3542,97,9688,0.9733,10.65,0.2,5804.49,28.5426,37711.48,7
2026-03-10,East,Electronics,Northwind Foods,9891,9726,165,24368,0.9833,9.12,0.06,16494.07,28.5426,88694.73,7
2026-03-10,East,Home,Kestrel Logistics,8270,8160,110,30327,0.9867,11.85,0.2,14091.2,16.2031,96682.17,7
2026-03-10,East,Home,Northwind Foods,11661,10976,685,34161,0.9413,12.0,0.35,19263.67,16.2031,131722.24,7
2026-03-10,East,Sports,Kestrel Logistics,13875,13640,235,38419,0.9831,9.36,0.14,25051.12,19.1798,127730.82,7
2026-03-10,East,Sports,Northwind Foods,7022,7015,7,19061,0.999,9.9,0.13,13203.96,19.1798,69422.54,7
2026-03-10,North,Apparel,Kestrel Logistics,2912,2815,97,9093,0.9667,11.79,0.8,4960.66,36.0981,33176.03,7
2026-03-10,North,Apparel,Northwind Foods,2227,2206,21,6962,0.9906,11.02,0.63,4084.64,36.0981,24314.68,7
2026-03-10,North,Beauty,Kestrel Logistics,21912,20418,1494,54835,0.9318,10.28,0.79,35090.63,12.6578,209957.81,7
2026-03-10,North,Beauty,Northwind Foods,16227,15174,1053,49356,0.9351,11.57,0.14,28285.29,12.6578,175521.38,7
2026-03-10,North,Electronics,Kestrel Logistics,6772,6463,309,19906,0.9544,13.1,0.06,12452.89,23.5379,84686.61,7
2026-03-10,North,Electronics,Northwind Foods,7770,7534,236,21113,0.9696,11.42,0.2,13876.36,23.5379,86015.33,7
2026-03-10,North,Home,Kestrel Logistics,10584,10202,382,29702,0.9639,8.71,0.33,19292.36,28.6184,88896.07,7
2026-03-10,North,Home,Northwind Foods,6653,6311,342,21892,0.9486,11.29,0.44,11462.02,28.6184,71233.54,7
2026-03-10,North,Sports,Kestrel Logistics,19159,17987,1172,47107,0.9388,13.86,0.45,29853.38,19.2208,249327.52,7
2026-03-10,North,Sports,Northwind Foods,24137,23560,577,70485,0.9761,11.28,0.46,39277.82,19.2208,265862.36,7
2026-03-10,South,Apparel,Kestrel Logistics,12228,12132,96,37091,0.9921,11.04,0.29,23619.18,20.5736,133956.87,7
2026-03-10,South,Apparel,Northwind Foods,5292,5064,228,18697,0.9569,9.2,0.41,9521.69,20.5736,46576.91,7
2026-03-10,South,Beauty,Kestrel Logistics,8398,8236,162,24799,0.9807,11.13,0.58,16870.88,27.0005,91701.57,7
2026-03-10,South,Beauty,Northwind Foods,13456,12725,731,43269,0.9457,10.68,0.78,23260.83,27.0005,135942.83,7
2026-03-10,South,Electronics,Kestrel Logistics,5091,4963,128,12123,0.9749,12.6,0.2,8869.38,32.7224,62513.75,7
2026-03-10,South,Electronics,Northwind Foods,13164,12588,576,38163,0.9562,11.27,0.21,21607.12,32.7224,141891.34,7
2026-03-10,South,Home,Kestrel Logistics,3339,3267,72,11320,0.9784,12.79,0.04,6184.28,51.6554,41778.93,7
2026-03-10,South,Home,Northwind Foods,2068,2036,32,4482,0.9845,11.12,0.03,3792.98,51.6554,22637.67,7
2026-03-10,South,Sports,Kestrel Logistics,9538,9006,532,27709,0.9442,10.51,0.69,15778.67,26.292,94651.34,7
2026-03-10,South,Sports,Northwind Foods,5928,5818,110,17623,0.9814,10.84,0.27,10449.06,26.292,63039.67,7
2026-03-10,West,Apparel,Kestrel Logistics,8393,7970,423,21237,0.9496,8.46,0.61,14842.73,18.6539,67394.94,7
2026-03-10,West,Apparel,Northwind Foods,11395,11225,170,28467,0.9851,10.06,0.11,21410.28,18.6539,112958.79,7
2026-03-10,West,Beauty,Kestrel Logistics,14849,14398,451,52500,0.9696,13.88,0.12,27300.63,30.6574,199780.89,7
2026-03-10,West,Beauty,Northwind Foods,10508,10189,319,34587,0.9696,11.39,0.39,18524.85,30.6574,116012.91,7
2026-03-10,West,Electronics,Kestrel Logistics,4822,4682,140,15214,0.971,11.96,0.33,8601.18,35.9781,56003.49,7
2026-03-10,West,Electronics,Northwind Foods,4476,4358,118,12068,0.9736,11.64,0.35,8007.34,35.9781,50733.79,7
2026-03-10,West,Home,Kestrel Logistics,6959,6546,413,19345,0.9407,10.66,0.57,11612.95,27.121,69766.83,7
2026-03-10,West,Home,Northwind Foods,12880,12234,646,37565,0.9498,10.42,0.13,22433.08,27.121,127499.76,7
2026-03-10,West,Sports,Kestrel Logistics,12025,11644,381,32972,0.9683,13.81,0.23,20975.18,32.3023,160828.92,7
2026-03-10,West,Sports,Northwind Foods,5454,5349,105,19726,0.9807,12.38,0.75,9439.09,32.3023,66212.59,7
2026-03-17,Central,Apparel,Kestrel Logistics,7194,6936,258,21791,0.9641,12.13,0.79,11631.03,20.1202,84115.25,7
2026-03-17,Central,Apparel,Northwind Foods,5911,5826,85,20163,0.9856,13.08,0.07,10795.38,20.1202,76222.3,7
2026-03-17,Central,Beauty,Kestrel Logistics,5828,5725,103,20092,0.9823,11.29,0.43,10601.02,26.0894,64655.9,7
2026-03-17,Central,Beauty,Northwind Foods,6470,6080,390,18202,0.9397,11.05,0.03,11779.32,26.0894,67179.2,7
2026-03-17,Central,Electronics,Kestrel Logistics,4188,4067,121,12055,0.9711,8.97,0.06,8132.11,14.875,36491.42,7
2026-03-17,Central,Electronics,Northwind Foods,5849,5605,244,17419,0.9583,9.95,0.11,9817.04,14.875,55742.23,7
2026-03-17,Central,Home,Kestrel Logistics,6268,6234,34,21595,0.9946,11.07,0.33,10762.99,25.7244,69008.63,7
2026-03-17,Central,Home,Northwind Foods,6801,6484,317,22774,0.9534,9.42,0.17,12020.47,25.7244,61095.38,7
2026-03-17,Central,Sports,Kestrel Logistics,11296,10832,464,16854,0.9589,8.94,0.05,21396.72,18.3832,96868.21,7
2026-03-17,Central,Sports,Northwind Foods,17485,16597,888,57201,0.9492,10.59,0.09,33117.39,18.3832,175782.33,7
2026-03-17,East,Apparel,Kestrel Logistics,9456,8939,517,27521,0.9453,10.55,1.2,16270.09,22.2141,94343.97,7
2026-03-17,East,Apparel,Northwind Foods,17879,17288,591,54690,0.9669,10.95,0.02,30529.53,22.2141,189264.65,7
2026-03-17,East,Beauty,Kestrel Logistics,8293,8243,50,26596,0.994,10.48,0.12,13808.87,26.3269,86401.06,7
2026-03-17,East,Beauty,Northwind Foods,8900,8641,259,25811,0.9709,9.36,0.46,15620.1,26.3269,80862.58,7
2026-03-17,East,Electronics,Kestrel Logistics,1113,1082,31,3518,0.9721,10.14,0.33,2086.29,20.4376,10967.92,7
2026-03-17,East,Electronics,Northwind Foods,3109,2973,136,9207,0.9563,10.55,0.48,5589.34,20.4376,31367.13,7
2026-03-17,East,Home,Kestrel Logistics,10834,10447,387,37154,0.9643,8.34,0.25,19358.6,20.871,87085.54,7
2026-03-17,East,Home,Northwind Foods,15349,14052,1297,40757,0.9155,12.3,0.63,26850.03,20.871,172802.2,7
2026-03-17,East,Sports,Kestrel Logistics,14430,13712,718,43899,0.9502,11.0,0.15,23927.17,26.4719,150895.08,7
2026-03-17,East,Sports,Northwind Foods,7350,7051,299,23193,0.9593,8.22,0.73,13658.84,26.4719,57958.38,7
2026-03-17,North,Apparel,Kestrel Logistics,14140,13562,578,46516,0.9591,11.57,0.69,24121.13,24.3888,156856.75,7
2026-03-17,North,Apparel,Northwind Foods,10794,10626,168,33827,0.9844,11.13,0.39,21445.3,24.3888,118316.03,7
2026-03-17,North,Beauty,Kestrel Logistics,16400,15715,685,46487,0.9582,9.71,1.52,28236.59,19.3586,152669.76,7
2026-03-17,North,Beauty,Northwind Foods,12144,11680,464,39472,0.9618,10.25,0.41,20893.85,19.3586,119666.71,7
2026-03-17,North,Electronics,Kestrel Logistics,6766,6391,375,19586,0.9446,10.38,0.48,11709.42,14.9378,66350.02,7
2026-03-17,North,Electronics,Northwind Foods,8006,7450,556,25090,0.9306,10.99,0.62,13335.85,14.9378,81873.69,7
2026-03-17,North,Home,Kestrel Logistics,25276,23431,1845,79846,0.927,10.55,0.4,43628.33,15.7138,247105.24,7
2026-03-17,North,Home,Northwind Foods,14756,14495,261,53805,0.9823,13.17,0.21,26505.43,15.7138,190920.89,7
2026-03-17,North,Sports,Kestrel Logistics,8513,8154,359,31521,0.9578,14.47,0.18,15210.56,21.3167,117952.38,7
2026-03-17,North,Sports,Northwind Foods,11229,10681,548,29561,0.9512,10.93,0.93,18950.98,21.3167,116695.7,7
2026-03-17,South,Apparel,Kestrel Logistics,9163,8969,194,29030,0.9788,11.78,0.18,17200.33,20.9316,105642.44,7
2026-03-17,South,Apparel,Northwind Foods,3757,3743,14,8307,0.9963,10.73,0.11,6547.01,20.9316,40152.42,7
2026-03-17,South,Beauty,Kestrel Logistics,5879,5811,68,21495,0.9884,12.02,0.54,10747.24,11.1691,69871.24,7
2026-03-17,South,Beauty,Northwind Foods,9400,8977,423,24609,0.955,11.9,0.17,17205.38,11.1691,106869.69,7
2026-03-17,South,Electronics,Kestrel Logistics,4218,4147,71,11218,0.9832,11.27,0.04,7791.3,31.05,46742.4,7
2026-03-17,South,Electronics,Northwind Foods,11051,10517,534,32539,0.9517,11.41,1.38,18824.41,31.05,119949.35,7
2026-03-17,South,Home,Kestrel Logistics,16256,16001,255,43760,0.9843,10.19,0.09,29652.97,15.5413,163107.93,7
2026-03-17,South,Home,Northwind Foods,10603,9973,630,28932,0.9406,11.14,0.34,17631.19,15.5413,111103.89,7
2026-03-17,South,Sports,Kestrel Logistics,15481,14653,828,42170,0.9465,13.84,0.5,30672.63,15.2902,202799.05,7
2026-03-17,South,Sports,Northwind Foods,9883,9465,418,27320,0.9577,11.46,0.45,17377.33,15.2902,108428.45,7
2026-03-17,West,Apparel,Kestrel Logistics,10280,9972,308,30916,0.97,11.43,0.56,15987.85,26.6821,113934.94,7
2026-03-17,West,Apparel,Northwind Foods,14615,14046,569,38219,0.9611,12.69,0.17,24390.85,26.6821,178313.33,7
2026-03-17,West,Beauty,Kestrel Logistics,22658,22091,567,58098,0.975,9.78,0.14,37362.8,28.8455,216119.65,7
2026-03-17,West,Beauty,Northwind Foods,16351,15633,718,49171,0.9561,12.2,0.14,27999.08,28.8455,190693.86,7
2026-03-17,West,Electronics,Kestrel Logistics,17035,16629,406,51808,0.9762,12.33,0.19,28767.7,17.6066,204985.51,7
2026-03-17,West,Electronics,Northwind Foods,16215,15477,738,36898,0.9545,10.64,0.11,27592.1,17.6066,164602.27,7
2026-03-17,West,Home,Kestrel Logistics,4102,3954,148,12934,0.9639,9.92,0.27,6925.41,23.6993,39226.79,7
2026-03-17,West,Home,Northwind Foods,7595,7390,205,23630,0.973,13.08,0.3,13053.21,23.6993,96676.23,7
2026-03-17,West,Sports,Kestrel Logistics,7842,7589,253,27200,0.9677,14.05,0.53,14005.58,22.1631,106655.25,7
2026-03-17,West,Sports,Northwind Foods,3642,3486,156,11172,0.9572,10.32,0.37,6759.61,22.1631,35985.9,7
2026-03-24,Central,Apparel,Kestrel Logistics,6928,6921,7,27652,0.999,13.55,1.18,12829.77,37.6128,93798.28,7
2026-03-24,Central,Apparel,Northwind Foods,5963,5813,150,19592,0.9748,11.13,0.37,11332.32,37.6128,64726.39,7
2026-03-24,Central,Beauty,Kestrel Logistics,6306,6196,110,14542,0.9826,11.34,0.65,11289.43,16.2751,70291.47,7
2026-03-24,Central,Beauty,Northwind Foods,6702,6581,121,27322,0.9819,11.29,0.33,12740.12,16.2751,74296.86,7
2026-03-24,Central,Electronics,Kestrel Logistics,5140,5008,132,15010,0.9743,12.32,0.37,9482.97,53.3536,61696.44,7
2026-03-24,Central,Electronics,Northwind Foods,6908,6901,7,15071,0.999,10.57,0.03,13784.72,53.3536,72959.53,7
2026-03-24,Central,Home,Kestrel Logistics,7641,7470,171,22199,0.9776,9.55,0.24,14247.32,30.3411,71345.95,7
2026-03-24,Central,Home,Northwind Foods,7979,7769,210,24762,0.9737,12.9,0.27,13812.25,30.3411,100227.0,7
2026-03-24,Central,Sports,Kestrel Logistics,8691,8317,374,24116,0.957,12.28,1.57,15230.66,29.1436,102141.99,7
2026-03-24,Central,Sports,Northwind Foods,13458,12743,715,41559,0.9469,10.51,0.91,23606.49,29.1436,133885.21,7
2026-03-24,East,Apparel,Kestrel Logistics,7619,7441,178,20823,0.9766,10.31,0.02,14282.93,20.8145,76711.21,7
2026-03-24,East,Apparel,Northwind Foods,15055,14391,664,39464,0.9559,10.82,0.53,26751.17,20.8145,155690.93,7
2026-03-24,East,Beauty,Kestrel Logistics,7421,7180,241,23790,0.9675,12.54,0.04,13049.92,16.3056,90071.91,7
2026-03-24,East,Beauty,Northwind Foods,7824,7526,298,22018,0.9619,12.41,0.16,12448.98,16.3056,93422.94,7
2026-03-24,East,Electronics,Kestrel Logistics,5075,4976,99,14394,0.9805,11.3,0.47,9319.85,44.3723,56215.43,7
2026-03-24,East,Electronics,Northwind Foods,13879,13665,214,38525,0.9846,10.37,0.36,26143.15,44.3723,141712.9,7
2026-03-24,East,Home,Kestrel Logistics,15732,14992,740,43869,0.953,9.75,1.05,24451.68,9.0313,146116.93,7
2026-03-24,East,Home,Northwind Foods,20960,20165,795,64766,0.9621,9.31,0.02,35204.25,9.0313,187698.55,7
2026-03-24,East,Sports,Kestrel Logistics,16475,16128,347,42876,0.9789,11.04,0.45,29557.7,22.371,178117.14,7
2026-03-24,East,Sports,Northwind Foods,8416,8293,123,28319,0.9854,11.17,0.06,16646.84,22.371,92664.58,7
2026-03-24,North,Apparel,Kestrel Logistics,11218,10762,456,33504,0.9594,10.0,0.37,20701.07,21.0399,107594.56,7
2026-03-24,North,Apparel,Northwind Foods,9008,8432,576,21737,0.9361,9.65,1.03,16780.1,21.0399,81338.22,7
2026-03-24,North,Beauty,Kestrel Logistics,3917,3835,82,10273,0.9791,11.64,0.12,6207.4,19.9742,44628.22,7
2026-03-24,North,Beauty,Northwind Foods,2945,2851,94,8981,0.9681,9.51,0.13,5065.06,19.9742,27109.98,7
2026-03-24,North,Electronics,Kestrel Logistics,5224,5068,156,18828,0.9701,9.58,0.65,9358.34,20.4929,48570.66,7
2026-03-24,North,Electronics,Northwind Foods,6021,5909,112,20676,0.9814,8.25,0.38,10679.05,20.4929,48721.51,7
2026-03-24,North,Home,Kestrel Logistics,14654,14158,496,50295,0.9662,11.59,0.12,24737.48,25.5452,164043.49,7
2026-03-24,North,Home,Northwind Foods,8978,8758,220,24232,0.9755,8.39,0.44,16567.39,25.5452,73496.1,7
2026-03-24,North,Sports,Kestrel Logistics,9547,9168,379,31168,0.9603,11.04,0.1,17111.45,10.1591,101255.25,7
2026-03-24,North,Sports,Northwind Foods,12602,12008,594,25399,0.9529,8.48,0.26,22412.52,10.1591,101781.89,7
2026-03-24,South,Apparel,Kestrel Logistics,7422,7158,264,24069,0.9644,13.34,0.09,13039.16,13.3429,95507.82,7
2026-03-24,South,Apparel,Northwind Foods,3095,2988,107,8012,0.9654,13.3,0.09,5800.31,13.3429,39726.46,7
2026-03-24,South,Beauty,Kestrel Logistics,10859,10401,458,30938,0.9578,11.42,0.29,19519.35,26.9065,118756.26,7
2026-03-24,South,Beauty,Northwind Foods,17260,16070,1190,42472,0.9311,8.47,0.2,30387.65,26.9065,136140.69,7
2026-03-24,South,Electronics,Kestrel Logistics,6937,6659,278,19448,0.9599,9.33,0.41,11814.12,31.4047,62125.87,7
2026-03-24,South,Electronics,Northwind Foods,17485,16891,594,45590,0.966,9.62,2.07,32616.38,31.4047,162414.4,7
2026-03-24,South,Home,Kestrel Logistics,11208,10914,294,32304,0.9738,12.72,0.3,19951.78,20.417,138821.8,7
2026-03-24,South,Home,Northwind Foods,7081,6802,279,25029,0.9606,10.84,0.12,10651.56,20.417,73741.45,7
2026-03-24,South,Sports,Kestrel Logistics,22796,21330,1466,60933,0.9357,10.0,0.84,37176.69,20.8398,213274.46,7
2026-03-24,South,Sports,Northwind Foods,14572,13779,793,52137,0.9456,11.84,0.34,25196.77,20.8398,163136.78,7
2026-03-24,West,Apparel,Kestrel Logistics,7306,7151,155,17135,0.9788,7.86,0.04,12849.2,23.7499,56198.34,7
2026-03-24,West,Apparel,Northwind Foods,10506,10072,434,35797,0.9587,11.99,0.03,17228.2,23.7499,120733.54,7
2026-03-24,West,Beauty,Kestrel Logistics,13406,13126,280,36764,0.9791,9.85,0.56,24398.96,32.5342,129245.84,7
2026-03-24,West,Beauty,Northwind Foods,9332,9289,43,26878,0.9954,9.95,0.51,17085.94,32.5342,92387.24,7
2026-03-24,West,Electronics,Kestrel Logistics,6804,6537,267,20061,0.9608,10.72,0.51,11033.13,10.8037,70050.76,7
2026-03-24,West,Electronics,Northwind Foods,6483,6085,398,21730,0.9386,11.11,0.51,9970.94,10.8037,67602.21,7
2026-03-24,West,Home,Kestrel Logistics,1426,1381,45,3471,0.9684,10.76,0.76,2530.63,31.2183,14853.2,7
2026-03-24,West,Home,Northwind Foods,2663,2582,81,5743,0.9696,10.8,1.38,5046.48,31.2183,27890.61,7
2026-03-24,West,Sports,Kestrel Logistics,9339,8858,481,29647,0.9485,11.76,0.22,15294.88,25.0947,104136.27,7
2026-03-24,West,Sports,Northwind Foods,4175,4069,106,10677,0.9746,11.03,0.03,7526.73,25.0947,44886.65,7
2026-03-31,Central,Apparel,Kestrel Logistics,5435,5286,149,15268,0.9726,10.6,0.27,9595.41,37.7645,56041.68,7
2026-03-31,Central,Apparel,Northwind Foods,4595,4440,155,14648,0.9663,11.21,0.21,8212.19,37.7645,49768.24,7
2026-03-31,Central,Beauty,Kestrel Logistics,14993,14251,742,46545,0.9505,12.16,0.07,24437.33,22.5785,173243.32,7
2026-03-31,Central,Beauty,Northwind Foods,15447,15136,311,42324,0.9799,11.56,0.18,27135.61,22.5785,175009.21,7
2026-03-31,Central,Electronics,Kestrel Logistics,5824,5337,487,16918,0.9164,10.92,0.89,10846.98,43.7585,58263.15,7
2026-03-31,Central,Electronics,Northwind Foods,7672,7356,316,18982,0.9588,10.22,0.34,13017.66,43.7585,75189.82,7
2026-03-31,Central,Home,Kestrel Logistics,16313,15588,725,45174,0.9556,9.46,0.41,29976.34,21.345,147402.23,7
2026-03-31,Central,Home,Northwind Foods,16996,16211,785,50876,0.9538,12.63,0.17,29466.31,21.345,204690.93,7
2026-03-31,Central,Sports,Kestrel Logistics,3273,3168,105,9624,0.9679,9.13,0.51,5769.34,40.3907,28908.58,7
2026-03-31,Central,Sports,Northwind Foods,5128,4854,274,15279,0.9466,13.53,0.28,8891.72,40.3907,65658.03,7
2026-03-31,East,Apparel,Kestrel Logistics,5555,5135,420,12860,0.9244,9.67,0.14,10138.91,19.0896,49654.08,7
2026-03-31,East,Apparel,Northwind Foods,10301,9930,371,31625,0.964,10.52,0.25,17786.32,19.0896,104428.74,7
2026-03-31,East,Beauty,Kestrel Logistics,7853,7447,406,25181,0.9483,10.3,0.86,13233.03,19.9353,76669.17,7
2026-03-31,East,Beauty,Northwind Foods,8058,7807,251,25203,0.9689,14.06,0.19,14712.36,19.9353,109790.6,7
2026-03-31,East,Electronics,Kestrel Logistics,11077,10434,643,33632,0.942,10.48,0.3,20341.31,16.5002,109358.25,7
2026-03-31,East,Electronics,Northwind Foods,29423,28650,773,89365,0.9737,10.3,0.31,51958.06,16.5002,295061.26,7
2026-03-31,East,Home,Kestrel Logistics,10969,10529,440,35073,0.9599,10.54,0.97,19781.06,24.4635,110977.57,7
2026-03-31,East,Home,Northwind Foods,14667,14162,505,41908,0.9656,11.13,0.84,22481.26,24.4635,157677.5,7
2026-03-31,East,Sports,Kestrel Logistics,16803,16253,550,41829,0.9673,6.06,0.64,28940.88,11.0864,98478.65,7
2026-03-31,East,Sports,Northwind Foods,8612,8358,254,25277,0.9705,10.81,0.04,15877.93,11.0864,90383.06,7
2026-03-31,North,Apparel,Kestrel Logistics,12098,11340,758,27137,0.9373,11.02,0.98,21505.9,23.2725,125022.7,7
2026-03-31,North,Apparel,Northwind Foods,9252,8886,366,29365,0.9604,11.08,0.33,16566.17,23.2725,98457.09,7
2026-03-31,North,Beauty,Kestrel Logistics,5136,4902,234,14006,0.9544,12.83,0.38,9450.46,20.8097,62905.82,7
2026-03-31,North,Beauty,Northwind Foods,3882,3643,239,11312,0.9384,12.45,0.03,6324.68,20.8097,45369.91,7
2026-03-31,North,Electronics,Kestrel Logistics,5532,5278,254,16171,0.9541,12.14,0.21,9689.62,39.9412,64089.28,7
2026-03-31,North,Electronics,Northwind Foods,6378,6154,224,17438,0.9649,10.74,0.53,11554.16,39.9412,66076.78,7
2026-03-31,North,Home,Kestrel Logistics,9950,9552,398,30473,0.96,12.07,0.65,18296.05,20.4839,115333.52,7
2026-03-31,North,Home,Northwind Foods,6054,5910,144,16173,0.9762,9.46,0.6,10990.86,20.4839,55895.62,7
2026-03-31,North,Sports,Kestrel Logistics,7071,6788,283,18808,0.96,9.34,0.26,12940.78,28.6502,63409.58,7
2026-03-31,North,Sports,Northwind Foods,9382,8891,491,26861,0.9477,10.2,0.28,18353.16,28.6502,90675.16,7
2026-03-31,South,Apparel,Kestrel Logistics,16527,16045,482,49355,0.9708,12.96,0.37,29970.48,18.2046,207953.81,7
2026-03-31,South,Apparel,Northwind Foods,6911,6697,214,23420,0.969,10.74,0.7,12891.58,18.2046,71926.96,7
2026-03-31,South,Beauty,Kestrel Logistics,2085,1987,98,7006,0.953,13.1,0.37,3406.5,44.8719,26019.93,7
2026-03-31,South,Beauty,Northwind Foods,3073,3069,4,9926,0.9987,11.25,0.5,6217.5,44.8719,34536.71,7
2026-03-31,South,Electronics,Kestrel Logistics,3032,2949,83,9482,0.9726,12.47,0.26,5497.39,28.205,36765.16,7
2026-03-31,South,Electronics,Northwind Foods,7761,7479,282,26327,0.9637,9.95,0.35,12634.2,28.205,74429.32,7
2026-03-31,South,Home,Kestrel Logistics,16064,15357,707,37916,0.956,11.32,0.11,24753.15,30.1477,173771.52,7
2026-03-31,South,Home,Northwind Foods,9924,9572,352,27640,0.9645,10.09,0.53,18292.7,30.1477,96552.53,7
2026-03-31,South,Sports,Kestrel Logistics,12937,12365,572,42122,0.9558,11.93,0.3,22668.81,22.6633,147466.08,7
2026-03-31,South,Sports,Northwind Foods,8524,7988,536,24577,0.9371,11.3,0.03,14775.26,22.6633,90291.21,7
2026-03-31,West,Apparel,Kestrel Logistics,6669,6228,441,10716,0.9339,9.97,0.37,11768.79,24.0266,62062.9,7
2026-03-31,West,Apparel,Northwind Foods,9276,8772,504,27470,0.9457,11.35,0.99,16832.02,24.0266,99571.3,7
2026-03-31,West,Beauty,Kestrel Logistics,13831,13086,745,43786,0.9461,13.42,0.2,22901.74,22.1676,175670.64,7
2026-03-31,West,Beauty,Northwind Foods,9741,9261,480,30776,0.9507,12.23,0.23,15583.85,22.1676,113284.53,7
2026-03-31,West,Electronics,Kestrel Logistics,12845,12534,311,42203,0.9758,8.43,0.88,24044.63,28.3897,105670.08,7
2026-03-31,West,Electronics,Northwind Foods,11959,11666,293,33693,0.9755,10.18,0.19,20711.49,28.3897,118791.09,7
2026-03-31,West,Home,Kestrel Logistics,5705,5479,226,15042,0.9604,10.54,0.31,9821.56,26.1868,57728.65,7
2026-03-31,West,Home,Northwind Foods,10793,10240,553,33108,0.9488,11.7,0.17,19298.86,26.1868,119798.25,7
2026-03-31,West,Sports,Kestrel Logistics,6439,6156,283,15570,0.956,11.78,0.13,10786.14,65.1703,72509.36,7
2026-03-31,West,Sports,Northwind Foods,3036,2828,208,9819,0.9315,10.82,0.22,5269.61,65.1703,30588.94,7
2026-04-07,Central,Apparel,Kestrel Logistics,13231,12964,267,38136,0.9798,10.62,0.07,24672.15,29.0005,137724.44,7
2026-04-07,Central,Apparel,Northwind Foods,11202,10890,312,32438,0.9721,10.36,0.91,22211.15,29.0005,112831.84,7
2026-04-07,Central,Beauty,Kestrel Logistics,4686,4611,75,14353,0.984,13.06,0.04,9117.58,33.1834,60208.85,7
2026-04-07,Central,Beauty,Northwind Foods,5144,4898,246,13192,0.9522,10.86,0.55,9417.49,33.1834,53191.46,7
2026-04-07,Central,Electronics,Kestrel Logistics,5379,5070,309,17560,0.9426,9.27,0.81,9394.29,19.9174,46999.19,7
2026-04-07,Central,Electronics,Northwind Foods,7452,6988,464,24365,0.9377,11.04,0.26,13584.69,19.9174,77162.18,7
2026-04-07,Central,Home,Kestrel Logistics,5229,5203,26,12332,0.995,11.19,0.5,10245.57,25.6682,58247.18,7
2026-04-07,Central,Home,Northwind Foods,5534,5411,123,17687,0.9778,9.33,0.18,9917.77,25.6682,50461.74,7
2026-04-07,Central,Sports,Kestrel Logistics,9793,9443,350,28912,0.9643,8.81,0.21,16815.3,23.194,83219.04,7
2026-04-07,Central,Sports,Northwind Foods,14856,14468,388,36225,0.9739,9.42,0.17,26801.31,23.194,136271.21,7
2026-04-07,East,Apparel,Kestrel Logistics,7312,6790,522,19114,0.9286,11.96,0.51,11973.67,40.6369,81196.84,7
2026-04-07,East,Apparel,Northwind Foods,14190,13133,1057,39232,0.9255,11.89,0.61,26685.12,40.6369,156148.09,7
2026-04-07,East,Beauty,Kestrel Logistics,4517,4330,187,13160,0.9586,11.41,0.7,8408.13,11.5857,49410.16,7
2026-04-07,East,Beauty,Northwind Foods,4692,4539,153,16829,0.9674,10.48,1.0,7668.82,11.5857,47589.64,7
2026-04-07,East,Electronics,Kestrel Logistics,4150,4010,140,13501,0.9663,11.84,0.04,7579.89,22.3021,47491.98,7
2026-04-07,East,Electronics,Northwind Foods,11650,11010,640,35248,0.9451,11.26,0.22,19623.78,22.3021,124009.71,7
2026-04-07,East,Home,Kestrel Logistics,1481,1454,27,5761,0.9818,7.35,0.15,2504.99,51.6836,10689.66,7
2026-04-07,East,Home,Northwind Foods,2022,1955,67,5905,0.9669,11.85,0.51,3945.37,51.6836,23160.2,7
2026-04-07,East,Sports,Kestrel Logistics,11999,11844,155,32866,0.9871,11.73,0.26,23536.58,18.5032,138871.68,7
2026-04-07,East,Sports,Northwind Foods,6295,6090,205,16143,0.9674,10.66,0.08,11243.45,18.5032,64939.51,7
2026-04-07,North,Apparel,Kestrel Logistics,13611,13106,505,46925,0.9629,11.05,0.41,24028.1,18.7586,144830.26,7
2026-04-07,North,Apparel,Northwind Foods,10641,10270,371,27214,0.9651,10.43,0.21,19647.28,18.7586,107068.46,7
2026-04-07,North,Beauty,Kestrel Logistics,17196,16291,905,45580,0.9474,11.11,0.39,29994.71,20.264,181046.69,7
2026-04-07,North,Beauty,Northwind Foods,12303,12108,195,39931,0.9842,12.05,0.4,25075.88,20.264,145913.27,7
2026-04-07,North,Electronics,Kestrel Logistics,12278,11931,347,41930,0.9717,12.58,0.59,23892.61,9.9454,150065.5,7
2026-04-07,North,Electronics,Northwind Foods,13922,13908,14,37261,0.999,13.11,0.81,26240.38,9.9454,182349.0,7
2026-04-07,North,Home,Kestrel Logistics,10701,10428,273,36747,0.9745,10.72,0.09,20566.72,22.2613,111816.68,7
2026-04-07,North,Home,Northwind Foods,6638,6451,187,20220,0.9718,10.83,0.01,12519.65,22.2613,69890.2,7
2026-04-07,North,Sports,Kestrel Logistics,11441,11204,237,35741,0.9793,10.54,0.07,22000.24,30.1367,118122.62,7
2026-04-07,North,Sports,Northwind Foods,14694,14676,18,43700,0.9988,7.01,0.95,25929.45,30.1367,102872.1,7
2026-04-07,South,Apparel,Kestrel Logistics,6545,6481,64,17941,0.9902,11.31,1.63,11542.76,36.2612,73298.3,7
2026-04-07,South,Apparel,Northwind Foods,2890,2705,185,8417,0.936,9.11,1.0,5046.68,36.2612,24630.17,7
2026-04-07,South,Beauty,Kestrel Logistics,6481,6267,214,16044,0.967,11.97,0.21,11704.24,31.8817,75042.3,7
2026-04-07,South,Beauty,Northwind Foods,10098,9683,415,28531,0.9589,11.21,1.67,18112.34,31.8817,108585.35,7
2026-04-07,South,Electronics,Kestrel Logistics,5392,5254,138,17248,0.9744,10.96,0.07,9905.21,19.1766,57600.77,7
2026-04-07,South,Electronics,Northwind Foods,14147,13326,821,42424,0.942,12.96,0.71,26955.81,19.1766,172642.84,7
2026-04-07,South,Home,Kestrel Logistics,11817,11425,392,37104,0.9668,11.33,0.14,20067.36,20.1585,129393.06,7
2026-04-07,South,Home,Northwind Foods,7470,7121,349,23982,0.9533,14.19,0.11,12659.54,20.1585,101065.38,7
2026-04-07,South,Sports,Kestrel Logistics,11359,11348,11,40586,0.999,10.21,0.38,19580.53,32.8729,115898.25,7
2026-04-07,South,Sports,Northwind Foods,7636,7330,306,21641,0.9599,9.17,0.75,13528.36,32.8729,67184.56,7
2026-04-07,West,Apparel,Kestrel Logistics,11048,10671,377,37517,0.9659,11.83,0.93,19500.32,16.9818,126227.02,7
2026-04-07,West,Apparel,Northwind Foods,15045,15030,15,50071,0.999,10.48,0.08,26810.96,16.9818,157486.66,7
2026-04-07,West,Beauty,Kestrel Logistics,9633,9231,402,27262,0.9583,10.58,0.54,17698.03,25.9936,97690.14,7
2026-04-07,West,Beauty,Northwind Foods,6761,6532,229,23117,0.9661,9.67,1.32,11829.29,25.9936,63189.59,7
2026-04-07,West,Electronics,Kestrel Logistics,13015,12482,533,41037,0.959,10.37,0.08,20239.9,22.5804,129471.18,7
2026-04-07,West,Electronics,Northwind Foods,11795,11617,178,36525,0.9849,10.77,0.28,20698.6,22.5804,125167.87,7
2026-04-07,West,Home,Kestrel Logistics,5885,5783,102,14928,0.9827,11.9,0.08,10689.02,18.4015,68805.27,7
2026-04-07,West,Home,Northwind Foods,11288,10807,481,27808,0.9574,12.14,0.22,18307.77,18.4015,131153.55,7
2026-04-07,West,Sports,Kestrel Logistics,16077,15503,574,45887,0.9643,10.54,0.13,26907.13,29.7786,163348.36,7
2026-04-07,West,Sports,Northwind Foods,7454,7121,333,17926,0.9553,12.63,0.16,12787.33,29.7786,89960.97,7
2026-04-14,Central,Apparel,Kestrel Logistics,6006,5872,134,14485,0.9777,9.09,0.31,11313.34,15.9733,53378.85,7
2026-04-14,Central,Apparel,Northwind Foods,5266,4932,334,14185,0.9366,12.68,0.27,10017.67,15.9733,62555.21,7
2026-04-14,Central,Beauty,Kestrel Logistics,4122,4031,91,11950,0.9779,9.3,0.74,7544.34,55.6605,37491.03,7
2026-04-14,Central,Beauty,Northwind Foods,4286,4282,4,13084,0.9991,9.06,0.04,7898.56,55.6605,38778.91,7
2026-04-14,Central,Electronics,Kestrel Logistics,13636,12951,685,48536,0.9498,12.68,0.41,22457.32,19.0011,164261.8,7
2026-04-14,Central,Electronics,Northwind Foods,18004,17848,156,61381,0.9913,11.01,0.88,32581.07,19.0011,196558.17,7
2026-04-14,Central,Home,Kestrel Logistics,3402,3225,177,8841,0.948,10.33,0.29,6220.21,43.2176,33322.73,7
2026-04-14,Central,Home,Northwind Foods,3459,3353,106,10627,0.9694,10.16,0.74,6522.73,43.2176,34056.42,7
2026-04-14,Central,Sports,Kestrel Logistics,5364,5251,113,15771,0.9789,11.8,0.62,9824.33,30.5387,61972.09,7
2026-04-14,Central,Sports,Northwind Foods,8372,8045,327,26068,0.9609,10.7,0.79,13411.79,30.5387,86061.99,7
2026-04-14,East,Apparel,Kestrel Logistics,6271,5892,379,15790,0.9396,10.25,0.66,10724.85,12.9198,60411.95,7
2026-04-14,East,Apparel,Northwind Foods,11786,11395,391,33169,0.9668,10.33,0.0,21435.78,12.9198,117725.44,7
2026-04-14,East,Beauty,Kestrel Logistics,10222,9610,612,28195,0.9401,10.2,0.31,19546.34,27.6903,98018.06,7
2026-04-14,East,Beauty,Northwind Foods,10701,10073,628,28482,0.9413,9.12,0.16,20589.18,27.6903,91829.97,7
2026-04-14,East,Electronics,Kestrel Logistics,6084,6078,6,19388,0.999,11.13,0.35,11119.03,31.2746,67631.71,7
2026-04-14,East,Electronics,Northwind Foods,17138,16690,448,55055,0.9739,12.65,0.02,30293.69,31.2746,211102.57,7
2026-04-14,East,Home,Kestrel Logistics,7649,7120,529,23143,0.9308,12.73,0.31,12769.38,23.7769,90641.88,7
2026-04-14,East,Home,Northwind Foods,9677,9576,101,35221,0.9896,9.96,0.04,17414.2,23.7769,95417.21,7
2026-04-14,East,Sports,Kestrel Logistics,12279,12056,223,34797,0.9818,12.99,0.19,22868.84,10.0196,156582.58,7
2026-04-14,East,Sports,Northwind Foods,6258,6199,59,19574,0.9906,10.18,0.16,10940.18,10.0196,63110.17,7
2026-04-14,North,Apparel,Kestrel Logistics,12463,11959,504,33346,0.9596,11.08,0.55,23838.86,19.3267,132486.78,7
2026-04-14,North,Apparel,Northwind Foods,9998,9370,628,24499,0.9372,12.97,0.92,19034.53,19.3267,121482.52,7
2026-04-14,North,Beauty,Kestrel Logistics,22724,22154,570,45389,0.9749,14.21,0.12,36052.14,18.887,314704.24,7
2026-04-14,North,Beauty,Northwind Foods,16720,16465,255,45115,0.9847,8.9,0.51,31662.18,18.887,146571.93,7
2026-04-14,North,Electronics,Kestrel Logistics,2404,2346,58,8434,0.9759,10.55,0.23,4571.03,19.2886,24742.23,7
2026-04-14,North,Electronics,Northwind Foods,2905,2735,170,7180,0.9415,11.54,0.05,4588.04,19.2886,31567.88,7
2026-04-14,North,Home,Kestrel Logistics,24459,23505,954,67228,0.961,11.98,1.17,44688.19,19.2369,281665.68,7
2026-04-14,North,Home,Northwind Foods,15694,14541,1153,45614,0.9265,12.34,0.08,29078.98,19.2369,179415.28,7
2026-04-14,North,Sports,Kestrel Logistics,5356,5170,186,11759,0.9653,10.07,0.22,10211.2,27.2141,52075.93,7
2026-04-14,North,Sports,Northwind Foods,6872,6772,100,21318,0.9854,12.84,0.37,12336.78,27.2141,86920.74,7
2026-04-14,South,Apparel,Kestrel Logistics,12758,12516,242,43487,0.981,9.34,0.08,24471.45,36.0253,116896.71,7
2026-04-14,South,Apparel,Northwind Foods,5464,5224,240,16219,0.9561,11.45,0.18,10028.55,36.0253,59793.19,7
2026-04-14,South,Beauty,Kestrel Logistics,7979,7888,91,18472,0.9886,10.97,0.14,14843.31,16.1464,86514.61,7
2026-04-14,South,Beauty,Northwind Foods,12402,12186,216,36010,0.9826,11.93,0.3,20451.37,16.1464,145413.93,7
2026-04-14,South,Electronics,Kestrel Logistics,5922,5830,92,20260,0.9845,10.8,0.56,11069.94,17.982,62935.49,7
2026-04-14,South,Electronics,Northwind Foods,15077,14787,290,42088,0.9808,11.39,0.48,29783.2,17.982,168474.4,7
2026-04-14,South,Home,Kestrel Logistics,10888,10559,329,26115,0.9698,9.78,0.58,19569.68,20.2928,103314.29,7
2026-04-14,South,Home,Northwind Foods,6728,6581,147,20375,0.9782,10.65,0.52,12752.09,20.2928,70078.54,7
2026-04-14,South,Sports,Kestrel Logistics,11103,10667,436,27033,0.9607,13.09,0.65,21117.82,33.5635,139583.94,7
2026-04-14,South,Sports,Northwind Foods,7128,6890,238,26729,0.9666,12.11,0.91,12814.1,33.5635,83414.49,7
2026-04-14,West,Apparel,Kestrel Logistics,8588,8140,448,21284,0.9478,11.77,0.03,14481.01,17.4564,95848.15,7
2026-04-14,West,Apparel,Northwind Foods,12155,11464,691,33358,0.9432,10.22,0.24,20498.14,17.4564,117169.7,7
2026-04-14,West,Beauty,Kestrel Logistics,15435,14962,473,42373,0.9694,11.01,0.6,27712.15,21.242,164751.62,7
2026-04-14,West,Beauty,Northwind Foods,11030,10588,442,27690,0.9599,11.61,0.03,19119.44,21.242,122874.34,7
2026-04-14,West,Electronics,Kestrel Logistics,10538,10161,377,35354,0.9642,9.18,0.41,19484.97,18.6367,93255.26,7
2026-04-14,West,Electronics,Northwind Foods,9543,9456,87,30602,0.9909,8.86,0.33,16085.29,18.6367,83806.32,7
2026-04-14,West,Home,Kestrel Logistics,5239,5157,82,13536,0.9843,8.01,0.05,9947.68,30.0033,41283.81,7
2026-04-14,West,Home,Northwind Foods,9805,9639,166,27534,0.9831,9.91,0.04,17685.71,30.0033,95489.96,7
2026-04-14,West,Sports,Kestrel Logistics,11769,11483,286,36616,0.9757,11.51,0.26,22154.39,19.226,132224.27,7
2026-04-14,West,Sports,Northwind Foods,5490,5275,215,16763,0.9608,12.97,0.36,8724.78,19.226,68423.31,7
2026-04-21,Central,Apparel,Kestrel Logistics,7118,7038,80,21835,0.9888,7.93,0.14,13305.8,16.8338,55837.17,7
2026-04-21,Central,Apparel,Northwind Foods,6154,5912,242,18264,0.9607,10.96,0.43,11668.29,16.8338,64784.02,7
2026-04-21,Central,Beauty,Kestrel Logistics,7622,7192,430,21838,0.9436,11.0,0.19,13880.79,27.4558,79088.43,7
2026-04-21,Central,Beauty,Northwind Foods,7822,7638,184,22595,0.9765,8.45,0.25,14151.51,27.4558,64514.98,7
2026-04-21,Central,Electronics,Kestrel Logistics,7556,7516,40,25536,0.9947,10.02,0.11,14268.15,27.346,75324.59,7
2026-04-21,Central,Electronics,Northwind Foods,10702,10359,343,30378,0.9679,13.76,0.48,20382.44,27.346,142526.23,7
2026-04-21,Central,Home,Kestrel Logistics,10404,10124,280,31048,0.9731,10.33,0.44,20281.08,18.4483,104562.06,7
2026-04-21,Central,Home,Northwind Foods,10947,10528,419,40298,0.9617,12.21,0.26,20058.81,18.4483,128539.69,7
2026-04-21,Central,Sports,Kestrel Logistics,2697,2552,145,7899,0.9462,12.7,0.33,4532.29,31.156,32411.82,7
2026-04-21,Central,Sports,Northwind Foods,4012,3911,101,11723,0.9748,11.08,0.24,7510.71,31.156,43323.46,7
2026-04-21,East,Apparel,Kestrel Logistics,4826,4536,290,14897,0.9399,10.03,0.24,8339.69,35.8209,45513.56,7
2026-04-21,East,Apparel,Northwind Foods,9006,8774,232,24178,0.9742,10.52,0.6,17259.9,35.8209,92264.47,7
2026-04-21,East,Beauty,Kestrel Logistics,13789,13573,216,38599,0.9843,11.06,0.36,25244.24,16.3533,150168.7,7
2026-04-21,East,Beauty,Northwind Foods,14918,14228,690,45015,0.9537,12.99,1.29,26365.6,16.3533,184754.83,7
2026-04-21,East,Electronics,Kestrel Logistics,5727,5495,232,16524,0.9595,10.04,0.08,11054.67,13.271,55173.38,7
2026-04-21,East,Electronics,Northwind Foods,15533,15089,444,50323,0.9714,12.53,0.3,29266.93,13.271,189030.27,7
2026-04-21,East,Home,Kestrel Logistics,10534,10154,380,31788,0.9639,11.38,0.1,20410.98,17.2911,115583.78,7
2026-04-21,East,Home,Northwind Foods,14038,13659,379,36056,0.973,12.97,0.4,25300.01,17.2911,177148.27,7
2026-04-21,East,Sports,Kestrel Logistics,11437,11172,265,37501,0.9768,11.18,0.32,22117.21,25.1182,124950.79,7
2026-04-21,East,Sports,Northwind Foods,5952,5745,207,17741,0.9652,11.61,0.24,10715.71,25.1182,66692.0,7
2026-04-21,North,Apparel,Kestrel Logistics,14538,14040,498,41550,0.9657,11.0,0.06,25334.49,22.7224,154406.92,7
2026-04-21,North,Apparel,Northwind Foods,11557,11001,556,36401,0.9519,10.29,0.11,20553.77,22.7224,113225.98,7
2026-04-21,North,Beauty,Kestrel Logistics,19754,18499,1255,55509,0.9365,12.34,0.16,33217.19,23.6171,228339.9,7
2026-04-21,North,Beauty,Northwind Foods,14331,13749,582,38836,0.9594,10.38,0.21,27880.14,23.6171,142719.76,7
2026-04-21,North,Electronics,Kestrel Logistics,9742,9676,66,30767,0.9932,8.9,0.53,16776.41,22.9886,86163.71,7
2026-04-21,North,Electronics,Northwind Foods,11894,11281,613,35365,0.9485,10.72,0.18,20186.56,22.9886,120884.04,7
2026-04-21,North,Home,Kestrel Logistics,2496,2349,147,6968,0.9411,8.58,0.2,4672.32,27.1668,20160.51,7
2026-04-21,North,Home,Northwind Foods,1496,1454,42,4525,0.9719,8.65,0.85,2860.34,27.1668,12575.37,7
2026-04-21,North,Sports,Kestrel Logistics,11013,10605,408,29159,0.963,9.39,0.16,18654.11,22.7407,99558.62,7
2026-04-21,North,Sports,Northwind Foods,14821,13891,930,46816,0.9373,11.87,0.53,26177.79,22.7407,164818.92,7
2026-04-21,South,Apparel,Kestrel Logistics,5157,4959,198,16283,0.9616,11.19,0.21,9035.34,67.1476,55497.18,7
2026-04-21,South,Apparel,Northwind Foods,2084,2070,14,8116,0.9933,11.42,0.15,3828.2,67.1476,23639.65,7
2026-04-21,South,Beauty,Kestrel Logistics,4678,4544,134,13945,0.9714,11.61,0.03,8200.91,24.581,52772.96,7
2026-04-21,South,Beauty,Northwind Foods,7102,7021,81,18123,0.9886,10.91,0.75,12319.62,24.581,76594.95,7
2026-04-21,South,Electronics,Kestrel Logistics,5323,5009,314,14377,0.941,7.21,1.19,8986.26,24.5902,36096.75,7
2026-04-21,South,Electronics,Northwind Foods,13049,12703,346,41755,0.9735,11.22,0.03,24094.8,24.5902,142548.3,7
2026-04-21,South,Home,Kestrel Logistics,8347,8005,342,20926,0.959,11.6,0.25,13493.95,24.8785,92819.13,7
2026-04-21,South,Home,Northwind Foods,5082,4990,92,12199,0.9819,10.55,0.1,9366.16,24.8785,52629.15,7
2026-04-21,South,Sports,Kestrel Logistics,12449,11831,618,27783,0.9504,13.36,1.0,21459.0,29.5247,158074.47,7
2026-04-21,South,Sports,Northwind Foods,7794,7642,152,24465,0.9805,13.3,0.18,15324.69,29.5247,101611.06,7
2026-04-21,West,Apparel,Kestrel Logistics,7484,7269,215,23256,0.9713,10.51,0.06,13574.52,31.6461,76399.99,7
2026-04-21,West,Apparel,Northwind Foods,10574,10238,336,25203,0.9682,9.09,0.74,19764.44,31.6461,93079.69,7
2026-04-21,West,Beauty,Kestrel Logistics,6554,6372,182,17469,0.9722,13.13,0.41,11121.0,28.4859,83650.59,7
2026-04-21,West,Beauty,Northwind Foods,4686,4509,177,13154,0.9622,8.81,0.32,8509.52,28.4859,39712.74,7
2026-04-21,West,Electronics,Kestrel Logistics,4608,4393,215,10779,0.9533,11.49,0.01,7827.22,13.8795,50479.19,7
2026-04-21,West,Electronics,Northwind Foods,4257,4088,169,11513,0.9603,12.42,0.52,7275.2,13.8795,50764.78,7
2026-04-21,West,Home,Kestrel Logistics,5175,5092,83,13751,0.984,12.93,0.05,10044.83,31.2511,65854.24,7
2026-04-21,West,Home,Northwind Foods,9573,9515,58,30257,0.9939,11.23,0.55,17625.06,31.2511,106877.55,7
2026-04-21,West,Sports,Kestrel Logistics,21452,20921,531,65458,0.9752,12.62,0.07,36961.52,17.9354,264049.43,7
2026-04-21,West,Sports,Northwind Foods,10102,9610,492,26918,0.9513,12.7,0.41,18163.63,17.9354,122007.17,7
2026-04-28,Central,Apparel,Kestrel Logistics,12354,11658,696,31923,0.9437,10.51,0.1,21480.35,15.6924,122538.18,7
2026-04-28,Central,Apparel,Northwind Foods,10291,9793,498,28446,0.9516,11.64,0.03,18196.16,15.6924,113984.17,7
2026-04-28,Central,Beauty,Kestrel Logistics,1314,1228,86,3852,0.9346,12.14,0.39,2270.05,8.2824,14910.94,7
2026-04-28,Central,Beauty,Northwind Foods,1326,1304,22,2948,0.9834,12.07,0.28,2370.08,8.2824,15744.46,7
2026-04-28,Central,Electronics,Kestrel Logistics,13244,12720,524,35716,0.9604,10.51,0.61,22684.93,22.1296,133664.96,7
2026-04-28,Central,Electronics,Northwind Foods,17858,17531,327,53107,0.9817,10.73,0.44,33670.8,22.1296,188162.11,7
2026-04-28,Central,Home,Kestrel Logistics,11996,11665,331,35050,0.9724,13.33,0.58,22639.97,17.9434,155491.68,7
2026-04-28,Central,Home,Northwind Foods,12621,12131,490,31719,0.9612,12.59,0.1,22054.22,17.9434,152688.51,7
2026-04-28,Central,Sports,Kestrel Logistics,9696,9212,484,27970,0.9501,10.63,0.36,18132.14,23.171,97935.28,7
2026-04-28,Central,Sports,Northwind Foods,14469,14114,355,44861,0.9755,9.95,0.3,26723.15,23.171,140446.24,7
2026-04-28,East,Apparel,Kestrel Logistics,12099,11700,399,38163,0.967,11.68,0.5,20172.55,19.4829,136670.49,7
2026-04-28,East,Apparel,Northwind Foods,23140,22629,511,81655,0.9779,11.49,1.71,44869.15,19.4829,260036.77,7
2026-04-28,East,Beauty,Kestrel Logistics,9648,9281,367,30388,0.962,13.64,0.19,16733.77,20.153,126564.34,7
2026-04-28,East,Beauty,Northwind Foods,10323,9728,595,28796,0.9424,10.27,0.22,18256.22,20.153,99893.79,7
2026-04-28,East,Electronics,Kestrel Logistics,2329,2318,11,6993,0.9953,11.74,0.04,4119.09,30.3913,27222.45,7
2026-04-28,East,Electronics,Northwind Foods,6429,6364,65,19207,0.9899,11.59,0.28,11067.75,30.3913,73764.7,7
2026-04-28,East,Home,Kestrel Logistics,9578,9038,540,24099,0.9436,10.37,0.28,16474.08,29.6754,93735.93,7
2026-04-28,East,Home,Northwind Foods,12431,12156,275,42321,0.9779,13.46,0.41,22150.41,29.6754,163649.39,7
2026-04-28,East,Sports,Kestrel Logistics,15154,14856,298,51133,0.9803,9.25,0.3,27464.85,27.7845,137348.9,7
2026-04-28,East,Sports,Northwind Foods,7844,7639,205,22983,0.9739,10.88,0.35,13703.32,27.7845,83083.26,7
2026-04-28,North,Apparel,Kestrel Logistics,10078,9868,210,28251,0.9792,8.92,0.14,16681.04,22.0037,87978.17,7
2026-04-28,North,Apparel,Northwind Foods,7905,7732,173,24083,0.9781,10.76,0.51,16054.07,22.0037,83186.34,7
2026-04-28,North,Beauty,Kestrel Logistics,12938,12468,470,26890,0.9637,11.59,0.55,23044.61,15.7291,144479.13,7
2026-04-28,North,Beauty,Northwind Foods,9538,9267,271,21928,0.9716,12.05,0.68,18118.74,15.7291,111639.45,7
2026-04-28,North,Electronics,Kestrel Logistics,9688,9018,670,28087,0.9308,10.86,0.28,14999.78,15.9299,97930.13,7
2026-04-28,North,Electronics,Northwind Foods,11020,10514,506,39650,0.9541,10.61,1.14,19025.04,15.9299,111575.65,7
2026-04-28,North,Home,Kestrel Logistics,8935,8652,283,27079,0.9683,9.41,1.24,14852.98,36.2985,81414.33,7
2026-04-28,North,Home,Northwind Foods,5511,5352,159,14895,0.9711,12.07,0.61,10278.81,36.2985,64577.52,7
2026-04-28,North,Sports,Kestrel Logistics,7563,7116,447,20473,0.9409,11.98,0.75,14310.8,16.6829,85244.8,7
2026-04-28,North,Sports,Northwind Foods,9560,9321,239,24682,0.975,11.29,0.13,17957.65,16.6829,105195.27,7
2026-04-28,South,Apparel,Kestrel Logistics,11496,11485,11,28426,0.999,11.96,0.08,22488.47,22.3312,137348.12,7
2026-04-28,South,Apparel,Northwind Foods,4908,4793,115,12704,0.9766,8.5,0.49,8298.32,22.3312,40763.58,7
2026-04-28,South,Beauty,Kestrel Logistics,2269,2187,82,5263,0.9639,10.84,1.92,3622.3,13.5277,23696.95,7
2026-04-28,South,Beauty,Northwind Foods,3495,3378,117,7493,0.9665,8.66,0.24,6257.25,13.5277,29241.02,7
2026-04-28,South,Electronics,Kestrel Logistics,4497,4493,4,11832,0.9991,13.0,0.45,8386.12,19.2018,58425.83,7
2026-04-28,South,Electronics,Northwind Foods,11740,11394,346,38504,0.9705,9.37,0.72,19809.09,19.2018,106776.05,7
2026-04-28,South,Home,Kestrel Logistics,14831,14366,465,48203,0.9686,8.69,0.01,24476.59,26.4908,124836.72,7
2026-04-28,South,Home,Northwind Foods,9459,8954,505,28641,0.9466,9.38,0.13,16897.18,26.4908,83988.79,7
2026-04-28,South,Sports,Kestrel Logistics,4400,4203,197,12143,0.9552,10.42,0.29,8095.73,26.4699,43798.69,7
2026-04-28,South,Sports,Northwind Foods,2856,2715,141,8162,0.9506,11.19,0.05,5030.71,26.4699,30371.87,7
2026-04-28,West,Apparel,Kestrel Logistics,9798,9693,105,27579,0.9893,11.74,0.89,17561.9,25.7321,113758.42,7
2026-04-28,West,Apparel,Northwind Foods,14160,13652,508,41631,0.9641,8.89,0.29,26517.21,25.7321,121414.78,7
2026-04-28,West,Beauty,Kestrel Logistics,8593,8362,231,30914,0.9731,9.55,0.08,16299.21,25.2016,79850.93,7
2026-04-28,West,Beauty,Northwind Foods,5932,5917,15,20397,0.9975,8.21,0.09,11186.43,25.2016,48589.82,7
2026-04-28,West,Electronics,Kestrel Logistics,14269,14255,14,31373,0.999,12.12,0.19,27547.19,18.783,172814.95,7
2026-04-28,West,Electronics,Northwind Foods,13846,13268,578,46949,0.9583,10.19,0.5,25592.01,18.783,135263.21,7
2026-04-28,West,Home,Kestrel Logistics,7948,7588,360,22776,0.9547,12.54,0.82,13971.46,20.4179,95183.08,7
2026-04-28,West,Home,Northwind Foods,14812,14180,632,40238,0.9573,12.81,0.19,26381.88,20.4179,181697.64,7
2026-04-28,West,Sports,Kestrel Logistics,2885,2857,28,6738,0.9903,7.6,0.72,5083.61,25.2831,21718.25,7
2026-04-28,West,Sports,Northwind Foods,1407,1313,94,4165,0.9332,10.79,0.08,2462.1,25.2831,14161.25,7
2026-05-05,Central,Apparel,Kestrel Logistics,12494,12482,12,43505,0.999,13.06,0.17,21324.72,21.1368,162999.98,7
2026-05-05,Central,Apparel,Northwind Foods,10672,10484,188,24663,0.9824,11.55,0.44,20473.88,21.1368,121060.78,7
2026-05-05,Central,Beauty,Kestrel Logistics,10672,10579,93,25892,0.9913,11.65,0.11,19535.68,18.5063,123225.55,7
2026-05-05,Central,Beauty,Northwind Foods,11953,11236,717,31375,0.94,12.73,0.28,20262.46,18.5063,143004.02,7
2026-05-05,Central,Electronics,Kestrel Logistics,12093,11845,248,37253,0.9795,10.26,1.19,22633.68,19.0338,121583.83,7
2026-05-05,Central,Electronics,Northwind Foods,16895,16325,570,42283,0.9663,9.33,0.23,30910.5,19.0338,152388.91,7
2026-05-05,Central,Home,Kestrel Logistics,15186,15056,130,46519,0.9914,9.02,0.02,27961.88,21.1881,135753.61,7
2026-05-05,Central,Home,Northwind Foods,16739,15657,1082,42188,0.9354,13.71,0.13,31121.91,21.1881,214615.82,7
2026-05-05,Central,Sports,Kestrel Logistics,7255,6996,259,16456,0.9643,12.32,1.02,12848.74,24.5354,86187.73,7
2026-05-05,Central,Sports,Northwind Foods,10948,10720,228,28263,0.9792,9.39,0.29,19120.05,24.5354,100693.2,7
2026-05-05,East,Apparel,Kestrel Logistics,2404,2287,117,7199,0.9513,9.35,0.22,4340.94,34.4035,21373.26,7
2026-05-05,East,Apparel,Northwind Foods,4528,4422,106,15605,0.9766,10.4,0.36,8050.06,34.4035,45972.78,7
2026-05-05,East,Beauty,Kestrel Logistics,17441,16685,756,46824,0.9567,11.65,0.73,30596.5,22.0321,194304.81,7
2026-05-05,East,Beauty,Northwind Foods,18322,17490,832,50302,0.9546,13.14,0.21,30630.28,22.0321,229803.9,7
2026-05-05,East,Electronics,Kestrel Logistics,4254,4171,83,13429,0.9805,9.4,0.5,7785.74,19.1216,39190.36,7
2026-05-05,East,Electronics,Northwind Foods,12293,11453,840,40591,0.9317,10.47,0.41,22907.1,19.1216,119861.12,7
2026-05-05,East,Home,Kestrel Logistics,7314,6966,348,19388,0.9524,10.97,0.63,12668.16,21.9111,76387.54,7
2026-05-05,East,Home,Northwind Foods,9498,9369,129,32098,0.9864,13.87,0.33,16420.14,21.9111,129914.01,7
2026-05-05,East,Sports,Kestrel Logistics,14655,14072,583,44318,0.9602,12.25,0.28,25956.58,11.6736,172397.3,7
2026-05-05,East,Sports,Northwind Foods,7450,7236,214,21844,0.9713,12.96,1.19,11892.0,11.6736,93751.49,7
2026-05-05,North,Apparel,Kestrel Logistics,9265,8836,429,26194,0.9537,10.28,1.15,15376.75,28.4222,90850.71,7
2026-05-05,North,Apparel,Northwind Foods,7130,6923,207,19355,0.971,10.27,0.4,13862.69,28.4222,71104.32,7
2026-05-05,North,Beauty,Kestrel Logistics,4042,3977,65,12520,0.9839,13.05,0.73,7117.13,48.4047,51890.0,7
2026-05-05,North,Beauty,Northwind Foods,3115,2956,159,8227,0.949,13.02,0.33,5070.47,48.4047,38501.43,7
2026-05-05,North,Electronics,Kestrel Logistics,14592,14577,15,46828,0.999,11.77,0.12,29265.94,12.9731,171566.81,7
2026-05-05,North,Electronics,Northwind Foods,17630,16993,637,42639,0.9639,8.37,0.1,32885.22,12.9731,142270.79,7
2026-05-05,North,Home,Kestrel Logistics,9940,9426,514,27566,0.9483,9.55,0.58,16316.91,28.7144,90049.85,7
2026-05-05,North,Home,Northwind Foods,6037,5831,206,18166,0.9659,10.83,1.42,11029.1,28.7144,63151.48,7
2026-05-05,North,Sports,Kestrel Logistics,4493,4387,106,12566,0.9764,9.11,0.16,8842.09,25.9021,39968.05,7
2026-05-05,North,Sports,Northwind Foods,5822,5747,75,18201,0.9871,11.37,0.25,10620.14,25.9021,65322.96,7
2026-05-05,South,Apparel,Kestrel Logistics,14786,14585,201,46701,0.9864,9.88,0.05,27171.76,15.9022,144130.96,7
2026-05-05,South,Apparel,Northwind Foods,6223,6087,136,16746,0.9781,10.35,0.21,11085.9,15.9022,62981.96,7
2026-05-05,South,Beauty,Kestrel Logistics,5622,5412,210,15216,0.9626,10.9,0.49,9238.33,30.9798,58990.42,7
2026-05-05,South,Beauty,Northwind Foods,8772,8362,410,26909,0.9533,10.3,0.54,15655.77,30.9798,86131.04,7
2026-05-05,South,Electronics,Kestrel Logistics,5525,5203,322,15255,0.9417,13.2,0.94,10036.45,15.5414,68692.35,7
2026-05-05,South,Electronics,Northwind Foods,13717,13195,522,36678,0.9619,9.58,0.48,25628.78,15.5414,126384.44,7
2026-05-05,South,Home,Kestrel Logistics,9050,8951,99,31923,0.9891,13.51,0.44,15457.61,21.8513,120949.39,7
2026-05-05,South,Home,Northwind Foods,5810,5579,231,15593,0.9602,11.69,0.31,9292.37,21.8513,65221.84,7
2026-05-05,South,Sports,Kestrel Logistics,15262,14358,904,43152,0.9408,10.23,0.59,27556.19,34.1263,146906.66,7
2026-05-05,South,Sports,Northwind Foods,9569,9275,294,28915,0.9693,10.78,0.02,16326.81,34.1263,99946.36,7
2026-05-05,West,Apparel,Kestrel Logistics,10764,10710,54,35070,0.995,10.19,0.06,20211.11,29.4697,109142.57,7
2026-05-05,West,Apparel,Northwind Foods,16098,15084,1014,40026,0.937,13.46,0.5,26857.4,29.4697,203057.52,7
2026-05-05,West,Beauty,Kestrel Logistics,4824,4599,225,12682,0.9534,12.01,0.83,8538.43,26.1996,55225.1,7
2026-05-05,West,Beauty,Northwind Foods,3379,3255,124,9026,0.9633,10.75,0.25,5967.02,26.1996,34992.52,7
2026-05-05,West,Electronics,Kestrel Logistics,4534,4255,279,13377,0.9385,12.0,0.14,7978.94,25.5265,51042.18,7
2026-05-05,West,Electronics,Northwind Foods,4125,3960,165,13016,0.96,9.27,0.43,7507.66,25.5265,36698.05,7
2026-05-05,West,Home,Kestrel Logistics,5522,5290,232,15560,0.958,12.78,1.32,9946.55,39.1491,67590.62,7
2026-05-05,West,Home,Northwind Foods,9981,9887,94,20468,0.9906,11.82,0.5,18273.6,39.1491,116831.57,7
2026-05-05,West,Sports,Kestrel Logistics,13039,12595,444,36196,0.9659,12.82,0.57,23056.48,21.4523,161467.52,7
2026-05-05,West,Sports,Northwind Foods,5847,5786,61,17628,0.9896,12.25,0.04,10820.22,21.4523,70855.72,7
2026-05-12,Central,Apparel,Kestrel Logistics,9349,9065,284,21102,0.9696,9.79,0.06,18347.02,20.3307,88766.85,7
2026-05-12,Central,Apparel,Northwind Foods,7685,7614,71,23296,0.9908,10.85,0.41,13782.18,20.3307,82576.95,7
2026-05-12,Central,Beauty,Kestrel Logistics,3802,3718,84,9807,0.9779,8.86,0.16,7348.43,29.7028,32951.24,7
2026-05-12,Central,Beauty,Northwind Foods,4028,3949,79,7695,0.9804,13.95,0.43,7143.94,29.7028,55104.27,7
2026-05-12,Central,Electronics,Kestrel Logistics,5496,5338,158,9620,0.9713,11.79,0.51,10275.34,10.9797,62941.31,7
2026-05-12,Central,Electronics,Northwind Foods,7536,7357,179,22842,0.9762,9.0,0.22,13144.2,10.9797,66234.2,7
2026-05-12,Central,Home,Kestrel Logistics,10022,10012,10,22886,0.999,11.27,0.48,18209.63,17.519,112788.9,7
2026-05-12,Central,Home,Northwind Foods,10837,10412,425,27974,0.9608,13.27,0.49,20980.16,17.519,138219.1,7
2026-05-12,Central,Sports,Kestrel Logistics,5972,5763,209,21480,0.965,8.21,0.26,10432.74,30.049,47290.46,7
2026-05-12,Central,Sports,Northwind Foods,9308,8830,478,25694,0.9486,12.4,1.92,15790.39,30.049,109483.39,7
2026-05-12,East,Apparel,Kestrel Logistics,11989,11656,333,34503,0.9722,8.38,0.58,21910.64,28.1814,97636.17,7
2026-05-12,East,Apparel,Northwind Foods,23355,22544,811,65813,0.9653,10.3,0.08,41666.01,28.1814,232217.56,7
2026-05-12,East,Beauty,Kestrel Logistics,13461,13066,395,39301,0.9707,8.83,0.17,23664.5,12.2867,115423.43,7
2026-05-12,East,Beauty,Northwind Foods,14307,13696,611,45357,0.9573,12.09,0.41,25286.93,12.2867,165619.91,7
2026-05-12,East,Electronics,Kestrel Logistics,9587,8978,609,30024,0.9365,11.72,1.0,16442.84,12.2417,105218.89,7
2026-05-12,East,Electronics,Northwind Foods,25627,24652,975,71987,0.962,9.21,0.16,50063.16,12.2417,227070.89,7
2026-05-12,East,Home,Kestrel Logistics,13411,12676,735,39387,0.9452,10.78,0.4,24424.4,23.8748,136614.89,7
2026-05-12,East,Home,Northwind Foods,17665,17050,615,54138,0.9652,12.49,0.01,30564.52,23.8748,212895.75,7
2026-05-12,East,Sports,Kestrel Logistics,17338,16774,564,48166,0.9675,11.75,0.46,33223.51,21.4116,197143.2,7
2026-05-12,East,Sports,Northwind Foods,9238,8626,612,25433,0.9338,11.8,0.15,16633.48,21.4116,101771.63,7
2026-05-12,North,Apparel,Kestrel Logistics,4967,4840,127,13915,0.9744,9.47,0.47,9109.03,27.6406,45822.28,7
2026-05-12,North,Apparel,Northwind Foods,3895,3793,102,12671,0.9738,10.7,0.12,7693.45,27.6406,40579.04,7
2026-05-12,North,Beauty,Kestrel Logistics,13648,12696,952,33150,0.9302,11.86,0.17,21253.65,20.4954,150553.41,7
2026-05-12,North,Beauty,Northwind Foods,9676,9436,240,32623,0.9752,11.79,0.79,17205.0,20.4954,111258.44,7
2026-05-12,North,Electronics,Kestrel Logistics,9297,9288,9,29492,0.999,11.44,0.45,17361.98,25.3361,106225.86,7
2026-05-12,North,Electronics,Northwind Foods,11513,10828,685,38250,0.9405,12.25,0.21,19092.46,25.3361,132660.69,7
2026-05-12,North,Home,Kestrel Logistics,7205,7032,173,22425,0.976,11.97,1.64,11978.14,27.0868,84148.26,7
2026-05-12,North,Home,Northwind Foods,4599,4351,248,11488,0.9461,9.36,0.62,7574.06,27.0868,40743.2,7
2026-05-12,North,Sports,Kestrel Logistics,6582,6361,221,19162,0.9664,10.32,0.21,12224.89,16.6229,65672.03,7
2026-05-12,North,Sports,Northwind Foods,8746,8332,414,22983,0.9527,11.0,0.21,15464.93,16.6229,91635.89,7
2026-05-12,South,Apparel,Kestrel Logistics,16781,16363,418,48281,0.9751,10.03,0.0,31628.91,11.6132,164180.45,7
2026-05-12,South,Apparel,Northwind Foods,7161,6829,332,19253,0.9536,10.59,0.08,12477.95,11.6132,72302.1,7
2026-05-12,South,Beauty,Kestrel Logistics,6154,5889,265,18801,0.9569,9.01,0.27,11520.67,31.7857,53087.21,7
2026-05-12,South,Beauty,Northwind Foods,9405,9099,306,30479,0.9675,12.24,0.8,17352.1,31.7857,111411.63,7
2026-05-12,South,Electronics,Kestrel Logistics,3515,3409,106,8875,0.9698,10.54,0.7,7130.94,23.4363,35929.9,7
2026-05-12,South,Electronics,Northwind Foods,9140,8647,493,22327,0.9461,9.61,0.08,17735.37,23.4363,83090.06,7
2026-05-12,South,Home,Kestrel Logistics,6366,6192,174,19365,0.9727,12.48,0.2,11191.82,26.2113,77251.35,7
2026-05-12,South,Home,Northwind Foods,4092,3859,233,11965,0.9431,13.26,0.57,7400.33,26.2113,51167.45,7
2026-05-12,South,Sports,Kestrel Logistics,11854,11727,127,42112,0.9893,12.89,0.1,23401.53,21.2762,151183.15,7
2026-05-12,South,Sports,Northwind Foods,7584,7576,8,20830,0.9989,8.7,0.42,14058.93,21.2762,65932.59,7
2026-05-12,West,Apparel,Kestrel Logistics,14958,14411,547,39885,0.9634,9.36,0.16,28590.11,19.6414,134834.91,7
2026-05-12,West,Apparel,Northwind Foods,20756,20298,458,67027,0.9779,12.89,0.6,35874.21,19.6414,261624.74,7
2026-05-12,West,Beauty,Kestrel Logistics,7897,7433,464,21670,0.9412,10.9,0.51,13907.21,21.9454,81011.45,7
2026-05-12,West,Beauty,Northwind Foods,5655,5260,395,14369,0.9302,7.47,0.88,9648.32,21.9454,39291.98,7
2026-05-12,West,Electronics,Kestrel Logistics,12860,12227,633,42386,0.9508,13.23,0.8,21122.82,18.605,161735.9,7
2026-05-12,West,Electronics,Northwind Foods,11516,11379,137,32734,0.9881,12.57,0.06,20201.01,18.605,143049.89,7
2026-05-12,West,Home,Kestrel Logistics,3917,3768,149,11353,0.962,13.45,0.66,7424.95,11.7791,50690.04,7
2026-05-12,West,Home,Northwind Foods,7393,7041,352,23698,0.9524,9.78,0.75,12844.25,11.7791,68866.91,7
2026-05-12,West,Sports,Kestrel Logistics,13285,12527,758,41410,0.9429,10.48,0.31,25043.45,21.5844,131342.2,7
2026-05-12,West,Sports,Northwind Foods,6083,5754,329,18711,0.9459,7.88,0.69,10271.29,21.5844,45346.67,7
2026-05-19,Central,Apparel,Kestrel Logistics,7737,7342,395,23124,0.9489,12.61,0.25,12857.23,17.571,92606.64,7
2026-05-19,Central,Apparel,Northwind Foods,6397,6167,230,18634,0.964,10.42,0.41,11082.16,17.571,64234.89,7
2026-05-19,Central,Beauty,Kestrel Logistics,9395,8934,461,28420,0.9509,12.34,0.5,17089.08,32.3311,110209.05,7
2026-05-19,Central,Beauty,Northwind Foods,9972,9490,482,30564,0.9517,12.82,0.02,17779.15,32.3311,121639.25,7
2026-05-19,Central,Electronics,Kestrel Logistics,7411,7121,290,19570,0.9609,12.21,0.08,13273.28,11.1551,86930.79,7
2026-05-19,Central,Electronics,Northwind Foods,10072,9814,258,26603,0.9744,9.11,0.04,18326.65,11.1551,89397.98,7
2026-05-19,Central,Home,Kestrel Logistics,12715,12407,308,33964,0.9758,8.66,0.34,23061.88,13.2691,107447.99,7
2026-05-19,Central,Home,Northwind Foods,13416,12903,513,37326,0.9618,11.71,0.15,25783.73,13.2691,151128.44,7
2026-05-19,Central,Sports,Kestrel Logistics,8252,7922,330,25755,0.96,12.45,0.15,13825.48,22.0642,98654.13,7
2026-05-19,Central,Sports,Northwind Foods,12611,12137,474,29770,0.9624,8.11,1.39,21925.34,22.0642,98384.71,7
2026-05-19,East,Apparel,Kestrel Logistics,6055,5916,139,14805,0.977,9.2,0.73,10711.66,33.919,54431.61,7
2026-05-19,East,Apparel,Northwind Foods,11753,11441,312,35795,0.9735,10.75,1.48,22513.73,33.919,122966.28,7
2026-05-19,East,Beauty,Kestrel Logistics,12694,12268,426,35964,0.9664,11.51,0.13,23889.46,31.1572,141200.48,7
2026-05-19,East,Beauty,Northwind Foods,13363,12860,503,37429,0.9624,10.71,0.45,23400.71,31.1572,137712.07,7
2026-05-19,East,Electronics,Kestrel Logistics,4500,4273,227,11102,0.9496,8.83,0.37,8004.39,20.6636,37718.71,7
2026-05-19,East,Electronics,Northwind Foods,12340,11734,606,35995,0.9509,10.88,0.34,23937.46,20.6636,127712.95,7
2026-05-19,East,Home,Kestrel Logistics,5718,5564,154,17766,0.9731,12.41,0.14,10290.49,25.9258,69026.46,7
2026-05-19,East,Home,Northwind Foods,7647,7485,162,18691,0.9788,13.64,0.59,13752.4,25.9258,102093.75,7
2026-05-19,East,Sports,Kestrel Logistics,17665,17136,529,49927,0.9701,10.59,0.3,31137.55,19.876,181416.56,7
2026-05-19,East,Sports,Northwind Foods,9055,8812,243,21415,0.9732,10.53,0.75,15930.89,19.876,92794.52,7
2026-05-19,North,Apparel,Kestrel Logistics,16697,16322,375,48219,0.9775,9.42,0.28,31570.7,25.4707,153729.25,7
2026-05-19,North,Apparel,Northwind Foods,13242,12790,452,36821,0.9659,11.5,0.5,23246.84,25.4707,147126.98,7
2026-05-19,North,Beauty,Kestrel Logistics,8633,8472,161,30446,0.9814,9.14,0.42,16738.44,20.027,77408.45,7
2026-05-19,North,Beauty,Northwind Foods,6414,6297,117,19482,0.9818,11.45,0.98,11598.09,20.027,72111.65,7
2026-05-19,North,Electronics,Kestrel Logistics,4802,4754,48,15810,0.99,9.36,0.54,8633.5,32.7878,44516.46,7
2026-05-19,North,Electronics,Northwind Foods,5754,5542,212,13334,0.9632,10.9,0.06,10193.09,32.7878,60414.74,7
2026-05-19,North,Home,Kestrel Logistics,10217,9976,241,35092,0.9764,13.3,0.24,18475.49,20.8467,132720.82,7
2026-05-19,North,Home,Northwind Foods,6368,6171,197,12755,0.9691,9.43,0.08,12145.78,20.8467,58221.43,7
2026-05-19,North,Sports,Kestrel Logistics,4550,4411,139,17225,0.9695,11.29,1.78,8174.04,37.3012,49801.82,7
2026-05-19,North,Sports,Northwind Foods,5955,5777,178,12948,0.9701,11.08,0.21,10619.89,37.3012,64026.01,7
2026-05-19,South,Apparel,Kestrel Logistics,24597,24047,550,83666,0.9776,10.16,0.75,45167.77,19.6985,244418.46,7
2026-05-19,South,Apparel,Northwind Foods,10545,10036,509,28655,0.9517,8.18,0.14,19928.13,19.6985,82135.31,7
2026-05-19,South,Beauty,Kestrel Logistics,6615,6339,276,17989,0.9583,11.27,0.34,11589.58,19.0664,71451.88,7
2026-05-19,South,Beauty,Northwind Foods,9803,9793,10,33323,0.999,11.65,0.0,19248.9,19.0664,114046.31,7
2026-05-19,South,Electronics,Kestrel Logistics,4451,4259,192,11453,0.9569,11.29,0.02,7972.79,19.1221,48084.08,7
2026-05-19,South,Electronics,Northwind Foods,11180,10803,377,30965,0.9663,7.98,1.01,21074.17,19.1221,86255.02,7
2026-05-19,South,Home,Kestrel Logistics,18434,18301,133,52024,0.9928,12.8,0.28,35493.23,18.3958,234202.78,7
2026-05-19,South,Home,Northwind Foods,11929,11407,522,37557,0.9562,11.51,0.72,22034.2,18.3958,131330.87,7
2026-05-19,South,Sports,Kestrel Logistics,7665,7331,334,23456,0.9564,7.86,0.82,13611.15,34.1292,57629.75,7
2026-05-19,South,Sports,Northwind Foods,4970,4736,234,12767,0.9529,10.08,0.01,8349.1,34.1292,47751.56,7
2026-05-19,West,Apparel,Kestrel Logistics,11587,11023,564,31722,0.9513,9.46,0.11,21530.95,17.2236,104322.87,7
2026-05-19,West,Apparel,Northwind Foods,16581,15527,1054,41407,0.9364,9.6,0.57,30099.72,17.2236,149129.4,7
2026-05-19,West,Beauty,Kestrel Logistics,12081,11796,285,32573,0.9764,7.2,0.03,21936.87,37.4052,84890.73,7
2026-05-19,West,Beauty,Northwind Foods,8934,8347,587,25373,0.9343,12.03,0.6,16409.72,37.4052,100426.03,7
2026-05-19,West,Electronics,Kestrel Logistics,19518,18706,812,66783,0.9584,13.0,0.33,33468.93,15.0782,243105.3,7
2026-05-19,West,Electronics,Northwind Foods,17427,17410,17,49051,0.999,10.37,0.16,34688.89,15.0782,180581.76,7
2026-05-19,West,Home,Kestrel Logistics,2915,2860,55,8198,0.9811,12.25,0.49,5217.56,23.6213,35048.85,7
2026-05-19,West,Home,Northwind Foods,5717,5345,372,15630,0.9349,11.01,0.31,9149.22,23.6213,58848.97,7
2026-05-19,West,Sports,Kestrel Logistics,3815,3771,44,11950,0.9885,8.76,0.39,6597.46,39.1266,33023.46,7
2026-05-19,West,Sports,Northwind Foods,1821,1733,88,5086,0.9517,8.7,1.75,3397.75,39.1266,15079.67,7
2026-05-26,Central,Apparel,Kestrel Logistics,17549,16735,814,52861,0.9536,11.14,0.88,28296.42,33.3553,186456.37,7
2026-05-26,Central,Apparel,Northwind Foods,14643,14056,587,36770,0.9599,13.01,0.41,24092.52,33.3553,182898.63,7
2026-05-26,Central,Beauty,Kestrel Logistics,8960,8769,191,20481,0.9787,9.43,0.02,15048.45,13.8382,82731.88,7
2026-05-26,Central,Beauty,Northwind Foods,9685,9315,370,28830,0.9618,11.14,0.31,17866.87,13.8382,103811.8,7
2026-05-26,Central,Electronics,Kestrel Logistics,6159,5888,271,20859,0.956,9.4,0.01,10714.11,24.2825,55321.81,7
2026-05-26,Central,Electronics,Northwind Foods,8446,8116,330,29757,0.9609,11.14,0.36,15426.77,24.2825,90421.12,7
2026-05-26,Central,Home,Kestrel Logistics,7494,7060,434,18237,0.9421,14.82,0.32,12408.78,31.6783,104621.88,7
2026-05-26,Central,Home,Northwind Foods,7638,7343,295,19846,0.9614,12.66,0.81,13061.14,31.6783,92974.27,7
2026-05-26,Central,Sports,Kestrel Logistics,4384,4090,294,10104,0.9329,10.11,0.09,7281.18,16.3442,41354.3,7
2026-05-26,Central,Sports,Northwind Foods,6447,6267,180,19332,0.9721,11.68,0.47,11713.54,16.3442,73183.0,7
2026-05-26,East,Apparel,Kestrel Logistics,4152,4063,89,11482,0.9786,8.64,0.56,7667.41,32.9061,35111.43,7
2026-05-26,East,Apparel,Northwind Foods,8211,7858,353,27556,0.957,7.45,0.1,14533.69,32.9061,58564.72,7
2026-05-26,East,Beauty,Kestrel Logistics,8934,8716,218,23479,0.9756,9.56,0.14,16877.88,40.0284,83317.39,7
2026-05-26,East,Beauty,Northwind Foods,9414,9136,278,32911,0.9705,13.18,0.24,17419.35,40.0284,120383.3,7
2026-05-26,East,Electronics,Kestrel Logistics,3581,3531,50,12255,0.986,11.92,0.37,6189.37,10.5631,42080.54,7
2026-05-26,East,Electronics,Northwind Foods,10060,9696,364,28684,0.9638,10.48,1.01,18085.34,10.5631,101622.14,7
2026-05-26,East,Home,Kestrel Logistics,4907,4775,132,14808,0.9731,10.72,0.39,9123.59,24.8677,51190.76,7
2026-05-26,East,Home,Northwind Foods,6542,6422,120,18495,0.9817,13.08,0.16,12157.36,24.8677,83968.97,7
2026-05-26,East,Sports,Kestrel Logistics,17085,16718,367,46701,0.9785,11.1,0.52,30483.08,22.6828,185574.3,7
2026-05-26,East,Sports,Northwind Foods,8757,8597,160,29280,0.9817,10.43,0.2,15760.07,22.6828,89696.51,7
2026-05-26,North,Apparel,Kestrel Logistics,10137,9537,600,23444,0.9408,10.2,0.82,16502.76,18.2812,97245.48,7
2026-05-26,North,Apparel,Northwind Foods,7808,7473,335,18917,0.9571,10.12,0.09,15536.02,18.2812,75636.53,7
2026-05-26,North,Beauty,Kestrel Logistics,14495,14130,365,44430,0.9748,11.26,0.05,27507.69,26.1758,159095.44,7
2026-05-26,North,Beauty,Northwind Foods,10797,10501,296,33779,0.9726,11.58,0.2,19906.38,26.1758,121566.21,7
2026-05-26,North,Electronics,Kestrel Logistics,16503,15647,856,45348,0.9481,11.61,0.26,28703.05,26.8238,181730.33,7
2026-05-26,North,Electronics,Northwind Foods,18526,18241,285,61916,0.9846,13.98,0.06,33170.04,26.8238,255086.66,7
2026-05-26,North,Home,Kestrel Logistics,12979,12632,347,26857,0.9733,9.5,0.04,23369.46,24.1797,120006.54,7
2026-05-26,North,Home,Northwind Foods,8237,7814,423,19290,0.9486,12.61,0.14,14165.72,24.1797,98547.07,7
2026-05-26,North,Sports,Kestrel Logistics,4244,3951,293,12626,0.931,9.99,0.33,7236.91,14.5765,39461.9,7
2026-05-26,North,Sports,Northwind Foods,5369,5174,195,21034,0.9637,11.74,0.04,10002.39,14.5765,60718.03,7
2026-05-26,South,Apparel,Kestrel Logistics,3729,3474,255,10782,0.9316,11.96,0.35,6281.42,4.8628,41562.66,7
2026-05-26,South,Apparel,Northwind Foods,1492,1450,42,4424,0.9718,11.55,0.41,3099.71,4.8628,16752.77,7
2026-05-26,South,Beauty,Kestrel Logistics,6939,6865,74,18568,0.9893,14.37,0.47,13045.65,22.8812,98651.81,7
2026-05-26,South,Beauty,Northwind Foods,11187,10605,582,26177,0.948,11.07,0.99,20970.54,22.8812,117395.4,7
2026-05-26,South,Electronics,Kestrel Logistics,5831,5499,332,17842,0.9431,12.65,0.11,10921.26,21.365,69552.14,7
2026-05-26,South,Electronics,Northwind Foods,13976,13946,30,50868,0.9979,13.0,0.16,25940.03,21.365,181286.45,7
2026-05-26,South,Home,Kestrel Logistics,6034,5827,207,14826,0.9657,13.47,0.59,11009.12,38.0034,78482.14,7
2026-05-26,South,Home,Northwind Foods,3787,3632,155,9866,0.9591,12.07,0.03,6181.64,38.0034,43838.24,7
2026-05-26,South,Sports,Kestrel Logistics,8365,7998,367,23057,0.9561,12.92,0.7,14473.75,17.5142,103321.33,7
2026-05-26,South,Sports,Northwind Foods,5182,5167,15,14511,0.9971,8.99,1.39,9216.56,17.5142,46442.25,7
2026-05-26,West,Apparel,Kestrel Logistics,9318,9252,66,27109,0.9929,10.21,0.12,16291.35,28.5699,94462.23,7
2026-05-26,West,Apparel,Northwind Foods,13625,13031,594,49011,0.9564,9.61,0.24,23525.15,28.5699,125257.33,7
2026-05-26,West,Beauty,Kestrel Logistics,10938,10697,241,31858,0.978,12.73,0.26,20174.14,23.4311,136135.46,7
2026-05-26,West,Beauty,Northwind Foods,7899,7569,330,19363,0.9582,11.79,0.55,12845.62,23.4311,89207.85,7
2026-05-26,West,Electronics,Kestrel Logistics,10236,9846,390,24855,0.9619,10.28,1.06,17941.33,28.3826,101240.88,7
2026-05-26,West,Electronics,Northwind Foods,9765,9164,601,28392,0.9385,9.38,0.23,16897.56,28.3826,86004.07,7
2026-05-26,West,Home,Kestrel Logistics,6865,6494,371,22398,0.946,10.74,0.45,12285.37,16.0595,69739.63,7
2026-05-26,West,Home,Northwind Foods,12977,12135,842,38218,0.9351,11.14,0.02,23301.91,16.0595,135141.97,7
2026-05-26,West,Sports,Kestrel Logistics,13858,13361,497,36127,0.9641,15.81,0.31,28488.46,37.9142,211241.4,7
2026-05-26,West,Sports,Northwind Foods,6262,6137,125,18727,0.98,12.2,0.14,11201.97,37.9142,74844.67,7
2026-06-02,Central,Apparel,Kestrel Logistics,6755,6428,327,15323,0.9516,9.97,0.26,13345.45,27.6926,64091.82,7
2026-06-02,Central,Apparel,Northwind Foods,5628,5399,229,15136,0.9593,11.59,0.1,10496.54,27.6926,62558.48,7
2026-06-02,Central,Beauty,Kestrel Logistics,9142,8872,270,27640,0.9705,10.54,0.65,16618.12,26.8217,93552.09,7
2026-06-02,Central,Beauty,Northwind Foods,9805,9423,382,27801,0.961,9.18,2.02,17070.86,26.8217,86549.2,7
2026-06-02,Central,Electronics,Kestrel Logistics,14818,13599,1219,50595,0.9177,11.65,0.32,24742.44,22.9519,158490.49,7
2026-06-02,Central,Electronics,Northwind Foods,19073,18743,330,49987,0.9827,9.68,0.55,32527.73,22.9519,181500.65,7
2026-06-02,Central,Home,Kestrel Logistics,6284,6082,202,14196,0.9679,10.35,0.34,12936.93,37.5622,62958.22,7
2026-06-02,Central,Home,Northwind Foods,6658,6325,333,20836,0.95,11.63,0.29,11359.6,37.5622,73577.65,7
2026-06-02,Central,Sports,Kestrel Logistics,8102,7877,225,20752,0.9722,9.97,0.66,14401.93,38.5308,78536.63,7
2026-06-02,Central,Sports,Northwind Foods,12529,12068,461,28260,0.9632,13.78,0.5,21552.79,38.5308,166284.21,7
2026-06-02,East,Apparel,Kestrel Logistics,2159,2072,87,6902,0.9597,11.89,0.24,3935.49,23.547,24646.08,7
2026-06-02,East,Apparel,Northwind Foods,4131,4006,125,14359,0.9697,10.83,1.53,6872.44,23.547,43396.18,7
2026-06-02,East,Beauty,Kestrel Logistics,11925,11455,470,34408,0.9606,12.79,1.55,22165.03,30.8339,146493.49,7
2026-06-02,East,Beauty,Northwind Foods,12567,12008,559,43266,0.9555,12.25,1.04,21214.88,30.8339,147084.51,7
2026-06-02,East,Electronics,Kestrel Logistics,5110,4864,246,12338,0.9519,12.47,0.29,8943.68,27.1763,60660.3,7
2026-06-02,East,Electronics,Northwind Foods,13549,13355,194,39026,0.9857,11.6,0.7,22497.57,27.1763,154916.6,7
2026-06-02,East,Home,Kestrel Logistics,9011,8725,286,25539,0.9683,12.29,0.03,15745.38,19.3155,107189.37,7
2026-06-02,East,Home,Northwind Foods,12177,11737,440,36735,0.9639,10.07,0.71,19709.52,19.3155,118178.08,7
2026-06-02,East,Sports,Kestrel Logistics,9654,9264,390,33360,0.9596,13.12,0.76,16625.08,14.5725,121525.54,7
2026-06-02,East,Sports,Northwind Foods,4797,4764,33,13877,0.9931,12.27,1.34,8686.83,14.5725,58438.18,7
2026-06-02,North,Apparel,Kestrel Logistics,6605,6520,85,22783,0.9871,9.73,0.25,12647.71,21.8066,63439.23,7
2026-06-02,North,Apparel,Northwind Foods,5200,5108,92,15084,0.9823,8.66,0.27,9213.45,21.8066,44256.68,7
2026-06-02,North,Beauty,Kestrel Logistics,11427,10984,443,43919,0.9612,7.29,0.87,20665.14,27.8182,80052.38,7
2026-06-02,North,Beauty,Northwind Foods,8469,8163,306,19674,0.9639,12.15,0.05,16743.43,27.8182,99200.02,7
2026-06-02,North,Electronics,Kestrel Logistics,3950,3794,156,12379,0.9605,12.48,1.44,7041.39,41.0678,47363.26,7
2026-06-02,North,Electronics,Northwind Foods,4611,4422,189,12653,0.959,11.69,0.26,7828.91,41.0678,51687.91,7
2026-06-02,North,Home,Kestrel Logistics,17742,17195,547,48409,0.9692,10.4,0.1,33225.36,14.883,178789.04,7
2026-06-02,North,Home,Northwind Foods,10851,10638,213,35337,0.9804,10.19,0.03,19331.69,14.883,108433.93,7
2026-06-02,North,Sports,Kestrel Logistics,807,762,45,2533,0.9442,10.27,0.59,1298.49,32.0559,7825.61,7
2026-06-02,North,Sports,Northwind Foods,1029,997,32,3294,0.9689,9.5,0.09,1871.0,32.0559,9467.72,7
2026-06-02,South,Apparel,Kestrel Logistics,8255,8247,8,22593,0.999,10.04,0.11,15994.5,28.368,82833.05,7
2026-06-02,South,Apparel,Northwind Foods,3632,3442,190,9414,0.9477,10.31,0.07,6717.27,28.368,35488.41,7
2026-06-02,South,Beauty,Kestrel Logistics,11666,11095,571,32809,0.9511,10.62,0.2,19995.73,30.3224,117835.48,7
2026-06-02,South,Beauty,Northwind Foods,17822,17141,681,51711,0.9618,9.97,0.08,34081.28,30.3224,170848.64,7
2026-06-02,South,Electronics,Kestrel Logistics,9698,9408,290,30679,0.9701,13.62,0.5,16373.76,18.3763,128172.57,7
2026-06-02,South,Electronics,Northwind Foods,24084,23861,223,83930,0.9907,10.6,1.21,44807.14,18.3763,253013.79,7
2026-06-02,South,Home,Kestrel Logistics,14777,14223,554,45871,0.9625,11.48,0.31,26834.83,22.1077,163305.79,7
2026-06-02,South,Home,Northwind Foods,9089,8865,224,26363,0.9754,10.45,0.38,16358.23,22.1077,92622.77,7
2026-06-02,South,Sports,Kestrel Logistics,28339,27261,1078,75553,0.962,10.17,0.17,51296.11,17.2894,277368.84,7
2026-06-02,South,Sports,Northwind Foods,18358,17610,748,39443,0.9593,10.19,0.17,31542.41,17.2894,179487.53,7
2026-06-02,West,Apparel,Kestrel Logistics,6151,5926,225,20233,0.9634,8.8,1.1,10716.52,20.7256,52149.32,7
2026-06-02,West,Apparel,Northwind Foods,8878,8346,532,25930,0.9401,8.61,0.36,15569.8,20.7256,71891.45,7
2026-06-02,West,Beauty,Kestrel Logistics,16321,16293,28,57704,0.9983,11.26,0.78,29788.72,29.7641,183413.16,7
2026-06-02,West,Beauty,Northwind Foods,11883,11530,353,35446,0.9703,9.31,0.15,22820.94,29.7641,107346.63,7
2026-06-02,West,Electronics,Kestrel Logistics,10790,9959,831,28071,0.923,8.5,0.59,17072.83,22.7102,84638.25,7
2026-06-02,West,Electronics,Northwind Foods,9590,9269,321,30795,0.9665,12.51,0.08,17261.55,22.7102,115924.08,7
2026-06-02,West,Home,Kestrel Logistics,1570,1568,2,4942,0.9987,9.09,0.29,2831.63,40.9081,14247.4,7
2026-06-02,West,Home,Northwind Foods,3043,2931,112,8641,0.9632,10.23,1.06,5563.11,40.9081,29987.92,7
2026-06-02,West,Sports,Kestrel Logistics,8227,7819,408,27904,0.9504,12.51,0.58,13516.85,13.6441,97785.02,7
2026-06-02,West,Sports,Northwind Foods,3663,3592,71,10177,0.9806,10.63,0.17,6963.24,13.6441,38183.0,7
2026-06-09,Central,Apparel,Kestrel Logistics,8773,8349,424,26027,0.9517,10.93,0.75,13760.49,12.5825,91283.59,7
2026-06-09,Central,Apparel,Northwind Foods,7187,7012,175,18148,0.9757,10.37,1.32,13251.55,12.5825,72745.04,7
2026-06-09,Central,Beauty,Kestrel Logistics,15992,15332,660,44211,0.9587,11.64,0.32,28116.29,14.604,178480.75,7
2026-06-09,Central,Beauty,Northwind Foods,17313,16285,1028,53304,0.9406,13.04,1.47,31054.97,14.604,212312.75,7
2026-06-09,Central,Electronics,Kestrel Logistics,8314,7743,571,23010,0.9313,11.22,0.04,13894.7,29.6673,86895.67,7
2026-06-09,Central,Electronics,Northwind Foods,11039,10671,368,29877,0.9667,9.94,0.3,20135.54,29.6673,106025.68,7
2026-06-09,Central,Home,Kestrel Logistics,16591,16013,578,45066,0.9652,11.59,0.28,28980.46,23.7668,185569.45,7
2026-06-09,Central,Home,Northwind Foods,17635,16653,982,54982,0.9443,9.84,0.16,29345.75,23.7668,163889.36,7
2026-06-09,Central,Sports,Kestrel Logistics,5331,5182,149,17761,0.9721,9.09,0.57,9863.07,22.9251,47083.53,7
2026-06-09,Central,Sports,Northwind Foods,8292,7941,351,20670,0.9577,11.72,0.31,14831.89,22.9251,93080.24,7
2026-06-09,East,Apparel,Kestrel Logistics,5617,5493,124,18535,0.9779,10.84,0.19,9686.08,18.3574,59518.84,7
2026-06-09,East,Apparel,Northwind Foods,11265,10624,641,33448,0.9431,11.25,0.18,19952.99,18.3574,119469.1,7
2026-06-09,East,Beauty,Kestrel Logistics,7865,7822,43,29799,0.9945,12.16,0.0,14711.5,28.5855,95145.92,7
2026-06-09,East,Beauty,Northwind Foods,8688,8199,489,26909,0.9437,11.76,1.68,16561.86,28.5855,96441.13,7
2026-06-09,East,Electronics,Kestrel Logistics,6276,5933,343,16203,0.9453,10.58,0.01,11208.86,31.5898,62744.62,7
2026-06-09,East,Electronics,Northwind Foods,17441,16292,1149,55623,0.9341,11.67,0.1,29202.29,31.5898,190102.05,7
2026-06-09,East,Home,Kestrel Logistics,8832,8787,45,24542,0.9949,9.78,0.43,16113.44,7.76,85916.76,7
2026-06-09,East,Home,Northwind Foods,12154,11820,334,37525,0.9725,12.31,0.21,22146.88,7.76,145464.75,7
2026-06-09,East,Sports,Kestrel Logistics,6726,6559,167,16236,0.9752,6.53,0.46,12731.68,29.727,42807.96,7
2026-06-09,East,Sports,Northwind Foods,3475,3373,102,9550,0.9706,9.15,0.2,6148.7,29.727,30867.23,7
2026-06-09,North,Apparel,Kestrel Logistics,19780,18722,1058,59956,0.9465,9.85,0.39,31109.78,21.4897,184408.61,7
2026-06-09,North,Apparel,Northwind Foods,15196,14669,527,42448,0.9653,10.9,0.66,29482.14,21.4897,159918.54,7
2026-06-09,North,Beauty,Kestrel Logistics,5758,5431,327,14075,0.9432,8.24,0.23,10057.36,33.9927,44752.97,7
2026-06-09,North,Beauty,Northwind Foods,4221,4036,185,12009,0.9562,11.56,0.46,7926.0,33.9927,46643.47,7
2026-06-09,North,Electronics,Kestrel Logistics,3770,3665,105,13870,0.9721,11.66,0.69,7238.47,40.9817,42727.95,7
2026-06-09,North,Electronics,Northwind Foods,4536,4273,263,10402,0.942,10.09,0.18,7998.6,40.9817,43131.45,7
2026-06-09,North,Home,Kestrel Logistics,15177,14733,444,39689,0.9707,11.57,0.42,28366.45,27.4203,170504.41,7
2026-06-09,North,Home,Northwind Foods,9648,9115,533,28446,0.9448,9.56,0.37,14624.38,27.4203,87123.26,7
2026-06-09,North,Sports,Kestrel Logistics,4082,3961,121,15104,0.9704,10.95,0.11,7075.55,23.939,43389.06,7
2026-06-09,North,Sports,Northwind Foods,5511,5189,322,16457,0.9416,10.22,0.04,10215.23,23.939,53032.45,7
2026-06-09,South,Apparel,Kestrel Logistics,22308,22092,216,43406,0.9903,12.33,0.07,44221.41,18.2475,272480.87,7
2026-06-09,South,Apparel,Northwind Foods,9643,9221,422,29788,0.9562,11.83,0.22,15869.89,18.2475,109114.13,7
2026-06-09,South,Beauty,Kestrel Logistics,6129,6051,78,13997,0.9873,9.86,0.35,11428.68,20.9111,59665.19,7
2026-06-09,South,Beauty,Northwind Foods,9629,9348,281,37253,0.9708,11.13,0.38,15775.07,20.9111,104038.47,7
2026-06-09,South,Electronics,Kestrel Logistics,7240,6994,246,18038,0.966,11.89,0.68,13195.48,31.072,83170.81,7
2026-06-09,South,Electronics,Northwind Foods,18646,17740,906,51863,0.9514,10.36,0.33,34497.87,31.072,183764.15,7
2026-06-09,South,Home,Kestrel Logistics,7683,7357,326,22848,0.9576,10.75,0.99,13430.1,46.2558,79092.95,7
2026-06-09,South,Home,Northwind Foods,4840,4585,255,12495,0.9473,9.57,0.39,8721.72,46.2558,43879.57,7
2026-06-09,South,Sports,Kestrel Logistics,11793,11226,567,33302,0.9519,10.86,0.14,20032.42,26.5916,121861.52,7
2026-06-09,South,Sports,Northwind Foods,7551,7251,300,16175,0.9603,10.46,0.4,13724.7,26.5916,75843.74,7
2026-06-09,West,Apparel,Kestrel Logistics,4120,3871,249,10401,0.9396,8.41,0.43,7174.08,13.3396,32544.57,7
2026-06-09,West,Apparel,Northwind Foods,5781,5452,329,18679,0.9431,9.59,0.3,9794.23,13.3396,52268.35,7
2026-06-09,West,Beauty,Kestrel Logistics,19808,18738,1070,55244,0.946,12.35,0.35,35665.46,19.4478,231410.25,7
2026-06-09,West,Beauty,Northwind Foods,14367,13259,1108,32930,0.9229,11.73,0.11,22640.6,19.4478,155515.34,7
2026-06-09,West,Electronics,Kestrel Logistics,9382,8784,598,24410,0.9363,11.52,0.07,16545.19,13.5695,101160.91,7
2026-06-09,West,Electronics,Northwind Foods,8373,8175,198,23498,0.9764,8.49,0.14,13247.85,13.5695,69413.56,7
2026-06-09,West,Home,Kestrel Logistics,7854,7832,22,25006,0.9972,11.83,0.14,13913.6,15.4762,92686.05,7
2026-06-09,West,Home,Northwind Foods,15566,14638,928,37453,0.9404,12.52,1.26,27698.91,15.4762,183215.88,7
2026-06-09,West,Sports,Kestrel Logistics,4744,4605,139,11992,0.9707,9.68,0.6,8345.39,18.6142,44572.28,7
2026-06-09,West,Sports,Northwind Foods,2219,2116,103,6816,0.9536,10.42,0.11,3673.08,18.6142,22041.66,7
2026-06-16,Central,Apparel,Kestrel Logistics,11603,11335,268,34580,0.9769,11.35,0.12,21332.21,28.805,128617.1,7
2026-06-16,Central,Apparel,Northwind Foods,9748,9520,228,25281,0.9766,11.11,0.21,18175.3,28.805,105799.28,7
2026-06-16,Central,Beauty,Kestrel Logistics,6054,5817,237,17837,0.9609,10.75,0.29,10818.31,21.9656,62520.02,7
2026-06-16,Central,Beauty,Northwind Foods,6589,6178,411,16320,0.9376,11.13,0.61,10794.1,21.9656,68786.66,7
2026-06-16,Central,Electronics,Kestrel Logistics,7726,7718,8,22983,0.999,11.59,1.02,14435.05,19.3775,89465.23,7
2026-06-16,Central,Electronics,Northwind Foods,11365,10636,729,37708,0.9359,9.48,0.69,19934.32,19.3775,100874.88,7
2026-06-16,Central,Home,Kestrel Logistics,12878,12184,694,38326,0.9461,11.28,0.57,22715.88,26.6896,137449.54,7
2026-06-16,Central,Home,Northwind Foods,13532,12670,862,32299,0.9363,11.66,0.2,22283.24,26.6896,147722.02,7
2026-06-16,Central,Sports,Kestrel Logistics,8187,7680,507,22612,0.9381,13.35,1.31,14589.46,23.7122,102535.29,7
2026-06-16,Central,Sports,Northwind Foods,12435,11767,668,34525,0.9463,11.16,1.06,22767.87,23.7122,131265.49,7
2026-06-16,East,Apparel,Kestrel Logistics,6057,6051,6,19706,0.999,12.79,0.78,12113.79,16.3961,77416.55,7
2026-06-16,East,Apparel,Northwind Foods,11830,11704,126,37178,0.9893,10.13,0.16,22097.88,16.3961,118513.18,7
2026-06-16,East,Beauty,Kestrel Logistics,6125,5765,360,17165,0.9412,12.55,0.4,10216.29,12.0505,72365.34,7
2026-06-16,East,Beauty,Northwind Foods,6319,6044,275,18212,0.9565,9.97,0.01,11275.21,12.0505,60272.98,7
2026-06-16,East,Electronics,Kestrel Logistics,2978,2861,117,9859,0.9607,10.59,0.2,5339.43,14.8845,30297.21,7
2026-06-16,East,Electronics,Northwind Foods,8494,7855,639,29586,0.9248,12.73,0.05,13922.33,14.8845,99968.34,7
2026-06-16,East,Home,Kestrel Logistics,6900,6578,322,20055,0.9533,11.66,0.7,11980.08,31.7864,76677.45,7
2026-06-16,East,Home,Northwind Foods,9223,8848,375,29283,0.9593,13.33,1.79,15192.26,31.7864,117902.68,7
2026-06-16,East,Sports,Kestrel Logistics,16227,15774,453,53927,0.9721,10.48,0.85,30890.71,17.2518,165251.28,7
2026-06-16,East,Sports,Northwind Foods,8372,8112,260,21306,0.9689,9.77,0.08,15355.5,17.2518,79268.99,7
2026-06-16,North,Apparel,Kestrel Logistics,20151,19331,820,53849,0.9593,12.29,0.86,35939.51,16.1306,237622.27,7
2026-06-16,North,Apparel,Northwind Foods,15602,15147,455,46253,0.9708,12.59,0.82,25858.64,16.1306,190638.13,7
2026-06-16,North,Beauty,Kestrel Logistics,10264,10028,236,26485,0.977,10.81,0.7,18586.59,22.9099,108352.94,7
2026-06-16,North,Beauty,Northwind Foods,7884,7452,432,21683,0.9452,9.52,0.39,13739.16,22.9099,70933.68,7
2026-06-16,North,Electronics,Kestrel Logistics,15052,14766,286,48044,0.981,10.29,0.2,27273.85,18.6925,151932.59,7
2026-06-16,North,Electronics,Northwind Foods,17833,17213,620,58399,0.9652,11.28,0.21,32069.45,18.6925,194247.54,7
2026-06-16,North,Home,Kestrel Logistics,15492,14553,939,43428,0.9394,11.33,0.12,28597.66,21.5164,164843.71,7
2026-06-16,North,Home,Northwind Foods,9194,9003,191,27616,0.9792,14.3,0.37,17814.95,21.5164,128751.18,7
2026-06-16,North,Sports,Kestrel Logistics,6383,6073,310,13414,0.9514,12.67,0.53,11229.11,29.8271,76927.85,7
2026-06-16,North,Sports,Northwind Foods,8470,7955,515,21854,0.9392,10.91,0.1,16293.86,29.8271,86816.6,7
2026-06-16,South,Apparel,Kestrel Logistics,10696,10467,229,28514,0.9786,12.41,0.1,18426.97,40.9976,129899.64,7
2026-06-16,South,Apparel,Northwind Foods,4618,4369,249,10814,0.9461,10.49,0.58,7916.68,40.9976,45825.13,7
2026-06-16,South,Beauty,Kestrel Logistics,1598,1574,24,4891,0.985,10.36,0.47,3015.94,27.2531,16314.33,7
2026-06-16,South,Beauty,Northwind Foods,2504,2432,72,6489,0.9712,8.67,0.16,4382.35,27.2531,21073.7,7
2026-06-16,South,Electronics,Kestrel Logistics,10087,9772,315,28850,0.9688,13.2,0.4,18688.8,24.1722,128973.56,7
2026-06-16,South,Electronics,Northwind Foods,25494,24784,710,81822,0.9722,12.47,0.43,47841.51,24.1722,309024.23,7
2026-06-16,South,Home,Kestrel Logistics,14085,13711,374,37146,0.9734,9.75,1.99,24529.47,22.5729,133740.52,7
2026-06-16,South,Home,Northwind Foods,8662,8546,116,30110,0.9866,9.92,0.11,15284.83,22.5729,84753.98,7
2026-06-16,South,Sports,Kestrel Logistics,13816,13701,115,40844,0.9917,10.13,0.48,24292.43,26.118,138760.34,7
2026-06-16,South,Sports,Northwind Foods,9160,8851,309,26107,0.9663,11.79,0.18,17976.14,26.118,104392.46,7
2026-06-16,West,Apparel,Kestrel Logistics,2400,2303,97,7000,0.9596,12.23,0.29,4346.74,28.9223,28158.71,7
2026-06-16,West,Apparel,Northwind Foods,3353,3243,110,11045,0.9672,10.62,0.07,6424.48,28.9223,34453.6,7
2026-06-16,West,Beauty,Kestrel Logistics,7368,7203,165,17182,0.9776,8.25,0.17,12536.35,38.1562,59413.25,7
2026-06-16,West,Beauty,Northwind Foods,5366,5097,269,15544,0.9499,10.24,0.1,9084.05,38.1562,52184.4,7
2026-06-16,West,Electronics,Kestrel Logistics,9847,9493,354,32343,0.964,11.01,0.98,17928.77,27.2066,104555.31,7
2026-06-16,West,Electronics,Northwind Foods,8949,8835,114,23552,0.9873,9.18,0.4,15781.74,27.2066,81091.89,7
2026-06-16,West,Home,Kestrel Logistics,3222,2995,227,10479,0.9295,10.58,0.38,5971.38,21.9986,31699.01,7
2026-06-16,West,Home,Northwind Foods,5661,5596,65,12474,0.9885,8.39,0.15,9881.75,21.9986,46957.2,7
2026-06-16,West,Sports,Kestrel Logistics,15942,15373,569,41851,0.9643,13.3,0.6,29436.09,18.684,204398.1,7
2026-06-16,West,Sports,Northwind Foods,7326,7062,264,22497,0.964,9.05,0.48,12928.92,18.684,63918.62,7
2026-06-23,Central,Apparel,Kestrel Logistics,9861,9851,10,36490,0.999,9.52,0.69,19702.25,27.1489,93766.98,7
2026-06-23,Central,Apparel,Northwind Foods,8692,8274,418,22265,0.9519,14.03,0.01,15781.19,27.1489,116094.15,7
2026-06-23,Central,Beauty,Kestrel Logistics,8193,7846,347,23190,0.9576,9.66,0.39,14592.09,22.0764,75756.54,7
2026-06-23,Central,Beauty,Northwind Foods,8647,8334,313,29371,0.9638,11.36,0.48,15080.27,22.0764,94669.76,7
2026-06-23,Central,Electronics,Kestrel Logistics,11919,11072,847,30559,0.9289,13.52,0.43,20588.84,16.2592,149747.22,7
2026-06-23,Central,Electronics,Northwind Foods,15805,15259,546,46540,0.9655,10.57,0.13,26251.14,16.2592,161241.21,7
2026-06-23,Central,Home,Kestrel Logistics,8563,8415,148,23139,0.9827,10.6,0.89,15738.58,30.2177,89195.19,7
2026-06-23,Central,Home,Northwind Foods,9199,8751,448,26691,0.9513,10.35,1.58,17112.15,30.2177,90543.41,7
2026-06-23,Central,Sports,Kestrel Logistics,11077,10524,553,38648,0.9501,12.6,0.39,19975.32,18.4337,132651.5,7
2026-06-23,Central,Sports,Northwind Foods,16907,16124,783,47902,0.9537,9.68,0.2,33278.68,18.4337,156087.72,7
2026-06-23,East,Apparel,Kestrel Logistics,3018,2985,33,7793,0.9891,10.38,0.24,5648.09,22.2318,30984.55,7
2026-06-23,East,Apparel,Northwind Foods,5840,5773,67,17114,0.9885,6.43,0.4,10391.47,22.2318,37128.63,7
2026-06-23,East,Beauty,Kestrel Logistics,15171,14516,655,44233,0.9568,10.07,0.21,25781.78,18.0682,146241.32,7
2026-06-23,East,Beauty,Northwind Foods,15618,15217,401,37928,0.9743,10.94,0.05,26091.62,18.0682,166409.45,7
2026-06-23,East,Electronics,Kestrel Logistics,7680,7300,380,22569,0.9505,12.68,0.2,13515.88,21.2876,92584.72,7
2026-06-23,East,Electronics,Northwind Foods,20867,20047,820,54475,0.9607,12.21,0.52,34830.19,21.2876,244753.1,7
2026-06-23,East,Home,Kestrel Logistics,11298,10690,608,34811,0.9462,13.93,0.99,20968.14,19.4464,148921.12,7
2026-06-23,East,Home,Northwind Foods,15182,14379,803,34488,0.9471,9.02,0.29,26520.65,19.4464,129743.8,7
2026-06-23,East,Sports,Kestrel Logistics,8339,7892,447,23812,0.9464,12.8,0.31,13868.35,30.0068,101049.82,7
2026-06-23,East,Sports,Northwind Foods,4254,4058,196,10576,0.9539,9.01,0.29,7470.11,30.0068,36552.18,7
2026-06-23,North,Apparel,Kestrel Logistics,7425,7194,231,26174,0.9689,10.29,0.18,11349.4,30.8099,74060.92,7
2026-06-23,North,Apparel,Northwind Foods,6017,5637,380,16203,0.9368,11.21,0.36,11241.51,30.8099,63189.41,7
2026-06-23,North,Beauty,Kestrel Logistics,20041,19953,88,74277,0.9956,10.95,0.07,37314.68,23.2725,218546.85,7
2026-06-23,North,Beauty,Northwind Foods,15301,14830,471,45435,0.9692,10.43,0.71,27488.27,23.2725,154630.72,7
2026-06-23,North,Electronics,Kestrel Logistics,8105,7865,240,27759,0.9704,9.71,0.39,14914.07,31.3633,76383.18,7
2026-06-23,North,Electronics,Northwind Foods,9620,9168,452,29413,0.953,11.29,0.18,16952.08,31.3633,103523.08,7
2026-06-23,North,Home,Kestrel Logistics,5424,5209,215,16295,0.9604,9.92,1.21,9877.4,16.6812,51678.79,7
2026-06-23,North,Home,Northwind Foods,3319,3222,97,9416,0.9708,10.67,0.22,5993.69,16.6812,34386.74,7
2026-06-23,North,Sports,Kestrel Logistics,6179,6049,130,20180,0.979,9.86,0.31,10374.26,20.7447,59617.51,7
2026-06-23,North,Sports,Northwind Foods,8098,7923,175,27355,0.9784,9.3,0.32,14216.2,20.7447,73675.43,7
2026-06-23,South,Apparel,Kestrel Logistics,11690,11227,463,32314,0.9604,10.41,0.22,19703.91,23.4203,116893.09,7
2026-06-23,South,Apparel,Northwind Foods,4826,4686,140,14982,0.971,9.39,0.1,8649.01,23.4203,44001.71,7
2026-06-23,South,Beauty,Kestrel Logistics,7486,7040,446,24095,0.9404,11.17,0.14,13780.36,24.4085,78629.72,7
2026-06-23,South,Beauty,Northwind Foods,11347,10877,470,31990,0.9586,11.61,0.68,19389.46,24.4085,126232.64,7
2026-06-23,South,Electronics,Kestrel Logistics,6497,6197,300,17226,0.9538,7.91,0.26,12119.47,21.1718,48989.55,7
2026-06-23,South,Electronics,Northwind Foods,16538,15719,819,55015,0.9505,13.76,0.02,31345.49,21.1718,216357.62,7
2026-06-23,South,Home,Kestrel Logistics,3733,3632,101,9676,0.9729,11.01,0.19,6739.34,28.7803,39984.65,7
2026-06-23,South,Home,Northwind Foods,2396,2264,132,6167,0.9449,11.66,0.33,4388.89,28.7803,26391.62,7
2026-06-23,South,Sports,Kestrel Logistics,11661,11062,599,29367,0.9486,12.0,1.79,20828.58,17.3899,132777.75,7
2026-06-23,South,Sports,Northwind Foods,7242,7145,97,23637,0.9866,12.14,1.0,13889.37,17.3899,86754.15,7
2026-06-23,West,Apparel,Kestrel Logistics,9206,8712,494,27902,0.9463,11.24,0.22,15377.34,25.8421,97937.79,7
2026-06-23,West,Apparel,Northwind Foods,12650,12272,378,40543,0.9701,10.77,0.39,24913.91,25.8421,132157.31,7
2026-06-23,West,Beauty,Kestrel Logistics,4362,4155,207,14878,0.9525,11.86,1.01,7200.83,40.6382,49274.78,7
2026-06-23,West,Beauty,Northwind Foods,3065,2941,124,8228,0.9595,9.96,0.52,5623.83,40.6382,29287.37,7
2026-06-23,West,Electronics,Kestrel Logistics,9642,9187,455,33224,0.9528,12.09,0.65,15535.06,32.126,111048.39,7
2026-06-23,West,Electronics,Northwind Foods,8762,8550,212,21006,0.9758,8.37,0.15,16353.99,32.126,71559.85,7
2026-06-23,West,Home,Kestrel Logistics,9240,8876,364,19792,0.9606,10.32,0.84,15367.53,24.4366,91583.57,7
2026-06-23,West,Home,Northwind Foods,16870,16587,283,51726,0.9832,10.97,0.26,28824.01,24.4366,181918.87,7
2026-06-23,West,Sports,Kestrel Logistics,7432,7004,428,23541,0.9424,10.78,1.11,13187.09,42.1489,75482.99,7
2026-06-23,West,Sports,Northwind Foods,3375,3217,158,11553,0.9532,10.67,0.1,6026.48,42.1489,34339.72,7
2026-06-30,Central,Apparel,Kestrel Logistics,7785,7638,147,20177,0.9811,15.53,0.52,14065.8,11.9124,118594.39,7
2026-06-30,Central,Apparel,Northwind Foods,6617,6416,201,18228,0.9696,12.82,0.4,13323.91,11.9124,82228.9,7
2026-06-30,Central,Beauty,Kestrel Logistics,17331,17314,17,67476,0.999,10.21,0.07,32288.54,11.9092,176750.73,7
2026-06-30,Central,Beauty,Northwind Foods,18961,18391,570,44455,0.9699,12.71,0.08,35337.57,11.9092,233709.5,7
2026-06-30,Central,Electronics,Kestrel Logistics,7713,7400,313,18727,0.9594,11.94,0.53,13788.34,21.9926,88375.69,7
2026-06-30,Central,Electronics,Northwind Foods,10294,10199,95,27099,0.9908,11.88,0.44,19518.06,21.9926,121181.4,7
2026-06-30,Central,Home,Kestrel Logistics,8478,8253,225,19738,0.9735,9.23,0.58,14464.44,20.645,76215.47,7
2026-06-30,Central,Home,Northwind Foods,8946,8582,364,26600,0.9593,9.7,0.24,16749.61,20.645,83286.38,7
2026-06-30,Central,Sports,Kestrel Logistics,7184,7083,101,23867,0.9859,12.13,0.05,13377.02,30.213,85922.39,7
2026-06-30,Central,Sports,Northwind Foods,11425,10853,572,28602,0.9499,10.91,0.08,17621.03,30.213,118421.5,7
2026-06-30,East,Apparel,Kestrel Logistics,4559,4420,139,12626,0.9695,9.99,0.07,8713.3,22.4927,44159.08,7
2026-06-30,East,Apparel,Northwind Foods,8799,8548,251,27118,0.9715,8.74,0.36,14386.54,22.4927,74739.17,7
2026-06-30,East,Beauty,Kestrel Logistics,5064,5044,20,14303,0.9961,11.06,0.11,8846.99,45.69,55778.64,7
2026-06-30,East,Beauty,Northwind Foods,5409,5287,122,15897,0.9774,11.8,0.03,9512.89,45.69,62395.65,7
2026-06-30,East,Electronics,Kestrel Logistics,4173,4018,155,10917,0.9629,9.02,0.39,7426.44,18.4364,36258.78,7
2026-06-30,East,Electronics,Northwind Foods,11398,11034,364,32848,0.9681,12.98,0.51,23169.17,18.4364,143252.03,7
2026-06-30,East,Home,Kestrel Logistics,12967,12739,228,35327,0.9824,8.85,0.42,24448.53,16.8551,112699.52,7
2026-06-30,East,Home,Northwind Foods,17271,17136,135,47715,0.9922,14.29,1.02,31368.57,16.8551,244925.38,7
2026-06-30,East,Sports,Kestrel Logistics,5949,5741,208,19449,0.965,10.92,0.55,11225.77,29.0994,62677.49,7
2026-06-30,East,Sports,Northwind Foods,3079,2953,126,8063,0.9591,8.16,0.08,5685.8,29.0994,24094.03,7
2026-06-30,North,Apparel,Kestrel Logistics,7625,7408,217,19659,0.9715,10.95,0.23,14072.16,44.2771,81086.06,7
2026-06-30,North,Apparel,Northwind Foods,5993,5804,189,19072,0.9685,9.41,0.15,10021.77,44.2771,54625.84,7
2026-06-30,North,Beauty,Kestrel Logistics,17743,16629,1114,48916,0.9372,10.73,0.07,29346.94,23.9319,178361.26,7
2026-06-30,North,Beauty,Northwind Foods,13140,12359,781,31594,0.9406,10.9,0.15,22528.98,23.9319,134673.33,7
2026-06-30,North,Electronics,Kestrel Logistics,6515,6174,341,16165,0.9477,11.61,0.12,10387.51,33.127,71653.71,7
2026-06-30,North,Electronics,Northwind Foods,7584,7197,387,27352,0.949,9.82,2.57,13346.48,33.127,70679.03,7
2026-06-30,North,Home,Kestrel Logistics,15364,15002,362,45500,0.9764,12.55,0.61,27350.33,24.4619,188202.05,7
2026-06-30,North,Home,Northwind Foods,9735,9281,454,27287,0.9534,10.56,0.02,17962.18,24.4619,97967.71,7
2026-06-30,North,Sports,Kestrel Logistics,7483,7248,235,20510,0.9686,9.65,0.27,13316.49,21.4417,69939.53,7
2026-06-30,North,Sports,Northwind Foods,9868,9493,375,28096,0.962,10.75,0.01,17142.76,21.4417,102025.82,7
2026-06-30,South,Apparel,Kestrel Logistics,9148,8752,396,27733,0.9567,10.76,0.32,17114.65,29.1169,94163.18,7
2026-06-30,South,Apparel,Northwind Foods,3874,3653,221,12526,0.943,8.64,0.69,6701.45,29.1169,31551.71,7
2026-06-30,South,Beauty,Kestrel Logistics,9522,9291,231,29907,0.9757,9.11,0.12,16859.88,27.8278,84641.51,7
2026-06-30,South,Beauty,Northwind Foods,14714,14355,359,47575,0.9756,9.22,0.22,25101.82,27.8278,132397.8,7
2026-06-30,South,Electronics,Kestrel Logistics,569,551,18,1977,0.9684,8.51,0.22,965.06,20.1184,4689.71,7
2026-06-30,South,Electronics,Northwind Foods,1466,1396,70,4652,0.9523,11.74,1.02,2554.64,20.1184,16386.86,7
2026-06-30,South,Home,Kestrel Logistics,8104,7818,286,30205,0.9647,11.22,0.75,13939.82,25.6017,87746.13,7
2026-06-30,South,Home,Northwind Foods,4878,4873,5,17028,0.999,12.98,0.6,9086.86,25.6017,63237.27,7
2026-06-30,South,Sports,Kestrel Logistics,12799,12311,488,33872,0.9619,9.55,0.08,23374.6,22.0824,117586.4,7
2026-06-30,South,Sports,Northwind Foods,8348,7952,396,27452,0.9526,10.94,0.25,13678.27,22.0824,86983.91,7
2026-06-30,West,Apparel,Kestrel Logistics,4485,4316,169,14087,0.9623,11.0,0.27,8003.93,44.9526,47458.45,7
2026-06-30,West,Apparel,Northwind Foods,6290,6080,210,20153,0.9666,12.07,0.76,12118.19,44.9526,73386.34,7
2026-06-30,West,Beauty,Kestrel Logistics,8281,7776,505,20535,0.939,11.28,0.21,14296.07,42.2188,87711.37,7
2026-06-30,West,Beauty,Northwind Foods,5705,5502,203,20430,0.9644,10.04,0.3,10126.13,42.2188,55237.13,7
2026-06-30,West,Electronics,Kestrel Logistics,21906,21080,826,57907,0.9623,8.71,0.07,41279.57,24.2555,183618.23,7
2026-06-30,West,Electronics,Northwind Foods,20703,19620,1083,62926,0.9477,8.64,0.74,35360.63,24.2555,169597.25,7
2026-06-30,West,Home,Kestrel Logistics,4788,4572,216,13351,0.9549,11.49,0.09,7536.83,28.3591,52529.25,7
2026-06-30,West,Home,Northwind Foods,8881,8544,337,27259,0.9621,9.43,0.3,15880.73,28.3591,80584.78,7
2026-06-30,West,Sports,Kestrel Logistics,1148,1109,39,2746,0.966,12.47,0.83,2149.5,102.4917,13827.65,7
2026-06-30,West,Sports,Northwind Foods,530,510,20,1621,0.9623,11.0,0.21,1000.06,102.4917,5607.67,7
2026-07-07,Central,Apparel,Kestrel Logistics,7442,7168,274,22053,0.9632,11.8,0.24,11433.86,19.8136,84614.91,7
2026-07-07,Central,Apparel,Northwind Foods,6138,6021,117,19837,0.9809,9.71,0.82,11473.91,19.8136,58476.04,7
2026-07-07,Central,Beauty,Kestrel Logistics,6347,6063,284,22581,0.9553,9.68,0.41,11717.61,11.4141,58688.24,7
2026-07-07,Central,Beauty,Northwind Foods,6624,6440,184,19684,0.9722,10.84,0.42,11912.24,11.4141,69813.34,7
2026-07-07,Central,Electronics,Kestrel Logistics,4272,4151,121,12981,0.9717,10.91,0.53,7758.12,20.2912,45277.38,7
2026-07-07,Central,Electronics,Northwind Foods,5865,5720,145,16347,0.9753,11.54,0.09,10782.79,20.2912,66005.54,7
2026-07-07,Central,Home,Kestrel Logistics,11788,11527,261,35429,0.9779,11.06,0.19,21473.49,21.615,127474.77,7
2026-07-07,Central,Home,Northwind Foods,12225,11988,237,36410,0.9806,10.12,0.1,23170.83,21.615,121309.37,7
2026-07-07,Central,Sports,Kestrel Logistics,5957,5738,219,17350,0.9632,10.78,0.61,10701.15,31.2882,61883.39,7
2026-07-07,Central,Sports,Northwind Foods,9011,8791,220,33628,0.9756,10.82,0.02,17242.1,31.2882,95106.82,7
2026-07-07,East,Apparel,Kestrel Logistics,3511,3455,56,12766,0.9841,9.17,0.43,6676.95,24.2254,31692.96,7
2026-07-07,East,Apparel,Northwind Foods,6894,6683,211,18641,0.9694,10.42,0.74,12414.35,24.2254,69652.7,7
2026-07-07,East,Beauty,Kestrel Logistics,633,604,29,1452,0.9542,9.88,0.18,1056.1,122.14,5965.22,7
2026-07-07,East,Beauty,Northwind Foods,665,634,31,1830,0.9534,11.1,0.32,1149.52,122.14,7040.36,7
2026-07-07,East,Electronics,Kestrel Logistics,7540,7332,208,18601,0.9724,10.66,1.23,13964.6,13.949,78181.26,7
2026-07-07,East,Electronics,Northwind Foods,20793,20133,660,54859,0.9683,9.57,0.63,37253.13,13.949,192703.81,7
2026-07-07,East,Home,Kestrel Logistics,8516,8206,310,23512,0.9636,11.26,0.25,15887.7,13.5337,92398.4,7
2026-07-07,East,Home,Northwind Foods,11617,11038,579,25734,0.9502,12.03,0.12,21365.11,13.5337,132761.06,7
2026-07-07,East,Sports,Kestrel Logistics,6833,6321,512,21735,0.9251,10.2,0.32,11593.65,26.8873,64474.93,7
2026-07-07,East,Sports,Northwind Foods,3375,3251,124,9668,0.9633,10.26,0.08,5993.71,26.8873,33343.56,7
2026-07-07,North,Apparel,Kestrel Logistics,10547,10148,399,32645,0.9622,7.64,0.27,19008.36,18.4662,77577.1,7
2026-07-07,North,Apparel,Northwind Foods,8273,7951,322,25712,0.9611,11.89,0.2,14273.87,18.4662,94538.49,7
2026-07-07,North,Beauty,Kestrel Logistics,10788,10685,103,35567,0.9905,8.38,0.8,19789.74,20.346,89501.6,7
2026-07-07,North,Beauty,Northwind Foods,8255,7942,313,21191,0.9621,12.12,0.64,13487.07,20.346,96227.74,7
2026-07-07,North,Electronics,Kestrel Logistics,6569,6242,327,19641,0.9502,10.28,0.41,10679.39,38.5134,64167.93,7
2026-07-07,North,Electronics,Northwind Foods,7715,7276,439,25588,0.9431,9.02,0.06,15378.52,38.5134,65618.09,7
2026-07-07,North,Home,Kestrel Logistics,25333,24227,1106,61301,0.9563,13.35,0.5,45666.68,14.7606,323391.37,7
2026-07-07,North,Home,Northwind Foods,16327,14988,1339,47316,0.918,14.04,1.02,27945.24,14.7606,210404.15,7
2026-07-07,North,Sports,Kestrel Logistics,11927,11400,527,41741,0.9558,11.5,0.77,20070.67,30.1032,131090.42,7
2026-07-07,North,Sports,Northwind Foods,15589,14932,657,50644,0.9579,11.99,0.09,28323.73,30.1032,179020.99,7
2026-07-07,South,Apparel,Kestrel Logistics,17247,16911,336,47000,0.9805,11.22,0.48,30449.24,24.6482,189732.31,7
2026-07-07,South,Apparel,Northwind Foods,7166,7058,108,22021,0.9849,8.39,0.53,13393.91,24.6482,59236.47,7
2026-07-07,South,Beauty,Kestrel Logistics,5227,5009,218,14245,0.9583,9.86,0.46,9707.72,34.2002,49372.02,7
2026-07-07,South,Beauty,Northwind Foods,8007,7738,269,22748,0.9664,10.23,0.24,13293.49,34.2002,79168.17,7
2026-07-07,South,Electronics,Kestrel Logistics,6786,6546,240,21213,0.9646,10.34,0.01,11524.84,27.2341,67688.56,7
2026-07-07,South,Electronics,Northwind Foods,16883,16604,279,47589,0.9835,11.22,2.45,31738.16,27.2341,186242.49,7
2026-07-07,South,Home,Kestrel Logistics,7199,6725,474,22683,0.9342,8.29,0.21,12080.45,32.0026,55747.99,7
2026-07-07,South,Home,Northwind Foods,4410,4191,219,13008,0.9503,12.22,0.19,7542.54,32.0026,51201.53,7
2026-07-07,South,Sports,Kestrel Logistics,10907,10673,234,28594,0.9785,9.77,0.08,20497.76,32.1121,104267.35,7
2026-07-07,South,Sports,Northwind Foods,7203,6894,309,21632,0.9571,11.11,1.62,11705.79,32.1121,76557.98,7
2026-07-07,West,Apparel,Kestrel Logistics,11980,11574,406,32302,0.9661,11.43,0.03,21055.81,21.2292,132250.04,7
2026-07-07,West,Apparel,Northwind Foods,16319,16303,16,45877,0.999,10.43,0.07,31366.85,21.2292,169983.39,7
2026-07-07,West,Beauty,Kestrel Logistics,5798,5471,327,20060,0.9436,11.23,0.48,10179.39,24.231,61438.92,7
2026-07-07,West,Beauty,Northwind Foods,4069,3871,198,11345,0.9513,9.44,0.19,7151.28,24.231,36525.86,7
2026-07-07,West,Electronics,Kestrel Logistics,15376,14349,1027,47506,0.9332,10.08,0.1,24757.1,24.0878,144568.73,7
2026-07-07,West,Electronics,Northwind Foods,13697,13354,343,49758,0.975,10.7,0.3,25006.78,24.0878,142924.21,7
2026-07-07,West,Home,Kestrel Logistics,7268,7121,147,17762,0.9798,10.78,0.3,12399.55,34.5822,76790.21,7
2026-07-07,West,Home,Northwind Foods,13651,13308,343,40511,0.9749,10.34,0.46,25221.07,34.5822,137620.67,7
2026-07-07,West,Sports,Kestrel Logistics,11340,10898,442,29496,0.961,11.01,0.14,19087.83,24.2889,119986.24,7
2026-07-07,West,Sports,Northwind Foods,5146,5006,140,15427,0.9728,9.93,0.92,9576.61,24.2889,49684.69,7
2026-07-14,Central,Apparel,Kestrel Logistics,12227,11837,390,28450,0.9681,10.14,0.66,21867.75,14.0991,120076.95,7
2026-07-14,Central,Apparel,Northwind Foods,10196,9943,253,35851,0.9752,10.61,0.13,17198.8,14.0991,105500.73,7
2026-07-14,Central,Beauty,Kestrel Logistics,10699,10681,18,28575,0.9983,11.58,0.03,19862.35,24.281,123700.25,7
2026-07-14,Central,Beauty,Northwind Foods,11930,11345,585,35655,0.951,13.23,0.08,20935.25,24.281,150046.46,7
2026-07-14,Central,Electronics,Kestrel Logistics,7684,7522,162,24427,0.9789,11.2,0.5,14056.82,24.9016,84278.03,7
2026-07-14,Central,Electronics,Northwind Foods,10813,10366,447,31061,0.9587,10.46,0.29,18321.1,24.9016,108471.93,7
2026-07-14,Central,Home,Kestrel Logistics,14709,14532,177,43268,0.988,10.39,0.73,28451.16,20.4865,150965.97,7
2026-07-14,Central,Home,Northwind Foods,16401,15113,1288,51076,0.9215,9.56,0.03,28374.23,20.4865,144517.33,7
2026-07-14,Central,Sports,Kestrel Logistics,4733,4570,163,12586,0.9656,9.25,0.15,8201.12,16.7716,42293.01,7
2026-07-14,Central,Sports,Northwind Foods,7061,7001,60,22982,0.9915,10.55,0.02,13071.68,16.7716,73873.79,7
2026-07-14,East,Apparel,Kestrel Logistics,7186,7007,179,23629,0.9751,10.29,1.0,11971.12,19.3077,72117.04,7
2026-07-14,East,Apparel,Northwind Foods,13899,13552,347,41892,0.975,11.54,0.3,23382.58,19.3077,156421.19,7
2026-07-14,East,Beauty,Kestrel Logistics,3993,3893,100,10914,0.975,10.2,0.36,7487.68,7.4056,39723.36,7
2026-07-14,East,Beauty,Northwind Foods,4279,4080,199,12743,0.9535,10.5,1.05,7669.89,7.4056,42849.57,7
2026-07-14,East,Electronics,Kestrel Logistics,6864,6549,315,22118,0.9541,10.07,0.2,12270.28,22.7096,65963.75,7
2026-07-14,East,Electronics,Northwind Foods,18921,17983,938,52085,0.9504,15.14,0.18,31787.73,22.7096,272311.66,7
2026-07-14,East,Home,Kestrel Logistics,11634,11431,203,30284,0.9826,8.76,0.86,21906.82,18.0661,100136.65,7
2026-07-14,East,Home,Northwind Foods,15605,15375,230,39890,0.9853,8.1,1.5,28195.98,18.0661,124596.73,7
2026-07-14,East,Sports,Kestrel Logistics,9091,8653,438,24548,0.9518,12.87,0.37,14194.17,24.9625,111373.06,7
2026-07-14,East,Sports,Northwind Foods,4673,4450,223,14344,0.9523,12.06,0.44,8589.0,24.9625,53680.46,7
2026-07-14,North,Apparel,Kestrel Logistics,13025,12741,284,44616,0.9782,12.79,0.01,23868.07,19.0619,162964.14,7
2026-07-14,North,Apparel,Northwind Foods,10471,9983,488,24561,0.9534,10.05,0.34,19421.65,19.0619,100284.07,7
2026-07-14,North,Beauty,Kestrel Logistics,14904,14478,426,42362,0.9714,10.73,0.06,26110.06,17.2101,155417.39,7
2026-07-14,North,Beauty,Northwind Foods,11362,10760,602,27885,0.947,12.04,0.23,19377.14,17.2101,129531.31,7
2026-07-14,North,Electronics,Kestrel Logistics,5664,5457,207,15768,0.9635,11.25,0.35,9841.17,26.4972,61408.81,7
2026-07-14,North,Electronics,Northwind Foods,6501,6361,140,17619,0.9785,10.64,0.38,11786.53,26.4972,67651.62,7
2026-07-14,North,Home,Kestrel Logistics,19657,18861,796,61587,0.9595,11.56,0.38,33658.0,14.5597,217961.72,7
2026-07-14,North,Home,Northwind Foods,11868,11668,200,31170,0.9831,12.23,0.03,20574.5,14.5597,142681.42,7
2026-07-14,North,Sports,Kestrel Logistics,6130,5808,322,19546,0.9475,10.76,0.39,11468.23,19.0823,62471.49,7
2026-07-14,North,Sports,Northwind Foods,7914,7607,307,23134,0.9612,10.05,0.41,13341.04,19.0823,76469.13,7
2026-07-14,South,Apparel,Kestrel Logistics,21167,20134,1033,76353,0.9512,11.35,0.47,41443.58,20.4857,228555.11,7
2026-07-14,South,Apparel,Northwind Foods,8546,8403,143,23308,0.9833,13.77,0.14,15589.0,20.4857,115740.98,7
2026-07-14,South,Beauty,Kestrel Logistics,7993,7703,290,18574,0.9637,11.76,0.47,14670.16,28.4998,90555.23,7
2026-07-14,South,Beauty,Northwind Foods,12252,11900,352,27281,0.9713,12.22,0.5,22423.46,28.4998,145382.96,7
2026-07-14,South,Electronics,Kestrel Logistics,4271,4075,196,12942,0.9541,11.15,1.12,7456.5,26.4943,45445.13,7
2026-07-14,South,Electronics,Northwind Foods,10924,10335,589,37735,0.9461,11.38,0.22,18104.87,26.4943,117640.21,7
2026-07-14,South,Home,Kestrel Logistics,16577,16057,520,50743,0.9686,12.01,0.32,28758.96,16.5902,192781.93,7
2026-07-14,South,Home,Northwind Foods,10110,10008,102,31293,0.9899,12.26,0.93,18582.09,16.5902,122661.52,7
2026-07-14,South,Sports,Kestrel Logistics,15942,15472,470,48139,0.9705,10.03,0.11,29224.5,26.7675,155164.55,7
2026-07-14,South,Sports,Northwind Foods,10556,9995,561,32106,0.9469,11.37,0.13,18061.02,26.7675,113637.66,7
2026-07-14,West,Apparel,Kestrel Logistics,8765,8756,9,28929,0.999,10.91,0.05,15115.77,18.9609,95494.59,7
2026-07-14,West,Apparel,Northwind Foods,12815,12333,482,32574,0.9624,11.54,0.51,23317.73,18.9609,142320.14,7
2026-07-14,West,Beauty,Kestrel Logistics,10351,9918,433,35016,0.9582,14.75,0.04,18855.64,23.1223,146293.34,7
2026-07-14,West,Beauty,Northwind Foods,7234,7018,216,22776,0.9701,10.57,0.55,13167.49,23.1223,74169.32,7
2026-07-14,West,Electronics,Kestrel Logistics,7617,7098,519,22165,0.9319,12.34,0.51,12677.01,34.2826,87602.93,7
2026-07-14,West,Electronics,Northwind Foods,6669,6606,63,24147,0.9906,8.85,0.27,11860.41,34.2826,58432.24,7
2026-07-14,West,Home,Kestrel Logistics,895,894,1,3271,0.9989,11.18,0.72,1441.12,33.7535,9998.2,7
2026-07-14,West,Home,Northwind Foods,1728,1670,58,4249,0.9664,9.79,0.12,3157.7,33.7535,16353.08,7
2026-07-14,West,Sports,Kestrel Logistics,8882,8294,588,25923,0.9338,9.65,0.29,16597.82,26.3225,80059.36,7
2026-07-14,West,Sports,Northwind Foods,3957,3810,147,9989,0.9629,14.6,0.19,7049.23,26.3225,55610.85,7
2026-07-21,Central,Apparel,Kestrel Logistics,9587,9502,85,26986,0.9911,10.98,0.6,18301.95,9.5273,104289.02,7
2026-07-21,Central,Apparel,Northwind Foods,8333,7982,351,23185,0.9579,9.99,0.04,12849.72,9.5273,79712.87,7
2026-07-21,Central,Beauty,Kestrel Logistics,16089,15283,806,47237,0.9499,12.24,0.78,26240.54,22.0601,187028.45,7
2026-07-21,Central,Beauty,Northwind Foods,16704,16232,472,53304,0.9717,9.81,0.18,30846.63,22.0601,159299.16,7
2026-07-21,Central,Electronics,Kestrel Logistics,7767,7417,350,20004,0.9549,11.92,0.45,14408.5,29.4412,88378.11,7
2026-07-21,Central,Electronics,Northwind Foods,10730,10222,508,32615,0.9527,10.25,0.0,19402.84,29.4412,104792.46,7
2026-07-21,Central,Home,Kestrel Logistics,1984,1962,22,5325,0.9889,8.47,0.1,3501.35,48.4822,16619.0,7
2026-07-21,Central,Home,Northwind Foods,2100,2040,60,5988,0.9714,9.14,0.01,3551.97,48.4822,18643.84,7
2026-07-21,Central,Sports,Kestrel Logistics,8132,7914,218,23393,0.9732,8.8,0.17,15356.6,26.5303,69675.56,7
2026-07-21,Central,Sports,Northwind Foods,12325,12127,198,35484,0.9839,10.68,0.26,22464.24,26.5303,129509.34,7
2026-07-21,East,Apparel,Kestrel Logistics,10243,9640,603,27991,0.9411,8.86,0.14,17796.47,23.3855,85393.77,7
2026-07-21,East,Apparel,Northwind Foods,19813,18645,1168,68707,0.941,13.13,0.39,33560.0,23.3855,244726.37,7
2026-07-21,East,Beauty,Kestrel Logistics,6445,6063,382,21331,0.9407,11.58,0.07,11230.32,17.1154,70203.89,7
2026-07-21,East,Beauty,Northwind Foods,6522,6356,166,14050,0.9745,9.55,0.23,11367.69,17.1154,60682.25,7
2026-07-21,East,Electronics,Kestrel Logistics,6662,6465,197,19080,0.9704,8.87,0.33,12023.58,19.2009,57372.07,7
2026-07-21,East,Electronics,Northwind Foods,18473,17751,722,56215,0.9609,10.18,0.54,34557.96,19.2009,180689.03,7
2026-07-21,East,Home,Kestrel Logistics,6845,6479,366,17158,0.9465,9.6,0.28,11966.52,22.3137,62183.58,7
2026-07-21,East,Home,Northwind Foods,9228,8716,512,24733,0.9445,13.86,0.45,15836.41,22.3137,120768.46,7
2026-07-21,East,Sports,Kestrel Logistics,11224,10933,291,33010,0.9741,10.71,0.15,19220.42,22.751,117061.06,7
2026-07-21,East,Sports,Northwind Foods,5836,5622,214,20913,0.9633,10.73,0.63,9984.35,22.751,60297.29,7
2026-07-21,North,Apparel,Kestrel Logistics,2890,2820,70,8803,0.9758,11.65,2.69,5644.2,45.6488,32845.37,7
2026-07-21,North,Apparel,Northwind Foods,2245,2209,36,5201,0.984,11.99,0.31,4332.55,45.6488,26495.7,7
2026-07-21,North,Beauty,Kestrel Logistics,10039,9553,486,29214,0.9516,10.54,0.82,18187.45,24.2763,100725.32,7
2026-07-21,North,Beauty,Northwind Foods,7346,7099,247,24477,0.9664,9.84,0.06,11956.74,24.2763,69871.76,7
2026-07-21,North,Electronics,Kestrel Logistics,10692,10219,473,26895,0.9558,12.05,0.49,17759.8,19.475,123124.06,7
2026-07-21,North,Electronics,Northwind Foods,12596,11912,684,31747,0.9457,10.68,1.81,22983.62,19.475,127247.66,7
2026-07-21,North,Home,Kestrel Logistics,21922,21288,634,75896,0.9711,13.83,0.4,38246.52,21.5721,294314.15,7
2026-07-21,North,Home,Northwind Foods,13543,13169,374,35020,0.9724,9.36,0.06,23787.99,21.5721,123319.12,7
2026-07-21,North,Sports,Kestrel Logistics,14679,13958,721,33171,0.9509,10.99,1.16,27955.8,22.431,153367.03,7
2026-07-21,North,Sports,Northwind Foods,19717,18282,1435,54359,0.9272,9.94,0.29,37036.36,22.431,181670.85,7
2026-07-21,South,Apparel,Kestrel Logistics,13561,13106,455,40005,0.9664,9.18,0.26,22477.05,28.2294,120346.86,7
2026-07-21,South,Apparel,Northwind Foods,5544,5470,74,17190,0.9867,9.38,1.19,9653.41,28.2294,51286.8,7
2026-07-21,South,Beauty,Kestrel Logistics,4820,4815,5,12620,0.999,9.64,0.16,9150.02,15.8222,46422.7,7
2026-07-21,South,Beauty,Northwind Foods,7918,7439,479,21077,0.9395,9.78,0.29,14294.04,15.8222,72722.18,7
2026-07-21,South,Electronics,Kestrel Logistics,4976,4836,140,16460,0.9719,9.63,0.09,8472.84,20.2644,46568.02,7
2026-07-21,South,Electronics,Northwind Foods,12716,12264,452,31946,0.9645,10.42,0.47,24099.61,20.2644,127791.37,7
2026-07-21,South,Home,Kestrel Logistics,6782,6500,282,20656,0.9584,9.9,0.1,11585.03,23.3224,64374.85,7
2026-07-21,South,Home,Northwind Foods,4167,4051,116,12525,0.9722,11.97,0.25,7765.47,23.3224,48505.76,7
2026-07-21,South,Sports,Kestrel Logistics,4810,4805,5,15000,0.999,10.45,0.78,8872.75,21.7195,50211.5,7
2026-07-21,South,Sports,Northwind Foods,3261,3104,157,9594,0.9519,9.75,0.37,5921.32,21.7195,30259.84,7
2026-07-21,West,Apparel,Kestrel Logistics,11046,10823,223,31642,0.9798,11.3,0.23,20470.45,16.1267,122308.85,7
2026-07-21,West,Apparel,Northwind Foods,15507,15244,263,43080,0.983,12.39,0.04,30881.4,16.1267,188872.77,7
2026-07-21,West,Beauty,Kestrel Logistics,8538,8085,453,28503,0.9469,8.99,1.27,15060.41,26.5673,72714.37,7
2026-07-21,West,Beauty,Northwind Foods,5865,5721,144,19638,0.9754,10.86,1.0,10417.69,26.5673,62132.55,7
2026-07-21,West,Electronics,Kestrel Logistics,7013,6661,352,19468,0.9498,9.21,0.11,11611.55,38.2253,61349.32,7
2026-07-21,West,Electronics,Northwind Foods,6275,6200,75,15786,0.988,9.4,0.16,11412.35,38.2253,58281.29,7
2026-07-21,West,Home,Kestrel Logistics,6537,6115,422,22620,0.9354,11.74,0.8,12217.05,28.0083,71807.15,7
2026-07-21,West,Home,Northwind Foods,11780,11428,352,37847,0.9701,12.83,0.85,23176.58,28.0083,146616.57,7
2026-07-21,West,Sports,Kestrel Logistics,9313,9040,273,24448,0.9707,10.21,1.97,17309.24,30.7059,92297.31,7
2026-07-21,West,Sports,Northwind Foods,4474,4153,321,15208,0.9283,9.79,0.33,7615.32,30.7059,40673.37,7
2026-07-28,Central,Apparel,Kestrel Logistics,12792,11886,906,35917,0.9292,9.76,0.88,23349.01,30.7356,116004.92,7
2026-07-28,Central,Apparel,Northwind Foods,10505,9984,521,34680,0.9504,9.84,0.29,20364.94,30.7356,98288.42,7
2026-07-28,Central,Beauty,Kestrel Logistics,10899,10888,11,35852,0.999,10.6,0.22,20054.21,20.1676,115385.03,7
2026-07-28,Central,Beauty,Northwind Foods,11865,11565,300,39181,0.9747,11.64,0.17,21066.41,20.1676,134667.73,7
2026-07-28,Central,Electronics,Kestrel Logistics,11263,10817,446,34661,0.9604,12.75,0.1,20786.67,27.5128,137922.2,7
2026-07-28,Central,Electronics,Northwind Foods,15058,14908,150,37725,0.99,13.91,0.4,25211.34,27.5128,207424.47,7
2026-07-28,Central,Home,Kestrel Logistics,8204,8048,156,24084,0.981,11.94,0.34,15819.13,32.4066,96092.31,7
2026-07-28,Central,Home,Northwind Foods,8671,8369,302,28233,0.9652,12.83,0.68,16444.78,32.4066,107401.66,7
2026-07-28,Central,Sports,Kestrel Logistics,10712,10271,441,24817,0.9588,11.84,0.09,19336.1,14.4502,121576.87,7
2026-07-28,Central,Sports,Northwind Foods,15973,15737,236,45771,0.9852,10.41,0.89,30133.94,14.4502,163795.06,7
2026-07-28,East,Apparel,Kestrel Logistics,3853,3739,114,11507,0.9704,13.28,0.22,7027.72,19.1385,49662.84,7
2026-07-28,East,Apparel,Northwind Foods,7487,7230,257,23526,0.9657,10.51,0.1,12708.19,19.1385,75999.12,7
2026-07-28,East,Beauty,Kestrel Logistics,5112,4921,191,14167,0.9626,11.37,0.42,9342.91,27.3341,55938.51,7
2026-07-28,East,Beauty,Northwind Foods,5291,5159,132,13710,0.9751,11.57,0.48,9242.72,27.3341,59668.95,7
2026-07-28,East,Electronics,Kestrel Logistics,8323,8238,85,23005,0.9898,13.44,0.4,15635.65,25.2613,110688.84,7
2026-07-28,East,Electronics,Northwind Foods,23495,22622,873,69164,0.9628,11.18,1.16,40252.28,25.2613,252866.49,7
2026-07-28,East,Home,Kestrel Logistics,4760,4634,126,10890,0.9735,13.57,0.07,8734.56,33.3276,62900.08,7
2026-07-28,East,Home,Northwind Foods,6316,6232,84,18702,0.9867,8.99,0.03,12291.93,33.3276,56042.82,7
2026-07-28,East,Sports,Kestrel Logistics,8239,7893,346,23726,0.958,9.03,0.03,15268.65,33.117,71284.77,7
2026-07-28,East,Sports,Northwind Foods,4076,4059,17,14211,0.9958,10.74,0.03,7632.47,33.117,43591.16,7
2026-07-28,North,Apparel,Kestrel Logistics,8831,8608,223,17960,0.9747,8.69,0.84,15839.38,29.2306,74793.79,7
2026-07-28,North,Apparel,Northwind Foods,6784,6745,39,17481,0.9943,9.95,0.19,13582.78,29.2306,67091.88,7
2026-07-28,North,Beauty,Kestrel Logistics,9756,9205,551,29523,0.9435,9.55,0.5,18316.01,19.08,87874.52,7
2026-07-28,North,Beauty,Northwind Foods,6849,6842,7,23141,0.999,11.92,0.34,12987.45,19.08,81523.25,7
2026-07-28,North,Electronics,Kestrel Logistics,5988,5824,164,19340,0.9726,12.59,0.89,9695.68,22.5885,73311.95,7
2026-07-28,North,Electronics,Northwind Foods,7127,6789,338,20898,0.9526,11.24,0.67,12979.95,22.5885,76282.12,7
2026-07-28,North,Home,Kestrel Logistics,16822,16805,17,51629,0.999,10.62,0.79,32256.72,15.7816,178547.32,7
2026-07-28,North,Home,Northwind Foods,10694,10396,298,34512,0.9721,10.06,0.12,18544.44,15.7816,104575.2,7
2026-07-28,North,Sports,Kestrel Logistics,8062,7911,151,22507,0.9813,10.46,0.18,15689.35,22.0831,82719.79,7
2026-07-28,North,Sports,Northwind Foods,10872,10361,511,30105,0.953,9.18,0.7,18784.33,22.0831,95065.15,7
2026-07-28,South,Apparel,Kestrel Logistics,8623,8431,192,29668,0.9777,12.09,0.25,15137.04,45.638,101923.26,7
2026-07-28,South,Apparel,Northwind Foods,3569,3519,50,11107,0.986,14.6,0.11,7114.92,45.638,51390.18,7
2026-07-28,South,Beauty,Kestrel Logistics,5261,5210,51,18487,0.9903,10.14,0.18,9464.44,22.5834,52848.35,7
2026-07-28,South,Beauty,Northwind Foods,8493,8049,444,23839,0.9477,10.63,1.13,14121.92,22.5834,85555.86,7
2026-07-28,South,Electronics,Kestrel Logistics,3120,3044,76,9562,0.9756,11.18,0.58,6063.92,21.734,34038.22,7
2026-07-28,South,Electronics,Northwind Foods,7823,7722,101,24236,0.9871,10.94,0.81,13986.47,21.734,84481.1,7
2026-07-28,South,Home,Kestrel Logistics,9267,8980,287,32452,0.969,11.74,1.06,17229.7,26.2668,105443.9,7
2026-07-28,South,Home,Northwind Foods,5779,5598,181,21795,0.9687,10.41,0.49,9820.19,26.2668,58293.67,7
2026-07-28,South,Sports,Kestrel Logistics,13558,13240,318,35798,0.9765,9.66,0.32,25497.3,19.8805,127875.33,7
2026-07-28,South,Sports,Northwind Foods,8875,8552,323,30988,0.9636,9.67,0.42,16919.06,19.8805,82656.56,7
2026-07-28,West,Apparel,Kestrel Logistics,5830,5537,293,16442,0.9497,9.36,0.66,10160.37,17.6772,51847.92,7
2026-07-28,West,Apparel,Northwind Foods,8076,7798,278,29743,0.9656,11.52,0.01,14741.12,17.6772,89819.5,7
2026-07-28,West,Beauty,Kestrel Logistics,7252,6900,352,15166,0.9515,10.98,0.08,12608.47,27.7581,75762.05,7
2026-07-28,West,Beauty,Northwind Foods,5161,4883,278,14236,0.9461,12.02,0.1,9868.69,27.7581,58696.71,7
2026-07-28,West,Electronics,Kestrel Logistics,9209,8882,327,23072,0.9645,11.15,0.07,16301.29,30.5353,99063.6,7
2026-07-28,West,Electronics,Northwind Foods,8530,8266,264,25800,0.9691,8.44,0.33,16017.16,30.5353,69772.7,7
2026-07-28,West,Home,Kestrel Logistics,3897,3796,101,9750,0.9741,11.97,0.38,6927.92,16.8477,45440.8,7
2026-07-28,West,Home,Northwind Foods,7322,7094,228,22358,0.9689,8.64,0.45,11915.38,16.8477,61297.8,7
2026-07-28,West,Sports,Kestrel Logistics,25844,25621,223,82112,0.9914,13.59,0.25,47059.01,18.3932,348228.28,7
2026-07-28,West,Sports,Northwind Foods,12341,11770,571,43169,0.9537,10.65,0.35,21604.35,18.3932,125371.69,7
2026-08-04,Central,Apparel,Kestrel Logistics,18478,16697,1781,41122,0.9036,11.13,1.07,31855.94,21.3776,185880.78,7
2026-08-04,Central,Apparel,Northwind Foods,14606,14024,582,53948,0.9602,12.5,0.64,25087.83,20.8766,175297.73,7
2026-08-04,Central,Beauty,Kestrel Logistics,5200,4575,625,10022,0.8798,11.63,0.73,8334.33,17.2429,53221.63,7
2026-08-04,Central,Beauty,Northwind Foods,4990,4859,131,17373,0.9737,8.17,0.45,9320.44,16.8387,39702.72,7
2026-08-04,Central,Electronics,Kestrel Logistics,8469,7856,613,20421,0.9276,15.86,0.73,13770.09,21.1436,124600.55,7
2026-08-04,Central,Electronics,Northwind Foods,11389,10828,561,33321,0.9507,9.29,0.28,19717.08,20.648,100594.7,7
2026-08-04,Central,Home,Kestrel Logistics,8731,8119,612,21431,0.9299,14.4,0.75,16054.98,23.7965,116904.99,7
2026-08-04,Central,Home,Northwind Foods,9043,8444,599,23927,0.9338,10.99,0.27,15820.07,23.2388,92762.06,7
2026-08-04,Central,Sports,Kestrel Logistics,6513,5892,621,14024,0.9047,12.58,0.9,10573.66,34.9074,74096.05,7
2026-08-04,Central,Sports,Northwind Foods,9099,9028,71,24017,0.9922,10.6,0.26,17853.07,34.0892,95705.44,7
2026-08-04,East,Apparel,Kestrel Logistics,3821,3553,268,10163,0.9299,14.68,1.27,6454.02,17.7493,52166.96,7
2026-08-04,East,Apparel,Northwind Foods,7083,6872,211,19487,0.9702,10.95,0.26,13978.92,17.3333,75278.1,7
2026-08-04,East,Beauty,Kestrel Logistics,13531,12526,1005,36615,0.9257,11.14,0.67,21595.19,19.5605,139515.68,7
2026-08-04,East,Beauty,Northwind Foods,13727,13131,596,45069,0.9566,11.44,0.52,23058.37,19.102,150169.72,7
2026-08-04,East,Electronics,Kestrel Logistics,967,873,94,2011,0.9028,12.39,0.96,1642.0,24.9769,10816.79,7
2026-08-04,East,Electronics,Northwind Foods,2515,2397,118,8230,0.9531,13.27,0.23,4195.82,24.3915,31811.83,7
2026-08-04,East,Home,Kestrel Logistics,5524,5064,460,15538,0.9167,8.24,1.0,9072.35,40.4347,41703.41,7
2026-08-04,East,Home,Northwind Foods,7165,6811,354,19338,0.9506,10.36,0.13,12438.14,39.487,70577.43,7
2026-08-04,East,Sports,Kestrel Logistics,20288,18418,1870,46401,0.9078,13.04,0.92,32222.92,15.3497,240087.08,7
2026-08-04,East,Sports,Northwind Foods,9608,9472,136,29623,0.9858,11.89,0.15,16780.75,14.9899,112604.65,7
2026-08-04,North,Apparel,Kestrel Logistics,19427,17340,2087,45682,0.8926,12.21,0.88,33707.64,18.6189,211724.4,7
2026-08-04,North,Apparel,Northwind Foods,14421,13586,835,45472,0.9421,11.14,0.09,24015.8,18.1826,151346.63,7
2026-08-04,North,Beauty,Kestrel Logistics,23435,22083,1352,66028,0.9423,12.26,1.22,44663.47,22.3453,270839.76,7
2026-08-04,North,Beauty,Northwind Foods,16884,16413,471,44500,0.9721,10.19,0.53,33101.88,21.8216,167325.53,7
2026-08-04,North,Electronics,Kestrel Logistics,8101,7326,775,19322,0.9043,13.92,2.17,13219.51,30.7757,101955.03,7
2026-08-04,North,Electronics,Northwind Foods,8785,8540,245,25640,0.9721,11.65,0.3,16341.76,30.0544,99477.55,7
2026-08-04,North,Home,Kestrel Logistics,3169,2874,295,7031,0.9069,14.42,1.23,5517.92,38.8008,41455.61,7
2026-08-04,North,Home,Northwind Foods,1817,1778,39,4966,0.9785,10.68,0.42,3179.47,37.8914,18982.92,7
2026-08-04,North,Sports,Kestrel Logistics,5313,4753,560,15229,0.8946,12.04,0.75,8974.15,18.1936,57245.5,7
2026-08-04,North,Sports,Northwind Foods,6497,6225,272,17760,0.9581,10.89,0.92,11374.39,17.7672,67786.74,7
2026-08-04,South,Apparel,Kestrel Logistics,12213,10599,1614,33437,0.8678,10.64,1.0,19820.73,13.747,112808.6,7
2026-08-04,South,Apparel,Northwind Foods,4466,4423,43,13671,0.9904,11.28,0.52,8972.35,13.4248,49881.63,7
2026-08-04,South,Beauty,Kestrel Logistics,7286,6580,706,17149,0.9031,10.34,1.36,11487.13,31.1389,68062.9,7
2026-08-04,South,Beauty,Northwind Foods,10381,10167,214,32450,0.9794,11.33,0.54,20951.15,30.4091,115149.47,7
2026-08-04,South,Electronics,Kestrel Logistics,7335,6893,442,17208,0.9397,9.56,2.12,12952.09,21.8754,65920.4,7
2026-08-04,South,Electronics,Northwind Foods,18256,17482,774,41738,0.9576,9.56,0.1,33065.22,21.3627,167148.59,7
2026-08-04,South,Home,Kestrel Logistics,18924,17020,1904,43548,0.8994,15.51,0.83,32749.09,25.2826,263921.99,7
2026-08-04,South,Home,Northwind Foods,11142,10609,533,29182,0.9522,10.75,0.32,18660.94,24.69,114098.06,7
2026-08-04,South,Sports,Kestrel Logistics,17150,15744,1406,49733,0.918,13.92,1.49,32334.19,15.1096,219222.49,7
2026-08-04,South,Sports,Northwind Foods,10566,10171,395,34219,0.9626,10.84,0.0,20256.56,14.7555,110213.9,7
2026-08-04,West,Apparel,Kestrel Logistics,9214,8147,1067,20802,0.8842,13.53,0.86,13640.03,25.6296,110243.93,7
2026-08-04,West,Apparel,Northwind Foods,11991,11476,515,43856,0.9571,14.29,0.7,21667.2,25.0289,164029.22,7
2026-08-04,West,Beauty,Kestrel Logistics,8352,7790,562,26296,0.9327,11.84,0.95,14946.14,23.1372,92249.51,7
2026-08-04,West,Beauty,Northwind Foods,5807,5513,294,19810,0.9494,9.93,0.02,10442.29,22.5949,54736.94,7
2026-08-04,West,Electronics,Kestrel Logistics,14442,13267,1175,39606,0.9186,11.83,1.42,24807.94,28.7365,156992.64,7
2026-08-04,West,Electronics,Northwind Foods,12777,12347,430,35976,0.9663,11.0,0.04,22573.34,28.063,135828.38,7
2026-08-04,West,Home,Kestrel Logistics,6658,5991,667,16771,0.8998,14.48,0.71,11009.26,16.6626,86772.72,7
2026-08-04,West,Home,Northwind Foods,11658,11195,463,38744,0.9603,10.22,0.23,20210.14,16.2721,114398.1,7
2026-08-04,West,Sports,Kestrel Logistics,9140,8297,843,21580,0.9078,10.17,1.07,16415.49,11.5379,84400.32,7
2026-08-04,West,Sports,Northwind Foods,3829,3811,18,11240,0.9953,12.44,0.39,7409.03,11.2675,47395.95,7
2026-08-11,Central,Apparel,Kestrel Logistics,10584,9255,1329,24646,0.8744,13.87,1.34,16684.01,24.7959,128362.48,7
2026-08-11,Central,Apparel,Northwind Foods,8123,7774,349,16507,0.957,9.85,0.5,13468.14,23.6602,76609.37,7
2026-08-11,Central,Beauty,Kestrel Logistics,17924,15189,2735,34760,0.8474,16.88,1.48,30682.46,24.8186,256457.3,7
2026-08-11,Central,Beauty,Northwind Foods,16946,16133,813,44145,0.952,11.84,0.73,27475.6,23.6818,190994.14,7
2026-08-11,Central,Electronics,Kestrel Logistics,4054,3474,580,7523,0.8569,13.87,1.51,5783.89,48.876,48171.86,7
2026-08-11,Central,Electronics,Northwind Foods,4960,4787,173,15112,0.9651,14.78,0.01,9241.53,46.6374,70765.05,7
2026-08-11,Central,Home,Kestrel Logistics,12056,10695,1361,29925,0.8871,15.84,1.5,19505.33,21.1591,169453.26,7
2026-08-11,Central,Home,Northwind Foods,11471,11123,348,36699,0.9697,10.42,0.27,20511.15,20.19,115879.19,7
2026-08-11,Central,Sports,Kestrel Logistics,8215,6727,1488,17620,0.8189,14.48,2.49,13089.77,27.9684,97377.06,7
2026-08-11,Central,Sports,Northwind Foods,10613,10306,307,29386,0.9711,10.04,0.4,18345.46,26.6874,103522.7,7
2026-08-11,East,Apparel,Kestrel Logistics,4775,4095,680,11815,0.8576,9.82,1.56,7677.81,32.3735,40220.18,7
2026-08-11,East,Apparel,Northwind Foods,8158,7920,238,20259,0.9708,10.42,0.28,15394.41,30.8907,82518.06,7
2026-08-11,East,Beauty,Kestrel Logistics,18914,16282,2632,44378,0.8608,14.4,1.52,29167.97,14.9758,234426.46,7
2026-08-11,East,Beauty,Northwind Foods,17672,17067,605,52389,0.9658,11.17,0.16,30560.97,14.2899,190681.51,7
2026-08-11,East,Electronics,Kestrel Logistics,5474,4686,788,11387,0.856,14.75,1.76,8470.95,22.5797,69119.91,7
2026-08-11,East,Electronics,Northwind Foods,13341,12867,474,41000,0.9645,12.78,0.51,23856.23,21.5456,164436.7,7
2026-08-11,East,Home,Kestrel Logistics,16391,13904,2487,41057,0.8483,14.26,1.25,26440.16,17.4975,198212.73,7
2026-08-11,East,Home,Northwind Foods,19160,18701,459,45551,0.976,9.24,0.98,34586.78,16.6961,172859.95,7
2026-08-11,East,Sports,Kestrel Logistics,15663,13895,1768,34251,0.8871,12.47,1.82,24731.27,14.4727,173247.28,7
2026-08-11,East,Sports,Northwind Foods,7538,7146,392,23266,0.948,8.07,0.67,12206.43,13.8099,57685.97,7
2026-08-11,North,Apparel,Kestrel Logistics,16166,13879,2287,42347,0.8585,14.28,2.21,27685.75,19.3434,198136.46,7
2026-08-11,North,Apparel,Northwind Foods,11422,10875,547,34278,0.9521,11.89,0.03,20084.86,18.4575,129300.58,7
2026-08-11,North,Beauty,Kestrel Logistics,7062,6065,997,14892,0.8588,11.05,1.76,11218.24,13.8641,67018.92,7
2026-08-11,North,Beauty,Northwind Foods,4806,4508,298,15431,0.938,12.29,0.05,8692.3,13.2291,55410.13,7
2026-08-11,North,Electronics,Kestrel Logistics,7615,6472,1143,14300,0.8499,13.85,1.33,11912.43,18.9443,89623.86,7
2026-08-11,North,Electronics,Northwind Foods,7956,7544,412,18460,0.9482,10.66,0.01,14237.14,18.0767,80423.22,7
2026-08-11,North,Home,Kestrel Logistics,9946,8598,1348,26808,0.8645,16.0,1.8,16251.27,23.9367,137586.08,7
2026-08-11,North,Home,Northwind Foods,5407,5319,88,15341,0.9837,12.34,0.54,10370.15,22.8404,65626.82,7
2026-08-11,North,Sports,Kestrel Logistics,10218,8467,1751,20703,0.8286,17.63,2.29,14602.45,45.9185,149287.48,7
2026-08-11,North,Sports,Northwind Foods,11372,11090,282,30269,0.9752,11.9,0.25,21828.33,43.8154,131961.61,7
2026-08-11,South,Apparel,Kestrel Logistics,11491,9628,1863,23745,0.8379,17.24,1.99,18056.33,15.7797,166031.12,7
2026-08-11,South,Apparel,Northwind Foods,4027,4019,8,11136,0.998,10.48,0.53,7135.44,15.057,42137.92,7
2026-08-11,South,Beauty,Kestrel Logistics,6172,5390,782,11974,0.8733,12.71,1.31,11168.25,31.5779,68519.15,7
2026-08-11,South,Beauty,Northwind Foods,8390,8327,63,24946,0.9925,9.54,0.27,15785.08,30.1316,79423.85,7
2026-08-11,South,Electronics,Kestrel Logistics,3472,2928,544,7591,0.8433,11.92,1.45,5407.84,26.2691,34893.29,7
2026-08-11,South,Electronics,Northwind Foods,7612,7425,187,25266,0.9754,12.05,0.07,12494.67,25.0659,89499.8,7
2026-08-11,South,Home,Kestrel Logistics,11832,10050,1782,22677,0.8494,14.93,1.33,18813.6,15.751,150047.14,7
2026-08-11,South,Home,Northwind Foods,6473,6264,209,24560,0.9677,11.8,0.1,11543.25,15.0296,73926.93,7
2026-08-11,South,Sports,Kestrel Logistics,16074,13710,2364,42429,0.8529,14.63,1.46,26474.77,18.5841,200556.5,7
2026-08-11,South,Sports,Northwind Foods,9172,8856,316,31798,0.9655,12.5,0.02,17803.45,17.7329,110705.26,7
2026-08-11,West,Apparel,Kestrel Logistics,8924,7807,1117,19602,0.8748,15.7,1.46,15550.55,20.3783,122533.84,7
2026-08-11,West,Apparel,Northwind Foods,11844,10995,849,31304,0.9283,11.08,0.02,18709.41,19.445,121807.76,7
2026-08-11,West,Beauty,Kestrel Logistics,13375,11358,2017,26607,0.8492,13.42,1.43,21288.69,23.8465,152369.35,7
2026-08-11,West,Beauty,Northwind Foods,8341,8037,304,21361,0.9636,10.07,0.01,15987.94,22.7543,80951.0,7
2026-08-11,West,Electronics,Kestrel Logistics,7158,6175,983,16344,0.8627,14.69,1.33,11337.15,38.8094,90680.22,7
2026-08-11,West,Electronics,Northwind Foods,6019,5748,271,17243,0.955,11.66,0.51,9773.65,37.0319,67045.83,7
2026-08-11,West,Home,Kestrel Logistics,9984,8196,1788,27782,0.8209,14.58,1.62,15918.12,32.381,119536.18,7
2026-08-11,West,Home,Northwind Foods,16143,15318,825,36837,0.9489,10.43,0.4,29002.45,30.8979,159763.07,7
2026-08-11,West,Sports,Kestrel Logistics,14802,12807,1995,34085,0.8652,13.91,1.26,22781.83,28.9984,178131.25,7
2026-08-11,West,Sports,Northwind Foods,6050,5883,167,17082,0.9724,13.23,0.13,9920.11,27.6702,77846.11,7
2026-08-18,Central,Apparel,Kestrel Logistics,10769,8461,2308,20126,0.7857,13.0,1.99,16828.2,20.0674,109996.92,7
2026-08-18,Central,Apparel,Northwind Foods,7391,7106,285,19665,0.9614,10.34,0.67,13867.83,18.7196,73470.16,7
2026-08-18,Central,Beauty,Kestrel Logistics,6259,4888,1371,12020,0.781,18.0,2.5,9562.09,23.7983,87977.41,7
2026-08-18,Central,Beauty,Northwind Foods,5371,5192,179,14886,0.9667,10.94,1.16,9811.97,22.1999,56804.14,7
2026-08-18,Central,Electronics,Kestrel Logistics,15685,12417,3268,33590,0.7916,16.84,1.9,24077.62,25.161,209087.03,7
2026-08-18,Central,Electronics,Northwind Foods,18079,17112,967,51243,0.9465,12.17,0.54,32377.85,23.4711,208264.63,7
2026-08-18,Central,Home,Kestrel Logistics,8942,7131,1811,19072,0.7975,18.16,2.69,13508.93,20.7786,129469.16,7
2026-08-18,Central,Home,Northwind Foods,7567,7417,150,22877,0.9802,12.34,0.55,13821.01,19.383,91512.18,7
2026-08-18,Central,Sports,Kestrel Logistics,9138,7595,1543,19219,0.8311,18.69,2.27,14558.08,32.4388,141956.75,7
2026-08-18,Central,Sports,Northwind Foods,12161,11637,524,34869,0.9569,12.56,0.32,20213.3,30.2601,146138.96,7
2026-08-18,East,Apparel,Kestrel Logistics,7494,6055,1439,16745,0.808,16.25,2.77,11605.58,31.1726,98401.43,7
2026-08-18,East,Apparel,Northwind Foods,12058,11712,346,34086,0.9713,13.2,0.51,20310.45,29.0789,154574.62,7
2026-08-18,East,Beauty,Kestrel Logistics,10916,8667,2249,20904,0.794,18.01,2.36,16330.57,16.148,156119.55,7
2026-08-18,East,Beauty,Northwind Foods,9481,9086,395,28347,0.9583,9.14,0.45,16440.15,15.0634,83065.29,7
2026-08-18,East,Electronics,Kestrel Logistics,6659,5443,1216,13209,0.8174,19.93,3.05,9815.99,21.7671,108473.39,7
2026-08-18,East,Electronics,Northwind Foods,16147,14946,1201,43795,0.9256,12.09,0.39,26332.85,20.3052,180738.61,7
2026-08-18,East,Home,Kestrel Logistics,7206,5766,1440,14085,0.8002,20.72,2.35,11069.43,36.5962,119487.25,7
2026-08-18,East,Home,Northwind Foods,7970,7755,215,23353,0.973,12.79,0.33,14610.71,34.1383,99215.97,7
2026-08-18,East,Sports,Kestrel Logistics,7347,5980,1367,16104,0.8139,17.09,3.24,10426.84,28.3705,102220.36,7
2026-08-18,East,Sports,Northwind Foods,3195,3075,120,8587,0.9624,11.87,0.18,5999.87,26.465,36493.47,7
2026-08-18,North,Apparel,Kestrel Logistics,8447,6707,1740,20143,0.794,17.26,1.95,11802.87,24.1511,115771.65,7
2026-08-18,North,Apparel,Northwind Foods,5608,5255,353,17381,0.9371,9.06,0.16,8992.07,22.529,47615.68,7
2026-08-18,North,Beauty,Kestrel Logistics,7755,6432,1323,17128,0.8294,17.06,2.01,12831.4,52.367,109711.47,7
2026-08-18,North,Beauty,Northwind Foods,5062,4781,281,13271,0.9445,10.23,0.51,8373.59,48.8498,48892.87,7
2026-08-18,North,Electronics,Kestrel Logistics,14150,10894,3256,29550,0.7699,17.61,3.61,19149.61,22.5654,191813.32,7
2026-08-18,North,Electronics,Northwind Foods,12948,12699,249,29092,0.9808,11.08,1.15,25067.44,21.0498,140658.17,7
2026-08-18,North,Home,Kestrel Logistics,14130,11317,2813,24447,0.8009,18.59,1.95,22276.9,17.3532,210344.92,7
2026-08-18,North,Home,Northwind Foods,7467,7002,465,17218,0.9377,10.86,0.1,14061.44,16.1877,76067.89,7
2026-08-18,North,Sports,Kestrel Logistics,16773,13134,3639,29823,0.783,17.01,1.87,23046.28,26.905,223430.96,7
2026-08-18,North,Sports,Northwind Foods,17984,17202,782,53729,0.9565,7.19,0.08,29230.7,25.0979,123640.82,7
2026-08-18,South,Apparel,Kestrel Logistics,14061,11355,2706,26257,0.8076,20.56,2.66,20915.81,21.6074,233496.07,7
2026-08-18,South,Apparel,Northwind Foods,4744,4739,5,12882,0.9989,12.68,0.14,8039.8,20.1562,60107.04,7
2026-08-18,South,Beauty,Kestrel Logistics,10176,8065,2111,17548,0.7926,20.17,2.1,14931.84,32.3721,162685.91,7
2026-08-18,South,Beauty,Northwind Foods,12800,12461,339,40760,0.9735,12.02,0.53,23072.92,30.1979,149840.36,7
2026-08-18,South,Electronics,Kestrel Logistics,5478,4367,1111,10239,0.7972,16.62,1.91,7502.42,23.0008,72562.3,7
2026-08-18,South,Electronics,Northwind Foods,11324,11075,249,33002,0.978,11.24,0.48,18412.49,21.456,124444.35,7
2026-08-18,South,Home,Kestrel Logistics,18691,15178,3513,41258,0.812,16.6,2.26,28952.88,25.8266,252004.09,7
2026-08-18,South,Home,Northwind Foods,9855,9460,395,31261,0.9599,11.74,0.33,17728.65,24.092,111071.58,7
2026-08-18,South,Sports,Kestrel Logistics,10651,8806,1845,24466,0.8268,15.52,2.0,15247.55,26.578,136676.01,7
2026-08-18,South,Sports,Northwind Foods,6080,5689,391,13189,0.9357,9.9,0.37,9461.76,24.7929,56347.84,7
2026-08-18,West,Apparel,Kestrel Logistics,9583,7878,1705,19947,0.8221,17.73,2.44,13682.1,27.1039,139653.22,7
2026-08-18,West,Apparel,Northwind Foods,11460,11097,363,30774,0.9683,9.44,0.13,21578.93,25.2835,104788.81,7
2026-08-18,West,Beauty,Kestrel Logistics,10224,8067,2157,20757,0.789,15.85,1.87,13939.31,11.6062,127848.68,7
2026-08-18,West,Beauty,Northwind Foods,6036,5708,328,15133,0.9457,11.02,0.55,10552.04,10.8266,62879.03,7
2026-08-18,West,Electronics,Kestrel Logistics,15499,12502,2997,31239,0.8066,17.68,2.27,20796.19,32.5588,221006.47,7
2026-08-18,West,Electronics,Northwind Foods,12324,11635,689,45931,0.9441,10.21,1.64,22419.62,30.372,118754.29,7
2026-08-18,West,Home,Kestrel Logistics,13477,10727,2750,25630,0.7959,14.22,1.96,20777.97,27.7326,152538.94,7
2026-08-18,West,Home,Northwind Foods,20750,20048,702,56720,0.9662,12.09,0.37,36524.2,25.87,242433.0,7
2026-08-18,West,Sports,Kestrel Logistics,13574,10641,2933,30873,0.7839,18.63,2.01,19229.03,34.8333,198218.78,7
2026-08-18,West,Sports,Northwind Foods,5163,4888,275,11997,0.9467,9.2,0.21,9318.62,32.4938,44956.12,7
2026-08-25,Central,Apparel,Kestrel Logistics,12352,9169,3183,18190,0.7423,19.77,3.25,16765.12,25.3904,181249.94,7
2026-08-25,Central,Apparel,Northwind Foods,7989,7702,287,24001,0.9641,9.07,0.8,13750.93,23.1664,69894.21,7
2026-08-25,Central,Beauty,Kestrel Logistics,3158,2433,725,5558,0.7704,22.29,2.83,4478.54,120.46,54227.78,7
2026-08-25,Central,Beauty,Northwind Foods,2713,2585,128,6779,0.9528,13.26,0.42,4473.95,109.9087,34286.59,7
2026-08-25,Central,Electronics,Kestrel Logistics,13336,10223,3113,19987,0.7666,20.15,2.83,18517.33,26.2841,205964.01,7
2026-08-25,Central,Electronics,Northwind Foods,14623,14090,533,47148,0.9636,12.03,0.49,25958.49,23.9819,169545.27,7
2026-08-25,Central,Home,Kestrel Logistics,16777,12621,4156,28449,0.7523,12.99,3.52,22099.12,27.7244,163940.5,7
2026-08-25,Central,Home,Northwind Foods,13739,13126,613,44806,0.9554,14.15,0.58,25497.68,25.296,185767.95,7
2026-08-25,Central,Sports,Kestrel Logistics,9032,6549,2483,14067,0.7251,20.48,2.59,11797.42,24.9402,134095.05,7
2026-08-25,Central,Sports,Northwind Foods,10410,10035,375,26638,0.964,10.35,0.28,16982.67,22.7557,103861.55,7
2026-08-25,East,Apparel,Kestrel Logistics,11145,8325,2820,15719,0.747,21.4,2.64,15319.06,30.5722,178121.36,7
2026-08-25,East,Apparel,Northwind Foods,16251,16100,151,58756,0.9907,10.53,0.36,29969.66,27.8944,169497.55,7
2026-08-25,East,Beauty,Kestrel Logistics,15099,11148,3951,28415,0.7383,18.79,3.4,19462.3,26.5972,209469.38,7
2026-08-25,East,Beauty,Northwind Foods,11944,11686,258,31881,0.9784,10.94,0.07,21455.7,24.2675,127902.15,7
2026-08-25,East,Electronics,Kestrel Logistics,5649,4162,1487,8560,0.7368,17.25,2.69,7511.69,30.3681,71798.89,7
2026-08-25,East,Electronics,Northwind Foods,11878,11427,451,35200,0.962,10.62,0.34,20101.41,27.7081,121302.81,7
2026-08-25,East,Home,Kestrel Logistics,11916,8975,2941,23028,0.7532,19.12,2.66,17515.37,21.8068,171582.1,7
2026-08-25,East,Home,Northwind Foods,12228,12072,156,40542,0.9872,10.23,0.39,21699.83,19.8967,123545.4,7
2026-08-25,East,Sports,Kestrel Logistics,5936,4558,1378,9604,0.7679,20.72,4.11,8207.76,29.4964,94450.59,7
2026-08-25,East,Sports,Northwind Foods,2412,2344,68,7321,0.9718,9.92,0.94,4393.62,26.9128,23242.19,7
2026-08-25,North,Apparel,Kestrel Logistics,9374,7120,2254,16806,0.7595,21.07,2.75,13465.92,37.464,149988.69,7
2026-08-25,North,Apparel,Northwind Foods,5659,5579,80,15787,0.9859,11.91,0.19,10886.24,34.1825,66471.09,7
2026-08-25,North,Beauty,Kestrel Logistics,16819,12431,4388,33002,0.7391,14.48,2.54,19269.86,29.0217,180036.07,7
2026-08-25,North,Beauty,Northwind Foods,9834,9238,596,23212,0.9394,9.42,0.45,15930.26,26.4796,87017.4,7
2026-08-25,North,Electronics,Kestrel Logistics,10831,8221,2610,18196,0.759,25.3,2.68,15661.26,32.8158,207974.69,7
2026-08-25,North,Electronics,Northwind Foods,10121,9584,537,34804,0.9469,10.99,0.85,16554.67,29.9414,105367.84,7
2026-08-25,North,Home,Kestrel Logistics,30304,22104,8200,57796,0.7294,17.18,2.96,37497.86,20.9668,379657.03,7
2026-08-25,North,Home,Northwind Foods,14126,13675,451,42834,0.9681,12.77,0.18,26426.42,19.1303,174666.57,7
2026-08-25,North,Sports,Kestrel Logistics,8739,6362,2377,17302,0.728,20.19,2.66,12135.0,20.8431,128456.95,7
2026-08-25,North,Sports,Northwind Foods,8666,8333,333,31052,0.9616,11.59,0.11,15923.73,19.0174,96615.44,7
2026-08-25,South,Apparel,Kestrel Logistics,26780,19435,7345,42581,0.7257,21.7,2.5,37663.31,26.7559,421765.93,7
2026-08-25,South,Apparel,Northwind Foods,8415,8112,303,19107,0.964,9.08,0.06,16053.98,24.4123,73691.49,7
2026-08-25,South,Beauty,Kestrel Logistics,17607,13278,4329,28421,0.7541,18.27,2.58,25164.12,27.7165,242545.49,7
2026-08-25,South,Beauty,Northwind Foods,21051,20515,536,65360,0.9745,10.77,0.17,40518.13,25.2888,220856.41,7
2026-08-25,South,Electronics,Kestrel Logistics,4568,3475,1093,9521,0.7607,21.17,2.8,6320.33,27.2183,73572.56,7
2026-08-25,South,Electronics,Northwind Foods,8823,8814,9,32278,0.999,11.03,0.09,16676.8,24.8342,97247.49,7
2026-08-25,South,Home,Kestrel Logistics,11288,8582,2706,19174,0.7603,14.47,3.13,14818.99,23.6232,124140.4,7
2026-08-25,South,Home,Northwind Foods,5587,5349,238,14426,0.9574,9.94,0.64,10301.5,21.554,53183.74,7
2026-08-25,South,Sports,Kestrel Logistics,14995,11027,3968,24534,0.7354,13.67,2.61,20950.63,31.0652,150775.66,7
2026-08-25,South,Sports,Northwind Foods,7579,7123,456,19386,0.9398,11.45,0.63,13086.18,28.3442,81573.57,7
2026-08-25,West,Apparel,Kestrel Logistics,17286,12423,4863,31671,0.7187,21.27,2.64,22433.34,18.6438,264256.2,7
2026-08-25,West,Apparel,Northwind Foods,18021,17498,523,51029,0.971,10.58,0.29,34650.59,17.0108,185101.81,7
2026-08-25,West,Beauty,Kestrel Logistics,3718,2731,987,4209,0.7345,20.93,2.62,5002.54,66.4336,57164.26,7
2026-08-25,West,Beauty,Northwind Foods,2004,1933,71,5161,0.9646,11.81,0.13,3748.88,60.6146,22830.14,7
2026-08-25,West,Electronics,Kestrel Logistics,5671,4161,1510,8279,0.7337,24.15,2.88,7389.42,64.3049,100484.43,7
2026-08-25,West,Electronics,Northwind Foods,4006,3873,133,9311,0.9668,11.87,0.08,7518.67,58.6724,45966.67,7
2026-08-25,West,Home,Kestrel Logistics,5294,3966,1328,9252,0.7491,19.42,2.64,7302.12,28.4116,77005.47,7
2026-08-25,West,Home,Northwind Foods,7621,7412,209,20431,0.9726,10.18,0.81,14209.93,25.923,75427.96,7
2026-08-25,West,Sports,Kestrel Logistics,10253,7679,2574,14883,0.749,20.73,3.02,14097.26,30.8736,159188.72,7
2026-08-25,West,Sports,Northwind Foods,3562,3527,35,9166,0.9902,10.39,0.14,6138.31,28.1694,36633.65,7
2026-09-01,Central,Apparel,Kestrel Logistics,10049,6950,3099,12579,0.6916,24.8,3.21,12202.28,34.3246,172372.57,7
2026-09-01,Central,Apparel,Northwind Foods,6138,5838,300,15499,0.9511,10.91,0.33,11514.04,30.647,63714.74,7
2026-09-01,Central,Beauty,Kestrel Logistics,17113,11980,5133,23298,0.7001,23.99,3.45,22604.87,26.6964,287453.6,7
2026-09-01,Central,Beauty,Northwind Foods,13526,12725,801,35554,0.9408,10.26,0.23,21794.12,23.8361,130518.51,7
2026-09-01,Central,Electronics,Kestrel Logistics,9868,7098,2770,13080,0.7193,20.27,3.83,14157.74,25.7317,143847.54,7
2026-09-01,Central,Electronics,Northwind Foods,10027,9783,244,31853,0.9757,11.83,0.33,16580.26,22.9747,115736.76,7
2026-09-01,Central,Home,Kestrel Logistics,11070,7653,3417,14987,0.6913,21.03,3.75,14893.05,27.2223,160917.14,7
2026-09-01,Central,Home,Northwind Foods,8343,7958,385,22817,0.9539,11.76,0.01,15854.56,24.3057,93581.46,7
2026-09-01,Central,Sports,Kestrel Logistics,4229,2950,1279,6077,0.6976,19.81,3.9,5911.74,33.4793,58451.9,7
2026-09-01,Central,Sports,Northwind Foods,4735,4520,215,14918,0.9546,11.5,0.37,8357.3,29.8922,51972.48,7
2026-09-01,East,Apparel,Kestrel Logistics,9640,6691,2949,12046,0.6941,19.48,3.14,12048.64,26.6237,130355.17,7
2026-09-01,East,Apparel,Northwind Foods,13315,12940,375,43870,0.9718,10.02,0.31,25549.43,23.7712,129630.02,7
2026-09-01,East,Beauty,Kestrel Logistics,14217,9764,4453,19042,0.6868,22.53,3.63,17240.0,32.464,219989.23,7
2026-09-01,East,Beauty,Northwind Foods,10397,10236,161,30520,0.9845,8.64,0.27,20298.93,28.9857,88475.86,7
2026-09-01,East,Electronics,Kestrel Logistics,11471,8050,3421,16764,0.7018,19.79,3.38,13557.04,21.4608,159279.67,7
2026-09-01,East,Electronics,Northwind Foods,22492,22104,388,56246,0.9827,9.27,0.62,40489.54,19.1614,204921.11,7
2026-09-01,East,Home,Kestrel Logistics,8779,6064,2715,11390,0.6907,22.52,3.46,11053.2,32.2429,136585.76,7
2026-09-01,East,Home,Northwind Foods,8454,8156,298,29718,0.9648,11.91,0.24,15198.69,28.7883,97115.64,7
2026-09-01,East,Sports,Kestrel Logistics,21431,14663,6768,25790,0.6842,20.11,3.28,26901.87,23.3563,294903.92,7
2026-09-01,East,Sports,Northwind Foods,7549,7541,8,22266,0.9989,8.52,0.71,13635.42,20.8539,64215.29,7
2026-09-01,North,Apparel,Kestrel Logistics,7755,5313,2442,10070,0.6851,20.48,5.1,9849.53,24.4797,108835.33,7
2026-09-01,North,Apparel,Northwind Foods,4290,4163,127,10233,0.9704,11.64,0.45,7478.38,21.8568,48472.48,7
2026-09-01,North,Beauty,Kestrel Logistics,13160,9295,3865,18539,0.7063,18.22,3.33,16282.78,30.7145,169369.03,7
2026-09-01,North,Beauty,Northwind Foods,6928,6908,20,19569,0.9971,12.88,0.71,13599.99,27.4237,88986.82,7
2026-09-01,North,Electronics,Kestrel Logistics,9673,6785,2888,11341,0.7014,22.45,3.53,12687.34,26.7038,152314.73,7
2026-09-01,North,Electronics,Northwind Foods,8301,7909,392,23063,0.9528,8.13,0.06,15262.66,23.8427,64310.79,7
2026-09-01,North,Home,Kestrel Logistics,18721,12882,5839,28733,0.6881,15.8,3.38,23795.11,25.8065,203476.08,7
2026-09-01,North,Home,Northwind Foods,8220,7970,250,22057,0.9696,10.25,1.06,15020.32,23.0415,81677.19,7
2026-09-01,North,Sports,Kestrel Logistics,7625,5336,2289,10713,0.6998,23.54,3.83,10091.18,37.7167,125594.21,7
2026-09-01,North,Sports,Northwind Foods,7140,6988,152,17439,0.9787,10.78,0.78,12464.08,33.6756,75317.24,7
2026-09-01,South,Apparel,Kestrel Logistics,24899,17286,7613,32785,0.6942,26.4,3.77,30699.19,20.6829,456354.37,7
2026-09-01,South,Apparel,Northwind Foods,7447,7215,232,22430,0.9688,9.23,0.31,13694.02,18.4669,66604.89,7
2026-09-01,South,Beauty,Kestrel Logistics,8483,5919,2564,10089,0.6977,20.58,3.57,10996.86,26.9765,121785.54,7
2026-09-01,South,Beauty,Northwind Foods,9400,9144,256,28592,0.9728,9.83,0.25,15784.26,24.0861,89857.77,7
2026-09-01,South,Electronics,Kestrel Logistics,4647,3190,1457,7002,0.6865,20.46,3.18,6198.08,33.5301,65260.29,7
2026-09-01,South,Electronics,Northwind Foods,8375,8091,284,26943,0.9661,9.29,0.3,15533.2,29.9376,75191.4,7
2026-09-01,South,Home,Kestrel Logistics,9548,6504,3044,15561,0.6812,16.49,3.57,12255.84,30.2185,107265.34,7
2026-09-01,South,Home,Northwind Foods,4072,4054,18,12246,0.9956,10.81,0.67,7951.14,26.9808,43834.9,7
2026-09-01,South,Sports,Kestrel Logistics,18457,12747,5710,24721,0.6906,19.07,4.03,23579.41,26.4253,243048.03,7
2026-09-01,South,Sports,Northwind Foods,8465,8234,231,23695,0.9727,14.96,0.37,15032.43,23.594,123149.0,7
2026-09-01,West,Apparel,Kestrel Logistics,13880,9481,4399,24448,0.6831,22.86,3.47,16941.18,21.2219,216733.79,7
2026-09-01,West,Apparel,Northwind Foods,13398,13353,45,46866,0.9966,10.31,0.68,23167.54,18.9481,137639.42,7
2026-09-01,West,Beauty,Kestrel Logistics,17601,12008,5593,24862,0.6822,23.27,3.31,21918.63,30.7168,279395.8,7
2026-09-01,West,Beauty,Northwind Foods,8928,8497,431,23302,0.9517,13.54,0.36,15677.6,27.4257,115049.01,7
2026-09-01,West,Electronics,Kestrel Logistics,31177,21107,10070,43896,0.677,20.9,3.22,36363.72,23.1743,441221.24,7
2026-09-01,West,Electronics,Northwind Foods,20235,19645,590,66560,0.9708,9.32,0.01,36510.45,20.6913,183058.94,7
2026-09-01,West,Home,Kestrel Logistics,15905,10607,5298,24427,0.6669,22.69,3.4,20383.92,29.4203,240624.21,7
2026-09-01,West,Home,Northwind Foods,20728,19824,904,63850,0.9564,8.37,1.65,34562.93,26.2681,165849.14,7
2026-09-01,West,Sports,Kestrel Logistics,16269,11198,5071,24737,0.6883,18.27,3.18,20015.9,27.5128,204584.2,7
2026-09-01,West,Sports,Northwind Foods,5307,5144,163,14358,0.9693,8.71,0.5,9119.88,24.565,44808.03,7
2026-09-08,Central,Apparel,Kestrel Logistics,4428,4360,68,11109,0.9846,11.62,0.16,7690.45,11.2268,50676.32,7
2026-09-08,Central,Apparel,Northwind Foods,3904,3663,241,10981,0.9383,11.0,0.19,6808.75,11.2268,40276.58,7
2026-09-08,Central,Beauty,Kestrel Logistics,4556,4462,94,12305,0.9794,13.13,0.2,7735.96,22.2071,58571.41,7
2026-09-08,Central,Beauty,Northwind Foods,5035,4740,295,12478,0.9414,10.63,0.39,9254.07,22.2071,50408.44,7
2026-09-08,Central,Electronics,Kestrel Logistics,8143,8093,50,27169,0.9939,11.9,0.81,14411.66,21.0142,96327.86,7
2026-09-08,Central,Electronics,Northwind Foods,11712,11154,558,37309,0.9524,12.01,1.95,20636.47,21.0142,133987.82,7
2026-09-08,Central,Home,Kestrel Logistics,9617,9106,511,28807,0.9469,13.38,0.3,16427.08,24.0646,121830.22,7
2026-09-08,Central,Home,Northwind Foods,9678,9470,208,31048,0.9785,9.28,1.13,17656.32,24.0646,87870.6,7
2026-09-08,Central,Sports,Kestrel Logistics,9897,9658,239,29970,0.9759,13.43,1.05,18958.35,29.2883,129731.66,7
2026-09-08,Central,Sports,Northwind Foods,15603,14799,804,46666,0.9485,9.88,0.38,27345.77,29.2883,146150.61,7
2026-09-08,East,Apparel,Kestrel Logistics,7270,6993,277,22214,0.9619,11.72,0.48,12486.99,29.4372,81942.01,7
2026-09-08,East,Apparel,Northwind Foods,14084,13525,559,42623,0.9603,13.83,0.19,24161.21,29.4372,187065.26,7
2026-09-08,East,Beauty,Kestrel Logistics,5471,5206,265,14090,0.9516,6.68,0.5,10340.92,26.6049,34796.45,7
2026-09-08,East,Beauty,Northwind Foods,5525,5458,67,13527,0.9879,12.44,0.2,9937.81,26.6049,67923.82,7
2026-09-08,East,Electronics,Kestrel Logistics,2040,2004,36,6836,0.9824,12.54,0.15,3936.18,35.8407,25136.24,7
2026-09-08,East,Electronics,Northwind Foods,5692,5502,190,14403,0.9666,10.73,0.05,10133.03,35.8407,59019.94,7
2026-09-08,East,Home,Kestrel Logistics,6911,6649,262,14590,0.9621,9.29,0.44,13032.32,28.8081,61785.08,7
2026-09-08,East,Home,Northwind Foods,9131,8944,187,32327,0.9795,12.29,0.39,16400.04,28.8081,109960.35,7
2026-09-08,East,Sports,Kestrel Logistics,19945,18623,1322,56469,0.9337,7.45,0.06,35407.86,20.8927,138724.37,7
2026-09-08,East,Sports,Northwind Foods,9978,9577,401,34297,0.9598,10.59,0.61,18078.35,20.8927,101408.83,7
2026-09-08,North,Apparel,Kestrel Logistics,10502,10195,307,32503,0.9708,8.36,0.03,17366.84,15.0267,85264.25,7
2026-09-08,North,Apparel,Northwind Foods,8444,7988,456,26969,0.946,11.58,0.38,13716.93,15.0267,92486.58,7
2026-09-08,North,Beauty,Kestrel Logistics,8640,8349,291,25697,0.9663,12.66,0.32,16262.55,16.0808,105663.4,7
2026-09-08,North,Beauty,Northwind Foods,6447,6205,242,21935,0.9625,12.58,0.22,12093.51,16.0808,78075.46,7
2026-09-08,North,Electronics,Kestrel Logistics,9050,8540,510,25285,0.9436,11.73,1.26,14625.17,20.9136,100172.38,7
2026-09-08,North,Electronics,Northwind Foods,10121,9956,165,24826,0.9837,10.34,0.27,20648.59,20.9136,102904.09,7
2026-09-08,North,Home,Kestrel Logistics,8545,8275,270,24161,0.9684,11.34,0.54,14525.08,11.5087,93827.51,7
2026-09-08,North,Home,Northwind Foods,5329,5120,209,16341,0.9608,10.7,0.32,9702.07,11.5087,54763.84,7
2026-09-08,North,Sports,Kestrel Logistics,11274,11170,104,33237,0.9908,11.87,0.3,20145.57,22.7428,132604.54,7
2026-09-08,North,Sports,Northwind Foods,15362,14630,732,47464,0.9523,9.39,0.39,26063.26,22.7428,137431.83,7
2026-09-08,South,Apparel,Kestrel Logistics,12911,12527,384,32528,0.9703,8.44,0.36,22405.51,24.421,105704.05,7
2026-09-08,South,Apparel,Northwind Foods,5328,5229,99,14530,0.9814,8.7,0.5,9858.59,24.421,45504.54,7
2026-09-08,South,Beauty,Kestrel Logistics,10505,9854,651,30311,0.938,10.7,0.24,18988.3,15.5164,105479.77,7
2026-09-08,South,Beauty,Northwind Foods,15265,15224,41,43456,0.9973,10.83,0.33,28211.8,15.5164,164865.27,7
2026-09-08,South,Electronics,Kestrel Logistics,6681,6491,190,17592,0.9716,10.09,0.16,12424.19,13.8965,65498.67,7
2026-09-08,South,Electronics,Northwind Foods,17064,16464,600,37410,0.9648,11.38,0.18,32176.21,13.8965,187380.45,7
2026-09-08,South,Home,Kestrel Logistics,8868,8606,262,23846,0.9705,11.22,0.31,15808.35,23.9589,96601.03,7
2026-09-08,South,Home,Northwind Foods,5655,5364,291,12114,0.9485,13.64,0.33,10147.6,23.9589,73164.79,7
2026-09-08,South,Sports,Kestrel Logistics,16069,15706,363,40199,0.9774,11.28,0.04,29839.18,17.8936,177102.86,7
2026-09-08,South,Sports,Northwind Foods,10735,10145,590,34947,0.945,11.33,1.02,18234.36,17.8936,114902.62,7
2026-09-08,West,Apparel,Kestrel Logistics,6036,5854,182,23756,0.9698,11.81,0.07,10894.41,17.3516,69114.81,7
2026-09-08,West,Apparel,Northwind Foods,8379,8245,134,26888,0.984,12.4,1.34,14451.76,17.3516,102271.59,7
2026-09-08,West,Beauty,Kestrel Logistics,14319,13569,750,41380,0.9476,12.03,0.45,25050.84,23.0446,163240.2,7
2026-09-08,West,Beauty,Northwind Foods,10306,9602,704,33990,0.9317,11.62,0.29,16808.3,23.0446,111563.96,7
2026-09-08,West,Electronics,Kestrel Logistics,14308,13813,495,34412,0.9654,8.5,0.06,25042.25,24.6151,117388.58,7
2026-09-08,West,Electronics,Northwind Foods,13182,12855,327,42664,0.9752,8.45,0.09,22528.8,24.6151,108567.41,7
2026-09-08,West,Home,Kestrel Logistics,8798,8687,111,26154,0.9874,10.72,0.55,15430.88,23.8004,93152.93,7
2026-09-08,West,Home,Northwind Foods,17714,16235,1479,39217,0.9165,10.89,0.26,29019.65,23.8004,176856.26,7
2026-09-08,West,Sports,Kestrel Logistics,16588,15763,825,53697,0.9503,11.03,0.05,25627.46,11.734,173834.74,7
2026-09-08,West,Sports,Northwind Foods,7485,7241,244,22795,0.9674,11.81,0.69,13337.34,11.734,85528.76,7
2026-09-15,Central,Apparel,Kestrel Logistics,10143,9664,479,29686,0.9528,9.26,0.02,18596.85,19.4403,89451.59,7
2026-09-15,Central,Apparel,Northwind Foods,8259,8118,141,22639,0.9829,11.81,0.25,13664.79,19.4403,95911.01,7
2026-09-15,Central,Beauty,Kestrel Logistics,3423,3325,98,9813,0.9714,9.12,0.87,5928.77,18.1465,30332.38,7
2026-09-15,Central,Beauty,Northwind Foods,3708,3532,176,10805,0.9525,10.98,0.1,6582.38,18.1465,38798.87,7
2026-09-15,Central,Electronics,Kestrel Logistics,7618,7574,44,20318,0.9942,8.37,0.11,13564.1,27.4004,63397.42,7
2026-09-15,Central,Electronics,Northwind Foods,10470,10439,31,31036,0.997,11.54,0.42,20252.56,27.4004,120482.77,7
2026-09-15,Central,Home,Kestrel Logistics,11992,11672,320,35862,0.9733,8.94,0.13,20747.41,26.1218,104387.37,7
2026-09-15,Central,Home,Northwind Foods,12494,12138,356,37675,0.9715,11.49,0.8,21804.44,26.1218,139436.9,7
2026-09-15,Central,Sports,Kestrel Logistics,7139,6728,411,21848,0.9424,12.25,0.01,12593.11,20.2068,82437.5,7
2026-09-15,Central,Sports,Northwind Foods,10526,10308,218,29239,0.9793,10.46,0.29,20887.74,20.2068,107853.23,7
2026-09-15,East,Apparel,Kestrel Logistics,4587,4366,221,14196,0.9518,8.7,0.38,8265.46,35.3486,37967.07,7
2026-09-15,East,Apparel,Northwind Foods,8647,8445,202,28559,0.9766,11.32,0.11,15776.13,35.3486,95583.31,7
2026-09-15,East,Beauty,Kestrel Logistics,13023,12514,509,38005,0.9609,8.9,0.18,22463.31,14.9589,111350.45,7
2026-09-15,East,Beauty,Northwind Foods,13514,13118,396,34275,0.9707,10.06,0.37,22020.19,14.9589,131949.35,7
2026-09-15,East,Electronics,Kestrel Logistics,6144,5942,202,18039,0.9671,11.16,0.59,10990.44,27.7258,66340.82,7
2026-09-15,East,Electronics,Northwind Foods,16751,16316,435,43425,0.974,8.63,0.26,30871.28,27.7258,140763.65,7
2026-09-15,East,Home,Kestrel Logistics,3614,3499,115,12157,0.9682,11.62,0.45,6299.93,42.1332,40647.35,7
2026-09-15,East,Home,Northwind Foods,5174,4707,467,12534,0.9097,11.78,0.24,9668.18,42.1332,55469.25,7
2026-09-15,East,Sports,Kestrel Logistics,8487,8258,229,28311,0.973,10.98,0.28,15892.98,31.7397,90700.3,7
2026-09-15,East,Sports,Northwind Foods,4349,4247,102,13977,0.9765,11.84,0.15,8227.48,31.7397,50300.1,7
2026-09-15,North,Apparel,Kestrel Logistics,11840,11776,64,34144,0.9946,9.5,0.16,22138.97,19.2599,111844.95,7
2026-09-15,North,Apparel,Northwind Foods,9580,9227,353,31285,0.9632,10.62,0.01,17191.85,19.2599,97965.4,7
2026-09-15,North,Beauty,Kestrel Logistics,12392,12056,336,43967,0.9729,9.15,0.27,20103.16,22.7955,110313.75,7
2026-09-15,North,Beauty,Northwind Foods,9231,8960,271,25464,0.9706,10.38,0.32,16335.48,22.7955,93039.64,7
2026-09-15,North,Electronics,Kestrel Logistics,6441,6258,183,15625,0.9716,11.12,0.08,11825.3,30.2525,69617.11,7
2026-09-15,North,Electronics,Northwind Foods,7416,7296,120,21441,0.9838,9.82,0.15,13733.26,30.2525,71623.14,7
2026-09-15,North,Home,Kestrel Logistics,10719,9873,846,30146,0.9211,15.29,0.26,18322.67,29.7311,150964.28,7
2026-09-15,North,Home,Northwind Foods,6437,6108,329,20610,0.9489,10.84,0.33,11630.68,29.7311,66180.62,7
2026-09-15,North,Sports,Kestrel Logistics,11849,11597,252,35838,0.9787,10.82,0.12,20525.48,33.8609,125535.92,7
2026-09-15,North,Sports,Northwind Foods,15881,15189,692,54063,0.9564,9.12,0.4,29463.05,33.8609,138461.19,7
2026-09-15,South,Apparel,Kestrel Logistics,15711,15388,323,54887,0.9794,10.46,0.06,27061.61,24.2544,160913.85,7
2026-09-15,South,Apparel,Northwind Foods,6700,6423,277,19221,0.9587,9.01,0.51,12754.96,24.2544,57850.52,7
2026-09-15,South,Beauty,Kestrel Logistics,8922,8817,105,24534,0.9882,12.18,0.88,16866.75,16.9015,107416.03,7
2026-09-15,South,Beauty,Northwind Foods,14076,13621,455,33080,0.9677,10.51,0.03,25062.98,16.9015,143212.14,7
2026-09-15,South,Electronics,Kestrel Logistics,3131,3048,83,6659,0.9735,10.73,0.33,5849.97,31.6467,32711.6,7
2026-09-15,South,Electronics,Northwind Foods,8054,7729,325,20640,0.9596,10.37,0.07,13930.49,31.6467,80153.34,7
2026-09-15,South,Home,Kestrel Logistics,14891,14772,119,41258,0.992,9.04,0.89,27489.62,18.0059,133517.13,7
2026-09-15,South,Home,Northwind Foods,9453,9208,245,30610,0.9741,10.4,0.21,16742.84,18.0059,95740.69,7
2026-09-15,South,Sports,Kestrel Logistics,8621,8248,373,25936,0.9567,10.47,0.03,14818.72,18.6017,86317.7,7
2026-09-15,South,Sports,Northwind Foods,5703,5328,375,17776,0.9342,10.09,0.53,9767.53,18.6017,53743.84,7
2026-09-15,West,Apparel,Kestrel Logistics,11791,11706,85,33138,0.9928,11.78,0.7,20746.82,19.5797,137926.25,7
2026-09-15,West,Apparel,Northwind Foods,16819,16487,332,53179,0.9803,11.1,1.13,33933.95,19.5797,183061.03,7
2026-09-15,West,Beauty,Kestrel Logistics,11813,11337,476,34389,0.9597,10.65,0.06,20130.7,22.8086,120704.51,7
2026-09-15,West,Beauty,Northwind Foods,8277,8023,254,21792,0.9693,10.67,0.18,13145.96,22.8086,85617.97,7
2026-09-15,West,Electronics,Kestrel Logistics,8141,7983,158,23800,0.9806,11.76,0.38,14490.27,12.258,93845.18,7
2026-09-15,West,Electronics,Northwind Foods,7592,7430,162,24827,0.9787,8.59,0.36,13835.74,12.258,63830.1,7
2026-09-15,West,Home,Kestrel Logistics,8110,7874,236,20115,0.9709,12.05,0.33,15282.27,20.4022,94849.99,7
2026-09-15,West,Home,Northwind Foods,15353,14716,637,40311,0.9585,10.03,0.01,28611.12,20.4022,147538.83,7
2026-09-15,West,Sports,Kestrel Logistics,6778,6771,7,18920,0.999,10.74,0.31,11472.74,24.2224,72699.68,7
2026-09-15,West,Sports,Northwind Foods,3154,3111,43,9569,0.9864,12.84,0.65,5663.73,24.2224,39954.62,7
2026-09-22,Central,Apparel,Kestrel Logistics,11102,10722,380,31215,0.9658,10.98,0.23,19803.76,32.8048,117691.34,7
2026-09-22,Central,Apparel,Northwind Foods,9205,9006,199,26778,0.9784,9.57,0.26,15592.17,32.8048,86163.68,7
2026-09-22,Central,Beauty,Kestrel Logistics,5346,5213,133,16208,0.9751,10.56,0.78,9466.7,23.8316,55040.27,7
2026-09-22,Central,Beauty,Northwind Foods,5745,5538,207,15700,0.964,11.49,0.11,9443.86,23.8316,63621.56,7
2026-09-22,Central,Electronics,Kestrel Logistics,10659,10322,337,38501,0.9684,11.79,0.36,19423.03,18.237,121685.49,7
2026-09-22,Central,Electronics,Northwind Foods,14773,14225,548,45605,0.9629,10.21,0.19,28186.42,18.237,145242.18,7
2026-09-22,Central,Home,Kestrel Logistics,6113,6042,71,21702,0.9884,10.52,0.25,10596.03,18.8899,63532.81,7
2026-09-22,Central,Home,Northwind Foods,6643,6284,359,20621,0.946,11.7,0.04,11651.95,18.8899,73501.49,7
2026-09-22,Central,Sports,Kestrel Logistics,5819,5570,249,13398,0.9572,11.64,0.19,10171.3,17.9754,64828.84,7
2026-09-22,Central,Sports,Northwind Foods,9036,8534,502,23007,0.9444,8.68,0.47,15931.36,17.9754,74111.88,7
2026-09-22,East,Apparel,Kestrel Logistics,8048,8040,8,26682,0.999,11.3,0.28,15414.74,23.5438,90852.62,7
2026-09-22,East,Apparel,Northwind Foods,16086,15551,535,46570,0.9667,9.93,0.19,29112.62,23.5438,154355.21,7
2026-09-22,East,Beauty,Kestrel Logistics,10894,10382,512,35817,0.953,8.36,0.33,19330.48,33.858,86746.53,7
2026-09-22,East,Beauty,Northwind Foods,11367,10883,484,35483,0.9574,11.21,0.45,21037.67,33.858,122016.06,7
2026-09-22,East,Electronics,Kestrel Logistics,4164,4143,21,14357,0.995,11.72,0.88,7468.34,25.2434,48557.39,7
2026-09-22,East,Electronics,Northwind Foods,11913,11378,535,23414,0.9551,11.11,1.48,21588.08,25.2434,126449.57,7
2026-09-22,East,Home,Kestrel Logistics,5362,5078,284,12322,0.947,11.16,0.74,8977.6,16.4784,56692.38,7
2026-09-22,East,Home,Northwind Foods,7471,6831,640,21344,0.9143,11.89,0.15,13352.98,16.4784,81234.34,7
2026-09-22,East,Sports,Kestrel Logistics,4924,4804,120,14714,0.9756,12.79,0.21,9436.92,51.9311,61433.14,7
2026-09-22,East,Sports,Northwind Foods,2472,2470,2,8074,0.9992,8.23,0.01,4522.1,51.9311,20332.89,7
2026-09-22,North,Apparel,Kestrel Logistics,20441,19710,731,66444,0.9642,9.32,0.19,34019.01,25.1358,183605.61,7
2026-09-22,North,Apparel,Northwind Foods,16341,15444,897,48519,0.9451,11.58,0.5,27883.31,25.1358,178770.97,7
2026-09-22,North,Beauty,Kestrel Logistics,17609,17261,348,42340,0.9802,11.32,0.6,34154.95,18.5798,195458.63,7
2026-09-22,North,Beauty,Northwind Foods,13277,12828,449,40534,0.9662,9.9,0.06,23244.41,18.5798,126960.41,7
2026-09-22,North,Electronics,Kestrel Logistics,4145,4029,116,9666,0.972,10.32,0.55,7491.81,39.126,41566.6,7
2026-09-22,North,Electronics,Northwind Foods,4705,4696,9,13839,0.9981,11.95,0.07,7701.24,39.126,56125.17,7
2026-09-22,North,Home,Kestrel Logistics,5921,5798,123,20405,0.9792,8.49,0.23,10636.4,41.5031,49225.75,7
2026-09-22,North,Home,Northwind Foods,3755,3587,168,11626,0.9553,12.16,0.37,6425.59,41.5031,43602.62,7
2026-09-22,North,Sports,Kestrel Logistics,5574,5275,299,14509,0.9464,8.11,0.09,10227.41,19.2064,42779.67,7
2026-09-22,North,Sports,Northwind Foods,7253,6908,345,17539,0.9524,9.54,0.67,12557.08,19.2064,65906.17,7
2026-09-22,South,Apparel,Kestrel Logistics,11792,11047,745,31279,0.9368,13.11,0.06,21469.56,33.4969,144840.62,7
2026-09-22,South,Apparel,Northwind Foods,4939,4610,329,12319,0.9334,9.74,0.02,8551.45,33.4969,44918.15,7
2026-09-22,South,Beauty,Kestrel Logistics,3609,3406,203,9657,0.9438,11.33,0.11,6310.52,35.6544,38584.62,7
2026-09-22,South,Beauty,Northwind Foods,5546,5262,284,16592,0.9488,13.88,1.46,10359.73,35.6544,73041.42,7
2026-09-22,South,Electronics,Kestrel Logistics,2499,2358,141,8007,0.9436,10.69,1.05,4444.57,35.3251,25206.32,7
2026-09-22,South,Electronics,Northwind Foods,6163,5982,181,19396,0.9706,10.11,0.17,10867.78,35.3251,60455.28,7
2026-09-22,South,Home,Kestrel Logistics,12719,12035,684,31107,0.9462,8.81,0.51,20980.86,32.7114,106050.34,7
2026-09-22,South,Home,Northwind Foods,8258,7502,756,25576,0.9085,11.66,0.17,14274.37,32.7114,87493.39,7
2026-09-22,South,Sports,Kestrel Logistics,11556,11026,530,39082,0.9541,13.01,0.44,20139.49,15.799,143435.58,7
2026-09-22,South,Sports,Northwind Foods,7447,7123,324,25036,0.9565,10.2,1.15,13333.09,15.799,72643.92,7
2026-09-22,West,Apparel,Kestrel Logistics,11689,11151,538,32799,0.954,9.95,0.62,19916.66,15.9385,110967.67,7
2026-09-22,West,Apparel,Northwind Foods,15827,15706,121,56176,0.9924,9.54,0.27,28445.42,15.9385,149772.51,7
2026-09-22,West,Beauty,Kestrel Logistics,6707,6470,237,17045,0.9647,11.4,0.17,12720.97,19.9984,73734.7,7
2026-09-22,West,Beauty,Northwind Foods,4667,4578,89,12456,0.9809,11.02,0.01,8204.33,19.9984,50442.56,7
2026-09-22,West,Electronics,Kestrel Logistics,16830,15988,842,48033,0.95,11.11,0.33,31269.29,28.436,177590.71,7
2026-09-22,West,Electronics,Northwind Foods,15433,14881,552,38553,0.9642,10.12,0.11,27028.82,28.436,150670.04,7
2026-09-22,West,Home,Kestrel Logistics,5601,5328,273,18570,0.9513,13.75,0.2,9298.55,27.4474,73238.86,7
2026-09-22,West,Home,Northwind Foods,10330,9958,372,33010,0.964,11.85,0.52,18542.99,27.4474,118013.41,7
2026-09-22,West,Sports,Kestrel Logistics,14843,14260,583,42575,0.9607,10.94,0.37,24814.07,22.0413,156035.54,7
2026-09-22,West,Sports,Northwind Foods,6766,6550,216,18469,0.9681,10.82,0.52,12233.08,22.0413,70892.34,7
2026-09-29,Central,Apparel,Kestrel Logistics,12638,12421,217,34332,0.9828,10.23,0.37,22740.13,22.4976,127081.34,7
2026-09-29,Central,Apparel,Northwind Foods,11005,10433,572,30895,0.948,13.14,0.63,19886.98,22.4976,137073.27,7
2026-09-29,Central,Beauty,Kestrel Logistics,7784,7449,335,23351,0.957,11.35,0.12,14768.41,18.6198,84548.75,7
2026-09-29,Central,Beauty,Northwind Foods,8133,7911,222,25895,0.9727,9.15,0.01,15261.14,18.6198,72353.26,7
2026-09-29,Central,Electronics,Kestrel Logistics,6684,6440,244,20177,0.9635,11.51,1.02,11639.3,31.8694,74095.2,7
2026-09-29,Central,Electronics,Northwind Foods,9172,8875,297,27093,0.9676,12.51,0.07,14994.14,31.8694,110996.47,7
2026-09-29,Central,Home,Kestrel Logistics,8787,8491,296,27382,0.9663,8.97,0.2,17403.49,22.9848,76183.37,7
2026-09-29,Central,Home,Northwind Foods,9301,8830,471,28509,0.9494,10.86,0.06,15347.64,22.9848,95930.69,7
2026-09-29,Central,Sports,Kestrel Logistics,8631,8182,449,27270,0.948,12.73,0.15,14141.38,17.1199,104127.54,7
2026-09-29,Central,Sports,Northwind Foods,13144,12537,607,33706,0.9538,10.92,0.41,22682.83,17.1199,136882.51,7
2026-09-29,East,Apparel,Kestrel Logistics,3922,3759,163,10670,0.9584,10.66,0.37,6701.69,28.606,40060.99,7
2026-09-29,East,Apparel,Northwind Foods,7768,7269,499,22496,0.9358,9.27,0.18,14954.01,28.606,67399.88,7
2026-09-29,East,Beauty,Kestrel Logistics,9130,8696,434,27201,0.9525,10.02,0.32,15155.81,30.2493,87161.87,7
2026-09-29,East,Beauty,Northwind Foods,9348,9116,232,28141,0.9752,10.46,0.11,15497.0,30.2493,95330.76,7
2026-09-29,East,Electronics,Kestrel Logistics,2250,2207,43,5763,0.9809,11.62,0.13,4092.29,34.8209,25646.72,7
2026-09-29,East,Electronics,Northwind Foods,6068,6062,6,20622,0.999,11.35,0.6,11294.99,34.8209,68786.07,7
2026-09-29,East,Home,Kestrel Logistics,2706,2650,56,7973,0.9793,9.63,1.22,4783.6,26.4865,25526.04,7
2026-09-29,East,Home,Northwind Foods,3607,3565,42,12449,0.9884,11.61,0.07,6319.57,26.4865,41375.24,7
2026-09-29,East,Sports,Kestrel Logistics,13176,12528,648,35086,0.9508,11.37,0.26,24711.0,14.9519,142410.08,7
2026-09-29,East,Sports,Northwind Foods,6454,6443,11,18118,0.9983,8.7,1.23,11951.19,14.9519,56025.9,7
2026-09-29,North,Apparel,Kestrel Logistics,4191,4011,180,9439,0.9571,13.57,0.31,7211.41,18.2618,54443.86,7
2026-09-29,North,Apparel,Northwind Foods,3419,3142,277,8257,0.919,10.29,0.31,5909.56,18.2618,32336.56,7
2026-09-29,North,Beauty,Kestrel Logistics,7016,6790,226,25366,0.9678,13.79,0.25,13044.94,43.5602,93613.5,7
2026-09-29,North,Beauty,Northwind Foods,5175,5046,129,16408,0.9751,13.64,0.17,9228.48,43.5602,68818.93,7
2026-09-29,North,Electronics,Kestrel Logistics,10585,10466,119,27703,0.9888,11.8,0.04,18292.72,28.0911,123468.62,7
2026-09-29,North,Electronics,Northwind Foods,12580,12202,378,29275,0.97,9.68,0.01,24469.97,28.0911,118162.27,7
2026-09-29,North,Home,Kestrel Logistics,3107,3043,64,9077,0.9794,12.06,0.13,5541.51,41.0218,36703.74,7
2026-09-29,North,Home,Northwind Foods,1937,1883,54,6175,0.9721,12.22,0.19,3677.6,41.0218,23009.01,7
2026-09-29,North,Sports,Kestrel Logistics,11730,11088,642,32845,0.9453,12.79,0.25,18643.84,10.4259,141824.73,7
2026-09-29,North,Sports,Northwind Foods,15318,14523,795,48070,0.9481,10.5,0.05,24685.6,10.4259,152547.31,7
2026-09-29,South,Apparel,Kestrel Logistics,17460,16881,579,49227,0.9668,11.18,0.11,33499.26,21.4321,188718.58,7
2026-09-29,South,Apparel,Northwind Foods,7088,7046,42,19618,0.9941,11.0,0.54,13904.65,21.4321,77510.69,7
2026-09-29,South,Beauty,Kestrel Logistics,10115,9648,467,24846,0.9538,11.9,0.19,17659.47,29.7718,114836.97,7
2026-09-29,South,Beauty,Northwind Foods,15629,14907,722,31532,0.9538,8.85,0.37,26793.24,29.7718,131882.72,7
2026-09-29,South,Electronics,Kestrel Logistics,5305,5052,253,17393,0.9523,11.65,0.03,9702.31,23.0513,58859.29,7
2026-09-29,South,Electronics,Northwind Foods,13442,12814,628,42955,0.9533,10.64,0.62,21593.28,23.0513,136282.32,7
2026-09-29,South,Home,Kestrel Logistics,17463,16380,1083,51822,0.938,11.25,0.18,27951.07,11.0141,184329.24,7
2026-09-29,South,Home,Northwind Foods,10839,10209,630,35959,0.9419,11.33,0.06,18859.85,11.0141,115659.39,7
2026-09-29,South,Sports,Kestrel Logistics,12487,11917,570,32940,0.9544,12.1,0.81,20514.84,20.0085,144210.47,7
2026-09-29,South,Sports,Northwind Foods,8006,7698,308,16643,0.9615,10.94,0.09,14387.09,20.0085,84185.34,7
2026-09-29,West,Apparel,Kestrel Logistics,6588,6392,196,23029,0.9702,8.96,0.17,11184.98,21.0303,57289.73,7
2026-09-29,West,Apparel,Northwind Foods,9142,9004,138,31442,0.9849,10.72,0.04,17121.72,21.0303,96536.84,7
2026-09-29,West,Beauty,Kestrel Logistics,12931,12305,626,35835,0.9516,9.87,0.03,22020.96,24.12,121418.26,7
2026-09-29,West,Beauty,Northwind Foods,8979,8708,271,30531,0.9698,11.8,1.45,16381.31,24.12,102724.25,7
2026-09-29,West,Electronics,Kestrel Logistics,11477,11150,327,33282,0.9715,9.57,0.2,21654.92,21.1424,106692.78,7
2026-09-29,West,Electronics,Northwind Foods,10778,10377,401,26095,0.9628,9.15,0.28,16926.68,21.1424,94908.39,7
2026-09-29,West,Home,Kestrel Logistics,6544,6304,240,22578,0.9633,10.86,0.38,11358.14,33.7016,68492.16,7
2026-09-29,West,Home,Northwind Foods,12048,11782,266,35411,0.9779,11.4,0.43,22942.05,33.7016,134275.51,7
2026-09-29,West,Sports,Kestrel Logistics,20574,19857,717,59694,0.9652,10.46,0.66,37540.28,25.2517,207761.44,7
2026-09-29,West,Sports,Northwind Foods,9265,9121,144,28135,0.9845,8.01,0.36,17105.38,25.2517,73097.92,7
2026-10-06,Central,Apparel,Kestrel Logistics,4936,4720,216,14861,0.9562,10.37,0.13,9485.4,46.1694,48937.84,7
2026-10-06,Central,Apparel,Northwind Foods,4049,3965,84,12003,0.9793,12.64,0.65,7507.81,46.1694,50105.4,7
2026-10-06,Central,Beauty,Kestrel Logistics,8248,7999,249,21844,0.9698,12.46,0.52,14533.52,24.3281,99669.04,7
2026-10-06,Central,Beauty,Northwind Foods,9113,8497,616,27468,0.9324,10.77,0.13,16047.04,24.3281,91498.52,7
2026-10-06,Central,Electronics,Kestrel Logistics,8558,8347,211,29290,0.9753,12.43,0.39,15109.99,26.0605,103756.98,7
2026-10-06,Central,Electronics,Northwind Foods,11762,11504,258,29993,0.9781,12.11,0.33,21737.75,26.0605,139355.83,7
2026-10-06,Central,Home,Kestrel Logistics,8320,7977,343,28783,0.9588,13.43,0.16,15657.46,21.9942,107106.64,7
2026-10-06,Central,Home,Northwind Foods,8530,8296,234,19831,0.9726,7.12,0.29,14529.92,21.9942,59054.45,7
2026-10-06,Central,Sports,Kestrel Logistics,7222,7041,181,19594,0.9749,14.45,0.1,11813.39,20.0404,101714.76,7
2026-10-06,Central,Sports,Northwind Foods,11351,10789,562,24710,0.9505,11.89,0.49,20492.73,20.0404,128291.57,7
2026-10-06,East,Apparel,Kestrel Logistics,13159,12566,593,37700,0.9549,8.53,1.36,24127.75,16.5727,107202.67,7
2026-10-06,East,Apparel,Northwind Foods,24987,24304,683,81685,0.9727,9.9,1.47,43425.44,16.5727,240724.89,7
2026-10-06,East,Beauty,Kestrel Logistics,4774,4531,243,14311,0.9491,10.61,0.35,8066.78,18.8863,48094.2,7
2026-10-06,East,Beauty,Northwind Foods,4822,4750,72,11927,0.9851,11.01,1.75,8100.39,18.8863,52298.0,7
2026-10-06,East,Electronics,Kestrel Logistics,4453,4428,25,12929,0.9944,12.5,0.98,8056.19,23.7864,55371.7,7
2026-10-06,East,Electronics,Northwind Foods,12740,12160,580,36783,0.9545,11.92,0.18,25489.67,23.7864,144887.98,7
2026-10-06,East,Home,Kestrel Logistics,11585,11105,480,33172,0.9586,10.66,0.62,22085.55,30.7861,118412.71,7
2026-10-06,East,Home,Northwind Foods,15232,14937,295,41349,0.9806,10.88,0.29,29129.38,30.7861,162481.52,7
2026-10-06,East,Sports,Kestrel Logistics,8224,7959,265,31074,0.9678,10.64,0.11,14920.25,13.0217,84692.83,7
2026-10-06,East,Sports,Northwind Foods,4219,4093,126,11394,0.9701,11.73,0.62,7228.09,13.0217,48018.29,7
2026-10-06,North,Apparel,Kestrel Logistics,26996,25611,1385,73278,0.9487,12.45,0.59,48468.97,15.7803,318907.89,7
2026-10-06,North,Apparel,Northwind Foods,21917,20067,1850,58412,0.9156,10.52,0.48,40945.53,15.7803,211185.61,7
2026-10-06,North,Beauty,Kestrel Logistics,16009,15346,663,56167,0.9586,12.52,0.04,27486.03,14.627,192094.36,7
2026-10-06,North,Beauty,Northwind Foods,11830,11405,425,31921,0.9641,12.76,0.26,23594.78,14.627,145569.87,7
2026-10-06,North,Electronics,Kestrel Logistics,9503,9364,139,29342,0.9854,8.0,1.45,17337.84,25.5633,74952.22,7
2026-10-06,North,Electronics,Northwind Foods,11261,10917,344,26105,0.9695,10.76,1.0,22011.2,25.5633,117515.81,7
2026-10-06,North,Home,Kestrel Logistics,15330,14502,828,35839,0.946,9.94,0.2,27687.27,19.3736,144132.88,7
2026-10-06,North,Home,Northwind Foods,9354,8972,382,26119,0.9592,10.79,0.31,16326.42,19.3736,96830.41,7
2026-10-06,North,Sports,Kestrel Logistics,5237,5023,214,15660,0.9591,10.06,0.17,9253.26,24.6659,50533.75,7
2026-10-06,North,Sports,Northwind Foods,6777,6579,198,17735,0.9708,10.82,0.33,12103.32,24.6659,71174.15,7
2026-10-06,South,Apparel,Kestrel Logistics,19524,18738,786,58021,0.9597,9.55,0.67,31532.02,17.3914,178854.47,7
2026-10-06,South,Apparel,Northwind Foods,8128,7821,307,20952,0.9622,10.97,0.03,14819.86,17.3914,85803.91,7
2026-10-06,South,Beauty,Kestrel Logistics,2558,2365,193,7245,0.9246,12.71,0.14,4533.34,26.7011,30063.33,7
2026-10-06,South,Beauty,Northwind Foods,3658,3654,4,13309,0.9989,9.21,0.5,6489.96,26.7011,33642.36,7
2026-10-06,South,Electronics,Kestrel Logistics,5030,4854,176,13035,0.965,11.0,0.27,9140.29,24.6175,53396.25,7
2026-10-06,South,Electronics,Northwind Foods,12851,12311,540,30287,0.958,9.64,1.22,23904.47,24.6175,118708.56,7
2026-10-06,South,Home,Kestrel Logistics,9838,9653,185,27696,0.9812,12.28,0.23,18217.3,20.0874,118539.09,7
2026-10-06,South,Home,Northwind Foods,6327,6017,310,17413,0.951,12.34,0.32,11284.99,20.0874,74227.64,7
2026-10-06,South,Sports,Kestrel Logistics,4690,4522,168,14091,0.9642,11.42,0.49,7769.13,35.0393,51659.39,7
2026-10-06,South,Sports,Northwind Foods,2982,2921,61,8928,0.9795,12.11,0.76,5662.64,35.0393,35381.45,7
2026-10-06,West,Apparel,Kestrel Logistics,5631,5423,208,16262,0.9631,12.92,0.29,9995.21,37.5645,70077.76,7
2026-10-06,West,Apparel,Northwind Foods,7956,7639,317,27827,0.9602,12.01,0.01,13772.15,37.5645,91771.93,7
2026-10-06,West,Beauty,Kestrel Logistics,10556,10172,384,34875,0.9636,8.43,0.03,16833.22,17.2447,85728.77,7
2026-10-06,West,Beauty,Northwind Foods,7474,7198,276,18514,0.9631,11.6,0.61,13446.66,17.2447,83461.04,7
2026-10-06,West,Electronics,Kestrel Logistics,10141,9832,309,30345,0.9695,11.97,0.5,18174.05,24.4852,117737.39,7
2026-10-06,West,Electronics,Northwind Foods,9515,9150,365,31742,0.9616,10.26,0.61,15863.27,24.4852,93879.49,7
2026-10-06,West,Home,Kestrel Logistics,5441,5130,311,16576,0.9428,13.27,0.22,9291.66,40.1241,68065.6,7
2026-10-06,West,Home,Northwind Foods,9798,9588,210,27887,0.9786,10.12,0.08,18636.34,40.1241,97050.37,7
2026-10-06,West,Sports,Kestrel Logistics,15951,14891,1060,33303,0.9335,11.12,0.14,28276.55,18.0618,165578.22,7
2026-10-06,West,Sports,Northwind Foods,7231,6841,390,19987,0.9461,10.91,0.05,12233.85,18.0618,74645.9,7
2026-10-13,Central,Apparel,Kestrel Logistics,11267,10923,344,36389,0.9695,10.74,0.54,21097.59,20.9662,117356.82,7
2026-10-13,Central,Apparel,Northwind Foods,9357,9175,182,29445,0.9805,12.57,0.22,16695.32,20.9662,115372.34,7
2026-10-13,Central,Beauty,Kestrel Logistics,4245,3987,258,10879,0.9392,12.26,0.37,6964.66,11.0306,48875.73,7
2026-10-13,Central,Beauty,Northwind Foods,4348,4235,113,14972,0.974,11.25,0.65,7748.05,11.0306,47630.15,7
2026-10-13,Central,Electronics,Kestrel Logistics,8637,8240,397,25478,0.954,10.6,0.59,16187.04,26.4471,87348.8,7
2026-10-13,Central,Electronics,Northwind Foods,11389,11356,33,35022,0.9971,8.94,0.21,22500.84,26.4471,101509.25,7
2026-10-13,Central,Home,Kestrel Logistics,5114,5014,100,15256,0.9804,11.09,0.41,9459.43,21.1013,55614.49,7
2026-10-13,Central,Home,Northwind Foods,5386,5214,172,15807,0.9681,12.16,0.32,9185.08,21.1013,63406.49,7
2026-10-13,Central,Sports,Kestrel Logistics,2234,2134,100,6570,0.9552,8.79,0.56,4070.1,22.2938,18765.77,7
2026-10-13,Central,Sports,Northwind Foods,3453,3271,182,9858,0.9473,13.05,0.68,5952.51,22.2938,42700.51,7
2026-10-13,East,Apparel,Kestrel Logistics,5507,5501,6,18996,0.9989,12.08,0.49,10620.48,23.5267,66438.66,7
2026-10-13,East,Apparel,Northwind Foods,10987,10638,349,34841,0.9682,8.63,0.4,18818.61,23.5267,91848.47,7
2026-10-13,East,Beauty,Kestrel Logistics,9273,9217,56,27061,0.994,10.73,0.12,16243.77,16.1368,98893.34,7
2026-10-13,East,Beauty,Northwind Foods,9955,9661,294,26269,0.9705,12.21,0.14,18940.71,16.1368,117981.39,7
2026-10-13,East,Electronics,Kestrel Logistics,2020,1963,57,5477,0.9718,12.04,0.11,3852.34,54.1142,23640.98,7
2026-10-13,East,Electronics,Northwind Foods,5463,5390,73,15324,0.9866,11.56,1.43,10005.25,54.1142,62311.38,7
2026-10-13,East,Home,Kestrel Logistics,5608,5519,89,16607,0.9841,10.01,0.2,9868.71,16.2523,55247.47,7
2026-10-13,East,Home,Northwind Foods,7837,7423,414,17813,0.9472,9.86,0.68,13044.99,16.2523,73195.17,7
2026-10-13,East,Sports,Kestrel Logistics,7645,7598,47,22356,0.9939,12.27,0.01,13943.37,20.2958,93194.98,7
2026-10-13,East,Sports,Northwind Foods,4165,3907,258,12417,0.9381,11.27,0.54,7467.1,20.2958,44014.76,7
2026-10-13,North,Apparel,Kestrel Logistics,10210,9366,844,29554,0.9173,10.72,0.72,17049.68,34.7421,100430.43,7
2026-10-13,North,Apparel,Northwind Foods,7577,7339,238,21993,0.9686,9.37,0.04,12507.76,34.7421,68749.26,7
2026-10-13,North,Beauty,Kestrel Logistics,9379,9161,218,26055,0.9768,11.59,0.14,18695.93,32.2713,106131.49,7
2026-10-13,North,Beauty,Northwind Foods,7100,6808,292,23992,0.9589,10.66,0.02,13694.6,32.2713,72560.13,7
2026-10-13,North,Electronics,Kestrel Logistics,11870,11607,263,34431,0.9778,10.24,0.65,20492.39,15.7155,118806.5,7
2026-10-13,North,Electronics,Northwind Foods,14084,13531,553,34705,0.9607,10.99,1.01,24234.96,15.7155,148676.22,7
2026-10-13,North,Home,Kestrel Logistics,12732,11987,745,30792,0.9415,10.25,0.11,24173.89,27.8919,122807.29,7
2026-10-13,North,Home,Northwind Foods,7809,7416,393,27436,0.9497,12.75,0.19,13405.41,27.8919,94539.11,7
2026-10-13,North,Sports,Kestrel Logistics,6175,5962,213,20450,0.9655,8.77,0.12,11837.12,15.5575,52298.09,7
2026-10-13,North,Sports,Northwind Foods,8104,7810,294,25316,0.9637,10.59,1.15,15056.85,15.5575,82716.22,7
2026-10-13,South,Apparel,Kestrel Logistics,19359,19109,250,60239,0.9871,11.72,0.94,33019.56,18.4553,224005.38,7
2026-10-13,South,Apparel,Northwind Foods,8319,7976,343,16920,0.9588,10.0,0.39,15492.41,18.4553,79767.37,7
2026-10-13,South,Beauty,Kestrel Logistics,12458,12092,366,35075,0.9706,11.84,0.94,21591.52,14.0165,143161.1,7
2026-10-13,South,Beauty,Northwind Foods,19672,18682,990,60233,0.9497,11.45,0.46,32922.01,14.0165,213887.28,7
2026-10-13,South,Electronics,Kestrel Logistics,3693,3460,233,9621,0.9369,13.92,0.07,6183.91,26.6932,48172.89,7
2026-10-13,South,Electronics,Northwind Foods,9081,8774,307,24215,0.9662,11.77,0.18,15808.27,26.6932,103282.05,7
2026-10-13,South,Home,Kestrel Logistics,15718,15171,547,43811,0.9652,8.73,0.85,28965.16,23.9859,132485.41,7
2026-10-13,South,Home,Northwind Foods,10046,9456,590,27214,0.9413,9.95,0.56,17002.06,23.9859,94115.55,7
2026-10-13,South,Sports,Kestrel Logistics,13093,12771,322,36679,0.9754,10.01,0.09,25067.3,23.4997,127900.13,7
2026-10-13,South,Sports,Northwind Foods,8257,8249,8,23243,0.999,9.53,0.49,15364.27,23.4997,78606.58,7
2026-10-13,West,Apparel,Kestrel Logistics,10168,9243,925,23560,0.909,11.13,0.05,16521.35,13.5986,102884.99,7
2026-10-13,West,Apparel,Northwind Foods,13939,13018,921,44812,0.9339,9.64,1.96,24386.55,13.5986,125440.7,7
2026-10-13,West,Beauty,Kestrel Logistics,3761,3623,138,12493,0.9633,13.16,0.94,6196.07,24.1641,47662.46,7
2026-10-13,West,Beauty,Northwind Foods,2620,2563,57,6024,0.9782,12.75,0.35,4786.23,24.1641,32687.78,7
2026-10-13,West,Electronics,Kestrel Logistics,16937,16076,861,45910,0.9492,14.0,0.57,30697.08,23.5842,225028.33,7
2026-10-13,West,Electronics,Northwind Foods,15181,14962,219,43819,0.9856,11.71,0.32,24480.15,23.5842,175145.65,7
2026-10-13,West,Home,Kestrel Logistics,9802,9608,194,29571,0.9802,8.71,0.55,17838.9,23.5474,83728.66,7
2026-10-13,West,Home,Northwind Foods,18485,17955,530,53123,0.9713,10.5,0.02,34908.0,23.5474,188546.85,7
2026-10-13,West,Sports,Kestrel Logistics,23265,22272,993,71001,0.9573,8.43,0.36,38438.73,26.5873,187663.16,7
2026-10-13,West,Sports,Northwind Foods,10691,10231,460,28702,0.957,12.47,0.08,18557.03,26.5873,127626.09,7
2026-10-20,Central,Apparel,Kestrel Logistics,19167,18683,484,53955,0.9747,11.73,0.6,35414.73,14.4602,219117.16,7
2026-10-20,Central,Apparel,Northwind Foods,16253,15692,561,41467,0.9655,9.94,0.05,30724.0,14.4602,156025.49,7
2026-10-20,Central,Beauty,Kestrel Logistics,9598,9430,168,32396,0.9825,10.73,0.35,17441.29,34.0034,101209.04,7
2026-10-20,Central,Beauty,Northwind Foods,10383,10017,366,21811,0.9648,10.86,0.48,18801.24,34.0034,108751.22,7
2026-10-20,Central,Electronics,Kestrel Logistics,8740,8225,515,26722,0.9411,10.98,0.53,14369.25,28.0016,90350.61,7
2026-10-20,Central,Electronics,Northwind Foods,11849,11336,513,33267,0.9567,9.35,0.74,20479.22,28.0016,105956.39,7
2026-10-20,Central,Home,Kestrel Logistics,9203,8781,422,28136,0.9541,11.03,0.72,15807.44,29.6197,96836.47,7
2026-10-20,Central,Home,Northwind Foods,9140,9131,9,29009,0.999,12.41,0.04,17105.79,29.6197,113271.22,7
2026-10-20,Central,Sports,Kestrel Logistics,7754,7473,281,23497,0.9638,9.25,0.11,15012.52,29.3097,69151.0,7
2026-10-20,Central,Sports,Northwind Foods,11992,11450,542,34317,0.9548,9.84,0.54,20733.47,29.3097,112641.48,7
2026-10-20,East,Apparel,Kestrel Logistics,2184,2092,92,5366,0.9579,11.55,0.17,3395.53,58.7461,24161.07,7
2026-10-20,East,Apparel,Northwind Foods,4189,4047,142,10696,0.9661,9.87,0.3,7468.95,58.7461,39930.0,7
2026-10-20,East,Beauty,Kestrel Logistics,8786,8472,314,23277,0.9643,9.88,0.07,14888.4,12.8897,83697.35,7
2026-10-20,East,Beauty,Northwind Foods,9206,8881,325,26309,0.9647,11.48,1.59,15989.97,12.8897,101963.14,7
2026-10-20,East,Electronics,Kestrel Logistics,1068,985,83,3092,0.9223,11.59,0.28,1692.47,28.5663,11414.2,7
2026-10-20,East,Electronics,Northwind Foods,2795,2706,89,9551,0.9682,7.9,0.18,4971.25,28.5663,21390.76,7
2026-10-20,East,Home,Kestrel Logistics,5880,5659,221,16406,0.9624,11.96,0.19,10314.17,25.3288,67708.17,7
2026-10-20,East,Home,Northwind Foods,7622,7613,9,20813,0.9988,9.74,0.34,14389.41,25.3288,74175.06,7
2026-10-20,East,Sports,Kestrel Logistics,4862,4571,291,13598,0.9401,9.62,0.49,8519.61,51.8771,43959.03,7
2026-10-20,East,Sports,Northwind Foods,2409,2350,59,7166,0.9755,9.94,0.33,4244.09,51.8771,23362.4,7
2026-10-20,North,Apparel,Kestrel Logistics,3868,3686,182,11152,0.9529,14.3,0.19,6773.17,47.8897,52712.67,7
2026-10-20,North,Apparel,Northwind Foods,3020,2889,131,8959,0.9566,11.21,0.13,5324.16,47.8897,32398.52,7
2026-10-20,North,Beauty,Kestrel Logistics,2331,2225,106,4897,0.9545,11.19,0.73,4112.07,68.5244,24899.32,7
2026-10-20,North,Beauty,Northwind Foods,1667,1653,14,4105,0.9916,12.05,1.31,3023.77,68.5244,19916.41,7
2026-10-20,North,Electronics,Kestrel Logistics,11842,11289,553,36217,0.9533,8.55,0.04,21112.26,25.5093,96503.31,7
2026-10-20,North,Electronics,Northwind Foods,13447,13160,287,37654,0.9787,11.5,0.72,24763.75,25.5093,151371.48,7
2026-10-20,North,Home,Kestrel Logistics,12715,12214,501,42252,0.9606,7.48,0.27,21978.25,21.7577,91418.12,7
2026-10-20,North,Home,Northwind Foods,7897,7556,341,21651,0.9568,9.43,1.49,14766.21,21.7577,71243.43,7
2026-10-20,North,Sports,Kestrel Logistics,2283,2125,158,7446,0.9308,13.14,0.36,4412.06,38.3559,27918.97,7
2026-10-20,North,Sports,Northwind Foods,2816,2783,33,8301,0.9883,13.42,0.79,5209.85,38.3559,37352.93,7
2026-10-20,South,Apparel,Kestrel Logistics,19145,17804,1341,60364,0.93,11.19,0.2,32933.81,24.2777,199211.83,7
2026-10-20,South,Apparel,Northwind Foods,7894,7431,463,25472,0.9413,11.55,0.02,13719.2,24.2777,85827.65,7
2026-10-20,South,Beauty,Kestrel Logistics,6868,6527,341,19623,0.9503,10.69,0.76,11644.35,30.788,69793.08,7
2026-10-20,South,Beauty,Northwind Foods,10665,10083,582,25742,0.9454,8.83,0.74,17475.22,30.788,89010.45,7
2026-10-20,South,Electronics,Kestrel Logistics,2685,2556,129,7927,0.952,11.18,0.06,4854.72,48.2594,28586.26,7
2026-10-20,South,Electronics,Northwind Foods,6926,6482,444,22390,0.9359,13.51,0.37,11927.92,48.2594,87567.6,7
2026-10-20,South,Home,Kestrel Logistics,9885,9358,527,23250,0.9467,8.54,0.12,17594.73,22.0631,79905.16,7
2026-10-20,South,Home,Northwind Foods,6281,5833,448,18700,0.9287,10.21,0.81,11141.31,22.0631,59551.98,7
2026-10-20,South,Sports,Kestrel Logistics,26055,25332,723,68550,0.9723,10.9,0.52,44522.53,18.6491,276166.49,7
2026-10-20,South,Sports,Northwind Foods,16585,16363,222,60751,0.9866,12.93,0.36,31488.61,18.6491,211613.32,7
2026-10-20,West,Apparel,Kestrel Logistics,9703,9188,515,26366,0.9469,9.71,0.5,17009.15,33.2134,89178.99,7
2026-10-20,West,Apparel,Northwind Foods,13365,12942,423,29239,0.9684,8.54,0.57,24528.0,33.2134,110532.09,7
2026-10-20,West,Beauty,Kestrel Logistics,12736,12029,707,31239,0.9445,10.82,0.18,21850.5,29.0028,130100.36,7
2026-10-20,West,Beauty,Northwind Foods,9081,8512,569,17798,0.9373,9.21,0.1,15845.54,29.0028,78407.83,7
2026-10-20,West,Electronics,Kestrel Logistics,11546,11322,224,32368,0.9806,10.3,0.61,19673.09,6.5709,116565.61,7
2026-10-20,West,Electronics,Northwind Foods,10929,10538,391,41628,0.9642,11.29,0.1,18566.32,6.5709,118976.91,7
2026-10-20,West,Home,Kestrel Logistics,6084,5940,144,17876,0.9763,11.11,0.12,11262.54,20.0465,65995.32,7
2026-10-20,West,Home,Northwind Foods,11312,11100,212,27413,0.9813,12.09,0.53,20864.25,20.0465,134175.3,7
2026-10-20,West,Sports,Kestrel Logistics,13431,12967,464,43065,0.9655,10.5,0.69,23971.18,29.9512,136152.57,7
2026-10-20,West,Sports,Northwind Foods,6258,5956,302,15882,0.9517,12.49,0.7,10947.22,29.9512,74373.99,7
2026-10-27,Central,Apparel,Kestrel Logistics,6673,6415,258,19890,0.9613,10.21,0.52,12166.26,20.0838,65495.33,7
2026-10-27,Central,Apparel,Northwind Foods,5617,5388,229,14384,0.9592,15.26,0.91,9608.85,20.0838,82239.5,7
2026-10-27,Central,Beauty,Kestrel Logistics,3689,3443,246,13653,0.9333,9.56,0.2,6253.11,48.5134,32926.03,7
2026-10-27,Central,Beauty,Northwind Foods,3660,3656,4,9410,0.9989,9.74,0.55,6784.1,48.5134,35592.4,7
2026-10-27,Central,Electronics,Kestrel Logistics,5745,5669,76,16701,0.9868,8.59,0.84,10825.89,29.4328,48711.73,7
2026-10-27,Central,Electronics,Northwind Foods,8131,7812,319,24897,0.9608,10.7,0.26,15078.04,29.4328,83624.98,7
2026-10-27,Central,Home,Kestrel Logistics,8803,8393,410,23453,0.9534,8.33,0.11,15565.21,32.5502,69935.3,7
2026-10-27,Central,Home,Northwind Foods,9299,8728,571,25234,0.9386,11.41,0.15,14906.83,32.5502,99607.32,7
2026-10-27,Central,Sports,Kestrel Logistics,12595,12104,491,32768,0.961,9.11,0.01,22548.61,23.8476,110246.23,7
2026-10-27,Central,Sports,Northwind Foods,19410,18546,864,50396,0.9555,11.23,0.55,32666.24,23.8476,208203.69,7
2026-10-27,East,Apparel,Kestrel Logistics,12349,12049,300,33674,0.9757,11.85,0.94,22510.37,23.7462,142736.75,7
2026-10-27,East,Apparel,Northwind Foods,24889,23303,1586,84436,0.9363,10.47,0.14,36316.66,23.7462,243893.61,7
2026-10-27,East,Beauty,Kestrel Logistics,4822,4697,125,12057,0.9741,9.49,0.76,8641.31,22.8279,44578.28,7
2026-10-27,East,Beauty,Northwind Foods,5040,4924,116,10877,0.977,14.23,1.11,9433.69,22.8279,70047.11,7
2026-10-27,East,Electronics,Kestrel Logistics,2888,2791,97,8111,0.9664,9.99,0.11,5668.42,34.7194,27872.99,7
2026-10-27,East,Electronics,Northwind Foods,8074,7665,409,25636,0.9493,10.79,0.34,13354.45,34.7194,82701.94,7
2026-10-27,East,Home,Kestrel Logistics,5399,5178,221,17784,0.9591,10.0,0.21,9324.94,15.3244,51775.02,7
2026-10-27,East,Home,Northwind Foods,7340,6964,376,20545,0.9488,9.78,0.04,13628.04,15.3244,68123.11,7
2026-10-27,East,Sports,Kestrel Logistics,15665,15144,521,48989,0.9667,10.32,1.44,25241.33,27.451,156236.43,7
2026-10-27,East,Sports,Northwind Foods,7796,7788,8,21116,0.999,12.15,0.05,14219.76,27.451,94652.96,7
2026-10-27,North,Apparel,Kestrel Logistics,13249,12828,421,41228,0.9682,11.58,0.23,22107.08,37.5334,148578.65,7
2026-10-27,North,Apparel,Northwind Foods,10651,10051,600,27660,0.9437,14.15,0.2,19034.48,37.5334,142211.98,7
2026-10-27,North,Beauty,Kestrel Logistics,6062,5719,343,16644,0.9434,10.49,0.03,11122.88,33.9295,59972.94,7
2026-10-27,North,Beauty,Northwind Foods,4518,4250,268,12133,0.9407,9.59,0.66,8124.46,33.9295,40740.44,7
2026-10-27,North,Electronics,Kestrel Logistics,7381,7064,317,23155,0.9571,12.12,0.31,12372.86,12.6644,85616.36,7
2026-10-27,North,Electronics,Northwind Foods,8702,8234,468,27210,0.9462,9.88,0.24,15179.38,12.6644,81330.63,7
2026-10-27,North,Home,Kestrel Logistics,16010,15616,394,44112,0.9754,9.12,0.1,28892.73,17.8676,142459.58,7
2026-10-27,North,Home,Northwind Foods,9838,9660,178,28386,0.9819,8.71,0.05,18987.06,17.8676,84097.14,7
2026-10-27,North,Sports,Kestrel Logistics,9457,8939,518,28774,0.9452,11.96,0.79,15766.9,27.1698,106875.81,7
2026-10-27,North,Sports,Northwind Foods,12015,11708,307,42078,0.9744,10.17,0.15,21760.76,27.1698,119091.85,7
2026-10-27,South,Apparel,Kestrel Logistics,21314,20672,642,57002,0.9699,12.93,0.49,37855.2,19.0618,267346.0,7
2026-10-27,South,Apparel,Northwind Foods,9032,8628,404,24631,0.9553,12.73,1.08,16115.87,19.0618,109802.38,7
2026-10-27,South,Beauty,Kestrel Logistics,5349,5135,214,15625,0.96,10.88,0.94,10136.23,46.6929,55889.11,7
2026-10-27,South,Beauty,Northwind Foods,8318,7933,385,26819,0.9537,11.74,0.29,13701.2,46.6929,93147.08,7
2026-10-27,South,Electronics,Kestrel Logistics,4981,4775,206,14529,0.9586,9.4,1.81,9283.48,17.6647,44874.01,7
2026-10-27,South,Electronics,Northwind Foods,12449,12112,337,35600,0.9729,12.11,0.7,24378.05,17.6647,146706.31,7
2026-10-27,South,Home,Kestrel Logistics,12358,12280,78,36581,0.9937,11.61,0.32,24722.98,18.343,142586.67,7
2026-10-27,South,Home,Northwind Foods,7899,7655,244,23925,0.9691,8.42,0.02,14776.96,18.343,64435.81,7
2026-10-27,South,Sports,Kestrel Logistics,7000,6904,96,23941,0.9863,10.91,0.03,12095.78,31.3929,75312.77,7
2026-10-27,South,Sports,Northwind Foods,4637,4460,177,15374,0.9618,9.59,0.17,7818.85,31.3929,42780.54,7
2026-10-27,West,Apparel,Kestrel Logistics,5185,4867,318,17086,0.9387,11.35,1.66,9138.04,30.4055,55227.64,7
2026-10-27,West,Apparel,Northwind Foods,7029,6854,175,21916,0.9751,11.17,0.33,12417.18,30.4055,76541.89,7
2026-10-27,West,Beauty,Kestrel Logistics,11883,11289,594,36762,0.95,12.16,0.71,19819.54,19.2368,137329.62,7
2026-10-27,West,Beauty,Northwind Foods,8453,7989,464,23992,0.9451,12.31,0.08,14563.41,19.2368,98367.82,7
2026-10-27,West,Electronics,Kestrel Logistics,16389,15789,600,53343,0.9634,10.38,0.97,29071.81,14.6179,163908.43,7
2026-10-27,West,Electronics,Northwind Foods,15475,14695,780,49567,0.9496,11.27,0.98,27193.44,14.6179,165656.74,7
2026-10-27,West,Home,Kestrel Logistics,4494,4438,56,14354,0.9875,10.17,0.2,8228.58,49.4959,45113.63,7
2026-10-27,West,Home,Northwind Foods,8497,8294,203,27704,0.9761,11.15,0.49,15989.36,49.4959,92485.29,7
2026-10-27,West,Sports,Kestrel Logistics,10284,9842,442,27553,0.957,14.67,0.08,18558.62,32.1119,144337.29,7
2026-10-27,West,Sports,Northwind Foods,4658,4521,137,16849,0.9706,10.72,0.04,7567.38,32.1119,48487.72,7
2026-11-03,Central,Apparel,Kestrel Logistics,1077,1041,36,3040,0.9666,11.63,0.21,1928.64,75.7556,12107.19,7
2026-11-03,Central,Apparel,Northwind Foods,942,874,68,2572,0.9278,11.26,0.56,1744.78,75.7556,9836.93,7
2026-11-03,Central,Beauty,Kestrel Logistics,8179,7920,259,17910,0.9683,12.43,0.42,14281.95,29.6768,98430.57,7
2026-11-03,Central,Beauty,Northwind Foods,8714,8413,301,24089,0.9655,10.01,0.09,16332.1,29.6768,84233.71,7
2026-11-03,Central,Electronics,Kestrel Logistics,9444,9324,120,24419,0.9873,12.07,0.66,16607.21,27.638,112580.71,7
2026-11-03,Central,Electronics,Northwind Foods,12864,12851,13,45116,0.999,12.06,0.46,24446.87,27.638,155039.37,7
2026-11-03,Central,Home,Kestrel Logistics,14388,13635,753,33704,0.9477,12.45,0.29,24923.78,13.2267,169726.65,7
2026-11-03,Central,Home,Northwind Foods,14483,14181,302,43437,0.9791,11.3,0.12,25911.51,13.2267,160257.32,7
2026-11-03,Central,Sports,Kestrel Logistics,18204,17536,668,47492,0.9633,11.4,0.06,31104.75,17.5585,199846.19,7
2026-11-03,Central,Sports,Northwind Foods,28113,26869,1244,86802,0.9558,12.78,0.13,50892.41,17.5585,343395.47,7
2026-11-03,East,Apparel,Kestrel Logistics,8256,8041,215,24703,0.974,12.25,0.79,15225.52,23.7253,98521.54,7
2026-11-03,East,Apparel,Northwind Foods,16353,15552,801,40094,0.951,10.84,0.84,26663.88,23.7253,168576.57,7
2026-11-03,East,Beauty,Kestrel Logistics,12492,11810,682,32911,0.9454,9.99,0.34,21971.38,22.3945,118039.24,7
2026-11-03,East,Beauty,Northwind Foods,12744,12380,364,33918,0.9714,9.73,0.02,23398.31,22.3945,120509.7,7
2026-11-03,East,Electronics,Kestrel Logistics,6577,6359,218,20967,0.9669,8.56,0.68,11644.96,18.4313,54446.39,7
2026-11-03,East,Electronics,Northwind Foods,17699,17461,238,53497,0.9866,10.93,0.95,33809.6,18.4313,190768.05,7
2026-11-03,East,Home,Kestrel Logistics,9785,9433,352,24826,0.964,9.65,1.04,17145.73,24.8743,91046.57,7
2026-11-03,East,Home,Northwind Foods,13587,12689,898,34210,0.9339,12.16,0.1,23804.88,24.8743,154280.9,7
2026-11-03,East,Sports,Kestrel Logistics,9254,9092,162,29097,0.9825,10.7,0.45,17106.33,24.0167,97297.21,7
2026-11-03,East,Sports,Northwind Foods,4819,4675,144,14066,0.9701,10.34,0.95,8536.92,24.0167,48339.09,7
2026-11-03,North,Apparel,Kestrel Logistics,11667,11433,234,29750,0.9799,10.52,0.1,21936.07,24.3946,120262.42,7
2026-11-03,North,Apparel,Northwind Foods,9343,8959,384,31745,0.9589,11.06,0.24,18452.51,24.3946,99041.76,7
2026-11-03,North,Beauty,Kestrel Logistics,7027,6615,412,22734,0.9414,10.92,1.17,12711.01,35.0757,72212.79,7
2026-11-03,North,Beauty,Northwind Foods,5078,4917,161,14170,0.9683,10.91,0.32,9345.97,35.0757,53623.23,7
2026-11-03,North,Electronics,Kestrel Logistics,9747,9603,144,25267,0.9852,9.92,1.26,18049.07,24.4141,95238.02,7
2026-11-03,North,Electronics,Northwind Foods,11915,11194,721,41786,0.9395,10.37,0.11,18277.91,24.4141,116128.31,7
2026-11-03,North,Home,Kestrel Logistics,14552,14127,425,44381,0.9708,8.05,0.32,26245.27,13.1986,113776.48,7
2026-11-03,North,Home,Northwind Foods,8858,8739,119,23819,0.9866,12.51,0.65,16903.14,13.1986,109360.4,7
2026-11-03,North,Sports,Kestrel Logistics,7883,7757,126,21084,0.984,10.34,0.31,13676.02,14.5071,80234.85,7
2026-11-03,North,Sports,Northwind Foods,10244,10161,83,28303,0.9919,10.71,0.96,18757.27,14.5071,108844.62,7
2026-11-03,South,Apparel,Kestrel Logistics,10778,10224,554,36556,0.9486,8.96,0.81,18126.15,34.2004,91647.83,7
2026-11-03,South,Apparel,Northwind Foods,4366,4267,99,13188,0.9773,11.59,0.26,7722.88,34.2004,49438.78,7
2026-11-03,South,Beauty,Kestrel Logistics,908,885,23,3148,0.9747,10.86,0.31,1760.18,51.3315,9608.18,7
2026-11-03,South,Beauty,Northwind Foods,1372,1367,5,3436,0.9964,10.3,0.34,2655.34,51.3315,14080.51,7
2026-11-03,South,Electronics,Kestrel Logistics,5544,5283,261,16528,0.9529,11.47,0.26,9358.18,4.8908,60569.91,7
2026-11-03,South,Electronics,Northwind Foods,13988,13401,587,37342,0.958,12.5,0.16,27190.54,4.8908,167487.08,7
2026-11-03,South,Home,Kestrel Logistics,10398,9721,677,30338,0.9349,10.32,0.1,17309.73,28.7497,100296.73,7
2026-11-03,South,Home,Northwind Foods,6249,6059,190,21757,0.9696,9.34,1.39,10834.53,28.7497,56609.94,7
2026-11-03,South,Sports,Kestrel Logistics,11945,11322,623,36986,0.9478,9.32,0.29,19895.88,28.3892,105508.76,7
2026-11-03,South,Sports,Northwind Foods,7482,7314,168,21134,0.9775,12.24,0.13,12841.8,28.3892,89526.81,7
2026-11-03,West,Apparel,Kestrel Logistics,10837,10356,481,33073,0.9556,10.99,0.4,19996.29,22.8045,113783.77,7
2026-11-03,West,Apparel,Northwind Foods,15011,14586,425,42820,0.9717,10.89,0.24,26288.59,22.8045,158840.05,7
2026-11-03,West,Beauty,Kestrel Logistics,9680,9209,471,30573,0.9513,14.77,0.39,17933.7,34.9636,136054.25,7
2026-11-03,West,Beauty,Northwind Foods,6787,6517,270,19056,0.9602,10.46,0.01,11623.72,34.9636,68167.19,7
2026-11-03,West,Electronics,Kestrel Logistics,8721,8712,9,22856,0.999,11.63,0.34,16346.95,24.0349,101317.7,7
2026-11-03,West,Electronics,Northwind Foods,8428,8109,319,20128,0.9621,10.42,1.38,16027.36,24.0349,84513.42,7
2026-11-03,West,Home,Kestrel Logistics,9612,9337,275,27815,0.9714,11.74,0.3,16097.77,25.9263,109605.62,7
2026-11-03,West,Home,Northwind Foods,17627,17450,177,43218,0.99,9.93,0.25,34266.47,25.9263,173229.26,7
2026-11-03,West,Sports,Kestrel Logistics,20469,20064,405,55036,0.9802,10.18,0.65,37469.94,20.9526,204188.33,7
2026-11-03,West,Sports,Northwind Foods,9556,9217,339,22415,0.9645,12.22,0.21,16575.56,20.9526,112623.47,7
2026-11-10,Central,Apparel,Kestrel Logistics,2343,2226,117,7901,0.9501,9.75,0.42,4412.39,13.6684,21695.95,7
2026-11-10,Central,Apparel,Northwind Foods,1897,1869,28,4838,0.9852,10.92,0.45,3496.24,13.6684,20415.87,7
2026-11-10,Central,Beauty,Kestrel Logistics,4996,4657,339,11746,0.9321,12.45,0.66,8384.14,29.0815,57986.7,7
2026-11-10,Central,Beauty,Northwind Foods,5133,4946,187,13018,0.9636,9.4,0.96,8693.12,29.0815,46481.69,7
2026-11-10,Central,Electronics,Kestrel Logistics,4817,4812,5,17451,0.999,7.62,0.21,8671.36,22.4448,36671.98,7
2026-11-10,Central,Electronics,Northwind Foods,6733,6633,100,20511,0.9851,10.22,0.0,12218.91,22.4448,67818.44,7
2026-11-10,Central,Home,Kestrel Logistics,9546,8847,699,26414,0.9268,9.88,0.13,15976.97,31.3694,87382.41,7
2026-11-10,Central,Home,Northwind Foods,9520,9201,319,27206,0.9665,13.47,0.05,16134.48,31.3694,123951.26,7
2026-11-10,Central,Sports,Kestrel Logistics,4789,4543,246,15111,0.9486,13.3,0.12,9012.85,21.1054,60409.49,7
2026-11-10,Central,Sports,Northwind Foods,7133,6962,171,24224,0.976,10.66,0.16,12721.58,21.1054,74180.65,7
2026-11-10,East,Apparel,Kestrel Logistics,9718,9487,231,26409,0.9762,10.77,0.59,18266.31,15.1517,102187.6,7
2026-11-10,East,Apparel,Northwind Foods,19253,18349,904,57946,0.953,10.8,0.68,32214.03,15.1517,198197.84,7
2026-11-10,East,Beauty,Kestrel Logistics,6308,6032,276,15047,0.9562,8.71,0.56,10873.19,15.2081,52546.16,7
2026-11-10,East,Beauty,Northwind Foods,6520,6322,198,20037,0.9696,9.28,0.21,12439.63,15.2081,58671.69,7
2026-11-10,East,Electronics,Kestrel Logistics,6145,5944,201,20992,0.9673,11.51,0.37,11313.06,30.9029,68403.16,7
2026-11-10,East,Electronics,Northwind Foods,17121,16322,799,45185,0.9533,10.77,0.5,30588.08,30.9029,175739.94,7
2026-11-10,East,Home,Kestrel Logistics,9552,9027,525,28548,0.945,10.33,0.75,16768.54,15.3035,93214.92,7
2026-11-10,East,Home,Northwind Foods,12678,12141,537,42294,0.9576,11.43,0.28,22922.43,15.3035,138744.14,7
2026-11-10,East,Sports,Kestrel Logistics,7291,7080,211,18063,0.9711,8.43,0.41,13531.84,27.9081,59669.57,7
2026-11-10,East,Sports,Northwind Foods,3797,3641,156,8314,0.9589,11.03,0.31,6507.23,27.9081,40154.26,7
2026-11-10,North,Apparel,Kestrel Logistics,11123,10451,672,30686,0.9396,11.23,0.17,19362.05,24.4317,117322.59,7
2026-11-10,North,Apparel,Northwind Foods,8514,8189,325,22500,0.9618,11.64,0.38,14866.0,24.4317,95354.63,7
2026-11-10,North,Beauty,Kestrel Logistics,14558,13331,1227,38773,0.9157,11.01,0.26,25717.89,18.91,146780.6,7
2026-11-10,North,Beauty,Northwind Foods,10080,9907,173,25120,0.9828,13.76,0.16,18489.07,18.91,136351.28,7
2026-11-10,North,Electronics,Kestrel Logistics,14065,13416,649,42245,0.9539,10.93,0.29,23904.02,25.2227,146623.3,7
2026-11-10,North,Electronics,Northwind Foods,16344,15641,703,57190,0.957,9.68,0.67,31725.18,25.2227,151408.99,7
2026-11-10,North,Home,Kestrel Logistics,8632,8417,215,22070,0.9751,11.61,0.45,14415.72,27.6908,97709.51,7
2026-11-10,North,Home,Northwind Foods,5381,5207,174,16044,0.9677,10.54,0.02,9658.27,27.6908,54887.41,7
2026-11-10,North,Sports,Kestrel Logistics,3631,3457,174,8794,0.9521,9.24,0.12,6409.47,35.6134,31929.11,7
2026-11-10,North,Sports,Northwind Foods,4595,4527,68,10825,0.9852,11.04,0.18,8995.3,35.6134,49967.44,7
2026-11-10,South,Apparel,Kestrel Logistics,11000,10654,346,32259,0.9685,11.37,0.61,19761.37,28.1324,121115.43,7
2026-11-10,South,Apparel,Northwind Foods,4558,4447,111,10567,0.9756,8.71,0.62,8103.68,28.1324,38733.19,7
2026-11-10,South,Beauty,Kestrel Logistics,9242,9233,9,24389,0.999,11.11,0.24,16456.02,16.7453,102588.67,7
2026-11-10,South,Beauty,Northwind Foods,15269,14264,1005,44826,0.9342,12.94,0.37,26523.99,16.7453,184524.24,7
2026-11-10,South,Electronics,Kestrel Logistics,7313,7112,201,25216,0.9725,12.42,0.05,13581.35,21.7537,88316.34,7
2026-11-10,South,Electronics,Northwind Foods,19210,18040,1170,55111,0.9391,12.14,0.19,35356.37,21.7537,218980.64,7
2026-11-10,South,Home,Kestrel Logistics,20566,19948,618,65552,0.97,9.86,0.21,35649.05,23.7108,196681.53,7
2026-11-10,South,Home,Northwind Foods,12791,12433,358,46340,0.972,11.37,0.0,23902.89,23.7108,141406.83,7
2026-11-10,South,Sports,Kestrel Logistics,5322,5215,107,17075,0.9799,12.69,0.11,9592.97,6.7451,66177.84,7
2026-11-10,South,Sports,Northwind Foods,3524,3369,155,9888,0.956,11.27,0.21,6003.88,6.7451,37980.19,7
2026-11-10,West,Apparel,Kestrel Logistics,9740,9388,352,21165,0.9639,12.05,0.17,17803.47,24.3623,113102.34,7
2026-11-10,West,Apparel,Northwind Foods,14112,13222,890,46305,0.9369,11.74,0.95,25439.08,24.3623,155250.7,7
2026-11-10,West,Beauty,Kestrel Logistics,8779,8365,414,23403,0.9528,10.72,0.45,15991.94,25.0749,89645.24,7
2026-11-10,West,Beauty,Northwind Foods,6200,5920,280,21019,0.9548,10.35,0.37,10526.14,25.0749,61286.42,7
2026-11-10,West,Electronics,Kestrel Logistics,14250,14028,222,40235,0.9844,10.93,0.15,25093.29,19.6281,153299.76,7
2026-11-10,West,Electronics,Northwind Foods,13422,13056,366,36574,0.9727,10.83,0.51,22979.59,19.6281,141445.85,7
2026-11-10,West,Home,Kestrel Logistics,6989,6843,146,17705,0.9791,7.71,0.33,11918.03,14.6872,52786.61,7
2026-11-10,West,Home,Northwind Foods,13338,12789,549,39887,0.9588,12.64,0.23,23846.23,14.6872,161590.83,7
2026-11-10,West,Sports,Kestrel Logistics,15168,14393,775,45987,0.9489,10.89,0.88,28693.47,17.9121,156721.13,7
2026-11-10,West,Sports,Northwind Foods,6844,6611,233,19134,0.966,11.04,0.15,11641.14,17.9121,73003.64,7
2026-11-17,Central,Apparel,Kestrel Logistics,12138,11648,490,36592,0.9596,11.94,0.43,24015.83,13.911,139082.64,7
2026-11-17,Central,Apparel,Northwind Foods,10188,9784,404,30146,0.9603,9.08,1.9,19336.9,13.911,88837.73,7
2026-11-17,Central,Beauty,Kestrel Logistics,5215,5073,142,16526,0.9728,10.5,0.82,9687.61,22.4826,53267.28,7
2026-11-17,Central,Beauty,Northwind Foods,5658,5389,269,15519,0.9525,9.99,0.43,10194.25,22.4826,53812.94,7
2026-11-17,Central,Electronics,Kestrel Logistics,3873,3627,246,12223,0.9365,12.41,0.32,6592.38,23.4173,45025.44,7
2026-11-17,Central,Electronics,Northwind Foods,5158,4999,159,16959,0.9692,13.59,0.68,9176.5,23.4173,67927.89,7
2026-11-17,Central,Home,Kestrel Logistics,7746,7534,212,25229,0.9726,11.53,0.16,14887.06,40.9722,86890.28,7
2026-11-17,Central,Home,Northwind Foods,8378,7836,542,24753,0.9353,11.8,1.31,15128.59,40.9722,92498.35,7
2026-11-17,Central,Sports,Kestrel Logistics,15217,14767,450,58981,0.9704,13.8,0.23,26171.81,21.318,203771.73,7
2026-11-17,Central,Sports,Northwind Foods,23808,22625,1183,75195,0.9503,10.77,0.62,43502.57,21.318,243658.76,7
2026-11-17,East,Apparel,Kestrel Logistics,9315,8776,539,26039,0.9421,9.95,0.2,15610.41,17.7417,87326.73,7
2026-11-17,East,Apparel,Northwind Foods,17335,16972,363,58595,0.9791,12.12,0.48,32013.01,17.7417,205752.14,7
2026-11-17,East,Beauty,Kestrel Logistics,6885,6852,33,19891,0.9952,11.79,0.86,13713.26,21.8177,80809.56,7
2026-11-17,East,Beauty,Northwind Foods,7645,7183,462,19117,0.9396,9.04,1.27,13072.94,21.8177,64933.29,7
2026-11-17,East,Electronics,Kestrel Logistics,6061,5803,258,18511,0.9574,9.0,0.69,11899.66,31.1175,52224.02,7
2026-11-17,East,Electronics,Northwind Foods,16404,15934,470,45838,0.9713,10.92,0.46,27709.84,31.1175,174027.69,7
2026-11-17,East,Home,Kestrel Logistics,10155,9706,449,33416,0.9558,10.62,0.04,17537.62,27.5282,103110.35,7
2026-11-17,East,Home,Northwind Foods,13768,13055,713,35769,0.9482,11.6,0.11,24815.36,27.5282,151438.27,7
2026-11-17,East,Sports,Kestrel Logistics,21096,20693,403,49531,0.9809,11.62,1.24,36970.96,26.0275,240420.3,7
2026-11-17,East,Sports,Northwind Foods,11278,10642,636,26433,0.9436,11.74,0.15,19754.85,26.0275,124968.27,7
2026-11-17,North,Apparel,Kestrel Logistics,8799,8664,135,23281,0.9847,11.89,0.73,16087.14,22.9468,102980.15,7
2026-11-17,North,Apparel,Northwind Foods,7138,6788,350,20023,0.951,10.15,0.2,12214.4,22.9468,68887.55,7
2026-11-17,North,Beauty,Kestrel Logistics,9199,8704,495,24052,0.9462,10.39,0.27,15351.25,18.1516,90469.07,7
2026-11-17,North,Beauty,Northwind Foods,6754,6469,285,16384,0.9578,10.3,0.25,11770.83,18.1516,66649.67,7
2026-11-17,North,Electronics,Kestrel Logistics,8936,8201,735,24634,0.9177,12.58,0.19,14174.59,26.518,103196.17,7
2026-11-17,North,Electronics,Northwind Foods,9986,9560,426,25976,0.9573,10.25,0.21,17490.21,26.518,98036.08,7
2026-11-17,North,Home,Kestrel Logistics,10373,9978,395,27936,0.9619,12.92,0.19,17276.01,28.4085,128929.93,7
2026-11-17,North,Home,Northwind Foods,6411,6173,238,17096,0.9629,10.61,0.68,10693.84,28.4085,65478.24,7
2026-11-17,North,Sports,Kestrel Logistics,8413,7833,580,26450,0.9311,9.97,0.32,14784.95,30.9536,78062.06,7
2026-11-17,North,Sports,Northwind Foods,10471,10260,211,30761,0.9798,13.5,0.19,20567.17,30.9536,138477.98,7
2026-11-17,South,Apparel,Kestrel Logistics,7105,6961,144,21265,0.9797,12.46,0.12,12885.1,23.8072,86750.16,7
2026-11-17,South,Apparel,Northwind Foods,2947,2905,42,10302,0.9857,6.91,0.23,5534.36,23.8072,20075.31,7
2026-11-17,South,Beauty,Kestrel Logistics,2716,2618,98,7676,0.9639,9.79,0.4,5128.05,50.256,25623.25,7
2026-11-17,South,Beauty,Northwind Foods,4095,4044,51,12471,0.9875,10.52,0.61,7670.78,50.256,42547.89,7
2026-11-17,South,Electronics,Kestrel Logistics,2975,2792,183,8781,0.9385,10.42,0.12,5588.83,5.3494,29090.58,7
2026-11-17,South,Electronics,Northwind Foods,7202,7081,121,22509,0.9832,10.18,0.18,13366.97,5.3494,72054.8,7
2026-11-17,South,Home,Kestrel Logistics,14046,13359,687,30705,0.9511,11.22,0.06,25454.23,23.477,149939.76,7
2026-11-17,South,Home,Northwind Foods,8515,8326,189,29078,0.9778,12.82,0.84,15374.46,23.477,106706.6,7
2026-11-17,South,Sports,Kestrel Logistics,17901,16912,989,52867,0.9448,11.69,0.01,29829.15,15.5103,197733.55,7
2026-11-17,South,Sports,Northwind Foods,11681,10925,756,31823,0.9353,12.8,0.54,20922.7,15.5103,139807.64,7
2026-11-17,West,Apparel,Kestrel Logistics,7602,7223,379,19149,0.9501,10.45,0.36,12132.25,21.1218,75505.63,7
2026-11-17,West,Apparel,Northwind Foods,10542,10174,368,30423,0.9651,10.57,0.35,18862.12,21.1218,107509.44,7
2026-11-17,West,Beauty,Kestrel Logistics,10687,9965,722,32879,0.9324,12.15,0.05,18177.97,33.4839,121060.76,7
2026-11-17,West,Beauty,Northwind Foods,7256,7051,205,17750,0.9717,11.79,0.05,12959.64,33.4839,83104.86,7
2026-11-17,West,Electronics,Kestrel Logistics,7330,7255,75,17036,0.9898,10.63,0.05,13148.27,25.9046,77148.55,7
2026-11-17,West,Electronics,Northwind Foods,7286,6752,534,18358,0.9267,12.4,0.38,12279.51,25.9046,83694.48,7
2026-11-17,West,Home,Kestrel Logistics,5431,5138,293,16290,0.9461,11.82,0.18,9084.3,33.3918,60719.12,7
2026-11-17,West,Home,Northwind Foods,9784,9601,183,31858,0.9813,11.25,1.0,18216.53,33.3918,107966.01,7
2026-11-17,West,Sports,Kestrel Logistics,10245,10074,171,26800,0.9833,9.41,0.94,19165.7,21.6023,94807.26,7
2026-11-17,West,Sports,Northwind Foods,4795,4627,168,13682,0.965,10.46,1.14,9356.02,21.6023,48409.75,7
2026-11-24,Central,Apparel,Kestrel Logistics,7505,7262,243,25065,0.9676,10.66,0.39,13869.46,25.1556,77431.44,7
2026-11-24,Central,Apparel,Northwind Foods,6271,6099,172,18040,0.9726,9.87,0.28,10830.15,25.1556,60204.57,7
2026-11-24,Central,Beauty,Kestrel Logistics,6741,6416,325,15521,0.9518,12.76,0.2,12088.66,17.7273,81884.64,7
2026-11-24,Central,Beauty,Northwind Foods,6920,6814,106,16355,0.9847,11.93,0.08,13232.95,17.7273,81271.19,7
2026-11-24,Central,Electronics,Kestrel Logistics,9050,8730,320,26104,0.9646,10.16,0.24,17957.17,22.5295,88729.25,7
2026-11-24,Central,Electronics,Northwind Foods,12461,12032,429,33290,0.9656,9.1,0.72,21139.78,22.5295,109509.66,7
2026-11-24,Central,Home,Kestrel Logistics,8748,8380,368,27141,0.9579,12.11,0.15,14535.94,18.6557,101503.62,7
2026-11-24,Central,Home,Northwind Foods,9077,8715,362,24539,0.9601,10.5,0.39,16638.25,18.6557,91498.72,7
2026-11-24,Central,Sports,Kestrel Logistics,6942,6703,239,20803,0.9656,10.4,0.53,12263.95,21.0054,69700.31,7
2026-11-24,Central,Sports,Northwind Foods,10628,10270,358,34963,0.9663,10.26,0.22,19198.15,21.0054,105376.83,7
2026-11-24,East,Apparel,Kestrel Logistics,9987,9782,205,30335,0.9795,11.68,0.62,17016.58,15.8083,114222.17,7
2026-11-24,East,Apparel,Northwind Foods,19996,18919,1077,60695,0.9461,9.02,0.22,35011.4,15.8083,170710.12,7
2026-11-24,East,Beauty,Kestrel Logistics,12319,11839,480,29829,0.961,10.08,0.53,20991.84,25.9298,119388.47,7
2026-11-24,East,Beauty,Northwind Foods,13100,12411,689,37277,0.9474,10.77,0.05,23022.72,25.9298,133716.63,7
2026-11-24,East,Electronics,Kestrel Logistics,1244,1208,36,3018,0.9711,12.58,0.27,2278.09,13.1425,15193.97,7
2026-11-24,East,Electronics,Northwind Foods,3456,3317,139,8684,0.9598,10.64,0.1,6029.2,13.1425,35281.87,7
2026-11-24,East,Home,Kestrel Logistics,2378,2333,45,7200,0.9811,9.82,0.53,4253.38,31.9586,22913.97,7
2026-11-24,East,Home,Northwind Foods,3385,3137,248,9238,0.9267,9.59,0.13,5665.14,31.9586,30093.74,7
2026-11-24,East,Sports,Kestrel Logistics,9986,9856,130,29834,0.987,11.11,0.62,17423.48,14.0639,109461.57,7
2026-11-24,East,Sports,Northwind Foods,5320,5069,251,12478,0.9528,12.75,0.06,9762.24,14.0639,64645.73,7
2026-11-24,North,Apparel,Kestrel Logistics,4715,4546,169,11833,0.9642,11.56,0.25,7882.54,17.9484,52562.91,7
2026-11-24,North,Apparel,Northwind Foods,3724,3562,162,9528,0.9565,11.94,0.32,6376.06,17.9484,42521.93,7
2026-11-24,North,Beauty,Kestrel Logistics,23685,22738,947,58751,0.96,10.51,0.2,42336.88,16.8398,239030.52,7
2026-11-24,North,Beauty,Northwind Foods,16916,16899,17,46772,0.999,10.95,0.16,29976.88,16.8398,185053.03,7
2026-11-24,North,Electronics,Kestrel Logistics,7554,7295,259,21430,0.9657,12.63,0.15,12951.76,21.2704,92115.94,7
2026-11-24,North,Electronics,Northwind Foods,8614,8505,109,27431,0.9873,12.16,0.93,16237.32,21.2704,103456.36,7
2026-11-24,North,Home,Kestrel Logistics,10873,10506,367,29787,0.9662,9.34,1.2,19538.35,24.9754,98129.61,7
2026-11-24,North,Home,Northwind Foods,6684,6500,184,21468,0.9725,12.52,0.93,12391.65,24.9754,81366.11,7
2026-11-24,North,Sports,Kestrel Logistics,7783,7415,368,27405,0.9527,10.5,0.04,13837.48,33.847,77849.27,7
2026-11-24,North,Sports,Northwind Foods,9907,9711,196,27670,0.9802,12.83,0.24,16723.4,33.847,124561.79,7
2026-11-24,South,Apparel,Kestrel Logistics,8040,7666,374,26655,0.9535,10.76,0.74,12840.38,27.9385,82508.71,7
2026-11-24,South,Apparel,Northwind Foods,3377,3199,178,7668,0.9473,9.94,0.75,6271.57,27.9385,31807.52,7
2026-11-24,South,Beauty,Kestrel Logistics,4614,4434,180,14563,0.961,11.76,0.29,7952.5,22.7503,52128.99,7
2026-11-24,South,Beauty,Northwind Foods,7085,6850,235,24760,0.9668,12.16,0.94,13943.05,22.7503,83320.52,7
2026-11-24,South,Electronics,Kestrel Logistics,4483,4431,52,15641,0.9884,12.17,0.19,8254.09,20.2462,53937.38,7
2026-11-24,South,Electronics,Northwind Foods,11493,11238,255,32335,0.9778,10.64,0.43,19076.03,20.2462,119599.95,7
2026-11-24,South,Home,Kestrel Logistics,19765,18812,953,51504,0.9518,10.2,0.41,34314.21,27.4158,191841.77,7
2026-11-24,South,Home,Northwind Foods,12376,11725,651,33774,0.9474,11.2,0.18,22592.62,27.4158,131270.81,7
2026-11-24,South,Sports,Kestrel Logistics,12632,12619,13,35184,0.999,11.57,0.66,25819.43,27.7327,146056.45,7
2026-11-24,South,Sports,Northwind Foods,8679,8151,528,23278,0.9392,10.01,0.8,15314.29,27.7327,81581.33,7
2026-11-24,West,Apparel,Kestrel Logistics,11743,11433,310,39013,0.9736,9.07,0.86,24305.19,28.3479,103746.39,7
2026-11-24,West,Apparel,Northwind Foods,16594,16104,490,42650,0.9705,10.88,0.33,30098.75,28.3479,175283.59,7
2026-11-24,West,Beauty,Kestrel Logistics,9444,9113,331,27239,0.965,10.33,2.05,16902.49,26.2934,94115.56,7
2026-11-24,West,Beauty,Northwind Foods,6854,6449,405,17494,0.9409,12.19,0.06,12685.04,26.2934,78587.68,7
2026-11-24,West,Electronics,Kestrel Logistics,9926,9533,393,28708,0.9604,9.04,0.3,17354.37,28.6132,86138.42,7
2026-11-24,West,Electronics,Northwind Foods,9108,8873,235,21861,0.9742,13.23,0.07,16654.33,28.6132,117380.63,7
2026-11-24,West,Home,Kestrel Logistics,8424,8416,8,21558,0.9991,10.02,0.42,16006.76,18.7268,84328.58,7
2026-11-24,West,Home,Northwind Foods,15978,15728,250,40431,0.9844,10.75,0.4,29459.9,18.7268,169028.94,7
2026-11-24,West,Sports,Kestrel Logistics,14084,13332,752,45230,0.9466,10.32,0.12,22962.41,24.5476,137566.15,7
2026-11-24,West,Sports,Northwind Foods,6460,6124,336,18123,0.948,9.63,0.79,11100.46,24.5476,59001.12,7
2026-12-01,Central,Apparel,Kestrel Logistics,8640,8587,53,27385,0.9939,11.2,0.61,16659.18,24.2342,96180.57,7
2026-12-01,Central,Apparel,Northwind Foods,7598,7212,386,22816,0.9492,13.48,0.45,14223.64,24.2342,97209.07,7
2026-12-01,Central,Beauty,Kestrel Logistics,9013,8676,337,24946,0.9626,8.44,0.24,16187.83,29.4034,73224.75,7
2026-12-01,Central,Beauty,Northwind Foods,9367,9215,152,27200,0.9838,9.89,0.89,15839.84,29.4034,91151.17,7
2026-12-01,Central,Electronics,Kestrel Logistics,15602,14827,775,41379,0.9503,10.25,0.32,28696.84,12.846,151961.21,7
2026-12-01,Central,Electronics,Northwind Foods,21161,20434,727,67307,0.9656,8.59,0.37,39744.22,12.846,175529.95,7
2026-12-01,Central,Home,Kestrel Logistics,11593,11108,485,38423,0.9582,10.69,0.59,21558.92,15.0553,118703.74,7
2026-12-01,Central,Home,Northwind Foods,11774,11551,223,38233,0.9811,10.11,0.58,20627.87,15.0553,116813.38,7
2026-12-01,Central,Sports,Kestrel Logistics,10978,10714,264,29378,0.976,10.87,0.31,20206.1,19.6275,116478.81,7
2026-12-01,Central,Sports,Northwind Foods,17093,16415,678,44115,0.9603,7.82,0.23,30390.67,19.6275,128347.94,7
2026-12-01,East,Apparel,Kestrel Logistics,9254,8891,363,21829,0.9608,13.27,0.09,12947.31,13.3872,118001.15,7
2026-12-01,East,Apparel,Northwind Foods,17883,17197,686,48105,0.9616,12.44,0.34,30351.79,13.3872,213910.42,7
2026-12-01,East,Beauty,Kestrel Logistics,14848,14541,307,50652,0.9793,9.88,0.45,27622.57,19.8171,143636.73,7
2026-12-01,East,Beauty,Northwind Foods,15792,15242,550,43069,0.9652,8.35,0.47,27101.76,19.8171,127236.79,7
2026-12-01,East,Electronics,Kestrel Logistics,2725,2658,67,9282,0.9754,11.2,0.5,5077.16,15.3935,29780.26,7
2026-12-01,East,Electronics,Northwind Foods,7338,7299,39,19062,0.9947,9.8,0.1,13364.45,15.3935,71559.93,7
2026-12-01,East,Home,Kestrel Logistics,8256,7937,319,30043,0.9614,13.36,0.13,14440.79,40.0374,105999.97,7
2026-12-01,East,Home,Northwind Foods,10899,10675,224,30306,0.9794,9.29,2.27,20841.0,40.0374,99195.5,7
2026-12-01,East,Sports,Kestrel Logistics,11315,11052,263,32565,0.9768,10.83,0.13,18210.55,16.1866,119666.58,7
2026-12-01,East,Sports,Northwind Foods,5968,5683,285,15610,0.9522,11.06,0.09,10288.06,16.1866,62859.27,7
2026-12-01,North,Apparel,Kestrel Logistics,12909,12127,782,33283,0.9394,10.98,0.02,20931.89,21.0114,133124.55,7
2026-12-01,North,Apparel,Northwind Foods,9816,9503,313,25296,0.9681,13.23,0.33,16220.1,21.0114,125722.78,7
2026-12-01,North,Beauty,Kestrel Logistics,16556,15952,604,50668,0.9635,9.95,0.47,29038.24,22.3755,158704.57,7
2026-12-01,North,Beauty,Northwind Foods,12361,11855,506,41457,0.9591,11.56,0.5,22542.15,22.3755,137048.84,7
2026-12-01,North,Electronics,Kestrel Logistics,9986,9903,83,24870,0.9917,10.15,0.36,17726.28,21.4191,100470.82,7
2026-12-01,North,Electronics,Northwind Foods,12078,11544,534,39043,0.9558,9.08,0.37,20785.93,21.4191,104834.49,7
2026-12-01,North,Home,Kestrel Logistics,10669,10559,110,27867,0.9897,11.89,0.49,20436.1,16.8461,125506.7,7
2026-12-01,North,Home,Northwind Foods,6710,6533,177,21188,0.9736,14.06,0.1,11615.31,16.8461,91865.52,7
2026-12-01,North,Sports,Kestrel Logistics,9421,9105,316,28122,0.9665,9.63,0.21,17679.16,21.6038,87709.17,7
2026-12-01,North,Sports,Northwind Foods,12297,11925,372,29852,0.9697,11.38,0.51,22164.22,21.6038,135758.36,7
2026-12-01,South,Apparel,Kestrel Logistics,15210,14681,529,44334,0.9652,9.1,2.19,27883.3,26.2235,133585.79,7
2026-12-01,South,Apparel,Northwind Foods,6462,6127,335,18901,0.9482,12.28,0.44,10091.85,26.2235,75213.53,7
2026-12-01,South,Beauty,Kestrel Logistics,2108,1982,126,6589,0.9402,10.22,0.45,3615.1,12.9525,20251.2,7
2026-12-01,South,Beauty,Northwind Foods,3172,3062,110,10002,0.9653,8.81,3.04,5527.67,12.9525,26964.34,7
2026-12-01,South,Electronics,Kestrel Logistics,4004,3841,163,9825,0.9593,13.66,0.31,6967.34,18.8418,52456.74,7
2026-12-01,South,Electronics,Northwind Foods,10198,9742,456,34544,0.9553,13.74,0.41,19241.78,18.8418,133818.91,7
2026-12-01,South,Home,Kestrel Logistics,11655,11344,311,41963,0.9733,10.06,0.56,19918.25,19.0015,114076.64,7
2026-12-01,South,Home,Northwind Foods,7271,7071,200,25158,0.9725,10.37,0.19,13403.08,19.0015,73314.03,7
2026-12-01,South,Sports,Kestrel Logistics,9637,9381,256,22329,0.9734,11.11,0.46,15974.06,20.3424,104215.81,7
2026-12-01,South,Sports,Northwind Foods,6349,6060,289,17356,0.9545,8.7,0.17,11231.24,20.3424,52743.17,7
2026-12-01,West,Apparel,Kestrel Logistics,11274,10297,977,29125,0.9133,12.11,1.59,19416.54,19.8294,124649.09,7
2026-12-01,West,Apparel,Northwind Foods,15081,14504,577,36059,0.9617,11.23,0.44,26755.51,19.8294,162833.77,7
2026-12-01,West,Beauty,Kestrel Logistics,15431,15191,240,45669,0.9844,10.72,0.19,26954.07,15.2706,162902.35,7
2026-12-01,West,Beauty,Northwind Foods,11240,10749,491,40288,0.9563,12.27,0.36,20985.7,15.2706,131943.87,7
2026-12-01,West,Electronics,Kestrel Logistics,9056,8757,299,24042,0.967,10.02,0.44,15678.7,26.6024,87737.31,7
2026-12-01,West,Electronics,Northwind Foods,8719,8150,569,22582,0.9347,11.78,0.69,14678.73,26.6024,95994.28,7
2026-12-01,West,Home,Kestrel Logistics,11407,10852,555,36081,0.9513,10.29,0.81,19108.62,23.887,111665.72,7
2026-12-01,West,Home,Northwind Foods,20413,20281,132,50879,0.9935,11.75,1.0,37043.33,23.887,238339.46,7
2026-12-01,West,Sports,Kestrel Logistics,17120,16119,1001,60929,0.9415,11.53,0.14,28265.46,13.3248,185850.49,7
2026-12-01,West,Sports,Northwind Foods,7673,7405,268,21962,0.9651,11.64,0.12,12221.64,13.3248,86218.21,7
2026-12-08,Central,Apparel,Kestrel Logistics,9483,9137,346,30228,0.9635,12.11,0.62,16778.28,24.8343,110670.59,7
2026-12-08,Central,Apparel,Northwind Foods,7718,7674,44,24813,0.9943,11.1,0.07,14162.14,24.8343,85153.2,7
2026-12-08,Central,Beauty,Kestrel Logistics,8016,7931,85,20579,0.9894,9.51,0.97,15290.2,29.6795,75416.81,7
2026-12-08,Central,Beauty,Northwind Foods,8722,8424,298,24514,0.9658,8.8,0.14,16014.62,29.6795,74143.34,7
2026-12-08,Central,Electronics,Kestrel Logistics,5894,5595,299,13940,0.9493,8.98,0.52,9530.07,29.0626,50239.92,7
2026-12-08,Central,Electronics,Northwind Foods,7894,7712,182,20634,0.9769,10.62,0.66,13946.51,29.0626,81916.22,7
2026-12-08,Central,Home,Kestrel Logistics,6996,6813,183,19465,0.9738,10.48,0.13,12597.87,32.2564,71369.7,7
2026-12-08,Central,Home,Northwind Foods,7433,7086,347,23654,0.9533,10.43,1.68,13373.39,32.2564,73909.74,7
2026-12-08,Central,Sports,Kestrel Logistics,8833,8187,646,24974,0.9269,11.2,0.42,16070.17,21.3301,91690.69,7
2026-12-08,Central,Sports,Northwind Foods,13153,12545,608,42073,0.9538,12.83,0.66,22908.35,21.3301,160996.98,7
2026-12-08,East,Apparel,Kestrel Logistics,3851,3614,237,9272,0.9385,11.42,0.78,6726.98,18.9403,41280.35,7
2026-12-08,East,Apparel,Northwind Foods,7251,6990,261,20210,0.964,12.44,0.3,13222.81,18.9403,86964.0,7
2026-12-08,East,Beauty,Kestrel Logistics,7162,6934,228,20239,0.9682,11.19,0.38,13372.9,31.5469,77572.07,7
2026-12-08,East,Beauty,Northwind Foods,7311,7268,43,22618,0.9941,10.25,0.26,13555.98,31.5469,74497.48,7
2026-12-08,East,Electronics,Kestrel Logistics,2358,2246,112,6141,0.9525,12.67,0.17,3972.23,38.4082,28458.53,7
2026-12-08,East,Electronics,Northwind Foods,6499,6166,333,20564,0.9488,12.02,0.8,11013.81,38.4082,74122.7,7
2026-12-08,East,Home,Kestrel Logistics,6685,6319,366,22808,0.9453,8.69,1.28,11001.64,18.5631,54934.13,7
2026-12-08,East,Home,Northwind Foods,9129,8499,630,27442,0.931,10.81,0.18,15539.08,18.5631,91914.7,7
2026-12-08,East,Sports,Kestrel Logistics,8140,8132,8,26768,0.999,10.54,0.14,15117.13,11.5107,85735.86,7
2026-12-08,East,Sports,Northwind Foods,4253,4182,71,12969,0.9833,8.6,0.14,7719.13,11.5107,35944.61,7
2026-12-08,North,Apparel,Kestrel Logistics,6893,6640,253,24601,0.9633,13.51,0.34,12062.02,15.7524,89727.29,7
2026-12-08,North,Apparel,Northwind Foods,5319,5202,117,16711,0.978,7.73,0.29,9590.59,15.7524,40195.53,7
2026-12-08,North,Beauty,Kestrel Logistics,22007,20858,1149,67997,0.9478,10.11,0.02,40402.18,14.0687,210875.76,7
2026-12-08,North,Beauty,Northwind Foods,16195,15502,693,48645,0.9572,11.84,0.05,31049.01,14.0687,183477.12,7
2026-12-08,North,Electronics,Kestrel Logistics,12682,12195,487,33077,0.9616,12.44,1.89,22665.69,25.4679,151698.08,7
2026-12-08,North,Electronics,Northwind Foods,14231,14217,14,42459,0.999,9.45,0.49,26173.7,25.4679,134300.8,7
2026-12-08,North,Home,Kestrel Logistics,3781,3744,37,12994,0.9902,9.57,1.41,6723.96,45.3406,35846.86,7
2026-12-08,North,Home,Northwind Foods,2318,2316,2,5909,0.9991,9.44,0.1,4579.45,45.3406,21865.14,7
2026-12-08,North,Sports,Kestrel Logistics,3492,3328,164,10906,0.953,11.16,0.67,6226.65,17.1051,37139.56,7
2026-12-08,North,Sports,Northwind Foods,4669,4359,310,11444,0.9336,9.93,0.08,7674.81,17.1051,43274.74,7
2026-12-08,South,Apparel,Kestrel Logistics,6676,6433,243,21492,0.9636,12.67,0.54,12191.74,13.9053,81504.44,7
2026-12-08,South,Apparel,Northwind Foods,2818,2685,133,8470,0.9528,11.87,0.54,5070.05,13.9053,31868.58,7
2026-12-08,South,Beauty,Kestrel Logistics,10363,10353,10,28018,0.999,11.0,0.75,18451.5,21.3584,113894.21,7
2026-12-08,South,Beauty,Northwind Foods,16593,15994,599,44924,0.9639,12.46,0.09,30813.55,21.3584,199332.58,7
2026-12-08,South,Electronics,Kestrel Logistics,9023,8744,279,25283,0.9691,10.06,0.67,15703.59,23.3614,87969.89,7
2026-12-08,South,Electronics,Northwind Foods,23454,22178,1276,69651,0.9456,12.43,0.72,38139.91,23.3614,275644.39,7
2026-12-08,South,Home,Kestrel Logistics,14881,14360,521,53420,0.965,10.06,0.77,25341.44,34.0756,144467.58,7
2026-12-08,South,Home,Northwind Foods,9170,8951,219,22760,0.9761,8.45,0.3,17041.1,34.0756,75643.0,7
2026-12-08,South,Sports,Kestrel Logistics,25552,24177,1375,63608,0.9462,10.12,0.77,45050.09,17.1149,244555.63,7
2026-12-08,South,Sports,Northwind Foods,16151,15618,533,42263,0.967,9.87,0.09,26099.56,17.1149,154168.95,7
2026-12-08,West,Apparel,Kestrel Logistics,8610,8388,222,29067,0.9742,10.35,0.02,14177.77,32.5025,86853.1,7
2026-12-08,West,Apparel,Northwind Foods,12218,11814,404,34379,0.9669,9.66,0.79,21236.19,32.5025,114086.33,7
2026-12-08,West,Beauty,Kestrel Logistics,9989,9742,247,33459,0.9753,13.4,0.44,17674.62,24.4777,130556.05,7
2026-12-08,West,Beauty,Northwind Foods,7101,6894,207,15134,0.9708,11.87,0.12,12801.38,24.4777,81818.16,7
2026-12-08,West,Electronics,Kestrel Logistics,4222,4145,77,12842,0.9818,9.2,0.63,7702.31,43.9123,38122.28,7
2026-12-08,West,Electronics,Northwind Foods,3894,3857,37,10265,0.9905,8.58,1.03,7733.39,43.9123,33110.47,7
2026-12-08,West,Home,Kestrel Logistics,8685,8198,487,30659,0.9439,12.07,0.37,15153.23,30.9921,98966.57,7
2026-12-08,West,Home,Northwind Foods,15856,15321,535,42116,0.9663,9.89,0.77,29174.44,30.9921,151554.95,7
2026-12-08,West,Sports,Kestrel Logistics,13356,12836,520,35132,0.9611,9.99,0.14,23167.64,20.4055,128183.47,7
2026-12-08,West,Sports,Northwind Foods,6179,5896,283,17961,0.9542,10.71,0.57,10581.72,20.4055,63164.28,7
2026-12-15,Central,Apparel,Kestrel Logistics,17928,17146,782,52009,0.9564,12.34,0.6,32906.1,23.6209,211563.57,7
2026-12-15,Central,Apparel,Northwind Foods,14854,14402,452,41595,0.9696,12.0,1.22,28083.74,23.6209,172873.34,7
2026-12-15,Central,Beauty,Kestrel Logistics,5487,5178,309,16378,0.9437,9.86,0.72,8981.26,26.3393,51041.06,7
2026-12-15,Central,Beauty,Northwind Foods,5801,5500,301,16863,0.9481,10.97,0.53,9417.66,26.3393,60355.55,7
2026-12-15,Central,Electronics,Kestrel Logistics,11149,10712,437,26657,0.9608,10.67,0.58,20867.61,21.3092,114333.72,7
2026-12-15,Central,Electronics,Northwind Foods,15786,14764,1022,44284,0.9353,11.38,0.18,25684.05,21.3092,167990.57,7
2026-12-15,Central,Home,Kestrel Logistics,18080,17122,958,55224,0.947,10.28,0.37,32921.33,24.5344,176059.36,7
2026-12-15,Central,Home,Northwind Foods,18973,17807,1166,51170,0.9385,10.66,0.12,30091.12,24.5344,189868.59,7
2026-12-15,Central,Sports,Kestrel Logistics,10560,9936,624,32291,0.9409,11.35,0.66,18516.53,20.5791,112771.93,7
2026-12-15,Central,Sports,Northwind Foods,15892,15223,669,41881,0.9579,12.29,0.17,28723.49,20.5791,187166.43,7
2026-12-15,East,Apparel,Kestrel Logistics,4241,4149,92,12111,0.9783,12.87,0.99,8131.82,31.455,53401.18,7
2026-12-15,East,Apparel,Northwind Foods,8257,8024,233,24167,0.9718,12.45,0.33,14493.33,31.455,99898.65,7
2026-12-15,East,Beauty,Kestrel Logistics,4130,3953,177,9307,0.9571,10.29,0.53,6784.97,30.9543,40680.05,7
2026-12-15,East,Beauty,Northwind Foods,4338,4143,195,14267,0.955,11.64,0.27,7708.03,30.9543,48235.18,7
2026-12-15,East,Electronics,Kestrel Logistics,3237,3082,155,10657,0.9521,11.65,0.23,5232.8,27.4615,35911.25,7
2026-12-15,East,Electronics,Northwind Foods,8684,8464,220,23269,0.9747,12.46,0.52,14710.03,27.4615,105431.45,7
2026-12-15,East,Home,Kestrel Logistics,13238,13060,178,50269,0.9866,11.43,0.08,25881.57,18.3612,149329.92,7
2026-12-15,East,Home,Northwind Foods,18474,17567,907,64642,0.9509,14.64,0.23,34449.43,18.3612,257263.71,7
2026-12-15,East,Sports,Kestrel Logistics,19824,19345,479,61325,0.9758,11.41,0.47,35532.13,23.612,220660.55,7
2026-12-15,East,Sports,Northwind Foods,10142,9948,194,30030,0.9809,11.98,1.69,19403.38,23.612,119144.84,7
2026-12-15,North,Apparel,Kestrel Logistics,8201,7622,579,26476,0.9294,10.64,0.16,13357.59,25.7099,81080.49,7
2026-12-15,North,Apparel,Northwind Foods,6084,5972,112,19729,0.9816,10.86,0.0,10260.25,25.7099,64863.46,7
2026-12-15,North,Beauty,Kestrel Logistics,2739,2662,77,8902,0.9719,11.73,0.42,4913.45,51.5904,31224.32,7
2026-12-15,North,Beauty,Northwind Foods,1999,1978,21,6164,0.9895,11.41,0.75,3478.37,51.5904,22572.82,7
2026-12-15,North,Electronics,Kestrel Logistics,5616,5459,157,17436,0.972,11.43,0.84,10797.77,36.9633,62409.42,7
2026-12-15,North,Electronics,Northwind Foods,6474,6365,109,20182,0.9832,12.62,0.6,12592.12,36.9633,80301.75,7
2026-12-15,North,Home,Kestrel Logistics,16667,16001,666,46046,0.96,10.54,0.5,26291.54,25.4916,168689.01,7
2026-12-15,North,Home,Northwind Foods,10249,9899,350,26320,0.9659,10.35,1.7,17866.0,25.4916,102474.0,7
2026-12-15,North,Sports,Kestrel Logistics,8446,8103,343,20731,0.9594,13.33,0.17,15881.44,32.2265,107978.14,7
2026-12-15,North,Sports,Northwind Foods,10924,10614,310,29781,0.9716,9.15,0.1,18490.15,32.2265,97095.69,7
2026-12-15,South,Apparel,Kestrel Logistics,4639,4344,295,12348,0.9364,12.35,0.53,7893.49,9.146,53667.59,7
2026-12-15,South,Apparel,Northwind Foods,1849,1813,36,4327,0.9805,10.24,0.13,3392.89,9.146,18569.39,7
2026-12-15,South,Beauty,Kestrel Logistics,14698,14683,15,44622,0.999,11.43,0.19,26143.76,14.4592,167756.57,7
2026-12-15,South,Beauty,Northwind Foods,23747,22684,1063,65829,0.9552,11.39,0.05,41072.87,14.4592,258306.59,7
2026-12-15,South,Electronics,Kestrel Logistics,9118,8760,358,26892,0.9607,9.9,1.32,17884.99,23.6458,86698.43,7
2026-12-15,South,Electronics,Northwind Foods,23297,22219,1078,71243,0.9537,10.84,0.85,38631.09,23.6458,240755.6,7
2026-12-15,South,Home,Kestrel Logistics,18782,18238,544,48515,0.971,13.42,1.21,32353.8,25.7217,244751.25,7
2026-12-15,South,Home,Northwind Foods,11977,11368,609,33019,0.9492,9.64,0.02,22837.85,25.7217,109633.57,7
2026-12-15,South,Sports,Kestrel Logistics,5692,5474,218,16215,0.9617,12.58,0.06,10212.48,28.5755,68837.6,7
2026-12-15,South,Sports,Northwind Foods,3715,3536,179,11760,0.9518,11.16,0.28,5967.94,28.5755,39460.15,7
2026-12-15,West,Apparel,Kestrel Logistics,8245,7853,392,23015,0.9525,10.42,0.05,14984.33,17.7817,81866.07,7
2026-12-15,West,Apparel,Northwind Foods,11282,11060,222,31398,0.9803,12.94,0.28,20310.13,17.7817,143103.9,7
2026-12-15,West,Beauty,Kestrel Logistics,15603,15288,315,42851,0.9798,11.06,0.29,26628.22,26.9188,169131.37,7
2026-12-15,West,Beauty,Northwind Foods,11048,10818,230,29510,0.9792,11.59,1.77,20868.48,26.9188,125412.08,7
2026-12-15,West,Electronics,Kestrel Logistics,7359,7120,239,20600,0.9675,10.74,0.11,12939.41,20.9601,76471.14,7
2026-12-15,West,Electronics,Northwind Foods,6735,6627,108,18497,0.984,9.38,0.82,13044.72,20.9601,62160.6,7
2026-12-15,West,Home,Kestrel Logistics,2253,2217,36,6986,0.984,10.3,1.24,4047.83,5.0457,22838.11,7
2026-12-15,West,Home,Northwind Foods,4147,4143,4,13438,0.999,11.82,0.14,7897.52,5.0457,48980.66,7
2026-12-15,West,Sports,Kestrel Logistics,12123,11508,615,39703,0.9493,10.76,0.16,18775.16,12.209,123794.85,7
2026-12-15,West,Sports,Northwind Foods,5446,5287,159,18898,0.9708,10.55,0.2,10232.09,12.209,55752.58,7
2026-12-22,Central,Apparel,Kestrel Logistics,14068,13937,131,44706,0.9907,8.43,0.36,24710.96,19.9601,117521.4,7
2026-12-22,Central,Apparel,Northwind Foods,12153,11706,447,43624,0.9632,13.96,0.17,22455.57,19.9601,163370.59,7
2026-12-22,Central,Beauty,Kestrel Logistics,7252,7191,61,20271,0.9916,10.65,0.15,14131.29,24.4115,76550.53,7
2026-12-22,Central,Beauty,Northwind Foods,7669,7637,32,24452,0.9958,11.7,0.3,14180.35,24.4115,89370.47,7
2026-12-22,Central,Electronics,Kestrel Logistics,6504,6129,375,16893,0.9423,10.61,0.68,10794.39,24.0902,65034.66,7
2026-12-22,Central,Electronics,Northwind Foods,8628,8448,180,27936,0.9791,10.1,0.21,15001.19,24.0902,85350.85,7
2026-12-22,Central,Home,Kestrel Logistics,8447,7963,484,28403,0.9427,12.01,1.0,14411.09,19.7935,95670.13,7
2026-12-22,Central,Home,Northwind Foods,8504,8281,223,20320,0.9738,11.93,0.41,15034.92,19.7935,98828.16,7
2026-12-22,Central,Sports,Kestrel Logistics,2777,2692,85,8515,0.9694,12.53,0.68,5006.66,48.9213,33730.32,7
2026-12-22,Central,Sports,Northwind Foods,4397,4125,272,10461,0.9381,11.26,0.24,7230.55,48.9213,46449.25,7
2026-12-22,East,Apparel,Kestrel Logistics,9389,9213,176,31494,0.9813,12.14,0.14,17438.61,20.4727,111872.78,7
2026-12-22,East,Apparel,Northwind Foods,18285,17817,468,47625,0.9744,12.78,0.7,33222.13,20.4727,227636.52,7
2026-12-22,East,Beauty,Kestrel Logistics,11951,11647,304,37230,0.9746,11.69,0.34,20529.93,13.5131,136179.27,7
2026-12-22,East,Beauty,Northwind Foods,12536,12209,327,42354,0.9739,10.24,0.46,21661.08,13.5131,124963.15,7
2026-12-22,East,Electronics,Kestrel Logistics,5653,5444,209,16347,0.963,9.86,0.04,9948.0,18.9288,53667.58,7
2026-12-22,East,Electronics,Northwind Foods,15782,14950,832,51771,0.9473,11.7,0.02,27493.5,18.9288,174898.27,7
2026-12-22,East,Home,Kestrel Logistics,5444,5057,387,16573,0.9289,8.17,0.02,9024.63,20.9141,41306.15,7
2026-12-22,East,Home,Northwind Foods,7254,6803,451,26054,0.9378,8.8,0.37,12443.43,20.9141,59885.35,7
2026-12-22,East,Sports,Kestrel Logistics,18687,17780,907,53800,0.9515,11.42,0.0,31342.95,23.483,202998.8,7
2026-12-22,East,Sports,Northwind Foods,9347,9144,203,24373,0.9783,11.1,0.33,17195.55,23.483,101478.26,7
2026-12-22,North,Apparel,Kestrel Logistics,19177,18888,289,54907,0.9849,12.46,0.33,34407.53,26.0721,235428.44,7
2026-12-22,North,Apparel,Northwind Foods,15090,14799,291,43559,0.9807,9.35,0.08,27210.9,26.0721,138304.14,7
2026-12-22,North,Beauty,Kestrel Logistics,10419,10165,254,31956,0.9756,12.89,0.27,19919.71,13.0085,131019.06,7
2026-12-22,North,Beauty,Northwind Foods,7919,7554,365,18012,0.9539,11.21,0.27,13951.52,13.0085,84703.8,7
2026-12-22,North,Electronics,Kestrel Logistics,10989,10239,750,21113,0.9317,9.51,0.77,16677.31,24.3745,97343.53,7
2026-12-22,North,Electronics,Northwind Foods,12523,11936,587,29664,0.9531,11.52,0.55,20630.29,24.3745,137487.8,7
2026-12-22,North,Home,Kestrel Logistics,16271,15564,707,42322,0.9565,11.94,1.33,27135.9,22.0529,185805.44,7
2026-12-22,North,Home,Northwind Foods,9955,9629,326,27657,0.9673,11.64,0.84,17284.41,22.0529,112096.91,7
2026-12-22,North,Sports,Kestrel Logistics,6824,6817,7,12594,0.999,8.98,0.08,13712.65,30.579,61223.95,7
2026-12-22,North,Sports,Northwind Foods,9328,8928,400,23927,0.9571,10.23,0.13,14028.97,30.579,91363.14,7
2026-12-22,South,Apparel,Kestrel Logistics,13018,12652,366,37140,0.9719,9.6,0.33,24186.98,31.2513,121444.24,7
2026-12-22,South,Apparel,Northwind Foods,5632,5280,352,14171,0.9375,11.14,1.37,10041.36,31.2513,58821.39,7
2026-12-22,South,Beauty,Kestrel Logistics,3814,3743,71,11768,0.9814,10.43,0.19,7070.25,9.0377,39039.31,7
2026-12-22,South,Beauty,Northwind Foods,6105,5782,323,15984,0.9471,12.57,0.29,10544.02,9.0377,72675.36,7
2026-12-22,South,Electronics,Kestrel Logistics,6442,6261,181,19984,0.9719,8.03,0.18,12054.46,20.7219,50251.9,7
2026-12-22,South,Electronics,Northwind Foods,16364,15879,485,55851,0.9704,13.41,0.18,28755.37,20.7219,213007.92,7
2026-12-22,South,Home,Kestrel Logistics,14855,14130,725,48211,0.9512,13.0,0.17,26092.76,25.3783,183706.25,7
2026-12-22,South,Home,Northwind Foods,9291,8808,483,29782,0.948,11.19,0.19,16448.84,25.3783,98550.19,7
2026-12-22,South,Sports,Kestrel Logistics,12330,12291,39,38878,0.9968,10.78,1.75,24404.45,24.5168,132461.57,7
2026-12-22,South,Sports,Northwind Foods,8087,7939,148,20813,0.9817,9.75,1.12,14715.74,24.5168,77433.62,7
2026-12-22,West,Apparel,Kestrel Logistics,8150,7733,417,21947,0.9488,10.04,0.02,13569.57,23.3335,77660.39,7
2026-12-22,West,Apparel,Northwind Foods,11188,10893,295,36705,0.9736,10.44,1.67,20320.65,23.3335,113676.62,7
2026-12-22,West,Beauty,Kestrel Logistics,16095,16079,16,51405,0.999,9.19,0.01,30473.5,25.5065,147708.28,7
2026-12-22,West,Beauty,Northwind Foods,11717,11378,339,30793,0.9711,11.34,0.15,21403.13,25.5065,129054.64,7
2026-12-22,West,Electronics,Kestrel Logistics,8441,8368,73,21722,0.9914,11.72,0.45,15440.47,19.3071,98092.98,7
2026-12-22,West,Electronics,Northwind Foods,8055,7788,267,19078,0.9669,10.84,1.72,14303.55,19.3071,84458.09,7
2026-12-22,West,Home,Kestrel Logistics,1254,1209,45,3829,0.9641,9.6,0.26,2247.51,49.6341,11606.05,7
2026-12-22,West,Home,Northwind Foods,2374,2259,115,6218,0.9516,10.7,0.66,3956.36,49.6341,24168.74,7
2026-12-22,West,Sports,Kestrel Logistics,8774,8530,244,28861,0.9722,12.02,0.91,15582.63,19.5287,102550.73,7
2026-12-22,West,Sports,Northwind Foods,4014,3918,96,12073,0.9761,12.44,0.29,6808.15,19.5287,48748.77,7
2026-12-29,Central,Apparel,Kestrel Logistics,3617,3438,179,9068,0.9505,9.19,0.34,6672.88,27.5035,31589.2,7
2026-12-29,Central,Apparel,Northwind Foods,3035,2887,148,7672,0.9512,9.54,0.33,5162.21,27.5035,27548.73,7
2026-12-29,Central,Beauty,Kestrel Logistics,3141,3098,43,8375,0.9863,11.76,0.55,5403.38,10.2982,36442.96,7
2026-12-29,Central,Beauty,Northwind Foods,3348,3290,58,10510,0.9827,9.67,0.61,6558.19,10.2982,31805.44,7
2026-12-29,Central,Electronics,Kestrel Logistics,1927,1922,5,4440,0.9974,12.11,0.18,3500.52,29.026,23267.95,7
2026-12-29,Central,Electronics,Northwind Foods,2670,2649,21,7353,0.9921,11.39,0.32,4899.52,29.026,30160.99,7
2026-12-29,Central,Home,Kestrel Logistics,8110,7781,329,27797,0.9594,9.71,0.85,14464.12,16.19,75517.5,7
2026-12-29,Central,Home,Northwind Foods,8364,8092,272,25150,0.9675,10.54,0.17,15317.84,16.19,85317.11,7
2026-12-29,Central,Sports,Kestrel Logistics,3801,3717,84,12562,0.9779,10.23,0.12,6908.68,19.1082,38006.96,7
2026-12-29,Central,Sports,Northwind Foods,5755,5694,61,14905,0.9894,12.29,0.35,10329.87,19.1082,69958.68,7
2026-12-29,East,Apparel,Kestrel Logistics,2157,2041,116,4785,0.9462,8.83,0.31,4075.87,25.0906,18022.24,7
2026-12-29,East,Apparel,Northwind Foods,4165,3946,219,11751,0.9474,11.26,0.73,7221.75,25.0906,44436.57,7
2026-12-29,East,Beauty,Kestrel Logistics,2442,2349,93,6212,0.9619,12.41,0.13,4401.6,51.8676,29158.5,7
2026-12-29,East,Beauty,Northwind Foods,2529,2463,66,6570,0.9739,10.2,0.02,4375.74,51.8676,25128.18,7
2026-12-29,East,Electronics,Kestrel Logistics,3462,3408,54,10755,0.9844,12.14,0.03,6443.03,18.2765,41374.16,7
2026-12-29,East,Electronics,Northwind Foods,9702,9358,344,26974,0.9645,10.0,0.31,17753.45,18.2765,93553.94,7
2026-12-29,East,Home,Kestrel Logistics,6226,6157,69,15198,0.9889,10.22,0.5,12169.71,22.9236,62905.16,7
2026-12-29,East,Home,Northwind Foods,8463,8282,181,30534,0.9786,7.74,0.43,15093.49,22.9236,64074.29,7
2026-12-29,East,Sports,Kestrel Logistics,10394,10078,316,26880,0.9696,13.44,0.39,17624.52,31.8897,135443.85,7
2026-12-29,East,Sports,Northwind Foods,5571,5182,389,14613,0.9302,10.76,0.79,8585.42,31.8897,55758.86,7
2026-12-29,North,Beauty,Kestrel Logistics,6409,6009,400,18240,0.9376,11.94,0.02,10627.46,27.996,71743.8,7
2026-12-29,North,Beauty,Northwind Foods,4569,4466,103,11295,0.9775,9.36,0.14,8536.22,27.996,41816.55,7
2026-12-29,North,Electronics,Kestrel Logistics,2913,2767,146,6437,0.9499,9.99,0.26,4999.37,22.8283,27642.09,7
2026-12-29,North,Electronics,Northwind Foods,3384,3226,158,9680,0.9533,12.48,0.02,5688.04,22.8283,40259.53,7
2026-12-29,North,Home,Kestrel Logistics,7019,6979,40,17812,0.9943,11.2,0.03,13322.43,17.6053,78152.8,7
2026-12-29,North,Home,Northwind Foods,4472,4317,155,12980,0.9653,10.48,0.26,7672.72,17.6053,45229.5,7
2026-12-29,North,Sports,Kestrel Logistics,4873,4631,242,16077,0.9503,10.36,0.19,8605.18,24.8351,47990.38,7
2026-12-29,North,Sports,Northwind Foods,6071,6065,6,18222,0.999,8.93,0.42,11727.63,24.8351,54135.71,7
2026-12-29,South,Apparel,Kestrel Logistics,5317,5184,133,15894,0.975,11.73,0.06,8925.58,7.5825,60817.22,7
2026-12-29,South,Apparel,Northwind Foods,2220,2163,57,6861,0.9743,12.79,0.09,4212.56,7.5825,27657.32,7
2026-12-29,South,Beauty,Kestrel Logistics,3517,3419,98,10342,0.9721,11.16,0.01,6751.45,18.6695,38150.23,7
2026-12-29,South,Beauty,Northwind Foods,5434,5282,152,14809,0.972,10.78,1.12,9808.78,18.6695,56942.86,7
2026-12-29,South,Electronics,Kestrel Logistics,3782,3765,17,11944,0.9955,12.08,0.09,7465.46,27.7776,45486.37,7
2026-12-29,South,Electronics,Northwind Foods,9842,9551,291,30651,0.9704,11.81,1.39,18532.37,27.7776,112828.52,7
2026-12-29,South,Home,Kestrel Logistics,5525,5226,299,16100,0.9459,13.15,0.02,10111.47,18.5816,68714.63,7
2026-12-29,South,Home,Northwind Foods,3308,3258,50,9654,0.9849,10.22,1.5,5849.48,18.5816,33300.08,7
2026-12-29,South,Sports,Kestrel Logistics,7511,7369,142,20097,0.9811,11.95,0.95,14038.33,32.0177,88046.0,7
2026-12-29,South,Sports,Northwind Foods,4862,4761,101,11955,0.9792,12.84,0.46,8619.9,32.0177,61144.99,7
2026-12-29,West,Apparel,Kestrel Logistics,127,125,2,414,0.9843,9.57,0.45,222.07,386.9897,1196.46,7
2026-12-29,West,Apparel,Northwind Foods,180,175,5,571,0.9722,9.82,0.97,344.97,386.9897,1718.47,7
2026-12-29,West,Beauty,Kestrel Logistics,1996,1933,63,6861,0.9684,11.09,0.04,3906.4,46.6117,21427.44,7
2026-12-29,West,Beauty,Northwind Foods,1413,1368,45,4152,0.9682,10.54,0.39,2295.97,46.6117,14422.49,7
2026-12-29,West,Electronics,Kestrel Logistics,3441,3196,245,9311,0.9288,11.69,0.87,5880.94,16.9854,37369.45,7
2026-12-29,West,Electronics,Northwind Foods,3076,2975,101,9486,0.9672,8.52,0.73,5638.08,16.9854,25359.23,7
2026-12-29,West,Home,Kestrel Logistics,982,936,46,3308,0.9532,11.81,0.38,1550.11,31.8395,11051.41,7
2026-12-29,West,Home,Northwind Foods,1815,1749,66,4455,0.9636,12.8,0.32,3209.44,31.8395,22391.48,7
2026-12-29,West,Sports,Kestrel Logistics,1827,1810,17,6639,0.9907,9.89,0.04,3259.67,29.0536,17896.98,7
2026-12-29,West,Sports,Northwind Foods,881,831,50,2731,0.9432,10.05,2.47,1553.39,29.0536,8354.48,7
